onset	duration	nwb_table	stimulus_type	stimulus_description	estim_current	estim_target_region	estim_target_depth	behavioral_epoch	is_running	is_valid
356.66166	0.0004000000000132786	trials	electrical	biphasic	40	MOs	deep	awake	True	True
360.19468	0.0004000000000132786	trials	electrical	biphasic	20	MOs	deep	awake	True	True
364.25631	0.0004000000000132786	trials	electrical	biphasic	40	MOs	deep	awake	False	True
368.63859	0.0003999999999564352	trials	electrical	biphasic	70	MOs	deep	awake	False	True
372.8082	0.0004000000000132786	trials	electrical	biphasic	70	MOs	deep	awake	False	True
376.49906	0.0004000000000132786	trials	electrical	biphasic	70	MOs	deep	awake	False	True
380.36841	0.0004000000000132786	trials	electrical	biphasic	70	MOs	deep	awake	False	True
384.32955	0.0004000000000132786	trials	electrical	biphasic	20	MOs	deep	awake	False	True
388.81162	0.0004000000000132786	trials	electrical	biphasic	20	MOs	deep	awake	False	True
392.46844	0.0004000000000132786	trials	electrical	biphasic	20	MOs	deep	awake	False	True
396.82439	0.0004000000000132786	trials	electrical	biphasic	70	MOs	deep	awake	False	True
400.96957	0.0004000000000132786	trials	electrical	biphasic	70	MOs	deep	awake	False	True
404.84627	0.0004000000000132786	trials	electrical	biphasic	40	MOs	deep	awake	False	True
408.53762	0.0004000000000132786	trials	electrical	biphasic	20	MOs	deep	awake	False	True
412.4663	0.0004000000000132786	trials	electrical	biphasic	40	MOs	deep	awake	False	True
416.44875	0.0003999999999564352	trials	electrical	biphasic	70	MOs	deep	awake	False	True
420.06979	0.0004000000000132786	trials	electrical	biphasic	20	MOs	deep	awake	False	True
424.15971	0.0003999999999564352	trials	electrical	biphasic	70	MOs	deep	awake	False	True
427.88632	0.0004000000000132786	trials	electrical	biphasic	40	MOs	deep	awake	False	True
431.77136	0.0003999999999564352	trials	electrical	biphasic	70	MOs	deep	awake	False	True
435.85476	0.0004000000000132786	trials	electrical	biphasic	70	MOs	deep	awake	False	True
439.60699	0.0004000000000132786	trials	electrical	biphasic	20	MOs	deep	awake	False	True
443.39785	0.0004000000000132786	trials	electrical	biphasic	40	MOs	deep	awake	False	True
447.51538	0.0004000000000132786	trials	electrical	biphasic	20	MOs	deep	awake	False	True
451.28108	0.0004000000000132786	trials	electrical	biphasic	40	MOs	deep	awake	False	True
455.60588	0.0004000000000132786	trials	electrical	biphasic	70	MOs	deep	awake	False	True
460.08897	0.0003999999999564352	trials	electrical	biphasic	20	MOs	deep	awake	False	True
464.31964	0.0004000000000132786	trials	electrical	biphasic	40	MOs	deep	awake	False	True
468.16394	0.0003999999999564352	trials	electrical	biphasic	70	MOs	deep	awake	True	True
472.24843	0.0004000000000132786	trials	electrical	biphasic	40	MOs	deep	awake	False	True
475.85661	0.0004000000000132786	trials	electrical	biphasic	70	MOs	deep	awake	False	True
480.26334	0.0003999999999564352	trials	electrical	biphasic	20	MOs	deep	awake	False	True
484.64342	0.0004000000000132786	trials	electrical	biphasic	20	MOs	deep	awake	False	True
488.96161	0.0004000000000132786	trials	electrical	biphasic	70	MOs	deep	awake	False	True
492.72275	0.0003999999999564352	trials	electrical	biphasic	70	MOs	deep	awake	False	True
496.81754	0.0004000000000132786	trials	electrical	biphasic	40	MOs	deep	awake	False	True
500.34048	0.0004000000000132786	trials	electrical	biphasic	70	MOs	deep	awake	False	True
504.26616	0.0004000000000132786	trials	electrical	biphasic	40	MOs	deep	awake	False	True
508.07931	0.0003999999999564352	trials	electrical	biphasic	40	MOs	deep	awake	False	True
511.74121	0.0003999999999564352	trials	electrical	biphasic	40	MOs	deep	awake	False	True
515.42039	0.0004000000000132786	trials	electrical	biphasic	20	MOs	deep	awake	False	True
519.34369	0.0004000000000132786	trials	electrical	biphasic	40	MOs	deep	awake	False	True
522.93834	0.0004000000000132786	trials	electrical	biphasic	20	MOs	deep	awake	False	True
527.03728	0.0004000000000132786	trials	electrical	biphasic	70	MOs	deep	awake	False	True
531.00863	0.0004000000000132786	trials	electrical	biphasic	20	MOs	deep	awake	False	True
535.20499	0.0004000000000132786	trials	electrical	biphasic	40	MOs	deep	awake	False	True
539.4053	0.0004000000000132786	trials	electrical	biphasic	70	MOs	deep	awake	False	True
543.54426	0.0004000000000132786	trials	electrical	biphasic	40	MOs	deep	awake	False	True
547.07828	0.0004000000000132786	trials	electrical	biphasic	70	MOs	deep	awake	False	True
550.64751	0.0004000000000132786	trials	electrical	biphasic	20	MOs	deep	awake	False	True
554.46753	0.0004000000000132786	trials	electrical	biphasic	20	MOs	deep	awake	True	False
558.49881	0.0003999999998995918	trials	electrical	biphasic	40	MOs	deep	awake	True	True
562.65368	0.0004000000000132786	trials	electrical	biphasic	40	MOs	deep	awake	True	True
566.56172	0.0004000000000132786	trials	electrical	biphasic	20	MOs	deep	awake	True	True
570.88213	0.0004000000000132786	trials	electrical	biphasic	70	MOs	deep	awake	True	True
575.10091	0.0004000000000132786	trials	electrical	biphasic	20	MOs	deep	awake	True	True
579.56998	0.0004000000000132786	trials	electrical	biphasic	20	MOs	deep	awake	True	True
583.60175	0.0004000000000132786	trials	electrical	biphasic	20	MOs	deep	awake	True	True
587.42731	0.0004000000000132786	trials	electrical	biphasic	20	MOs	deep	awake	True	True
591.03335	0.0004000000000132786	trials	electrical	biphasic	20	MOs	deep	awake	True	True
595.14474	0.0004000000000132786	trials	electrical	biphasic	70	MOs	deep	awake	True	True
599.42396	0.0004000000000132786	trials	electrical	biphasic	70	MOs	deep	awake	True	True
603.34785	0.0004000000000132786	trials	electrical	biphasic	40	MOs	deep	awake	False	True
606.93909	0.0004000000000132786	trials	electrical	biphasic	40	MOs	deep	awake	False	True
610.70599	0.0004000000000132786	trials	electrical	biphasic	70	MOs	deep	awake	False	True
614.36007	0.0004000000000132786	trials	electrical	biphasic	20	MOs	deep	awake	False	True
618.1415	0.0004000000000132786	trials	electrical	biphasic	70	MOs	deep	awake	False	True
622.082	0.0004000000000132786	trials	electrical	biphasic	70	MOs	deep	awake	False	True
626.10957	0.0004000000000132786	trials	electrical	biphasic	40	MOs	deep	awake	True	True
630.06741	0.0004000000000132786	trials	electrical	biphasic	70	MOs	deep	awake	True	True
634.44322	0.0004000000000132786	trials	electrical	biphasic	40	MOs	deep	awake	True	True
638.4617	0.0004000000000132786	trials	electrical	biphasic	40	MOs	deep	awake	True	True
642.90575	0.0004000000000132786	trials	electrical	biphasic	40	MOs	deep	awake	True	True
647.04387	0.0004000000000132786	trials	electrical	biphasic	20	MOs	deep	awake	True	True
651.502	0.0004000000000132786	trials	electrical	biphasic	40	MOs	deep	awake	True	True
655.24312	0.0004000000000132786	trials	electrical	biphasic	40	MOs	deep	awake	True	True
659.41967	0.0004000000000132786	trials	electrical	biphasic	20	MOs	deep	awake	True	False
663.20915	0.0004000000000132786	trials	electrical	biphasic	70	MOs	deep	awake	True	False
667.38138	0.0004000000000132786	trials	electrical	biphasic	70	MOs	deep	awake	False	True
671.57694	0.0004000000000132786	trials	electrical	biphasic	40	MOs	deep	awake	True	True
675.14537	0.0004000000000132786	trials	electrical	biphasic	40	MOs	deep	awake	True	True
678.90059	0.0004000000000132786	trials	electrical	biphasic	20	MOs	deep	awake	True	True
682.62505	0.0004000000000132786	trials	electrical	biphasic	40	MOs	deep	awake	True	True
686.79332	0.0004000000000132786	trials	electrical	biphasic	40	MOs	deep	awake	True	True
691.13814	0.0004000000000132786	trials	electrical	biphasic	20	MOs	deep	awake	True	True
694.98303	0.0004000000000132786	trials	electrical	biphasic	40	MOs	deep	awake	True	True
699.26397	0.0004000000000132786	trials	electrical	biphasic	70	MOs	deep	awake	True	True
703.43974	0.0004000000000132786	trials	electrical	biphasic	40	MOs	deep	awake	True	True
706.94688	0.0004000000000132786	trials	electrical	biphasic	70	MOs	deep	awake	False	True
711.04948	0.00040999999998803105	trials	electrical	biphasic	40	MOs	deep	awake	False	True
714.93669	0.0004000000000132786	trials	electrical	biphasic	70	MOs	deep	awake	False	True
719.35312	0.0004000000000132786	trials	electrical	biphasic	40	MOs	deep	awake	False	False
722.8547	0.0004000000000132786	trials	electrical	biphasic	40	MOs	deep	awake	False	True
726.81756	0.0004000000000132786	trials	electrical	biphasic	20	MOs	deep	awake	False	True
730.74233	0.0004000000000132786	trials	electrical	biphasic	20	MOs	deep	awake	False	False
734.70367	0.0004000000000132786	trials	electrical	biphasic	20	MOs	deep	awake	False	True
738.97426	0.0004000000000132786	trials	electrical	biphasic	20	MOs	deep	awake	False	True
742.79716	0.0004000000000132786	trials	electrical	biphasic	20	MOs	deep	awake	False	True
747.08233	0.0004000000000132786	trials	electrical	biphasic	40	MOs	deep	awake	False	True
751.05411	0.0004000000000132786	trials	electrical	biphasic	40	MOs	deep	awake	False	True
754.59029	0.0004000000000132786	trials	electrical	biphasic	70	MOs	deep	awake	False	True
758.26659	0.0004000000000132786	trials	electrical	biphasic	40	MOs	deep	awake	False	True
762.48878	0.0004000000000132786	trials	electrical	biphasic	70	MOs	deep	awake	False	True
766.46268	0.0004000000000132786	trials	electrical	biphasic	20	MOs	deep	awake	False	True
770.11583	0.0004000000000132786	trials	electrical	biphasic	40	MOs	deep	awake	False	True
773.95737	0.0004000000000132786	trials	electrical	biphasic	70	MOs	deep	awake	False	True
778.06517	0.0004000000000132786	trials	electrical	biphasic	20	MOs	deep	awake	False	True
781.75734	0.0004000000000132786	trials	electrical	biphasic	20	MOs	deep	awake	False	True
785.99618	0.0004000000000132786	trials	electrical	biphasic	20	MOs	deep	awake	False	True
789.73947	0.0004000000000132786	trials	electrical	biphasic	20	MOs	deep	awake	False	True
794.15731	0.0003999999998995918	trials	electrical	biphasic	70	MOs	deep	awake	False	True
797.9268	0.0004000000000132786	trials	electrical	biphasic	40	MOs	deep	awake	False	True
802.19272	0.0004000000000132786	trials	electrical	biphasic	40	MOs	deep	awake	False	True
805.8818	0.0004000000000132786	trials	electrical	biphasic	40	MOs	deep	awake	False	True
809.66973	0.0004000000000132786	trials	electrical	biphasic	70	MOs	deep	awake	False	True
813.26127	0.0004000000000132786	trials	electrical	biphasic	40	MOs	deep	awake	False	True
817.33789	0.0004000000000132786	trials	electrical	biphasic	40	MOs	deep	awake	False	True
821.52168	0.0004000000000132786	trials	electrical	biphasic	20	MOs	deep	awake	False	True
825.5687	0.0004000000000132786	trials	electrical	biphasic	20	MOs	deep	awake	False	True
829.49485	0.0004000000000132786	trials	electrical	biphasic	40	MOs	deep	awake	False	True
833.63971	0.0004000000000132786	trials	electrical	biphasic	70	MOs	deep	awake	False	True
837.78776	0.0003999999998995918	trials	electrical	biphasic	70	MOs	deep	awake	False	True
841.9672	0.0003999999998995918	trials	electrical	biphasic	20	MOs	deep	awake	False	False
846.10341	0.0003999999998995918	trials	electrical	biphasic	40	MOs	deep	awake	False	True
850.54902	0.0004000000000132786	trials	electrical	biphasic	70	MOs	deep	awake	False	True
854.25838	0.0004000000000132786	trials	electrical	biphasic	20	MOs	deep	awake	False	True
858.46809	0.0004000000000132786	trials	electrical	biphasic	20	MOs	deep	awake	False	True
862.20475	0.0004000000000132786	trials	electrical	biphasic	40	MOs	deep	awake	False	True
865.82457	0.0004000000000132786	trials	electrical	biphasic	40	MOs	deep	awake	False	True
869.9323	0.0003999999998995918	trials	electrical	biphasic	20	MOs	deep	awake	False	True
873.88286	0.0003999999998995918	trials	electrical	biphasic	40	MOs	deep	awake	False	False
877.842	0.0004000000000132786	trials	electrical	biphasic	70	MOs	deep	awake	True	False
882.00437	0.0004000000000132786	trials	electrical	biphasic	40	MOs	deep	awake	False	True
886.27507	0.0004000000000132786	trials	electrical	biphasic	40	MOs	deep	awake	False	True
890.12572	0.0004000000000132786	trials	electrical	biphasic	70	MOs	deep	awake	False	True
894.28816	0.0004000000000132786	trials	electrical	biphasic	40	MOs	deep	awake	False	True
898.20475	0.0004000000000132786	trials	electrical	biphasic	20	MOs	deep	awake	False	True
902.54709	0.0004000000000132786	trials	electrical	biphasic	20	MOs	deep	awake	False	True
906.88044	0.0004000000000132786	trials	electrical	biphasic	40	MOs	deep	awake	False	True
910.6373	0.0004000000000132786	trials	electrical	biphasic	70	MOs	deep	awake	False	True
914.75119	0.0004000000000132786	trials	electrical	biphasic	20	MOs	deep	awake	False	True
918.83385	0.0004000000000132786	trials	electrical	biphasic	70	MOs	deep	awake	False	True
922.87502	0.0004000000000132786	trials	electrical	biphasic	70	MOs	deep	awake	False	True
927.24538	0.0004100000001017179	trials	electrical	biphasic	40	MOs	deep	awake	False	True
931.01059	0.0004000000000132786	trials	electrical	biphasic	40	MOs	deep	awake	False	True
934.82909	0.0004000000000132786	trials	electrical	biphasic	40	MOs	deep	awake	True	True
938.44873	0.0004000000000132786	trials	electrical	biphasic	40	MOs	deep	awake	True	False
942.88898	0.0004000000000132786	trials	electrical	biphasic	70	MOs	deep	awake	True	False
947.03497	0.0003999999998995918	trials	electrical	biphasic	40	MOs	deep	awake	False	True
951.01485	0.0004000000000132786	trials	electrical	biphasic	70	MOs	deep	awake	False	True
955.1546	0.0004000000000132786	trials	electrical	biphasic	20	MOs	deep	awake	False	True
959.19974	0.0004000000000132786	trials	electrical	biphasic	70	MOs	deep	awake	False	True
963.34749	0.0004000000000132786	trials	electrical	biphasic	40	MOs	deep	awake	False	True
967.39179	0.0004000000000132786	trials	electrical	biphasic	40	MOs	deep	awake	True	True
971.61326	0.0004000000000132786	trials	electrical	biphasic	40	MOs	deep	awake	True	True
975.63618	0.0004000000000132786	trials	electrical	biphasic	70	MOs	deep	awake	True	False
980.13031	0.0004000000000132786	trials	electrical	biphasic	70	MOs	deep	awake	True	True
983.84941	0.0004000000000132786	trials	electrical	biphasic	40	MOs	deep	awake	True	False
987.45563	0.0004000000000132786	trials	electrical	biphasic	40	MOs	deep	awake	False	True
991.06575	0.0004000000000132786	trials	electrical	biphasic	20	MOs	deep	awake	False	True
994.62978	0.0004000000000132786	trials	electrical	biphasic	40	MOs	deep	awake	False	True
998.53478	0.0004000000000132786	trials	electrical	biphasic	20	MOs	deep	awake	False	True
1002.48358	0.0004000000000132786	trials	electrical	biphasic	20	MOs	deep	awake	False	True
1006.34983	0.0004000000000132786	trials	electrical	biphasic	40	MOs	deep	awake	False	True
1010.61375	0.0004000000000132786	trials	electrical	biphasic	20	MOs	deep	awake	False	True
1014.74208	0.0004000000000132786	trials	electrical	biphasic	40	MOs	deep	awake	False	True
1019.01449	0.0004000000000132786	trials	electrical	biphasic	70	MOs	deep	awake	False	True
1023.44777	0.0004000000000132786	trials	electrical	biphasic	70	MOs	deep	awake	False	True
1027.92094	0.00040000000012696546	trials	electrical	biphasic	20	MOs	deep	awake	False	True
1031.61338	0.0003999999998995918	trials	electrical	biphasic	40	MOs	deep	awake	False	True
1035.25268	0.0003999999998995918	trials	electrical	biphasic	70	MOs	deep	awake	False	True
1039.44937	0.0003999999998995918	trials	electrical	biphasic	20	MOs	deep	awake	False	True
1043.04361	0.00040000000012696546	trials	electrical	biphasic	70	MOs	deep	awake	False	True
1047.06944	0.00040000000012696546	trials	electrical	biphasic	20	MOs	deep	awake	False	True
1051.1002	0.0003999999998995918	trials	electrical	biphasic	40	MOs	deep	awake	False	True
1055.46177	0.00040000000012696546	trials	electrical	biphasic	70	MOs	deep	awake	False	True
1059.44705	0.0003999999998995918	trials	electrical	biphasic	70	MOs	deep	awake	False	True
1063.34094	0.0003999999998995918	trials	electrical	biphasic	40	MOs	deep	awake	False	True
1067.5128	0.00040000000012696546	trials	electrical	biphasic	70	MOs	deep	awake	False	True
1071.75449	0.0003999999998995918	trials	electrical	biphasic	20	MOs	deep	awake	False	True
1075.77497	0.00040000000012696546	trials	electrical	biphasic	70	MOs	deep	awake	False	True
1079.62312	0.00040000000012696546	trials	electrical	biphasic	40	MOs	deep	awake	False	True
1083.27354	0.00040000000012696546	trials	electrical	biphasic	70	MOs	deep	awake	False	True
1087.36006	0.00040000000012696546	trials	electrical	biphasic	20	MOs	deep	awake	False	True
1091.12263	0.0003999999998995918	trials	electrical	biphasic	70	MOs	deep	awake	False	True
1094.66751	0.0003999999998995918	trials	electrical	biphasic	70	MOs	deep	awake	False	True
1098.92287	0.0003999999998995918	trials	electrical	biphasic	20	MOs	deep	awake	False	True
1102.66608	0.00040000000012696546	trials	electrical	biphasic	40	MOs	deep	awake	False	True
1106.6089	0.00040000000012696546	trials	electrical	biphasic	40	MOs	deep	awake	False	True
1110.79713	0.00040000000012696546	trials	electrical	biphasic	40	MOs	deep	awake	False	True
1114.65677	0.0003999999998995918	trials	electrical	biphasic	40	MOs	deep	awake	False	True
1118.89354	0.0003999999998995918	trials	electrical	biphasic	70	MOs	deep	awake	False	True
1122.78866	0.00040000000012696546	trials	electrical	biphasic	70	MOs	deep	awake	False	True
1126.97251	0.0003999999998995918	trials	electrical	biphasic	70	MOs	deep	awake	False	True
1131.17697	0.00040000000012696546	trials	electrical	biphasic	70	MOs	deep	awake	False	True
1135.1197	0.00040000000012696546	trials	electrical	biphasic	20	MOs	deep	awake	True	True
1138.6397	0.00040000000012696546	trials	electrical	biphasic	20	MOs	deep	awake	True	True
1142.47098	0.0003999999998995918	trials	electrical	biphasic	40	MOs	deep	awake	True	True
1146.3957	0.0003999999998995918	trials	electrical	biphasic	20	MOs	deep	awake	True	True
1150.16641	0.0003999999998995918	trials	electrical	biphasic	70	MOs	deep	awake	True	True
1153.86389	0.0003999999998995918	trials	electrical	biphasic	70	MOs	deep	awake	True	False
1158.18604	0.0003999999998995918	trials	electrical	biphasic	20	MOs	deep	awake	False	True
1162.11638	0.00040000000012696546	trials	electrical	biphasic	40	MOs	deep	awake	True	True
1166.50459	0.0003999999998995918	trials	electrical	biphasic	20	MOs	deep	awake	True	True
1170.39619	0.00040000000012696546	trials	electrical	biphasic	70	MOs	deep	awake	True	True
1174.66574	0.00040000000012696546	trials	electrical	biphasic	20	MOs	deep	awake	True	True
1178.56296	0.00040000000012696546	trials	electrical	biphasic	40	MOs	deep	awake	True	True
1182.87191	0.0003999999998995918	trials	electrical	biphasic	40	MOs	deep	awake	True	False
1187.12741	0.0003999999998995918	trials	electrical	biphasic	20	MOs	deep	awake	True	False
1191.00524	0.00040000000012696546	trials	electrical	biphasic	20	MOs	deep	awake	True	False
1194.72168	0.0003999999998995918	trials	electrical	biphasic	40	MOs	deep	awake	False	True
1199.01251	0.0003999999998995918	trials	electrical	biphasic	70	MOs	deep	awake	True	True
1203.46223	0.0003999999998995918	trials	electrical	biphasic	70	MOs	deep	awake	False	True
1207.29022	0.0003999999998995918	trials	electrical	biphasic	40	MOs	deep	awake	False	True
1211.4619	0.0003999999998995918	trials	electrical	biphasic	20	MOs	deep	awake	True	False
1215.40097	0.00040000000012696546	trials	electrical	biphasic	20	MOs	deep	awake	False	True
1219.73489	0.00040000000012696546	trials	electrical	biphasic	40	MOs	deep	awake	False	True
1224.00418	0.00040000000012696546	trials	electrical	biphasic	40	MOs	deep	awake	False	True
1227.67186	0.00040000000012696546	trials	electrical	biphasic	20	MOs	deep	awake	False	True
1232.03427	0.0003999999998995918	trials	electrical	biphasic	40	MOs	deep	awake	False	True
1236.52457	0.0003999999998995918	trials	electrical	biphasic	70	MOs	deep	awake	False	True
1240.53942	0.0003999999998995918	trials	electrical	biphasic	20	MOs	deep	awake	False	True
1244.92412	0.00040000000012696546	trials	electrical	biphasic	70	MOs	deep	awake	False	True
1249.01257	0.0003999999998995918	trials	electrical	biphasic	40	MOs	deep	awake	False	True
1252.66775	0.0003999999998995918	trials	electrical	biphasic	40	MOs	deep	awake	False	True
1256.36803	0.0003999999998995918	trials	electrical	biphasic	70	MOs	deep	awake	False	True
1260.27541	0.00040000000012696546	trials	electrical	biphasic	40	MOs	deep	awake	False	True
1264.52454	0.00040000000012696546	trials	electrical	biphasic	70	MOs	deep	awake	False	True
1268.85054	0.00040000000012696546	trials	electrical	biphasic	20	MOs	deep	awake	False	True
1273.14093	0.0003999999998995918	trials	electrical	biphasic	40	MOs	deep	awake	False	True
1276.95987	0.00040000000012696546	trials	electrical	biphasic	20	MOs	deep	awake	False	True
1280.99435	0.00040000000012696546	trials	electrical	biphasic	40	MOs	deep	awake	False	False
1284.58474	0.0003999999998995918	trials	electrical	biphasic	70	MOs	deep	awake	True	True
1288.19686	0.0003999999998995918	trials	electrical	biphasic	40	MOs	deep	awake	False	True
1291.83358	0.00040000000012696546	trials	electrical	biphasic	70	MOs	deep	awake	False	True
1296.01266	0.0003999999998995918	trials	electrical	biphasic	20	MOs	deep	awake	False	True
1300.00826	0.0003999999998995918	trials	electrical	biphasic	20	MOs	deep	awake	False	True
1303.6984	0.0003999999998995918	trials	electrical	biphasic	20	MOs	deep	awake	False	True
1307.69383	0.00040000000012696546	trials	electrical	biphasic	20	MOs	deep	awake	False	True
1311.34185	0.0003999999998995918	trials	electrical	biphasic	70	MOs	deep	awake	False	True
1314.89725	0.00040000000012696546	trials	electrical	biphasic	70	MOs	deep	awake	False	True
1319.24839	0.00040000000012696546	trials	electrical	biphasic	70	MOs	deep	awake	True	False
1323.30938	0.00040000000012696546	trials	electrical	biphasic	70	MOs	deep	awake	False	True
1327.7394	0.00040000000012696546	trials	electrical	biphasic	20	MOs	deep	awake	False	True
1331.93648	0.0003999999998995918	trials	electrical	biphasic	70	MOs	deep	awake	False	True
1336.01971	0.0003999999998995918	trials	electrical	biphasic	20	MOs	deep	awake	False	True
1340.33553	0.0003999999998995918	trials	electrical	biphasic	70	MOs	deep	awake	False	True
1344.71497	0.0003999999998995918	trials	electrical	biphasic	70	MOs	deep	awake	False	True
1349.20432	0.0003999999998995918	trials	electrical	biphasic	40	MOs	deep	awake	False	True
1352.70526	0.00040000000012696546	trials	electrical	biphasic	20	MOs	deep	awake	False	True
1357.07112	0.0003999999998995918	trials	electrical	biphasic	20	MOs	deep	awake	False	True
1361.1841	0.00040000000012696546	trials	electrical	biphasic	70	MOs	deep	awake	False	True
1365.67449	0.0003999999998995918	trials	electrical	biphasic	70	MOs	deep	awake	False	True
1369.70259	0.0003999999998995918	trials	electrical	biphasic	20	MOs	deep	awake	False	True
1373.68253	0.0003999999998995918	trials	electrical	biphasic	70	MOs	deep	awake	False	True
1377.9843	0.0003999999998995918	trials	electrical	biphasic	20	MOs	deep	awake	False	True
1381.71256	0.00040000000012696546	trials	electrical	biphasic	20	MOs	deep	awake	False	True
1385.71108	0.0003999999998995918	trials	electrical	biphasic	40	MOs	deep	awake	False	True
1390.11236	0.0003999999998995918	trials	electrical	biphasic	70	MOs	deep	awake	False	True
1394.18744	0.00040000000012696546	trials	electrical	biphasic	70	MOs	deep	awake	False	True
1398.53305	0.0003999999998995918	trials	electrical	biphasic	70	MOs	deep	awake	False	True
1402.77211	0.0003999999998995918	trials	electrical	biphasic	70	MOs	deep	awake	False	True
1406.85851	0.0003999999998995918	trials	electrical	biphasic	70	MOs	deep	awake	False	True
1410.60567	0.00040000000012696546	trials	electrical	biphasic	40	MOs	deep	awake	False	True
1414.77251	0.0003999999998995918	trials	electrical	biphasic	70	MOs	deep	awake	False	True
1418.35641	0.0003999999998995918	trials	electrical	biphasic	20	MOs	deep	awake	False	True
1422.48279	0.0003999999998995918	trials	electrical	biphasic	70	MOs	deep	awake	False	True
1426.64415	0.0003999999998995918	trials	electrical	biphasic	40	MOs	deep	awake	False	True
1430.87434	0.0003999999998995918	trials	electrical	biphasic	20	MOs	deep	awake	False	True
1435.26552	0.00040000000012696546	trials	electrical	biphasic	20	MOs	deep	awake	False	True
1439.74824	0.00040000000012696546	trials	electrical	biphasic	20	MOs	deep	awake	False	True
1444.01768	0.00040000000012696546	trials	electrical	biphasic	20	MOs	deep	awake	False	True
1448.09954	0.00040000000012696546	trials	electrical	biphasic	20	MOs	deep	awake	False	True
1452.52829	0.00040000000012696546	trials	electrical	biphasic	20	MOs	deep	awake	False	True
1456.60881	0.00040000000012696546	trials	electrical	biphasic	20	MOs	deep	awake	False	True
1460.12621	0.00040000000012696546	trials	electrical	biphasic	40	MOs	deep	awake	False	True
1463.74748	0.0003999999998995918	trials	electrical	biphasic	40	MOs	deep	awake	False	True
1468.11063	0.00040000000012696546	trials	electrical	biphasic	70	MOs	deep	awake	False	True
1472.09535	0.0003999999998995918	trials	electrical	biphasic	20	MOs	deep	awake	True	False
1476.44063	0.0003999999998995918	trials	electrical	biphasic	40	MOs	deep	awake	True	True
1480.15045	0.0003999999998995918	trials	electrical	biphasic	40	MOs	deep	awake	True	False
1484.20317	0.0003999999998995918	trials	electrical	biphasic	20	MOs	deep	awake	True	True
1488.33347	0.0003999999998995918	trials	electrical	biphasic	20	MOs	deep	awake	True	True
1491.86589	0.0003999999998995918	trials	electrical	biphasic	40	MOs	deep	awake	True	True
1495.98103	0.00040000000012696546	trials	electrical	biphasic	20	MOs	deep	awake	True	True
1499.84387	0.00040000000012696546	trials	electrical	biphasic	70	MOs	deep	awake	True	True
1503.39383	0.00040000000012696546	trials	electrical	biphasic	40	MOs	deep	awake	True	False
1507.38383	0.0003999999998995918	trials	electrical	biphasic	20	MOs	deep	awake	True	True
1511.07676	0.00040000000012696546	trials	electrical	biphasic	70	MOs	deep	awake	True	True
1514.70026	0.0003999999998995918	trials	electrical	biphasic	70	MOs	deep	awake	False	True
1518.40618	0.00040000000012696546	trials	electrical	biphasic	70	MOs	deep	awake	False	True
1522.05312	0.0003999999998995918	trials	electrical	biphasic	70	MOs	deep	awake	True	False
1525.74262	0.0003999999998995918	trials	electrical	biphasic	40	MOs	deep	awake	True	True
1529.2857	0.00040000000012696546	trials	electrical	biphasic	20	MOs	deep	awake	True	True
1533.42132	0.00040000000012696546	trials	electrical	biphasic	20	MOs	deep	awake	True	True
1537.20359	0.0003999999998995918	trials	electrical	biphasic	40	MOs	deep	awake	True	True
1541.24261	0.0003999999998995918	trials	electrical	biphasic	70	MOs	deep	awake	False	True
1545.4382	0.0003999999998995918	trials	electrical	biphasic	40	MOs	deep	awake	False	True
1549.43774	0.0003999999998995918	trials	electrical	biphasic	70	MOs	deep	awake	False	True
1553.47396	0.0003999999998995918	trials	electrical	biphasic	40	MOs	deep	awake	False	True
1557.41955	0.0003999999998995918	trials	electrical	biphasic	20	MOs	deep	awake	False	True
1561.04391	0.0003999999998995918	trials	electrical	biphasic	70	MOs	deep	awake	False	True
1565.03469	0.00040000000012696546	trials	electrical	biphasic	20	MOs	deep	awake	False	True
1569.38811	0.0003999999998995918	trials	electrical	biphasic	20	MOs	deep	awake	False	True
1573.76245	0.0004100000001017179	trials	electrical	biphasic	70	MOs	deep	awake	False	True
1577.53317	0.00040000000012696546	trials	electrical	biphasic	20	MOs	deep	awake	False	True
1581.24205	0.0003999999998995918	trials	electrical	biphasic	40	MOs	deep	awake	False	True
1585.30745	0.0003999999998995918	trials	electrical	biphasic	20	MOs	deep	awake	False	True
1589.44819	0.0003999999998995918	trials	electrical	biphasic	40	MOs	deep	awake	False	True
1593.36563	0.0003999999998995918	trials	electrical	biphasic	70	MOs	deep	awake	False	True
1597.07203	0.0003999999998995918	trials	electrical	biphasic	40	MOs	deep	awake	False	True
1601.52039	0.00040000000012696546	trials	electrical	biphasic	40	MOs	deep	awake	False	True
1605.10289	0.00040000000012696546	trials	electrical	biphasic	40	MOs	deep	awake	False	True
1608.709	0.0004099999998743442	trials	electrical	biphasic	70	MOs	deep	awake	False	True
1612.35146	0.0003999999998995918	trials	electrical	biphasic	70	MOs	deep	awake	False	True
1616.01834	0.0003999999998995918	trials	electrical	biphasic	20	MOs	deep	awake	False	True
1620.13972	0.00040000000012696546	trials	electrical	biphasic	70	MOs	deep	awake	False	True
1624.21386	0.0003999999998995918	trials	electrical	biphasic	40	MOs	deep	awake	False	True
1627.76636	0.0003999999998995918	trials	electrical	biphasic	40	MOs	deep	awake	False	True
1632.19798	0.00040000000012696546	trials	electrical	biphasic	70	MOs	deep	awake	False	True
1636.42706	0.00040000000012696546	trials	electrical	biphasic	70	MOs	deep	awake	False	True
1640.66532	0.0003999999998995918	trials	electrical	biphasic	40	MOs	deep	awake	False	True
1644.22914	0.00040000000012696546	trials	electrical	biphasic	20	MOs	deep	awake	False	True
1648.59	0.00040000000012696546	trials	electrical	biphasic	40	MOs	deep	awake	False	True
1653.02482	0.0003999999998995918	trials	electrical	biphasic	70	MOs	deep	awake	False	True
1657.50964	0.0003999999998995918	trials	electrical	biphasic	20	MOs	deep	awake	False	True
1661.869	0.00040000000012696546	trials	electrical	biphasic	20	MOs	deep	awake	False	True
1666.15498	0.0003999999998995918	trials	electrical	biphasic	20	MOs	deep	awake	False	True
1670.16878	0.00040000000012696546	trials	electrical	biphasic	20	MOs	deep	awake	False	True
1673.8468	0.0003999999998995918	trials	electrical	biphasic	70	MOs	deep	awake	False	True
1677.7458	0.00040000000012696546	trials	electrical	biphasic	40	MOs	deep	awake	False	True
1681.38015	0.00040000000012696546	trials	electrical	biphasic	70	MOs	deep	awake	False	True
1684.91147	0.0003999999998995918	trials	electrical	biphasic	20	MOs	deep	awake	False	True
1689.35103	0.0003999999998995918	trials	electrical	biphasic	40	MOs	deep	awake	False	True
1693.15275	0.00040000000012696546	trials	electrical	biphasic	20	MOs	deep	awake	False	True
1696.94871	0.00040000000012696546	trials	electrical	biphasic	20	MOs	deep	awake	False	True
1700.78206	0.0004100000001017179	trials	electrical	biphasic	40	MOs	deep	awake	False	False
1704.74954	0.0003999999998995918	trials	electrical	biphasic	40	MOs	deep	awake	False	True
1708.89816	0.00040000000012696546	trials	electrical	biphasic	70	MOs	deep	awake	False	True
1712.4238	0.0003999999998995918	trials	electrical	biphasic	40	MOs	deep	awake	False	True
1716.76642	0.00040000000012696546	trials	electrical	biphasic	20	MOs	deep	awake	False	True
1720.82588	0.0003999999998995918	trials	electrical	biphasic	70	MOs	deep	awake	False	True
1725.1804	0.00040000000012696546	trials	electrical	biphasic	40	MOs	deep	awake	False	True
1729.0287	0.0003999999998995918	trials	electrical	biphasic	20	MOs	deep	awake	False	True
1732.97514	0.0003999999998995918	trials	electrical	biphasic	20	MOs	deep	awake	False	True
1736.52979	0.0003999999998995918	trials	electrical	biphasic	20	MOs	deep	awake	False	True
1740.20731	0.0003999999998995918	trials	electrical	biphasic	20	MOs	deep	awake	False	True
1744.37053	0.00040000000012696546	trials	electrical	biphasic	20	MOs	deep	awake	False	True
1748.20177	0.00040000000012696546	trials	electrical	biphasic	40	MOs	deep	awake	False	True
1752.60067	0.0003999999998995918	trials	electrical	biphasic	70	MOs	deep	awake	False	True
1756.21924	0.00040000000012696546	trials	electrical	biphasic	20	MOs	deep	awake	False	True
1760.70809	0.0003999999998995918	trials	electrical	biphasic	20	MOs	deep	awake	False	True
1764.74848	0.00040000000012696546	trials	electrical	biphasic	70	MOs	deep	awake	False	True
1768.95582	0.00040000000012696546	trials	electrical	biphasic	70	MOs	deep	awake	False	True
1773.45574	0.0003999999998995918	trials	electrical	biphasic	40	MOs	deep	awake	False	True
1777.244	0.00040000000012696546	trials	electrical	biphasic	70	MOs	deep	awake	False	True
1781.15894	0.0003999999998995918	trials	electrical	biphasic	70	MOs	deep	awake	False	True
1785.1242	0.00040000000012696546	trials	electrical	biphasic	70	MOs	deep	awake	False	True
1789.38858	0.0003999999998995918	trials	electrical	biphasic	20	MOs	deep	awake	False	True
1793.7072	0.0003999999998995918	trials	electrical	biphasic	70	MOs	deep	awake	False	True
2006.04619	0.24937999999997373	trials	visual	white circle	n/a	n/a	n/a	awake	True	False
2010.3498	0.24934000000007472	trials	visual	white circle	n/a	n/a	n/a	awake	False	True
2014.67007	0.24935000000004948	trials	visual	white circle	n/a	n/a	n/a	awake	False	True
2018.69008	0.2493499999998221	trials	visual	white circle	n/a	n/a	n/a	awake	False	True
2022.61002	0.26604999999995016	trials	visual	white circle	n/a	n/a	n/a	awake	False	True
2026.81352	0.24937999999997373	trials	visual	white circle	n/a	n/a	n/a	awake	False	True
2030.88356	0.2493899999999485	trials	visual	white circle	n/a	n/a	n/a	awake	False	True
2035.20384	0.24939000000017586	trials	visual	white circle	n/a	n/a	n/a	awake	False	True
2038.97364	0.24937999999997373	trials	visual	white circle	n/a	n/a	n/a	awake	False	True
2042.77685	0.24935000000004948	trials	visual	white circle	n/a	n/a	n/a	awake	False	True
2047.04704	0.24937999999997373	trials	visual	white circle	n/a	n/a	n/a	awake	False	True
2051.66757	0.24937999999974636	trials	visual	white circle	n/a	n/a	n/a	awake	False	True
2055.72095	0.2493800000002011	trials	visual	white circle	n/a	n/a	n/a	awake	False	True
2060.20807	0.24935000000004948	trials	visual	white circle	n/a	n/a	n/a	awake	False	True
2064.8953	0.24935000000004948	trials	visual	white circle	n/a	n/a	n/a	awake	False	True
2069.54919	0.24934999999959473	trials	visual	white circle	n/a	n/a	n/a	awake	False	True
2073.31901	0.24935999999979686	trials	visual	white circle	n/a	n/a	n/a	awake	False	True
2077.73936	0.24933000000009997	trials	visual	white circle	n/a	n/a	n/a	awake	False	True
2081.70935	0.24933999999984735	trials	visual	white circle	n/a	n/a	n/a	awake	False	True
2086.27984	0.24935000000004948	trials	visual	white circle	n/a	n/a	n/a	awake	False	True
2090.24981	0.2493400000003021	trials	visual	white circle	n/a	n/a	n/a	awake	False	True
2094.23647	0.2493400000003021	trials	visual	white circle	n/a	n/a	n/a	awake	False	True
2098.00628	0.24935999999979686	trials	visual	white circle	n/a	n/a	n/a	awake	False	True
2102.043	0.24936999999999898	trials	visual	white circle	n/a	n/a	n/a	awake	False	True
2105.84617	0.2493600000002516	trials	visual	white circle	n/a	n/a	n/a	awake	False	True
2110.08304	0.24933999999984735	trials	visual	white circle	n/a	n/a	n/a	awake	False	True
2114.80365	0.24935000000004948	trials	visual	white circle	n/a	n/a	n/a	awake	False	True
2118.69023	0.24936999999999898	trials	visual	white circle	n/a	n/a	n/a	awake	False	True
2122.99382	0.24935999999979686	trials	visual	white circle	n/a	n/a	n/a	awake	False	True
2127.61438	0.24933999999984735	trials	visual	white circle	n/a	n/a	n/a	awake	False	True
2132.30162	0.24932999999964522	trials	visual	white circle	n/a	n/a	n/a	awake	False	True
2136.05474	0.24935000000004948	trials	visual	white circle	n/a	n/a	n/a	awake	False	True
2140.17487	0.2493600000002516	trials	visual	white circle	n/a	n/a	n/a	awake	False	True
2144.72868	0.24931999999989785	trials	visual	white circle	n/a	n/a	n/a	awake	False	True
2149.03227	0.24935000000004948	trials	visual	white circle	n/a	n/a	n/a	awake	True	True
2152.91885	0.24935999999979686	trials	visual	white circle	n/a	n/a	n/a	awake	True	True
2157.22245	0.24932999999964522	trials	visual	white circle	n/a	n/a	n/a	awake	True	True
2161.44264	0.24934999999959473	trials	visual	white circle	n/a	n/a	n/a	awake	False	True
2165.21246	0.24933999999984735	trials	visual	white circle	n/a	n/a	n/a	awake	False	True
2169.54941	0.24935000000004948	trials	visual	white circle	n/a	n/a	n/a	awake	False	True
2173.9531	0.24935000000004948	trials	visual	white circle	n/a	n/a	n/a	awake	True	False
2178.57365	0.2493200000003526	trials	visual	white circle	n/a	n/a	n/a	awake	True	False
2182.54362	0.2493400000003021	trials	visual	white circle	n/a	n/a	n/a	awake	False	True
2186.54697	0.24935000000004948	trials	visual	white circle	n/a	n/a	n/a	awake	False	True
2190.68374	0.2493800000002011	trials	visual	white circle	n/a	n/a	n/a	awake	False	True
2195.28759	0.2493800000002011	trials	visual	white circle	n/a	n/a	n/a	awake	False	True
2199.22421	0.2493800000002011	trials	visual	white circle	n/a	n/a	n/a	awake	False	True
2203.22756	0.24936999999999898	trials	visual	white circle	n/a	n/a	n/a	awake	False	True
2207.68129	0.24936999999999898	trials	visual	white circle	n/a	n/a	n/a	awake	False	True
2212.26846	0.24935000000004948	trials	visual	white circle	n/a	n/a	n/a	awake	False	True
2216.57205	0.2493899999999485	trials	visual	white circle	n/a	n/a	n/a	awake	True	True
2220.74222	0.24935999999979686	trials	visual	white circle	n/a	n/a	n/a	awake	False	True
2224.51203	0.24936999999999898	trials	visual	white circle	n/a	n/a	n/a	awake	False	True
2229.04916	0.2494000000001506	trials	visual	white circle	n/a	n/a	n/a	awake	False	True
2232.90239	0.2493899999999485	trials	visual	white circle	n/a	n/a	n/a	awake	False	True
2237.30606	0.2494000000001506	trials	visual	white circle	n/a	n/a	n/a	awake	False	True
2241.35947	0.24936999999999898	trials	visual	white circle	n/a	n/a	n/a	awake	False	True
2245.5296	0.2493899999999485	trials	visual	white circle	n/a	n/a	n/a	awake	False	True
2249.29944	0.26604000000043015	trials	visual	white circle	n/a	n/a	n/a	awake	False	True
2253.73649	0.23267000000032567	trials	visual	white circle	n/a	n/a	n/a	awake	False	True
2258.34034	0.24936999999999898	trials	visual	white circle	n/a	n/a	n/a	awake	False	True
2262.86078	0.26605000000017753	trials	visual	white circle	n/a	n/a	n/a	awake	False	True
2267.36453	0.24941000000035274	trials	visual	white circle	n/a	n/a	n/a	awake	False	True
2271.41794	0.2493600000002516	trials	visual	white circle	n/a	n/a	n/a	awake	False	True
2275.88835	0.24936999999999898	trials	visual	white circle	n/a	n/a	n/a	awake	False	True
2279.8917	0.24936999999999898	trials	visual	white circle	n/a	n/a	n/a	awake	False	True
2284.12857	0.2493600000002516	trials	visual	white circle	n/a	n/a	n/a	awake	False	True
2288.79914	0.24939999999969586	trials	visual	white circle	n/a	n/a	n/a	awake	False	True
2293.15277	0.249409999999898	trials	visual	white circle	n/a	n/a	n/a	awake	False	True
2297.33962	0.24936999999999898	trials	visual	white circle	n/a	n/a	n/a	awake	False	True
2301.35965	0.24936999999999898	trials	visual	white circle	n/a	n/a	n/a	awake	False	True
2305.84675	0.24937999999974636	trials	visual	white circle	n/a	n/a	n/a	awake	True	True
2310.30045	0.24939999999969586	trials	visual	white circle	n/a	n/a	n/a	awake	True	True
2314.28713	0.2493899999999485	trials	visual	white circle	n/a	n/a	n/a	awake	True	True
2318.15704	0.24937999999974636	trials	visual	white circle	n/a	n/a	n/a	awake	True	False
2322.07699	0.24936999999999898	trials	visual	white circle	n/a	n/a	n/a	awake	True	True
2326.28051	0.24936999999999898	trials	visual	white circle	n/a	n/a	n/a	awake	True	False
2330.28384	0.2493899999999485	trials	visual	white circle	n/a	n/a	n/a	awake	True	True
2334.05367	0.2494000000001506	trials	visual	white circle	n/a	n/a	n/a	awake	False	True
2337.82349	0.2493899999999485	trials	visual	white circle	n/a	n/a	n/a	awake	False	True
2341.64336	0.24937999999974636	trials	visual	white circle	n/a	n/a	n/a	awake	False	True
2346.23053	0.24936999999999898	trials	visual	white circle	n/a	n/a	n/a	awake	False	True
2350.03372	0.24936999999999898	trials	visual	white circle	n/a	n/a	n/a	awake	False	True
2354.63756	0.24937999999974636	trials	visual	white circle	n/a	n/a	n/a	awake	False	True
2358.74099	0.24936999999999898	trials	visual	white circle	n/a	n/a	n/a	awake	False	True
2362.71098	0.2493800000002011	trials	visual	white circle	n/a	n/a	n/a	awake	False	True
2366.58088	0.2494000000001506	trials	visual	white circle	n/a	n/a	n/a	awake	False	True
2370.46747	0.24936999999999898	trials	visual	white circle	n/a	n/a	n/a	awake	False	True
2375.02128	0.24936999999999898	trials	visual	white circle	n/a	n/a	n/a	awake	False	True
2379.02463	0.2493800000002011	trials	visual	white circle	n/a	n/a	n/a	awake	False	True
2383.028	0.2493800000002011	trials	visual	white circle	n/a	n/a	n/a	awake	False	True
2387.58178	0.2494000000001506	trials	visual	white circle	n/a	n/a	n/a	awake	False	True
2391.71859	0.2493800000002011	trials	visual	white circle	n/a	n/a	n/a	awake	False	True
2396.37247	0.2494000000001506	trials	visual	white circle	n/a	n/a	n/a	awake	False	True
2400.34248	0.24936999999999898	trials	visual	white circle	n/a	n/a	n/a	awake	False	True
2404.56268	0.24936999999999898	trials	visual	white circle	n/a	n/a	n/a	awake	False	True
2409.13315	0.24939999999969586	trials	visual	white circle	n/a	n/a	n/a	awake	False	True
2413.20324	0.2493800000002011	trials	visual	white circle	n/a	n/a	n/a	awake	False	True
2417.15654	0.2493899999999485	trials	visual	white circle	n/a	n/a	n/a	awake	False	True
2421.44345	0.249409999999898	trials	visual	white circle	n/a	n/a	n/a	awake	False	True
2426.06399	0.24942000000010012	trials	visual	white circle	n/a	n/a	n/a	awake	False	True
2430.06735	0.24939000000040323	trials	visual	white circle	n/a	n/a	n/a	awake	False	True
2434.43769	0.2493899999999485	trials	visual	white circle	n/a	n/a	n/a	awake	False	True
2439.10823	0.2494000000001506	trials	visual	white circle	n/a	n/a	n/a	awake	False	True
2443.12828	0.249409999999898	trials	visual	white circle	n/a	n/a	n/a	awake	False	True
2447.69876	0.24939999999969586	trials	visual	white circle	n/a	n/a	n/a	awake	False	True
2451.95233	0.2493899999999485	trials	visual	white circle	n/a	n/a	n/a	awake	False	True
2456.32263	0.24939999999969586	trials	visual	white circle	n/a	n/a	n/a	awake	False	True
2460.50947	0.24942000000010012	trials	visual	white circle	n/a	n/a	n/a	awake	False	True
2464.27929	0.2493899999999485	trials	visual	white circle	n/a	n/a	n/a	awake	False	True
2468.54955	0.24939999999969586	trials	visual	white circle	n/a	n/a	n/a	awake	False	True
2473.10335	0.2494000000001506	trials	visual	white circle	n/a	n/a	n/a	awake	False	True
2477.35691	0.2494000000001506	trials	visual	white circle	n/a	n/a	n/a	awake	False	True
2481.36029	0.24936999999999898	trials	visual	white circle	n/a	n/a	n/a	awake	False	True
2485.21349	0.2493899999999485	trials	visual	white circle	n/a	n/a	n/a	awake	False	True
2489.83403	0.2493800000002011	trials	visual	white circle	n/a	n/a	n/a	awake	False	True
2494.30442	0.249409999999898	trials	visual	white circle	n/a	n/a	n/a	awake	False	True
2498.47462	0.24935000000004948	trials	visual	white circle	n/a	n/a	n/a	awake	False	True
2502.92832	0.2493899999999485	trials	visual	white circle	n/a	n/a	n/a	awake	False	True
2507.64894	0.24937999999974636	trials	visual	white circle	n/a	n/a	n/a	awake	False	True
2630.051094753146	509.53999999999996	epochs								
3139.601094753146	3579.62	epochs								
3769.25855	0.0003999999998995918	trials	electrical	biphasic	40	MOs	deep	isoflurane	False	True
3772.79157	0.00040000000035433914	trials	electrical	biphasic	20	MOs	deep	isoflurane	False	True
3776.8532	0.0003999999998995918	trials	electrical	biphasic	40	MOs	deep	isoflurane	False	True
3781.23548	0.00040000000035433914	trials	electrical	biphasic	70	MOs	deep	isoflurane	False	True
3785.40509	0.0003999999998995918	trials	electrical	biphasic	70	MOs	deep	isoflurane	False	True
3789.09595	0.0003999999998995918	trials	electrical	biphasic	70	MOs	deep	isoflurane	False	True
3792.96529	0.0003999999998995918	trials	electrical	biphasic	70	MOs	deep	isoflurane	False	True
3796.92644	0.0003999999998995918	trials	electrical	biphasic	20	MOs	deep	isoflurane	False	True
3801.4085	0.0003999999998995918	trials	electrical	biphasic	20	MOs	deep	isoflurane	False	True
3805.06533	0.0003999999998995918	trials	electrical	biphasic	20	MOs	deep	isoflurane	False	True
3809.42127	0.00040000000035433914	trials	electrical	biphasic	70	MOs	deep	isoflurane	False	True
3813.56646	0.0003999999998995918	trials	electrical	biphasic	70	MOs	deep	isoflurane	False	True
3817.44316	0.00040000000035433914	trials	electrical	biphasic	40	MOs	deep	isoflurane	False	True
3821.1345	0.0004100000001017179	trials	electrical	biphasic	20	MOs	deep	isoflurane	False	True
3825.06319	0.00040000000035433914	trials	electrical	biphasic	40	MOs	deep	isoflurane	False	True
3829.04563	0.0003999999998995918	trials	electrical	biphasic	70	MOs	deep	isoflurane	False	True
3832.66668	0.00040000000035433914	trials	electrical	biphasic	20	MOs	deep	isoflurane	False	True
3836.7566	0.0003999999998995918	trials	electrical	biphasic	70	MOs	deep	isoflurane	False	True
3840.4832	0.0003999999998995918	trials	electrical	biphasic	40	MOs	deep	isoflurane	False	True
3844.36825	0.0003999999998995918	trials	electrical	biphasic	70	MOs	deep	isoflurane	False	True
3848.45165	0.0003999999998995918	trials	electrical	biphasic	70	MOs	deep	isoflurane	False	True
3852.20388	0.0003999999998995918	trials	electrical	biphasic	20	MOs	deep	isoflurane	False	True
3855.99474	0.0003999999998995918	trials	electrical	biphasic	40	MOs	deep	isoflurane	False	True
3860.11226	0.0003999999998995918	trials	electrical	biphasic	20	MOs	deep	isoflurane	False	True
3863.87797	0.0003999999998995918	trials	electrical	biphasic	40	MOs	deep	isoflurane	False	True
3868.20277	0.0003999999998995918	trials	electrical	biphasic	70	MOs	deep	isoflurane	False	True
3872.68586	0.0003999999998995918	trials	electrical	biphasic	20	MOs	deep	isoflurane	False	True
3876.91653	0.0003999999998995918	trials	electrical	biphasic	40	MOs	deep	isoflurane	False	True
3880.76083	0.0003999999998995918	trials	electrical	biphasic	70	MOs	deep	isoflurane	False	True
3884.84532	0.0003999999998995918	trials	electrical	biphasic	40	MOs	deep	isoflurane	False	True
3888.4535	0.0003999999998995918	trials	electrical	biphasic	70	MOs	deep	isoflurane	False	True
3892.86023	0.00040000000035433914	trials	electrical	biphasic	20	MOs	deep	isoflurane	False	True
3897.24032	0.0003999999998995918	trials	electrical	biphasic	20	MOs	deep	isoflurane	False	True
3901.5585	0.0003999999998995918	trials	electrical	biphasic	70	MOs	deep	isoflurane	False	True
3905.31965	0.0003999999998995918	trials	electrical	biphasic	70	MOs	deep	isoflurane	False	True
3909.41443	0.00040000000035433914	trials	electrical	biphasic	40	MOs	deep	isoflurane	False	True
3912.93737	0.0003999999998995918	trials	electrical	biphasic	70	MOs	deep	isoflurane	False	True
3916.86306	0.0003999999998995918	trials	electrical	biphasic	40	MOs	deep	isoflurane	False	True
3920.6762	0.0003999999998995918	trials	electrical	biphasic	40	MOs	deep	isoflurane	False	True
3924.33811	0.0003999999998995918	trials	electrical	biphasic	40	MOs	deep	isoflurane	False	True
3928.01729	0.00040000000035433914	trials	electrical	biphasic	20	MOs	deep	isoflurane	False	True
3931.94059	0.0003999999998995918	trials	electrical	biphasic	40	MOs	deep	isoflurane	False	True
3935.53524	0.0003999999998995918	trials	electrical	biphasic	20	MOs	deep	isoflurane	False	True
3939.63418	0.0003999999998995918	trials	electrical	biphasic	70	MOs	deep	isoflurane	False	True
3943.60553	0.00040000000035433914	trials	electrical	biphasic	20	MOs	deep	isoflurane	False	True
3947.80189	0.0003999999998995918	trials	electrical	biphasic	40	MOs	deep	isoflurane	False	True
3952.0022	0.0003999999998995918	trials	electrical	biphasic	70	MOs	deep	isoflurane	False	True
3956.14117	0.0003999999998995918	trials	electrical	biphasic	40	MOs	deep	isoflurane	False	True
3959.67519	0.0003999999998995918	trials	electrical	biphasic	70	MOs	deep	isoflurane	False	True
3963.24441	0.00040000000035433914	trials	electrical	biphasic	20	MOs	deep	isoflurane	False	True
3967.06444	0.0003999999998995918	trials	electrical	biphasic	20	MOs	deep	isoflurane	False	True
3971.09572	0.00040000000035433914	trials	electrical	biphasic	40	MOs	deep	isoflurane	False	True
3975.25059	0.0003999999998995918	trials	electrical	biphasic	40	MOs	deep	isoflurane	False	True
3979.15863	0.0003999999998995918	trials	electrical	biphasic	20	MOs	deep	isoflurane	False	True
3983.47904	0.0003999999998995918	trials	electrical	biphasic	70	MOs	deep	isoflurane	False	True
3987.69783	0.0003999999998995918	trials	electrical	biphasic	20	MOs	deep	isoflurane	False	True
3992.1669	0.0003999999998995918	trials	electrical	biphasic	20	MOs	deep	isoflurane	False	True
3996.19866	0.0003999999998995918	trials	electrical	biphasic	20	MOs	deep	isoflurane	False	True
4000.02423	0.0003999999998995918	trials	electrical	biphasic	20	MOs	deep	isoflurane	False	True
4003.63027	0.0003999999998995918	trials	electrical	biphasic	20	MOs	deep	isoflurane	False	True
4007.74166	0.0003999999998995918	trials	electrical	biphasic	70	MOs	deep	isoflurane	False	True
4012.02088	0.0003999999998995918	trials	electrical	biphasic	70	MOs	deep	isoflurane	False	True
4015.94477	0.0003999999998995918	trials	electrical	biphasic	40	MOs	deep	isoflurane	False	True
4019.53601	0.00040000000035433914	trials	electrical	biphasic	40	MOs	deep	isoflurane	False	True
4023.30291	0.0003999999998995918	trials	electrical	biphasic	70	MOs	deep	isoflurane	False	True
4026.957	0.0003999999998995918	trials	electrical	biphasic	20	MOs	deep	isoflurane	False	True
4030.73842	0.0003999999998995918	trials	electrical	biphasic	70	MOs	deep	isoflurane	False	True
4034.67893	0.0003999999998995918	trials	electrical	biphasic	70	MOs	deep	isoflurane	False	True
4038.70649	0.0003999999998995918	trials	electrical	biphasic	40	MOs	deep	isoflurane	False	True
4042.66434	0.00040000000035433914	trials	electrical	biphasic	70	MOs	deep	isoflurane	False	True
4047.04015	0.00040000000035433914	trials	electrical	biphasic	40	MOs	deep	isoflurane	False	True
4051.05863	0.0003999999998995918	trials	electrical	biphasic	40	MOs	deep	isoflurane	False	True
4055.50268	0.0003999999998995918	trials	electrical	biphasic	40	MOs	deep	isoflurane	False	True
4059.64081	0.0003999999998995918	trials	electrical	biphasic	20	MOs	deep	isoflurane	False	True
4064.09894	0.00040000000035433914	trials	electrical	biphasic	40	MOs	deep	isoflurane	False	True
4067.84006	0.0003999999998995918	trials	electrical	biphasic	40	MOs	deep	isoflurane	False	True
4072.01661	0.0003999999998995918	trials	electrical	biphasic	20	MOs	deep	isoflurane	False	True
4075.80609	0.0003999999998995918	trials	electrical	biphasic	70	MOs	deep	isoflurane	False	True
4079.97832	0.0003999999998995918	trials	electrical	biphasic	70	MOs	deep	isoflurane	False	True
4084.17389	0.0003999999998995918	trials	electrical	biphasic	40	MOs	deep	isoflurane	False	True
4087.74231	0.0003999999998995918	trials	electrical	biphasic	40	MOs	deep	isoflurane	False	True
4091.49753	0.0003999999998995918	trials	electrical	biphasic	20	MOs	deep	isoflurane	False	True
4095.222	0.0003999999998995918	trials	electrical	biphasic	40	MOs	deep	isoflurane	False	True
4099.39027	0.0003999999998995918	trials	electrical	biphasic	40	MOs	deep	isoflurane	False	True
4103.73509	0.0003999999998995918	trials	electrical	biphasic	20	MOs	deep	isoflurane	False	True
4107.57998	0.0003999999998995918	trials	electrical	biphasic	40	MOs	deep	isoflurane	False	True
4111.86093	0.0003999999998995918	trials	electrical	biphasic	70	MOs	deep	isoflurane	False	True
4116.03669	0.0003999999998995918	trials	electrical	biphasic	40	MOs	deep	isoflurane	False	True
4119.54384	0.0003999999998995918	trials	electrical	biphasic	70	MOs	deep	isoflurane	False	True
4123.64644	0.0003999999998995918	trials	electrical	biphasic	40	MOs	deep	isoflurane	False	True
4127.53365	0.0003999999998995918	trials	electrical	biphasic	70	MOs	deep	isoflurane	False	True
4131.95008	0.0004000000008090865	trials	electrical	biphasic	40	MOs	deep	isoflurane	False	True
4135.45166	0.0003999999998995918	trials	electrical	biphasic	40	MOs	deep	isoflurane	False	True
4139.41453	0.0003999999998995918	trials	electrical	biphasic	20	MOs	deep	isoflurane	False	True
4143.33929	0.0003999999998995918	trials	electrical	biphasic	20	MOs	deep	isoflurane	False	True
4147.30064	0.0003999999998995918	trials	electrical	biphasic	20	MOs	deep	isoflurane	False	True
4151.57122	0.00041000000055646524	trials	electrical	biphasic	20	MOs	deep	isoflurane	False	True
4155.39413	0.0003999999998995918	trials	electrical	biphasic	20	MOs	deep	isoflurane	False	True
4159.6793	0.0003999999998995918	trials	electrical	biphasic	40	MOs	deep	isoflurane	False	True
4163.65108	0.0004000000008090865	trials	electrical	biphasic	40	MOs	deep	isoflurane	False	True
4167.18727	0.0003999999998995918	trials	electrical	biphasic	70	MOs	deep	isoflurane	False	True
4170.86357	0.0003999999998995918	trials	electrical	biphasic	40	MOs	deep	isoflurane	False	True
4175.08576	0.0003999999998995918	trials	electrical	biphasic	70	MOs	deep	isoflurane	False	True
4179.05966	0.0003999999998995918	trials	electrical	biphasic	20	MOs	deep	isoflurane	False	True
4182.71281	0.0003999999998995918	trials	electrical	biphasic	40	MOs	deep	isoflurane	False	True
4186.55435	0.0003999999998995918	trials	electrical	biphasic	70	MOs	deep	isoflurane	False	True
4190.66216	0.0003999999998995918	trials	electrical	biphasic	20	MOs	deep	isoflurane	False	True
4194.35432	0.0003999999998995918	trials	electrical	biphasic	20	MOs	deep	isoflurane	False	True
4198.59317	0.0003999999998995918	trials	electrical	biphasic	20	MOs	deep	isoflurane	False	True
4202.33646	0.0003999999998995918	trials	electrical	biphasic	20	MOs	deep	isoflurane	False	True
4206.75431	0.0003999999998995918	trials	electrical	biphasic	70	MOs	deep	isoflurane	False	True
4210.52379	0.0003999999998995918	trials	electrical	biphasic	40	MOs	deep	isoflurane	False	True
4214.78972	0.0003999999998995918	trials	electrical	biphasic	40	MOs	deep	isoflurane	False	True
4218.4788	0.0003999999998995918	trials	electrical	biphasic	40	MOs	deep	isoflurane	False	True
4222.26673	0.0003999999998995918	trials	electrical	biphasic	70	MOs	deep	isoflurane	False	True
4225.85827	0.0003999999998995918	trials	electrical	biphasic	40	MOs	deep	isoflurane	False	True
4229.9349	0.0003999999998995918	trials	electrical	biphasic	40	MOs	deep	isoflurane	False	True
4234.11868	0.00041000000055646524	trials	electrical	biphasic	20	MOs	deep	isoflurane	False	True
4238.16571	0.0003999999998995918	trials	electrical	biphasic	20	MOs	deep	isoflurane	False	True
4242.09186	0.0003999999998995918	trials	electrical	biphasic	40	MOs	deep	isoflurane	False	True
4246.23672	0.0003999999998995918	trials	electrical	biphasic	70	MOs	deep	isoflurane	False	True
4250.38477	0.0003999999998995918	trials	electrical	biphasic	70	MOs	deep	isoflurane	False	True
4254.56422	0.0003999999998995918	trials	electrical	biphasic	20	MOs	deep	isoflurane	False	True
4258.70043	0.0003999999998995918	trials	electrical	biphasic	40	MOs	deep	isoflurane	False	True
4263.14604	0.0004000000008090865	trials	electrical	biphasic	70	MOs	deep	isoflurane	False	True
4266.8554	0.0003999999998995918	trials	electrical	biphasic	20	MOs	deep	isoflurane	False	True
4271.06511	0.0004000000008090865	trials	electrical	biphasic	20	MOs	deep	isoflurane	False	True
4274.80177	0.0003999999998995918	trials	electrical	biphasic	40	MOs	deep	isoflurane	False	True
4278.4216	0.0003999999998995918	trials	electrical	biphasic	40	MOs	deep	isoflurane	False	True
4282.52932	0.0004000000008090865	trials	electrical	biphasic	20	MOs	deep	isoflurane	False	True
4286.47989	0.0004000000008090865	trials	electrical	biphasic	40	MOs	deep	isoflurane	False	True
4290.43904	0.0003999999998995918	trials	electrical	biphasic	70	MOs	deep	isoflurane	False	True
4294.6014	0.0004000000008090865	trials	electrical	biphasic	40	MOs	deep	isoflurane	False	True
4298.87211	0.0003999999998995918	trials	electrical	biphasic	40	MOs	deep	isoflurane	False	True
4302.72276	0.0003999999998995918	trials	electrical	biphasic	70	MOs	deep	isoflurane	False	True
4306.8852	0.0003999999998995918	trials	electrical	biphasic	40	MOs	deep	isoflurane	False	True
4310.80179	0.0003999999998995918	trials	electrical	biphasic	20	MOs	deep	isoflurane	False	True
4315.14414	0.0003999999998995918	trials	electrical	biphasic	20	MOs	deep	isoflurane	False	True
4319.47749	0.0003999999998995918	trials	electrical	biphasic	40	MOs	deep	isoflurane	False	True
4323.23435	0.0003999999998995918	trials	electrical	biphasic	70	MOs	deep	isoflurane	False	True
4327.34824	0.0003999999998995918	trials	electrical	biphasic	20	MOs	deep	isoflurane	False	True
4331.43091	0.0003999999998995918	trials	electrical	biphasic	70	MOs	deep	isoflurane	False	True
4335.47207	0.0003999999998995918	trials	electrical	biphasic	70	MOs	deep	isoflurane	False	True
4339.84244	0.0003999999998995918	trials	electrical	biphasic	40	MOs	deep	isoflurane	False	True
4343.60765	0.0003999999998995918	trials	electrical	biphasic	40	MOs	deep	isoflurane	False	True
4347.42615	0.0003999999998995918	trials	electrical	biphasic	40	MOs	deep	isoflurane	False	True
4351.0458	0.0003999999998995918	trials	electrical	biphasic	40	MOs	deep	isoflurane	False	True
4355.48604	0.0003999999998995918	trials	electrical	biphasic	70	MOs	deep	isoflurane	False	True
4359.63203	0.0003999999998995918	trials	electrical	biphasic	40	MOs	deep	isoflurane	False	True
4363.61192	0.0003999999998995918	trials	electrical	biphasic	70	MOs	deep	isoflurane	False	True
4367.75167	0.0003999999998995918	trials	electrical	biphasic	20	MOs	deep	isoflurane	False	True
4371.79681	0.0003999999998995918	trials	electrical	biphasic	70	MOs	deep	isoflurane	False	True
4375.94456	0.0003999999998995918	trials	electrical	biphasic	40	MOs	deep	isoflurane	False	True
4379.98887	0.0003999999998995918	trials	electrical	biphasic	40	MOs	deep	isoflurane	False	True
4384.21033	0.0003999999998995918	trials	electrical	biphasic	40	MOs	deep	isoflurane	False	True
4388.23326	0.0003999999998995918	trials	electrical	biphasic	70	MOs	deep	isoflurane	False	True
4392.72739	0.0003999999998995918	trials	electrical	biphasic	70	MOs	deep	isoflurane	False	True
4396.4465	0.0003999999998995918	trials	electrical	biphasic	40	MOs	deep	isoflurane	False	True
4400.05272	0.0003999999998995918	trials	electrical	biphasic	40	MOs	deep	isoflurane	False	True
4403.66284	0.0003999999998995918	trials	electrical	biphasic	20	MOs	deep	isoflurane	False	True
4407.22687	0.0003999999998995918	trials	electrical	biphasic	40	MOs	deep	isoflurane	False	True
4411.13187	0.0003999999998995918	trials	electrical	biphasic	20	MOs	deep	isoflurane	False	True
4415.08068	0.0003999999998995918	trials	electrical	biphasic	20	MOs	deep	isoflurane	False	True
4418.94692	0.0003999999998995918	trials	electrical	biphasic	40	MOs	deep	isoflurane	False	True
4423.21085	0.0003999999998995918	trials	electrical	biphasic	20	MOs	deep	isoflurane	False	True
4427.33918	0.0003999999998995918	trials	electrical	biphasic	40	MOs	deep	isoflurane	False	True
4431.61159	0.0003999999998995918	trials	electrical	biphasic	70	MOs	deep	isoflurane	False	True
4436.04488	0.0003999999998995918	trials	electrical	biphasic	70	MOs	deep	isoflurane	False	True
4440.51805	0.0003999999998995918	trials	electrical	biphasic	20	MOs	deep	isoflurane	False	True
4444.21049	0.0003999999998995918	trials	electrical	biphasic	40	MOs	deep	isoflurane	False	True
4447.8498	0.0003999999998995918	trials	electrical	biphasic	70	MOs	deep	isoflurane	False	True
4452.04648	0.0003999999998995918	trials	electrical	biphasic	20	MOs	deep	isoflurane	False	True
4455.64073	0.0003999999998995918	trials	electrical	biphasic	70	MOs	deep	isoflurane	False	True
4459.66655	0.0003999999998995918	trials	electrical	biphasic	20	MOs	deep	isoflurane	False	True
4463.69732	0.0003999999998995918	trials	electrical	biphasic	40	MOs	deep	isoflurane	False	True
4468.05889	0.0003999999998995918	trials	electrical	biphasic	70	MOs	deep	isoflurane	False	True
4472.04418	0.0003999999998995918	trials	electrical	biphasic	70	MOs	deep	isoflurane	False	True
4475.93806	0.0003999999998995918	trials	electrical	biphasic	40	MOs	deep	isoflurane	False	True
4480.10993	0.0004000000008090865	trials	electrical	biphasic	70	MOs	deep	isoflurane	False	True
4484.35162	0.0003999999998995918	trials	electrical	biphasic	20	MOs	deep	isoflurane	False	True
4488.3721	0.0004000000008090865	trials	electrical	biphasic	70	MOs	deep	isoflurane	False	True
4492.22025	0.0003999999998995918	trials	electrical	biphasic	40	MOs	deep	isoflurane	False	True
4495.87067	0.0003999999998995918	trials	electrical	biphasic	70	MOs	deep	isoflurane	False	True
4499.9572	0.0003999999998995918	trials	electrical	biphasic	20	MOs	deep	isoflurane	False	True
4503.71977	0.0003999999998995918	trials	electrical	biphasic	70	MOs	deep	isoflurane	False	True
4507.26465	0.0003999999998995918	trials	electrical	biphasic	70	MOs	deep	isoflurane	False	True
4511.52002	0.0003999999998995918	trials	electrical	biphasic	20	MOs	deep	isoflurane	False	True
4515.26322	0.0003999999998995918	trials	electrical	biphasic	40	MOs	deep	isoflurane	False	True
4519.20605	0.0003999999998995918	trials	electrical	biphasic	40	MOs	deep	isoflurane	False	True
4523.39428	0.0003999999998995918	trials	electrical	biphasic	40	MOs	deep	isoflurane	False	True
4527.25392	0.0003999999998995918	trials	electrical	biphasic	40	MOs	deep	isoflurane	False	True
4531.49069	0.0004000000008090865	trials	electrical	biphasic	70	MOs	deep	isoflurane	False	True
4535.38582	0.0003999999998995918	trials	electrical	biphasic	70	MOs	deep	isoflurane	False	True
4539.56966	0.0003999999998995918	trials	electrical	biphasic	70	MOs	deep	isoflurane	False	True
4543.77413	0.0003999999998995918	trials	electrical	biphasic	70	MOs	deep	isoflurane	False	True
4547.71686	0.0003999999998995918	trials	electrical	biphasic	20	MOs	deep	isoflurane	False	True
4551.23686	0.0003999999998995918	trials	electrical	biphasic	20	MOs	deep	isoflurane	False	True
4555.06815	0.0003999999998995918	trials	electrical	biphasic	40	MOs	deep	isoflurane	False	True
4558.99287	0.0003999999998995918	trials	electrical	biphasic	20	MOs	deep	isoflurane	False	True
4562.76358	0.0003999999998995918	trials	electrical	biphasic	70	MOs	deep	isoflurane	False	True
4566.46106	0.0004000000008090865	trials	electrical	biphasic	70	MOs	deep	isoflurane	False	True
4570.78321	0.0004000000008090865	trials	electrical	biphasic	20	MOs	deep	isoflurane	False	True
4574.71356	0.0003999999998995918	trials	electrical	biphasic	40	MOs	deep	isoflurane	False	True
4579.10177	0.0003999999998995918	trials	electrical	biphasic	20	MOs	deep	isoflurane	False	True
4582.99337	0.0003999999998995918	trials	electrical	biphasic	70	MOs	deep	isoflurane	False	True
4587.26292	0.0003999999998995918	trials	electrical	biphasic	20	MOs	deep	isoflurane	False	True
4591.16015	0.0003999999998995918	trials	electrical	biphasic	40	MOs	deep	isoflurane	False	True
4595.4691	0.0003999999998995918	trials	electrical	biphasic	40	MOs	deep	isoflurane	False	True
4599.7246	0.0004000000008090865	trials	electrical	biphasic	20	MOs	deep	isoflurane	False	True
4603.60243	0.0003999999998995918	trials	electrical	biphasic	20	MOs	deep	isoflurane	False	True
4607.31887	0.0003999999998995918	trials	electrical	biphasic	40	MOs	deep	isoflurane	False	True
4611.6097	0.0003999999998995918	trials	electrical	biphasic	70	MOs	deep	isoflurane	False	True
4616.05943	0.0003999999998995918	trials	electrical	biphasic	70	MOs	deep	isoflurane	False	True
4619.88742	0.0003999999998995918	trials	electrical	biphasic	40	MOs	deep	isoflurane	False	True
4624.05911	0.0003999999998995918	trials	electrical	biphasic	20	MOs	deep	isoflurane	False	True
4627.99817	0.0003999999998995918	trials	electrical	biphasic	20	MOs	deep	isoflurane	False	True
4632.3321	0.0004000000008090865	trials	electrical	biphasic	40	MOs	deep	isoflurane	False	True
4636.60139	0.0003999999998995918	trials	electrical	biphasic	40	MOs	deep	isoflurane	False	True
4640.26907	0.0003999999998995918	trials	electrical	biphasic	20	MOs	deep	isoflurane	False	True
4644.63148	0.0003999999998995918	trials	electrical	biphasic	40	MOs	deep	isoflurane	False	True
4649.12179	0.0003999999998995918	trials	electrical	biphasic	70	MOs	deep	isoflurane	False	True
4653.13664	0.0003999999998995918	trials	electrical	biphasic	20	MOs	deep	isoflurane	False	True
4657.52135	0.0003999999998995918	trials	electrical	biphasic	70	MOs	deep	isoflurane	False	True
4661.6098	0.0003999999998995918	trials	electrical	biphasic	40	MOs	deep	isoflurane	False	True
4665.26498	0.0003999999998995918	trials	electrical	biphasic	40	MOs	deep	isoflurane	False	True
4668.96526	0.0003999999998995918	trials	electrical	biphasic	70	MOs	deep	isoflurane	False	True
4672.87265	0.0003999999998995918	trials	electrical	biphasic	40	MOs	deep	isoflurane	False	True
4677.12178	0.0003999999998995918	trials	electrical	biphasic	70	MOs	deep	isoflurane	False	True
4681.44779	0.0003999999998995918	trials	electrical	biphasic	20	MOs	deep	isoflurane	False	True
4685.73818	0.0003999999998995918	trials	electrical	biphasic	40	MOs	deep	isoflurane	False	True
4689.55712	0.0003999999998995918	trials	electrical	biphasic	20	MOs	deep	isoflurane	False	True
4693.59161	0.0003999999998995918	trials	electrical	biphasic	40	MOs	deep	isoflurane	False	True
4697.18199	0.0003999999998995918	trials	electrical	biphasic	70	MOs	deep	isoflurane	False	True
4700.79412	0.0004000000008090865	trials	electrical	biphasic	40	MOs	deep	isoflurane	False	True
4704.43084	0.0003999999998995918	trials	electrical	biphasic	70	MOs	deep	isoflurane	False	True
4708.60993	0.0004000000008090865	trials	electrical	biphasic	20	MOs	deep	isoflurane	False	True
4712.60553	0.0003999999998995918	trials	electrical	biphasic	20	MOs	deep	isoflurane	False	True
4716.29568	0.0003999999998995918	trials	electrical	biphasic	20	MOs	deep	isoflurane	False	True
4720.29111	0.0003999999998995918	trials	electrical	biphasic	20	MOs	deep	isoflurane	False	True
4723.93913	0.0003999999998995918	trials	electrical	biphasic	70	MOs	deep	isoflurane	False	True
4727.49453	0.0003999999998995918	trials	electrical	biphasic	70	MOs	deep	isoflurane	False	True
4731.84568	0.0003999999998995918	trials	electrical	biphasic	70	MOs	deep	isoflurane	False	True
4735.90667	0.0003999999998995918	trials	electrical	biphasic	70	MOs	deep	isoflurane	False	True
4740.3367	0.0003999999998995918	trials	electrical	biphasic	20	MOs	deep	isoflurane	False	True
4744.53379	0.0003999999998995918	trials	electrical	biphasic	70	MOs	deep	isoflurane	False	True
4748.61701	0.0003999999998995918	trials	electrical	biphasic	20	MOs	deep	isoflurane	False	True
4752.93284	0.0003999999998995918	trials	electrical	biphasic	70	MOs	deep	isoflurane	False	True
4757.31229	0.0003999999998995918	trials	electrical	biphasic	70	MOs	deep	isoflurane	False	True
4761.80164	0.0003999999998995918	trials	electrical	biphasic	40	MOs	deep	isoflurane	False	True
4765.30258	0.0004000000008090865	trials	electrical	biphasic	20	MOs	deep	isoflurane	False	True
4769.66845	0.0003999999998995918	trials	electrical	biphasic	20	MOs	deep	isoflurane	False	True
4773.78144	0.0003999999998995918	trials	electrical	biphasic	70	MOs	deep	isoflurane	False	True
4778.27183	0.0003999999998995918	trials	electrical	biphasic	70	MOs	deep	isoflurane	False	True
4782.29994	0.0003999999998995918	trials	electrical	biphasic	20	MOs	deep	isoflurane	False	True
4786.27988	0.0003999999998995918	trials	electrical	biphasic	70	MOs	deep	isoflurane	False	True
4790.58165	0.0003999999998995918	trials	electrical	biphasic	20	MOs	deep	isoflurane	False	True
4794.30992	0.0003999999998995918	trials	electrical	biphasic	20	MOs	deep	isoflurane	False	True
4798.30844	0.0003999999998995918	trials	electrical	biphasic	40	MOs	deep	isoflurane	False	True
4802.70973	0.0004000000008090865	trials	electrical	biphasic	70	MOs	deep	isoflurane	False	True
4806.78482	0.0003999999998995918	trials	electrical	biphasic	70	MOs	deep	isoflurane	False	True
4811.13043	0.0003999999998995918	trials	electrical	biphasic	70	MOs	deep	isoflurane	False	True
4815.36949	0.00040999999964697054	trials	electrical	biphasic	70	MOs	deep	isoflurane	False	True
4819.4559	0.0003999999998995918	trials	electrical	biphasic	70	MOs	deep	isoflurane	False	True
4823.20307	0.0004000000008090865	trials	electrical	biphasic	40	MOs	deep	isoflurane	False	True
4827.36991	0.0003999999998995918	trials	electrical	biphasic	70	MOs	deep	isoflurane	False	True
4830.95382	0.0003999999998995918	trials	electrical	biphasic	20	MOs	deep	isoflurane	False	True
4835.08021	0.0003999999998995918	trials	electrical	biphasic	70	MOs	deep	isoflurane	False	True
4839.24157	0.0003999999998995918	trials	electrical	biphasic	40	MOs	deep	isoflurane	False	True
4843.47176	0.0003999999998995918	trials	electrical	biphasic	20	MOs	deep	isoflurane	False	True
4847.86295	0.0003999999998995918	trials	electrical	biphasic	20	MOs	deep	isoflurane	False	True
4852.34568	0.0003999999998995918	trials	electrical	biphasic	20	MOs	deep	isoflurane	False	True
4856.61513	0.0003999999998995918	trials	electrical	biphasic	20	MOs	deep	isoflurane	False	True
4860.69699	0.00040999999964697054	trials	electrical	biphasic	20	MOs	deep	isoflurane	False	True
4865.12574	0.0003999999998995918	trials	electrical	biphasic	20	MOs	deep	isoflurane	False	True
4869.20627	0.0003999999998995918	trials	electrical	biphasic	20	MOs	deep	isoflurane	False	True
4872.72367	0.0003999999998995918	trials	electrical	biphasic	40	MOs	deep	isoflurane	False	True
4876.34496	0.0003999999998995918	trials	electrical	biphasic	40	MOs	deep	isoflurane	False	True
4880.70811	0.0004000000008090865	trials	electrical	biphasic	70	MOs	deep	isoflurane	False	True
4884.69283	0.0003999999998995918	trials	electrical	biphasic	20	MOs	deep	isoflurane	False	True
4889.03812	0.0003999999998995918	trials	electrical	biphasic	40	MOs	deep	isoflurane	False	True
4892.74795	0.0003999999998995918	trials	electrical	biphasic	40	MOs	deep	isoflurane	False	True
4896.80067	0.0004000000008090865	trials	electrical	biphasic	20	MOs	deep	isoflurane	False	True
4900.93098	0.0003999999998995918	trials	electrical	biphasic	20	MOs	deep	isoflurane	False	True
4904.4634	0.0004000000008090865	trials	electrical	biphasic	40	MOs	deep	isoflurane	False	True
4908.57855	0.0003999999998995918	trials	electrical	biphasic	20	MOs	deep	isoflurane	False	True
4912.4414	0.0003999999998995918	trials	electrical	biphasic	70	MOs	deep	isoflurane	False	True
4915.99136	0.0003999999998995918	trials	electrical	biphasic	40	MOs	deep	isoflurane	False	True
4919.98137	0.0003999999998995918	trials	electrical	biphasic	20	MOs	deep	isoflurane	False	True
4923.67431	0.0003999999998995918	trials	electrical	biphasic	70	MOs	deep	isoflurane	False	True
4927.29782	0.0003999999998995918	trials	electrical	biphasic	70	MOs	deep	isoflurane	False	True
4931.00374	0.0003999999998995918	trials	electrical	biphasic	70	MOs	deep	isoflurane	False	True
4934.65068	0.0003999999998995918	trials	electrical	biphasic	70	MOs	deep	isoflurane	False	True
4938.34019	0.0003999999998995918	trials	electrical	biphasic	40	MOs	deep	isoflurane	False	True
4941.88327	0.0003999999998995918	trials	electrical	biphasic	20	MOs	deep	isoflurane	False	True
4946.0189	0.0003999999998995918	trials	electrical	biphasic	20	MOs	deep	isoflurane	False	True
4949.80118	0.0003999999998995918	trials	electrical	biphasic	40	MOs	deep	isoflurane	False	True
4953.84021	0.0003999999998995918	trials	electrical	biphasic	70	MOs	deep	isoflurane	False	True
4958.0358	0.0003999999998995918	trials	electrical	biphasic	40	MOs	deep	isoflurane	False	True
4962.03534	0.0003999999998995918	trials	electrical	biphasic	70	MOs	deep	isoflurane	False	True
4966.07157	0.0003999999998995918	trials	electrical	biphasic	40	MOs	deep	isoflurane	False	True
4970.01718	0.0003999999998995918	trials	electrical	biphasic	20	MOs	deep	isoflurane	False	True
4973.64154	0.0004000000008090865	trials	electrical	biphasic	70	MOs	deep	isoflurane	False	True
4977.63233	0.0003999999998995918	trials	electrical	biphasic	20	MOs	deep	isoflurane	False	True
4981.98576	0.0004000000008090865	trials	electrical	biphasic	20	MOs	deep	isoflurane	False	True
4986.36011	0.0004000000008090865	trials	electrical	biphasic	70	MOs	deep	isoflurane	False	True
4990.13083	0.0003999999998995918	trials	electrical	biphasic	20	MOs	deep	isoflurane	False	True
4993.83971	0.0003999999998995918	trials	electrical	biphasic	40	MOs	deep	isoflurane	False	True
4997.90512	0.0003999999998995918	trials	electrical	biphasic	20	MOs	deep	isoflurane	False	True
5002.04587	0.0003999999998995918	trials	electrical	biphasic	40	MOs	deep	isoflurane	False	True
5005.96331	0.0003999999998995918	trials	electrical	biphasic	70	MOs	deep	isoflurane	False	True
5009.66972	0.0003999999998995918	trials	electrical	biphasic	40	MOs	deep	isoflurane	False	True
5014.11809	0.0003999999998995918	trials	electrical	biphasic	40	MOs	deep	isoflurane	False	True
5017.70059	0.0003999999998995918	trials	electrical	biphasic	40	MOs	deep	isoflurane	False	True
5021.30672	0.0004000000008090865	trials	electrical	biphasic	70	MOs	deep	isoflurane	False	True
5024.94918	0.0004000000008090865	trials	electrical	biphasic	70	MOs	deep	isoflurane	False	True
5028.61606	0.0003999999998995918	trials	electrical	biphasic	20	MOs	deep	isoflurane	False	True
5032.73745	0.0004000000008090865	trials	electrical	biphasic	70	MOs	deep	isoflurane	False	True
5036.8116	0.0003999999998995918	trials	electrical	biphasic	40	MOs	deep	isoflurane	False	True
5040.3641	0.0003999999998995918	trials	electrical	biphasic	40	MOs	deep	isoflurane	False	True
5044.79573	0.0003999999998995918	trials	electrical	biphasic	70	MOs	deep	isoflurane	False	True
5049.02482	0.0004000000008090865	trials	electrical	biphasic	70	MOs	deep	isoflurane	False	True
5053.26309	0.0003999999998995918	trials	electrical	biphasic	40	MOs	deep	isoflurane	False	True
5056.82691	0.0003999999998995918	trials	electrical	biphasic	20	MOs	deep	isoflurane	False	True
5061.18778	0.0003999999998995918	trials	electrical	biphasic	40	MOs	deep	isoflurane	False	True
5065.62261	0.0003999999998995918	trials	electrical	biphasic	70	MOs	deep	isoflurane	False	True
5070.10744	0.0003999999998995918	trials	electrical	biphasic	20	MOs	deep	isoflurane	False	True
5074.46681	0.0003999999998995918	trials	electrical	biphasic	20	MOs	deep	isoflurane	False	True
5078.75279	0.0004000000008090865	trials	electrical	biphasic	20	MOs	deep	isoflurane	False	True
5082.7666	0.0003999999998995918	trials	electrical	biphasic	20	MOs	deep	isoflurane	False	True
5086.44462	0.0003999999998995918	trials	electrical	biphasic	70	MOs	deep	isoflurane	False	True
5090.34363	0.0003999999998995918	trials	electrical	biphasic	40	MOs	deep	isoflurane	False	True
5093.97799	0.0003999999998995918	trials	electrical	biphasic	70	MOs	deep	isoflurane	False	True
5097.50932	0.0003999999998995918	trials	electrical	biphasic	20	MOs	deep	isoflurane	False	True
5101.94889	0.0003999999998995918	trials	electrical	biphasic	40	MOs	deep	isoflurane	False	True
5105.75061	0.0003999999998995918	trials	electrical	biphasic	20	MOs	deep	isoflurane	False	True
5109.54658	0.0003999999998995918	trials	electrical	biphasic	20	MOs	deep	isoflurane	False	True
5113.37994	0.0003999999998995918	trials	electrical	biphasic	40	MOs	deep	isoflurane	False	True
5117.34743	0.0003999999998995918	trials	electrical	biphasic	40	MOs	deep	isoflurane	False	True
5121.49605	0.00041000000055646524	trials	electrical	biphasic	70	MOs	deep	isoflurane	False	True
5125.0217	0.0003999999998995918	trials	electrical	biphasic	40	MOs	deep	isoflurane	False	True
5129.36433	0.0003999999998995918	trials	electrical	biphasic	20	MOs	deep	isoflurane	False	True
5133.42379	0.0003999999998995918	trials	electrical	biphasic	70	MOs	deep	isoflurane	False	True
5137.77832	0.0003999999998995918	trials	electrical	biphasic	40	MOs	deep	isoflurane	False	True
5141.62663	0.0003999999998995918	trials	electrical	biphasic	20	MOs	deep	isoflurane	False	True
5145.57307	0.0003999999998995918	trials	electrical	biphasic	20	MOs	deep	isoflurane	False	True
5149.12774	0.0003999999998995918	trials	electrical	biphasic	20	MOs	deep	isoflurane	False	True
5152.80526	0.0003999999998995918	trials	electrical	biphasic	20	MOs	deep	isoflurane	False	True
5156.96849	0.0003999999998995918	trials	electrical	biphasic	20	MOs	deep	isoflurane	False	True
5160.79973	0.0003999999998995918	trials	electrical	biphasic	40	MOs	deep	isoflurane	False	True
5165.19864	0.0004000000008090865	trials	electrical	biphasic	70	MOs	deep	isoflurane	False	True
5168.81723	0.0003999999998995918	trials	electrical	biphasic	20	MOs	deep	isoflurane	False	True
5173.30608	0.0003999999998995918	trials	electrical	biphasic	20	MOs	deep	isoflurane	False	True
5177.34648	0.0003999999998995918	trials	electrical	biphasic	70	MOs	deep	isoflurane	False	True
5181.55383	0.0003999999998995918	trials	electrical	biphasic	70	MOs	deep	isoflurane	False	True
5186.05376	0.0003999999998995918	trials	electrical	biphasic	40	MOs	deep	isoflurane	False	True
5189.84202	0.0003999999998995918	trials	electrical	biphasic	70	MOs	deep	isoflurane	False	True
5193.75697	0.0003999999998995918	trials	electrical	biphasic	70	MOs	deep	isoflurane	False	True
5197.72224	0.0003999999998995918	trials	electrical	biphasic	70	MOs	deep	isoflurane	False	True
5201.98662	0.0003999999998995918	trials	electrical	biphasic	20	MOs	deep	isoflurane	False	True
5206.30525	0.0003999999998995918	trials	electrical	biphasic	70	MOs	deep	isoflurane	False	True
5590.65673	0.249510000000555	trials	visual	white circle	n/a	n/a	n/a	isoflurane	False	True
5594.96033	0.2495200000003024	trials	visual	white circle	n/a	n/a	n/a	isoflurane	False	True
5599.28061	0.249510000000555	trials	visual	white circle	n/a	n/a	n/a	isoflurane	False	True
5603.30062	0.2662300000001778	trials	visual	white circle	n/a	n/a	n/a	isoflurane	False	True
5607.22057	0.26620999999977357	trials	visual	white circle	n/a	n/a	n/a	isoflurane	False	True
5611.44078	0.2495200000003024	trials	visual	white circle	n/a	n/a	n/a	isoflurane	False	True
5615.47748	0.2661900000002788	trials	visual	white circle	n/a	n/a	n/a	isoflurane	False	True
5619.81444	0.2495200000003024	trials	visual	white circle	n/a	n/a	n/a	isoflurane	False	True
5623.58425	0.24953000000004977	trials	visual	white circle	n/a	n/a	n/a	isoflurane	False	True
5627.38742	0.24953999999979715	trials	visual	white circle	n/a	n/a	n/a	isoflurane	False	True
5631.65765	0.24954999999954453	trials	visual	white circle	n/a	n/a	n/a	isoflurane	False	True
5636.27821	0.24953000000004977	trials	visual	white circle	n/a	n/a	n/a	isoflurane	False	True
5640.33161	0.24949999999989814	trials	visual	white circle	n/a	n/a	n/a	isoflurane	False	True
5644.81869	0.24949999999989814	trials	visual	white circle	n/a	n/a	n/a	isoflurane	False	True
5649.5226	0.24953000000004977	trials	visual	white circle	n/a	n/a	n/a	isoflurane	False	True
5654.1765	0.24950000000080763	trials	visual	white circle	n/a	n/a	n/a	isoflurane	False	True
5657.92962	0.2495200000003024	trials	visual	white circle	n/a	n/a	n/a	isoflurane	False	True
5662.36667	0.2495199999993929	trials	visual	white circle	n/a	n/a	n/a	isoflurane	False	True
5666.33663	0.24953999999979715	trials	visual	white circle	n/a	n/a	n/a	isoflurane	False	True
5670.89043	0.24953000000004977	trials	visual	white circle	n/a	n/a	n/a	isoflurane	False	True
5674.87711	0.24949999999989814	trials	visual	white circle	n/a	n/a	n/a	isoflurane	False	True
5678.84709	0.24949999999989814	trials	visual	white circle	n/a	n/a	n/a	isoflurane	False	True
5682.63358	0.249510000000555	trials	visual	white circle	n/a	n/a	n/a	isoflurane	False	True
5686.67027	0.2495200000003024	trials	visual	white circle	n/a	n/a	n/a	isoflurane	False	True
5690.45678	0.2495199999993929	trials	visual	white circle	n/a	n/a	n/a	isoflurane	False	True
5694.69363	0.24953000000004977	trials	visual	white circle	n/a	n/a	n/a	isoflurane	False	True
5699.41426	0.24950000000080763	trials	visual	white circle	n/a	n/a	n/a	isoflurane	False	True
5703.30083	0.24949999999989814	trials	visual	white circle	n/a	n/a	n/a	isoflurane	False	True
5707.60441	0.24950999999964552	trials	visual	white circle	n/a	n/a	n/a	isoflurane	False	True
5712.22495	0.24949999999989814	trials	visual	white circle	n/a	n/a	n/a	isoflurane	False	True
5716.91219	0.2495200000003024	trials	visual	white circle	n/a	n/a	n/a	isoflurane	False	True
5720.66534	0.24948000000040338	trials	visual	white circle	n/a	n/a	n/a	isoflurane	False	True
5724.78543	0.2495200000003024	trials	visual	white circle	n/a	n/a	n/a	isoflurane	False	True
5729.33927	0.24949999999989814	trials	visual	white circle	n/a	n/a	n/a	isoflurane	False	True
5733.65952	0.2495199999993929	trials	visual	white circle	n/a	n/a	n/a	isoflurane	False	True
5737.52944	0.24949000000015076	trials	visual	white circle	n/a	n/a	n/a	isoflurane	False	True
5741.8497	0.24949999999989814	trials	visual	white circle	n/a	n/a	n/a	isoflurane	False	True
5746.0532	0.24953999999979715	trials	visual	white circle	n/a	n/a	n/a	isoflurane	False	True
5749.82304	0.24949000000015076	trials	visual	white circle	n/a	n/a	n/a	isoflurane	False	True
5754.15998	0.2495199999993929	trials	visual	white circle	n/a	n/a	n/a	isoflurane	False	True
5758.56368	0.24950999999964552	trials	visual	white circle	n/a	n/a	n/a	isoflurane	False	True
5763.2009	0.249510000000555	trials	visual	white circle	n/a	n/a	n/a	isoflurane	False	True
5767.15418	0.24952999999914027	trials	visual	white circle	n/a	n/a	n/a	isoflurane	False	True
5771.15753	0.2495199999993929	trials	visual	white circle	n/a	n/a	n/a	isoflurane	False	True
5775.29432	0.24953999999979715	trials	visual	white circle	n/a	n/a	n/a	isoflurane	False	True
5779.91486	0.249510000000555	trials	visual	white circle	n/a	n/a	n/a	isoflurane	False	True
5783.8348	0.249510000000555	trials	visual	white circle	n/a	n/a	n/a	isoflurane	False	True
5787.85484	0.24949000000015076	trials	visual	white circle	n/a	n/a	n/a	isoflurane	False	True
5792.30857	0.24947999999949388	trials	visual	white circle	n/a	n/a	n/a	isoflurane	False	True
5796.89574	0.24949999999989814	trials	visual	white circle	n/a	n/a	n/a	isoflurane	False	True
5801.18265	0.24949999999989814	trials	visual	white circle	n/a	n/a	n/a	isoflurane	False	True
5805.35281	0.2495199999993929	trials	visual	white circle	n/a	n/a	n/a	isoflurane	False	True
5809.12262	0.24949999999989814	trials	visual	white circle	n/a	n/a	n/a	isoflurane	False	True
5813.65975	0.249510000000555	trials	visual	white circle	n/a	n/a	n/a	isoflurane	False	True
5817.51297	0.2495200000003024	trials	visual	white circle	n/a	n/a	n/a	isoflurane	False	True
5821.93332	0.24950999999964552	trials	visual	white circle	n/a	n/a	n/a	isoflurane	False	True
5825.97003	0.2495199999993929	trials	visual	white circle	n/a	n/a	n/a	isoflurane	False	True
5830.15689	0.24950999999964552	trials	visual	white circle	n/a	n/a	n/a	isoflurane	False	True
5833.94336	0.24954999999954453	trials	visual	white circle	n/a	n/a	n/a	isoflurane	False	True
5838.34707	0.24949999999989814	trials	visual	white circle	n/a	n/a	n/a	isoflurane	False	True
5842.96761	0.24949999999989814	trials	visual	white circle	n/a	n/a	n/a	isoflurane	False	True
5847.48806	0.2495200000003024	trials	visual	white circle	n/a	n/a	n/a	isoflurane	False	True
5851.97514	0.249510000000555	trials	visual	white circle	n/a	n/a	n/a	isoflurane	False	True
5856.02852	0.2495200000003024	trials	visual	white circle	n/a	n/a	n/a	isoflurane	False	True
5860.49894	0.2495199999993929	trials	visual	white circle	n/a	n/a	n/a	isoflurane	False	True
5864.50228	0.2662000000000262	trials	visual	white circle	n/a	n/a	n/a	isoflurane	False	True
5868.75583	0.2495200000003024	trials	visual	white circle	n/a	n/a	n/a	isoflurane	False	True
5873.40975	0.24949999999989814	trials	visual	white circle	n/a	n/a	n/a	isoflurane	False	True
5877.76339	0.24950999999964552	trials	visual	white circle	n/a	n/a	n/a	isoflurane	False	True
5881.9669	0.24949999999989814	trials	visual	white circle	n/a	n/a	n/a	isoflurane	False	True
5885.98693	0.24948000000040338	trials	visual	white circle	n/a	n/a	n/a	isoflurane	False	True
5890.45734	0.2495200000003024	trials	visual	white circle	n/a	n/a	n/a	isoflurane	False	True
5894.91104	0.24955000000045402	trials	visual	white circle	n/a	n/a	n/a	isoflurane	False	True
5898.89774	0.24949999999989814	trials	visual	white circle	n/a	n/a	n/a	isoflurane	False	True
5902.78432	0.249510000000555	trials	visual	white circle	n/a	n/a	n/a	isoflurane	False	True
5906.68758	0.249510000000555	trials	visual	white circle	n/a	n/a	n/a	isoflurane	False	True
5910.89108	0.2495199999993929	trials	visual	white circle	n/a	n/a	n/a	isoflurane	False	True
5914.89444	0.24953999999979715	trials	visual	white circle	n/a	n/a	n/a	isoflurane	False	True
5918.64759	0.26618000000053144	trials	visual	white circle	n/a	n/a	n/a	isoflurane	False	True
5922.45078	0.24949999999989814	trials	visual	white circle	n/a	n/a	n/a	isoflurane	False	True
5926.27065	0.24949999999989814	trials	visual	white circle	n/a	n/a	n/a	isoflurane	False	True
5930.84114	0.24948999999924126	trials	visual	white circle	n/a	n/a	n/a	isoflurane	False	True
5934.64433	0.24950999999964552	trials	visual	white circle	n/a	n/a	n/a	isoflurane	False	True
5939.26484	0.24953999999979715	trials	visual	white circle	n/a	n/a	n/a	isoflurane	False	True
5943.35159	0.24953999999979715	trials	visual	white circle	n/a	n/a	n/a	isoflurane	False	True
5947.3216	0.2495199999993929	trials	visual	white circle	n/a	n/a	n/a	isoflurane	False	True
5951.19152	0.24947999999949388	trials	visual	white circle	n/a	n/a	n/a	isoflurane	False	True
5955.09476	0.2495200000003024	trials	visual	white circle	n/a	n/a	n/a	isoflurane	False	True
5959.6319	0.24949999999989814	trials	visual	white circle	n/a	n/a	n/a	isoflurane	False	True
5963.65192	0.24950999999964552	trials	visual	white circle	n/a	n/a	n/a	isoflurane	False	True
5967.62193	0.2662000000000262	trials	visual	white circle	n/a	n/a	n/a	isoflurane	False	True
5972.19241	0.249510000000555	trials	visual	white circle	n/a	n/a	n/a	isoflurane	False	True
5976.34588	0.249510000000555	trials	visual	white circle	n/a	n/a	n/a	isoflurane	False	True
5980.99978	0.24949999999989814	trials	visual	white circle	n/a	n/a	n/a	isoflurane	False	True
5984.95308	0.2495199999993929	trials	visual	white circle	n/a	n/a	n/a	isoflurane	False	True
5989.17329	0.249510000000555	trials	visual	white circle	n/a	n/a	n/a	isoflurane	False	True
5993.74375	0.24955000000045402	trials	visual	white circle	n/a	n/a	n/a	isoflurane	False	True
5997.81385	0.2495200000003024	trials	visual	white circle	n/a	n/a	n/a	isoflurane	False	True
6001.76715	0.24953000000004977	trials	visual	white circle	n/a	n/a	n/a	isoflurane	False	True
6006.05408	0.2495200000003024	trials	visual	white circle	n/a	n/a	n/a	isoflurane	False	True
6010.69129	0.24953000000004977	trials	visual	white circle	n/a	n/a	n/a	isoflurane	False	True
6014.67797	0.2495200000003024	trials	visual	white circle	n/a	n/a	n/a	isoflurane	False	True
6019.0483	0.24948999999924126	trials	visual	white circle	n/a	n/a	n/a	isoflurane	False	True
6023.71887	0.249510000000555	trials	visual	white circle	n/a	n/a	n/a	isoflurane	False	True
6027.73888	0.24953999999979715	trials	visual	white circle	n/a	n/a	n/a	isoflurane	False	True
6032.32607	0.2495200000003024	trials	visual	white circle	n/a	n/a	n/a	isoflurane	False	True
6036.56295	0.24949000000015076	trials	visual	white circle	n/a	n/a	n/a	isoflurane	False	True
6040.93328	0.2495199999993929	trials	visual	white circle	n/a	n/a	n/a	isoflurane	False	True
6045.12011	0.2495200000003024	trials	visual	white circle	n/a	n/a	n/a	isoflurane	False	True
6048.88994	0.24949999999989814	trials	visual	white circle	n/a	n/a	n/a	isoflurane	False	True
6053.16018	0.2495200000003024	trials	visual	white circle	n/a	n/a	n/a	isoflurane	False	True
6057.71398	0.24952999999914027	trials	visual	white circle	n/a	n/a	n/a	isoflurane	False	True
6061.96754	0.24954000000070664	trials	visual	white circle	n/a	n/a	n/a	isoflurane	False	True
6065.97091	0.24953000000004977	trials	visual	white circle	n/a	n/a	n/a	isoflurane	False	True
6069.82413	0.24953000000004977	trials	visual	white circle	n/a	n/a	n/a	isoflurane	False	True
6074.44469	0.24947999999949388	trials	visual	white circle	n/a	n/a	n/a	isoflurane	False	True
6078.91507	0.2495200000003024	trials	visual	white circle	n/a	n/a	n/a	isoflurane	False	True
6083.08524	0.24950999999964552	trials	visual	white circle	n/a	n/a	n/a	isoflurane	False	True
6087.53895	0.24949999999989814	trials	visual	white circle	n/a	n/a	n/a	isoflurane	False	True
6092.25959	0.24949999999989814	trials	visual	white circle	n/a	n/a	n/a	isoflurane	False	True
6158.79859	0.24950999999964552	trials	visual	white circle	n/a	n/a	n/a	isoflurane	False	True
6163.1022	0.2494699999997465	trials	visual	white circle	n/a	n/a	n/a	isoflurane	False	True
6167.42247	0.24949999999989814	trials	visual	white circle	n/a	n/a	n/a	isoflurane	False	True
6171.45919	0.24948000000040338	trials	visual	white circle	n/a	n/a	n/a	isoflurane	False	True
6175.37912	0.24950000000080763	trials	visual	white circle	n/a	n/a	n/a	isoflurane	False	True
6179.58267	0.249470000000656	trials	visual	white circle	n/a	n/a	n/a	isoflurane	False	True
6183.63604	0.24949999999989814	trials	visual	white circle	n/a	n/a	n/a	isoflurane	False	True
6187.95631	0.249510000000555	trials	visual	white circle	n/a	n/a	n/a	isoflurane	False	True
6191.72612	0.24949000000015076	trials	visual	white circle	n/a	n/a	n/a	isoflurane	False	True
6195.52935	0.24945000000025175	trials	visual	white circle	n/a	n/a	n/a	isoflurane	False	True
6199.79956	0.2494699999997465	trials	visual	white circle	n/a	n/a	n/a	isoflurane	False	True
6204.43679	0.249470000000656	trials	visual	white circle	n/a	n/a	n/a	isoflurane	False	True
6208.47349	0.24950999999964552	trials	visual	white circle	n/a	n/a	n/a	isoflurane	False	True
6212.96056	0.24948999999924126	trials	visual	white circle	n/a	n/a	n/a	isoflurane	False	True
6217.66449	0.24949000000015076	trials	visual	white circle	n/a	n/a	n/a	isoflurane	False	True
6222.31839	0.24949999999989814	trials	visual	white circle	n/a	n/a	n/a	isoflurane	False	True
6226.07153	0.24947999999949388	trials	visual	white circle	n/a	n/a	n/a	isoflurane	False	True
6230.50858	0.24949000000015076	trials	visual	white circle	n/a	n/a	n/a	isoflurane	False	True
6234.47856	0.24949000000015076	trials	visual	white circle	n/a	n/a	n/a	isoflurane	False	True
6239.03237	0.2662000000000262	trials	visual	white circle	n/a	n/a	n/a	isoflurane	False	True
6243.01904	0.24949999999989814	trials	visual	white circle	n/a	n/a	n/a	isoflurane	False	True
6246.98905	0.24947999999949388	trials	visual	white circle	n/a	n/a	n/a	isoflurane	False	True
6250.77551	0.2495199999993929	trials	visual	white circle	n/a	n/a	n/a	isoflurane	False	True
6254.81223	0.2495199999993929	trials	visual	white circle	n/a	n/a	n/a	isoflurane	False	True
6258.59873	0.24949999999989814	trials	visual	white circle	n/a	n/a	n/a	isoflurane	False	True
6262.83562	0.24949000000015076	trials	visual	white circle	n/a	n/a	n/a	isoflurane	False	True
6267.57291	0.24949999999989814	trials	visual	white circle	n/a	n/a	n/a	isoflurane	False	True
6271.44283	0.24948000000040338	trials	visual	white circle	n/a	n/a	n/a	isoflurane	False	True
6275.74642	0.24949999999989814	trials	visual	white circle	n/a	n/a	n/a	isoflurane	False	True
6280.36696	0.24945999999999913	trials	visual	white circle	n/a	n/a	n/a	isoflurane	False	True
6285.05418	0.24950999999964552	trials	visual	white circle	n/a	n/a	n/a	isoflurane	False	True
6288.82405	0.24949000000015076	trials	visual	white circle	n/a	n/a	n/a	isoflurane	False	True
6292.94414	0.249510000000555	trials	visual	white circle	n/a	n/a	n/a	isoflurane	False	True
6297.48128	0.24950999999964552	trials	visual	white circle	n/a	n/a	n/a	isoflurane	False	True
6301.80153	0.24953000000004977	trials	visual	white circle	n/a	n/a	n/a	isoflurane	False	True
6305.68814	0.24949999999989814	trials	visual	white circle	n/a	n/a	n/a	isoflurane	False	True
6309.99175	0.24950999999964552	trials	visual	white circle	n/a	n/a	n/a	isoflurane	False	True
6314.19526	0.24950999999964552	trials	visual	white circle	n/a	n/a	n/a	isoflurane	False	True
6317.98176	0.2495200000003024	trials	visual	white circle	n/a	n/a	n/a	isoflurane	False	True
6322.30204	0.24950000000080763	trials	visual	white circle	n/a	n/a	n/a	isoflurane	False	True
6326.70574	0.24949999999989814	trials	visual	white circle	n/a	n/a	n/a	isoflurane	False	True
6331.34296	0.24948000000040338	trials	visual	white circle	n/a	n/a	n/a	isoflurane	False	True
6335.31296	0.24947999999949388	trials	visual	white circle	n/a	n/a	n/a	isoflurane	False	True
6339.29962	0.24949000000015076	trials	visual	white circle	n/a	n/a	n/a	isoflurane	False	True
6343.45308	0.24949000000015076	trials	visual	white circle	n/a	n/a	n/a	isoflurane	False	True
6348.05693	0.249510000000555	trials	visual	white circle	n/a	n/a	n/a	isoflurane	False	True
6351.9769	0.24949000000015076	trials	visual	white circle	n/a	n/a	n/a	isoflurane	False	True
6355.99691	0.249510000000555	trials	visual	white circle	n/a	n/a	n/a	isoflurane	False	True
6360.45064	0.24949999999989814	trials	visual	white circle	n/a	n/a	n/a	isoflurane	False	True
6365.03782	0.24949000000015076	trials	visual	white circle	n/a	n/a	n/a	isoflurane	False	True
6369.34141	0.2495200000003024	trials	visual	white circle	n/a	n/a	n/a	isoflurane	False	True
6373.49487	0.24952999999914027	trials	visual	white circle	n/a	n/a	n/a	isoflurane	False	True
6377.28139	0.24950999999964552	trials	visual	white circle	n/a	n/a	n/a	isoflurane	False	True
6381.80185	0.24949000000015076	trials	visual	white circle	n/a	n/a	n/a	isoflurane	False	True
6385.65509	0.24947999999949388	trials	visual	white circle	n/a	n/a	n/a	isoflurane	False	True
6390.07545	0.24947999999949388	trials	visual	white circle	n/a	n/a	n/a	isoflurane	False	True
6394.11214	0.24950999999964552	trials	visual	white circle	n/a	n/a	n/a	isoflurane	False	True
6398.29901	0.24945000000025175	trials	visual	white circle	n/a	n/a	n/a	isoflurane	False	True
6402.08551	0.2494699999997465	trials	visual	white circle	n/a	n/a	n/a	isoflurane	False	True
6406.48918	0.24950000000080763	trials	visual	white circle	n/a	n/a	n/a	isoflurane	False	True
6411.10972	0.24948999999924126	trials	visual	white circle	n/a	n/a	n/a	isoflurane	False	True
6415.64686	0.2494699999997465	trials	visual	white circle	n/a	n/a	n/a	isoflurane	False	True
6420.13395	0.24948999999924126	trials	visual	white circle	n/a	n/a	n/a	isoflurane	False	True
6424.17065	0.24948000000040338	trials	visual	white circle	n/a	n/a	n/a	isoflurane	False	True
6428.64105	0.24950999999964552	trials	visual	white circle	n/a	n/a	n/a	isoflurane	False	True
6432.66109	0.24948000000040338	trials	visual	white circle	n/a	n/a	n/a	isoflurane	False	True
6436.89796	0.24949999999989814	trials	visual	white circle	n/a	n/a	n/a	isoflurane	False	True
6441.55188	0.24949000000015076	trials	visual	white circle	n/a	n/a	n/a	isoflurane	False	True
6445.9055	0.249510000000555	trials	visual	white circle	n/a	n/a	n/a	isoflurane	False	True
6450.09234	0.26617999999962194	trials	visual	white circle	n/a	n/a	n/a	isoflurane	False	True
6454.12907	0.24948000000040338	trials	visual	white circle	n/a	n/a	n/a	isoflurane	False	True
6458.59946	0.24949999999989814	trials	visual	white circle	n/a	n/a	n/a	isoflurane	False	True
6463.06985	0.24953000000004977	trials	visual	white circle	n/a	n/a	n/a	isoflurane	False	True
6467.05654	0.24950000000080763	trials	visual	white circle	n/a	n/a	n/a	isoflurane	False	True
6470.92645	0.24949999999989814	trials	visual	white circle	n/a	n/a	n/a	isoflurane	False	True
6474.8464	0.24948999999924126	trials	visual	white circle	n/a	n/a	n/a	isoflurane	False	True
6479.01656	0.26617999999962194	trials	visual	white circle	n/a	n/a	n/a	isoflurane	False	True
6483.03659	0.24949999999989814	trials	visual	white circle	n/a	n/a	n/a	isoflurane	False	True
6486.80641	0.24949999999989814	trials	visual	white circle	n/a	n/a	n/a	isoflurane	False	True
6490.59292	0.24949000000015076	trials	visual	white circle	n/a	n/a	n/a	isoflurane	False	True
6494.4128	0.24945999999999913	trials	visual	white circle	n/a	n/a	n/a	isoflurane	False	True
6498.99996	0.24949000000015076	trials	visual	white circle	n/a	n/a	n/a	isoflurane	False	True
6502.78646	0.24950999999964552	trials	visual	white circle	n/a	n/a	n/a	isoflurane	False	True
6507.407	0.24949000000015076	trials	visual	white circle	n/a	n/a	n/a	isoflurane	False	True
6511.49375	0.249510000000555	trials	visual	white circle	n/a	n/a	n/a	isoflurane	False	True
6515.46374	0.24947999999949388	trials	visual	white circle	n/a	n/a	n/a	isoflurane	False	True
6519.33365	0.24949000000015076	trials	visual	white circle	n/a	n/a	n/a	isoflurane	False	True
6523.23691	0.24949000000015076	trials	visual	white circle	n/a	n/a	n/a	isoflurane	False	True
6527.77403	0.24950000000080763	trials	visual	white circle	n/a	n/a	n/a	isoflurane	False	True
6531.79409	0.24945999999999913	trials	visual	white circle	n/a	n/a	n/a	isoflurane	False	True
6535.78074	0.24950999999964552	trials	visual	white circle	n/a	n/a	n/a	isoflurane	False	True
6540.33457	0.24949000000015076	trials	visual	white circle	n/a	n/a	n/a	isoflurane	False	True
6544.48804	0.24949000000015076	trials	visual	white circle	n/a	n/a	n/a	isoflurane	False	True
6549.14193	0.24948000000040338	trials	visual	white circle	n/a	n/a	n/a	isoflurane	False	True
6553.11191	0.24950000000080763	trials	visual	white circle	n/a	n/a	n/a	isoflurane	False	True
6557.31546	0.2494699999997465	trials	visual	white circle	n/a	n/a	n/a	isoflurane	False	True
6561.88595	0.2494699999997465	trials	visual	white circle	n/a	n/a	n/a	isoflurane	False	True
6565.97269	0.24949000000015076	trials	visual	white circle	n/a	n/a	n/a	isoflurane	False	True
6569.90929	0.249510000000555	trials	visual	white circle	n/a	n/a	n/a	isoflurane	False	True
6574.21292	0.24949000000015076	trials	visual	white circle	n/a	n/a	n/a	isoflurane	False	True
6578.83346	0.2494699999997465	trials	visual	white circle	n/a	n/a	n/a	isoflurane	False	True
6582.82013	0.24947999999949388	trials	visual	white circle	n/a	n/a	n/a	isoflurane	False	True
6587.20713	0.24949999999989814	trials	visual	white circle	n/a	n/a	n/a	isoflurane	False	True
6591.8777	0.24949000000015076	trials	visual	white circle	n/a	n/a	n/a	isoflurane	False	True
6595.88106	0.24949000000015076	trials	visual	white circle	n/a	n/a	n/a	isoflurane	False	True
6600.46823	0.24950999999964552	trials	visual	white circle	n/a	n/a	n/a	isoflurane	False	True
6604.70511	0.24949000000015076	trials	visual	white circle	n/a	n/a	n/a	isoflurane	False	True
6609.07543	0.24949000000015076	trials	visual	white circle	n/a	n/a	n/a	isoflurane	False	True
6613.26226	0.2495199999993929	trials	visual	white circle	n/a	n/a	n/a	isoflurane	False	True
6617.04878	0.24949999999989814	trials	visual	white circle	n/a	n/a	n/a	isoflurane	False	True
6621.30234	0.24949999999989814	trials	visual	white circle	n/a	n/a	n/a	isoflurane	False	True
6625.85614	0.249510000000555	trials	visual	white circle	n/a	n/a	n/a	isoflurane	False	True
6630.09304	0.26616999999987456	trials	visual	white circle	n/a	n/a	n/a	isoflurane	False	True
6634.12976	0.24948000000040338	trials	visual	white circle	n/a	n/a	n/a	isoflurane	False	True
6637.96629	0.24949999999989814	trials	visual	white circle	n/a	n/a	n/a	isoflurane	False	True
6642.60352	0.249470000000656	trials	visual	white circle	n/a	n/a	n/a	isoflurane	False	True
6647.05724	0.24945999999999913	trials	visual	white circle	n/a	n/a	n/a	isoflurane	False	True
6651.22739	0.24949000000015076	trials	visual	white circle	n/a	n/a	n/a	isoflurane	False	True
6655.68112	0.24949999999989814	trials	visual	white circle	n/a	n/a	n/a	isoflurane	False	True
6660.40174	0.24949000000015076	trials	visual	white circle	n/a	n/a	n/a	isoflurane	False	True
6722.02521	0.0003999999998995918	trials	electrical	biphasic	40	MOs	deep	recovery	False	True
6725.55823	0.0004000000008090865	trials	electrical	biphasic	20	MOs	deep	recovery	False	True
6729.61986	0.0003999999998995918	trials	electrical	biphasic	40	MOs	deep	recovery	False	True
6734.00214	0.0004000000008090865	trials	electrical	biphasic	70	MOs	deep	recovery	False	True
6738.17175	0.0003999999998995918	trials	electrical	biphasic	70	MOs	deep	recovery	False	True
6741.86261	0.0003999999998995918	trials	electrical	biphasic	70	MOs	deep	recovery	False	True
6745.73196	0.0003999999998995918	trials	electrical	biphasic	70	MOs	deep	recovery	False	True
6749.6931	0.0003999999998995918	trials	electrical	biphasic	20	MOs	deep	recovery	False	True
6754.17517	0.0003999999998995918	trials	electrical	biphasic	20	MOs	deep	recovery	False	True
6757.83199	0.0003999999998995918	trials	electrical	biphasic	20	MOs	deep	recovery	False	True
6762.18794	0.0003999999998995918	trials	electrical	biphasic	70	MOs	deep	recovery	False	True
6766.33312	0.0003999999998995918	trials	electrical	biphasic	70	MOs	deep	recovery	False	True
6770.20983	0.0003999999998995918	trials	electrical	biphasic	40	MOs	deep	recovery	False	True
6773.90117	0.0003999999998995918	trials	electrical	biphasic	20	MOs	deep	recovery	False	True
6777.82985	0.00040999999964697054	trials	electrical	biphasic	40	MOs	deep	recovery	False	True
6781.8123	0.0004000000008090865	trials	electrical	biphasic	70	MOs	deep	recovery	False	True
6785.43334	0.0004000000008090865	trials	electrical	biphasic	20	MOs	deep	recovery	False	True
6789.52327	0.0003999999998995918	trials	electrical	biphasic	70	MOs	deep	recovery	False	True
6793.24987	0.0003999999998995918	trials	electrical	biphasic	40	MOs	deep	recovery	False	True
6797.13491	0.0003999999998995918	trials	electrical	biphasic	70	MOs	deep	recovery	False	True
6801.21832	0.0003999999998995918	trials	electrical	biphasic	70	MOs	deep	recovery	False	True
6804.97054	0.0003999999998995918	trials	electrical	biphasic	20	MOs	deep	recovery	False	True
6808.76141	0.0003999999998995918	trials	electrical	biphasic	40	MOs	deep	recovery	False	True
6812.87893	0.0003999999998995918	trials	electrical	biphasic	20	MOs	deep	recovery	False	True
6816.64464	0.0003999999998995918	trials	electrical	biphasic	40	MOs	deep	recovery	False	True
6820.96944	0.0003999999998995918	trials	electrical	biphasic	70	MOs	deep	recovery	False	True
6825.45253	0.0004000000008090865	trials	electrical	biphasic	20	MOs	deep	recovery	False	True
6829.6832	0.0003999999998995918	trials	electrical	biphasic	40	MOs	deep	recovery	False	True
6833.5275	0.0003999999998995918	trials	electrical	biphasic	70	MOs	deep	recovery	False	True
6837.61199	0.0003999999998995918	trials	electrical	biphasic	40	MOs	deep	recovery	False	True
6841.22017	0.0004000000008090865	trials	electrical	biphasic	70	MOs	deep	recovery	False	True
6845.6269	0.0003999999998995918	trials	electrical	biphasic	20	MOs	deep	recovery	False	True
6850.00698	0.0003999999998995918	trials	electrical	biphasic	20	MOs	deep	recovery	False	True
6854.32517	0.0003999999998995918	trials	electrical	biphasic	70	MOs	deep	recovery	False	True
6858.08631	0.0003999999998995918	trials	electrical	biphasic	70	MOs	deep	recovery	False	True
6862.1811	0.0003999999998995918	trials	electrical	biphasic	40	MOs	deep	recovery	False	True
6865.70404	0.0004000000008090865	trials	electrical	biphasic	70	MOs	deep	recovery	False	True
6869.62972	0.0003999999998995918	trials	electrical	biphasic	40	MOs	deep	recovery	False	True
6873.44287	0.0003999999998995918	trials	electrical	biphasic	40	MOs	deep	recovery	False	True
6877.10477	0.0003999999998995918	trials	electrical	biphasic	40	MOs	deep	recovery	False	True
6880.78395	0.0003999999998995918	trials	electrical	biphasic	20	MOs	deep	recovery	False	True
6884.70726	0.0003999999998995918	trials	electrical	biphasic	40	MOs	deep	recovery	False	True
6888.3019	0.0003999999998995918	trials	electrical	biphasic	20	MOs	deep	recovery	False	True
6892.40084	0.0003999999998995918	trials	electrical	biphasic	70	MOs	deep	recovery	False	True
6896.37219	0.0003999999998995918	trials	electrical	biphasic	20	MOs	deep	recovery	False	True
6900.56856	0.0003999999998995918	trials	electrical	biphasic	40	MOs	deep	recovery	False	True
6904.76886	0.0003999999998995918	trials	electrical	biphasic	70	MOs	deep	recovery	False	True
6908.90783	0.0003999999998995918	trials	electrical	biphasic	40	MOs	deep	recovery	False	True
6912.44185	0.0003999999998995918	trials	electrical	biphasic	70	MOs	deep	recovery	False	True
6916.01107	0.0004000000008090865	trials	electrical	biphasic	20	MOs	deep	recovery	False	True
6919.83109	0.0003999999998995918	trials	electrical	biphasic	20	MOs	deep	recovery	False	True
6923.86238	0.0004000000008090865	trials	electrical	biphasic	40	MOs	deep	recovery	False	True
6928.01725	0.0003999999998995918	trials	electrical	biphasic	40	MOs	deep	recovery	False	True
6931.92529	0.0003999999998995918	trials	electrical	biphasic	20	MOs	deep	recovery	False	True
6936.2457	0.0003999999998995918	trials	electrical	biphasic	70	MOs	deep	recovery	False	True
6940.46448	0.0004000000008090865	trials	electrical	biphasic	20	MOs	deep	recovery	False	True
6944.93355	0.0003999999998995918	trials	electrical	biphasic	20	MOs	deep	recovery	False	True
6948.96531	0.0004000000008090865	trials	electrical	biphasic	20	MOs	deep	recovery	False	True
6952.79088	0.0004000000008090865	trials	electrical	biphasic	20	MOs	deep	recovery	False	True
6956.39692	0.0003999999998995918	trials	electrical	biphasic	20	MOs	deep	recovery	False	True
6960.50831	0.0003999999998995918	trials	electrical	biphasic	70	MOs	deep	recovery	False	True
6964.78753	0.0004000000008090865	trials	electrical	biphasic	70	MOs	deep	recovery	False	True
6968.71142	0.0004000000008090865	trials	electrical	biphasic	40	MOs	deep	recovery	False	True
6972.30266	0.0003999999998995918	trials	electrical	biphasic	40	MOs	deep	recovery	False	True
6976.06956	0.0003999999998995918	trials	electrical	biphasic	70	MOs	deep	recovery	False	True
6979.72364	0.0003999999998995918	trials	electrical	biphasic	20	MOs	deep	recovery	False	True
6983.50507	0.0003999999998995918	trials	electrical	biphasic	70	MOs	deep	recovery	False	True
6987.44557	0.0003999999998995918	trials	electrical	biphasic	70	MOs	deep	recovery	False	True
6991.47314	0.0003999999998995918	trials	electrical	biphasic	40	MOs	deep	recovery	False	True
6995.43098	0.0003999999998995918	trials	electrical	biphasic	70	MOs	deep	recovery	False	True
6999.80679	0.0004000000008090865	trials	electrical	biphasic	40	MOs	deep	recovery	False	True
7003.82527	0.0003999999998995918	trials	electrical	biphasic	40	MOs	deep	recovery	False	True
7008.26932	0.0003999999998995918	trials	electrical	biphasic	40	MOs	deep	recovery	False	True
7012.40745	0.0003999999998995918	trials	electrical	biphasic	20	MOs	deep	recovery	False	True
7016.86557	0.0003999999998995918	trials	electrical	biphasic	40	MOs	deep	recovery	False	True
7020.6067	0.0003999999998995918	trials	electrical	biphasic	40	MOs	deep	recovery	False	True
7024.78324	0.0003999999998995918	trials	electrical	biphasic	20	MOs	deep	recovery	False	True
7028.57273	0.0003999999998995918	trials	electrical	biphasic	70	MOs	deep	recovery	False	True
7032.74495	0.0003999999998995918	trials	electrical	biphasic	70	MOs	deep	recovery	False	True
7036.94052	0.0003999999998995918	trials	electrical	biphasic	40	MOs	deep	recovery	False	True
7040.50894	0.0003999999998995918	trials	electrical	biphasic	40	MOs	deep	recovery	False	True
7044.26416	0.0003999999998995918	trials	electrical	biphasic	20	MOs	deep	recovery	False	True
7047.98863	0.0003999999998995918	trials	electrical	biphasic	40	MOs	deep	recovery	False	True
7052.15689	0.0003999999998995918	trials	electrical	biphasic	40	MOs	deep	recovery	False	True
7056.50172	0.0003999999998995918	trials	electrical	biphasic	20	MOs	deep	recovery	False	True
7060.3466	0.0003999999998995918	trials	electrical	biphasic	40	MOs	deep	recovery	False	True
7064.62755	0.0003999999998995918	trials	electrical	biphasic	70	MOs	deep	recovery	False	True
7068.80331	0.00040999999964697054	trials	electrical	biphasic	40	MOs	deep	recovery	False	True
7072.31046	0.0003999999998995918	trials	electrical	biphasic	70	MOs	deep	recovery	False	True
7076.41306	0.0003999999998995918	trials	electrical	biphasic	40	MOs	deep	recovery	False	True
7080.30027	0.0003999999998995918	trials	electrical	biphasic	70	MOs	deep	recovery	False	True
7084.71669	0.0003999999998995918	trials	electrical	biphasic	40	MOs	deep	recovery	False	True
7088.21827	0.0003999999998995918	trials	electrical	biphasic	40	MOs	deep	recovery	False	True
7092.18114	0.0003999999998995918	trials	electrical	biphasic	20	MOs	deep	recovery	False	True
7096.1059	0.0004000000008090865	trials	electrical	biphasic	20	MOs	deep	recovery	False	True
7100.06725	0.0003999999998995918	trials	electrical	biphasic	20	MOs	deep	recovery	False	True
7104.33783	0.0003999999998995918	trials	electrical	biphasic	20	MOs	deep	recovery	False	True
7108.16074	0.0003999999998995918	trials	electrical	biphasic	20	MOs	deep	recovery	False	True
7112.4459	0.0003999999998995918	trials	electrical	biphasic	40	MOs	deep	recovery	False	True
7116.41769	0.0003999999998995918	trials	electrical	biphasic	40	MOs	deep	recovery	False	True
7119.95387	0.0003999999998995918	trials	electrical	biphasic	70	MOs	deep	recovery	False	True
7123.63017	0.0003999999998995918	trials	electrical	biphasic	40	MOs	deep	recovery	False	True
7127.85236	0.0003999999998995918	trials	electrical	biphasic	70	MOs	deep	recovery	False	True
7131.82626	0.0003999999998995918	trials	electrical	biphasic	20	MOs	deep	recovery	False	True
7135.47941	0.0003999999998995918	trials	electrical	biphasic	40	MOs	deep	recovery	False	True
7139.32095	0.0003999999998995918	trials	electrical	biphasic	70	MOs	deep	recovery	False	True
7143.42875	0.0003999999998995918	trials	electrical	biphasic	20	MOs	deep	recovery	False	True
7147.12092	0.0003999999998995918	trials	electrical	biphasic	20	MOs	deep	recovery	False	True
7151.35976	0.0003999999998995918	trials	electrical	biphasic	20	MOs	deep	recovery	False	True
7155.10305	0.0003999999998995918	trials	electrical	biphasic	20	MOs	deep	recovery	False	True
7159.52089	0.0003999999998995918	trials	electrical	biphasic	70	MOs	deep	recovery	False	True
7163.29038	0.0003999999998995918	trials	electrical	biphasic	40	MOs	deep	recovery	False	True
7167.5563	0.0003999999998995918	trials	electrical	biphasic	40	MOs	deep	recovery	False	True
7171.24539	0.0003999999998995918	trials	electrical	biphasic	40	MOs	deep	recovery	False	True
7175.03331	0.0003999999998995918	trials	electrical	biphasic	70	MOs	deep	recovery	False	True
7178.62485	0.0003999999998995918	trials	electrical	biphasic	40	MOs	deep	recovery	False	True
7182.70148	0.0003999999998995918	trials	electrical	biphasic	40	MOs	deep	recovery	False	True
7186.88526	0.0003999999998995918	trials	electrical	biphasic	20	MOs	deep	recovery	False	True
7190.93229	0.0003999999998995918	trials	electrical	biphasic	20	MOs	deep	recovery	False	True
7194.85843	0.0003999999998995918	trials	electrical	biphasic	40	MOs	deep	recovery	False	True
7199.0033	0.0003999999998995918	trials	electrical	biphasic	70	MOs	deep	recovery	False	True
7203.15134	0.0003999999998995918	trials	electrical	biphasic	70	MOs	deep	recovery	False	True
7207.33079	0.0003999999998995918	trials	electrical	biphasic	20	MOs	deep	recovery	False	True
7211.46699	0.0003999999998995918	trials	electrical	biphasic	40	MOs	deep	recovery	False	True
7215.9126	0.0003999999998995918	trials	electrical	biphasic	70	MOs	deep	recovery	False	True
7219.62196	0.0003999999998995918	trials	electrical	biphasic	20	MOs	deep	recovery	False	True
7223.83167	0.0004000000008090865	trials	electrical	biphasic	20	MOs	deep	recovery	False	True
7227.56833	0.0003999999998995918	trials	electrical	biphasic	40	MOs	deep	recovery	False	True
7231.18815	0.0003999999998995918	trials	electrical	biphasic	40	MOs	deep	recovery	False	True
7235.29588	0.0003999999998995918	trials	electrical	biphasic	20	MOs	deep	recovery	False	True
7239.24644	0.0003999999998995918	trials	electrical	biphasic	40	MOs	deep	recovery	False	True
7243.20559	0.0004000000008090865	trials	electrical	biphasic	70	MOs	deep	recovery	False	True
7247.36795	0.0003999999998995918	trials	electrical	biphasic	40	MOs	deep	recovery	False	True
7251.63866	0.0004000000008090865	trials	electrical	biphasic	40	MOs	deep	recovery	False	True
7255.4893	0.0003999999998995918	trials	electrical	biphasic	70	MOs	deep	recovery	False	True
7259.65175	0.0003999999998995918	trials	electrical	biphasic	40	MOs	deep	recovery	False	True
7263.56833	0.0003999999998995918	trials	electrical	biphasic	20	MOs	deep	recovery	False	True
7267.91068	0.0003999999998995918	trials	electrical	biphasic	20	MOs	deep	recovery	False	True
7272.24403	0.0003999999998995918	trials	electrical	biphasic	40	MOs	deep	recovery	False	True
7276.00089	0.0003999999998995918	trials	electrical	biphasic	70	MOs	deep	recovery	False	True
7280.11478	0.0003999999998995918	trials	electrical	biphasic	20	MOs	deep	recovery	False	True
7284.19744	0.0003999999998995918	trials	electrical	biphasic	70	MOs	deep	recovery	False	True
7288.23861	0.0003999999998995918	trials	electrical	biphasic	70	MOs	deep	recovery	False	True
7292.60897	0.0003999999998995918	trials	electrical	biphasic	40	MOs	deep	recovery	False	True
7296.37418	0.0003999999998995918	trials	electrical	biphasic	40	MOs	deep	recovery	False	True
7300.19268	0.0003999999998995918	trials	electrical	biphasic	40	MOs	deep	recovery	False	True
7303.81232	0.0003999999998995918	trials	electrical	biphasic	40	MOs	deep	recovery	False	True
7308.25257	0.0003999999998995918	trials	electrical	biphasic	70	MOs	deep	recovery	False	True
7312.39855	0.0003999999998995918	trials	electrical	biphasic	40	MOs	deep	recovery	False	True
7316.37844	0.0003999999998995918	trials	electrical	biphasic	70	MOs	deep	recovery	False	True
7320.51818	0.0003999999998995918	trials	electrical	biphasic	20	MOs	deep	recovery	False	True
7324.56333	0.0003999999998995918	trials	electrical	biphasic	70	MOs	deep	recovery	False	True
7328.71107	0.0003999999998995918	trials	electrical	biphasic	40	MOs	deep	recovery	False	True
7332.75538	0.0004000000008090865	trials	electrical	biphasic	40	MOs	deep	recovery	False	True
7336.97684	0.0003999999998995918	trials	electrical	biphasic	40	MOs	deep	recovery	False	True
7340.99977	0.0003999999998995918	trials	electrical	biphasic	70	MOs	deep	recovery	False	True
7345.4939	0.0003999999998995918	trials	electrical	biphasic	70	MOs	deep	recovery	False	True
7349.213	0.0003999999998995918	trials	electrical	biphasic	40	MOs	deep	recovery	False	True
7352.81922	0.0003999999998995918	trials	electrical	biphasic	40	MOs	deep	recovery	False	True
7356.42934	0.0003999999998995918	trials	electrical	biphasic	20	MOs	deep	recovery	False	True
7359.99337	0.0003999999998995918	trials	electrical	biphasic	40	MOs	deep	recovery	False	True
7363.89837	0.0003999999998995918	trials	electrical	biphasic	20	MOs	deep	recovery	False	True
7367.84717	0.0003999999998995918	trials	electrical	biphasic	20	MOs	deep	recovery	False	True
7371.71342	0.0003999999998995918	trials	electrical	biphasic	40	MOs	deep	recovery	False	True
7375.97734	0.0003999999998995918	trials	electrical	biphasic	20	MOs	deep	recovery	False	True
7380.10567	0.0003999999998995918	trials	electrical	biphasic	40	MOs	deep	recovery	False	True
7384.37807	0.0003999999998995918	trials	electrical	biphasic	70	MOs	deep	recovery	False	True
7388.81136	0.0003999999998995918	trials	electrical	biphasic	70	MOs	deep	recovery	False	True
7393.28453	0.0003999999998995918	trials	electrical	biphasic	20	MOs	deep	recovery	False	True
7396.97697	0.0003999999998995918	trials	electrical	biphasic	40	MOs	deep	recovery	False	True
7400.61627	0.0003999999998995918	trials	electrical	biphasic	70	MOs	deep	recovery	False	True
7404.81296	0.0003999999998995918	trials	electrical	biphasic	20	MOs	deep	recovery	False	True
7408.4072	0.0003999999998995918	trials	electrical	biphasic	70	MOs	deep	recovery	False	True
7412.43303	0.0003999999998995918	trials	electrical	biphasic	20	MOs	deep	recovery	False	True
7416.46379	0.0003999999998995918	trials	electrical	biphasic	40	MOs	deep	recovery	False	True
7420.82536	0.0003999999998995918	trials	electrical	biphasic	70	MOs	deep	recovery	False	True
7424.81064	0.0003999999998995918	trials	electrical	biphasic	70	MOs	deep	recovery	False	True
7428.70453	0.0003999999998995918	trials	electrical	biphasic	40	MOs	deep	recovery	False	True
7432.87639	0.0003999999998995918	trials	electrical	biphasic	70	MOs	deep	recovery	False	True
7437.11808	0.0003999999998995918	trials	electrical	biphasic	20	MOs	deep	recovery	False	True
7441.13856	0.0003999999998995918	trials	electrical	biphasic	70	MOs	deep	recovery	False	True
7444.98671	0.0003999999998995918	trials	electrical	biphasic	40	MOs	deep	recovery	False	True
7448.63713	0.0003999999998995918	trials	electrical	biphasic	70	MOs	deep	recovery	False	True
7452.72365	0.0003999999998995918	trials	electrical	biphasic	20	MOs	deep	recovery	False	True
7456.48622	0.0003999999998995918	trials	electrical	biphasic	70	MOs	deep	recovery	False	True
7460.0311	0.0003999999998995918	trials	electrical	biphasic	70	MOs	deep	recovery	False	True
7464.28646	0.0003999999998995918	trials	electrical	biphasic	20	MOs	deep	recovery	False	True
7468.02967	0.0003999999998995918	trials	electrical	biphasic	40	MOs	deep	recovery	False	True
7471.97249	0.0003999999998995918	trials	electrical	biphasic	40	MOs	deep	recovery	False	True
7476.16072	0.0003999999998995918	trials	electrical	biphasic	40	MOs	deep	recovery	False	True
7480.02036	0.0003999999998995918	trials	electrical	biphasic	40	MOs	deep	recovery	False	True
7484.25713	0.0003999999998995918	trials	electrical	biphasic	70	MOs	deep	recovery	False	True
7488.15225	0.0003999999998995918	trials	electrical	biphasic	70	MOs	deep	recovery	False	True
7492.3361	0.0003999999998995918	trials	electrical	biphasic	70	MOs	deep	recovery	False	True
7496.54056	0.0003999999998995918	trials	electrical	biphasic	70	MOs	deep	recovery	False	True
7500.48328	0.00040999999964697054	trials	electrical	biphasic	20	MOs	deep	recovery	False	True
7504.00329	0.0003999999998995918	trials	electrical	biphasic	20	MOs	deep	recovery	False	True
7507.83457	0.0003999999998995918	trials	electrical	biphasic	40	MOs	deep	recovery	False	True
7511.75929	0.0003999999998995918	trials	electrical	biphasic	20	MOs	deep	recovery	False	True
7515.53	0.0003999999998995918	trials	electrical	biphasic	70	MOs	deep	recovery	False	True
7519.22748	0.0004000000008090865	trials	electrical	biphasic	70	MOs	deep	recovery	False	True
7523.54963	0.0003999999998995918	trials	electrical	biphasic	20	MOs	deep	recovery	False	True
7527.47997	0.0003999999998995918	trials	electrical	biphasic	40	MOs	deep	recovery	False	True
7531.86818	0.0003999999998995918	trials	electrical	biphasic	20	MOs	deep	recovery	False	True
7535.75978	0.0003999999998995918	trials	electrical	biphasic	70	MOs	deep	recovery	False	True
7540.02933	0.0003999999998995918	trials	electrical	biphasic	20	MOs	deep	recovery	False	True
7543.92655	0.0003999999998995918	trials	electrical	biphasic	40	MOs	deep	recovery	False	True
7548.2355	0.0003999999998995918	trials	electrical	biphasic	40	MOs	deep	recovery	False	True
7552.491	0.0003999999998995918	trials	electrical	biphasic	20	MOs	deep	recovery	False	True
7556.36883	0.0003999999998995918	trials	electrical	biphasic	20	MOs	deep	recovery	False	True
7560.08527	0.0004000000008090865	trials	electrical	biphasic	40	MOs	deep	recovery	False	True
7564.37609	0.0003999999998995918	trials	electrical	biphasic	70	MOs	deep	recovery	False	True
7568.82582	0.0003999999998995918	trials	electrical	biphasic	70	MOs	deep	recovery	False	True
7572.6538	0.0003999999998995918	trials	electrical	biphasic	40	MOs	deep	recovery	False	True
7576.82549	0.0003999999998995918	trials	electrical	biphasic	20	MOs	deep	recovery	False	True
7580.76455	0.0003999999998995918	trials	electrical	biphasic	20	MOs	deep	recovery	False	True
7585.09848	0.0003999999998995918	trials	electrical	biphasic	40	MOs	deep	recovery	False	True
7589.36776	0.0003999999998995918	trials	electrical	biphasic	40	MOs	deep	recovery	False	True
7593.03545	0.0003999999998995918	trials	electrical	biphasic	20	MOs	deep	recovery	False	True
7597.39785	0.0003999999998995918	trials	electrical	biphasic	40	MOs	deep	recovery	False	True
7601.88816	0.0003999999998995918	trials	electrical	biphasic	70	MOs	deep	recovery	False	True
7605.903	0.0003999999998995918	trials	electrical	biphasic	20	MOs	deep	recovery	False	True
7610.28771	0.0004000000008090865	trials	electrical	biphasic	70	MOs	deep	recovery	False	True
7614.37615	0.0003999999998995918	trials	electrical	biphasic	40	MOs	deep	recovery	False	True
7618.03133	0.0003999999998995918	trials	electrical	biphasic	40	MOs	deep	recovery	False	True
7621.73161	0.0003999999998995918	trials	electrical	biphasic	70	MOs	deep	recovery	False	True
7625.639	0.0003999999998995918	trials	electrical	biphasic	40	MOs	deep	recovery	False	True
7629.88812	0.0004000000008090865	trials	electrical	biphasic	70	MOs	deep	recovery	False	True
7634.21412	0.0004000000008090865	trials	electrical	biphasic	20	MOs	deep	recovery	False	True
7638.50451	0.0003999999998995918	trials	electrical	biphasic	40	MOs	deep	recovery	False	True
7642.32345	0.0003999999998995918	trials	electrical	biphasic	20	MOs	deep	recovery	False	True
7646.35793	0.0003999999998995918	trials	electrical	biphasic	40	MOs	deep	recovery	False	True
7649.94831	0.0003999999998995918	trials	electrical	biphasic	70	MOs	deep	recovery	False	True
7653.56043	0.0003999999998995918	trials	electrical	biphasic	40	MOs	deep	recovery	False	True
7657.19715	0.0003999999998995918	trials	electrical	biphasic	70	MOs	deep	recovery	False	True
7661.37624	0.0004000000008090865	trials	electrical	biphasic	20	MOs	deep	recovery	False	True
7665.37184	0.0003999999998995918	trials	electrical	biphasic	20	MOs	deep	recovery	False	True
7669.06198	0.0003999999998995918	trials	electrical	biphasic	20	MOs	deep	recovery	False	True
7673.0574	0.0003999999998995918	trials	electrical	biphasic	20	MOs	deep	recovery	False	True
7676.70542	0.0003999999998995918	trials	electrical	biphasic	70	MOs	deep	recovery	False	True
7680.26082	0.0003999999998995918	trials	electrical	biphasic	70	MOs	deep	recovery	False	True
7684.61196	0.0003999999998995918	trials	electrical	biphasic	70	MOs	deep	recovery	False	True
7688.67295	0.0003999999998995918	trials	electrical	biphasic	70	MOs	deep	recovery	False	True
7693.10297	0.0003999999998995918	trials	electrical	biphasic	20	MOs	deep	recovery	False	True
7697.30005	0.0003999999998995918	trials	electrical	biphasic	70	MOs	deep	recovery	False	True
7701.38327	0.00040999999964697054	trials	electrical	biphasic	20	MOs	deep	recovery	False	True
7705.6991	0.0003999999998995918	trials	electrical	biphasic	70	MOs	deep	recovery	False	True
7710.07854	0.0003999999998995918	trials	electrical	biphasic	70	MOs	deep	recovery	False	True
7714.56789	0.0003999999998995918	trials	electrical	biphasic	40	MOs	deep	recovery	False	True
7718.06882	0.0003999999998995918	trials	electrical	biphasic	20	MOs	deep	recovery	False	True
7722.43469	0.0003999999998995918	trials	electrical	biphasic	20	MOs	deep	recovery	False	True
7726.54767	0.0003999999998995918	trials	electrical	biphasic	70	MOs	deep	recovery	False	True
7731.03805	0.0003999999998995918	trials	electrical	biphasic	70	MOs	deep	recovery	False	True
7735.06615	0.0003999999998995918	trials	electrical	biphasic	20	MOs	deep	recovery	False	True
7739.04609	0.0003999999998995918	trials	electrical	biphasic	70	MOs	deep	recovery	False	True
7743.34786	0.0003999999998995918	trials	electrical	biphasic	20	MOs	deep	recovery	False	True
7747.07612	0.0003999999998995918	trials	electrical	biphasic	20	MOs	deep	recovery	False	True
7751.07464	0.0003999999998995918	trials	electrical	biphasic	40	MOs	deep	recovery	False	True
7755.47592	0.0003999999998995918	trials	electrical	biphasic	70	MOs	deep	recovery	False	True
7759.551	0.0003999999998995918	trials	electrical	biphasic	70	MOs	deep	recovery	False	True
7763.8966	0.0003999999998995918	trials	electrical	biphasic	70	MOs	deep	recovery	False	True
7768.13566	0.0003999999998995918	trials	electrical	biphasic	70	MOs	deep	recovery	False	True
7772.22206	0.0003999999998995918	trials	electrical	biphasic	70	MOs	deep	recovery	False	True
7775.96922	0.0003999999998995918	trials	electrical	biphasic	40	MOs	deep	recovery	False	True
7780.13606	0.0003999999998995918	trials	electrical	biphasic	70	MOs	deep	recovery	False	True
7783.71996	0.0003999999998995918	trials	electrical	biphasic	20	MOs	deep	recovery	False	True
7787.84634	0.0003999999998995918	trials	electrical	biphasic	70	MOs	deep	recovery	False	True
7792.0077	0.0003999999998995918	trials	electrical	biphasic	40	MOs	deep	recovery	False	True
7796.23789	0.0003999999998995918	trials	electrical	biphasic	20	MOs	deep	recovery	False	True
7800.62907	0.0003999999998995918	trials	electrical	biphasic	20	MOs	deep	recovery	False	True
7805.11179	0.0003999999998995918	trials	electrical	biphasic	20	MOs	deep	recovery	False	True
7809.38123	0.0003999999998995918	trials	electrical	biphasic	20	MOs	deep	recovery	False	True
7813.46309	0.0003999999998995918	trials	electrical	biphasic	20	MOs	deep	recovery	False	True
7817.89183	0.0004000000008090865	trials	electrical	biphasic	20	MOs	deep	recovery	False	True
7821.97235	0.0003999999998995918	trials	electrical	biphasic	20	MOs	deep	recovery	False	True
7825.48975	0.0003999999998995918	trials	electrical	biphasic	40	MOs	deep	recovery	False	True
7829.11103	0.0003999999998995918	trials	electrical	biphasic	40	MOs	deep	recovery	True	True
7833.47417	0.0003999999998995918	trials	electrical	biphasic	70	MOs	deep	recovery	True	True
7837.45889	0.0003999999998995918	trials	electrical	biphasic	20	MOs	deep	recovery	False	True
7841.80417	0.0003999999998995918	trials	electrical	biphasic	40	MOs	deep	recovery	False	True
7845.51399	0.0003999999998995918	trials	electrical	biphasic	40	MOs	deep	recovery	True	True
7849.56671	0.0003999999998995918	trials	electrical	biphasic	20	MOs	deep	recovery	True	True
7853.69701	0.0003999999998995918	trials	electrical	biphasic	20	MOs	deep	recovery	True	True
7857.22943	0.0003999999998995918	trials	electrical	biphasic	40	MOs	deep	recovery	True	True
7861.34457	0.0003999999998995918	trials	electrical	biphasic	20	MOs	deep	recovery	True	True
7865.2074	0.0003999999998995918	trials	electrical	biphasic	70	MOs	deep	recovery	True	True
7868.75736	0.0004000000008090865	trials	electrical	biphasic	40	MOs	deep	recovery	True	True
7872.74736	0.0003999999998995918	trials	electrical	biphasic	20	MOs	deep	recovery	True	True
7876.4403	0.0003999999998995918	trials	electrical	biphasic	70	MOs	deep	recovery	True	True
7880.0638	0.0003999999998995918	trials	electrical	biphasic	70	MOs	deep	recovery	True	True
7883.76971	0.0004000000008090865	trials	electrical	biphasic	70	MOs	deep	recovery	False	True
7887.41665	0.0003999999998995918	trials	electrical	biphasic	70	MOs	deep	recovery	False	True
7891.10615	0.0004000000008090865	trials	electrical	biphasic	40	MOs	deep	recovery	False	True
7894.64922	0.00040999999964697054	trials	electrical	biphasic	20	MOs	deep	recovery	False	True
7898.78484	0.0003999999998995918	trials	electrical	biphasic	20	MOs	deep	recovery	False	True
7902.56712	0.0003999999998995918	trials	electrical	biphasic	40	MOs	deep	recovery	False	True
7906.60614	0.0003999999998995918	trials	electrical	biphasic	70	MOs	deep	recovery	False	True
7910.80172	0.0003999999998995918	trials	electrical	biphasic	40	MOs	deep	recovery	False	True
7914.80126	0.0003999999998995918	trials	electrical	biphasic	70	MOs	deep	recovery	False	True
7918.83748	0.0003999999998995918	trials	electrical	biphasic	40	MOs	deep	recovery	False	True
7922.78308	0.0003999999998995918	trials	electrical	biphasic	20	MOs	deep	recovery	False	True
7926.40743	0.0003999999998995918	trials	electrical	biphasic	70	MOs	deep	recovery	False	True
7930.39821	0.0003999999998995918	trials	electrical	biphasic	20	MOs	deep	recovery	False	True
7934.75163	0.0003999999998995918	trials	electrical	biphasic	20	MOs	deep	recovery	False	True
7939.12597	0.0003999999998995918	trials	electrical	biphasic	70	MOs	deep	recovery	False	True
7942.89669	0.0004000000008090865	trials	electrical	biphasic	20	MOs	deep	recovery	False	True
7946.60557	0.0003999999998995918	trials	electrical	biphasic	40	MOs	deep	recovery	False	True
7950.67097	0.0003999999998995918	trials	electrical	biphasic	20	MOs	deep	recovery	False	True
7954.81171	0.0003999999998995918	trials	electrical	biphasic	40	MOs	deep	recovery	True	True
7958.72915	0.0003999999998995918	trials	electrical	biphasic	70	MOs	deep	recovery	True	True
7962.43554	0.0003999999998995918	trials	electrical	biphasic	40	MOs	deep	recovery	True	True
7966.8839	0.0003999999998995918	trials	electrical	biphasic	40	MOs	deep	recovery	True	True
7970.4664	0.0003999999998995918	trials	electrical	biphasic	40	MOs	deep	recovery	True	True
7974.07252	0.0003999999998995918	trials	electrical	biphasic	70	MOs	deep	recovery	True	True
7977.71497	0.0003999999998995918	trials	electrical	biphasic	70	MOs	deep	recovery	False	True
7981.38185	0.0003999999998995918	trials	electrical	biphasic	20	MOs	deep	recovery	False	True
7985.50323	0.0003999999998995918	trials	electrical	biphasic	70	MOs	deep	recovery	False	True
7989.57737	0.0003999999998995918	trials	electrical	biphasic	40	MOs	deep	recovery	False	True
7993.12986	0.0003999999998995918	trials	electrical	biphasic	40	MOs	deep	recovery	False	True
7997.56148	0.0003999999998995918	trials	electrical	biphasic	70	MOs	deep	recovery	False	True
8001.79056	0.0003999999998995918	trials	electrical	biphasic	70	MOs	deep	recovery	False	True
8006.02882	0.0003999999998995918	trials	electrical	biphasic	40	MOs	deep	recovery	False	True
8009.59264	0.0003999999998995918	trials	electrical	biphasic	20	MOs	deep	recovery	False	True
8013.9535	0.0004000000008090865	trials	electrical	biphasic	40	MOs	deep	recovery	True	True
8018.38832	0.0003999999998995918	trials	electrical	biphasic	70	MOs	deep	recovery	True	True
8022.87314	0.0003999999998995918	trials	electrical	biphasic	20	MOs	deep	recovery	True	True
8027.2325	0.0003999999998995918	trials	electrical	biphasic	20	MOs	deep	recovery	True	True
8031.51848	0.0003999999998995918	trials	electrical	biphasic	20	MOs	deep	recovery	False	True
8035.53228	0.0003999999998995918	trials	electrical	biphasic	20	MOs	deep	recovery	False	True
8039.21029	0.0003999999998995918	trials	electrical	biphasic	70	MOs	deep	recovery	False	True
8043.10929	0.0003999999998995918	trials	electrical	biphasic	40	MOs	deep	recovery	False	True
8046.74365	0.0003999999998995918	trials	electrical	biphasic	70	MOs	deep	recovery	True	True
8050.27496	0.0003999999998995918	trials	electrical	biphasic	20	MOs	deep	recovery	True	True
8054.71452	0.0003999999998995918	trials	electrical	biphasic	40	MOs	deep	recovery	True	True
8058.51624	0.0003999999998995918	trials	electrical	biphasic	20	MOs	deep	recovery	True	True
8062.3122	0.0003999999998995918	trials	electrical	biphasic	20	MOs	deep	recovery	True	True
8066.14556	0.0003999999998995918	trials	electrical	biphasic	40	MOs	deep	recovery	True	True
8070.11303	0.0003999999998995918	trials	electrical	biphasic	40	MOs	deep	recovery	True	True
8074.26165	0.0003999999998995918	trials	electrical	biphasic	70	MOs	deep	recovery	True	True
8077.78729	0.0003999999998995918	trials	electrical	biphasic	40	MOs	deep	recovery	True	True
8082.12991	0.0003999999998995918	trials	electrical	biphasic	20	MOs	deep	recovery	True	True
8086.18937	0.0003999999998995918	trials	electrical	biphasic	70	MOs	deep	recovery	False	True
8090.54389	0.0003999999998995918	trials	electrical	biphasic	40	MOs	deep	recovery	False	True
8094.39218	0.0003999999998995918	trials	electrical	biphasic	20	MOs	deep	recovery	True	True
8098.33862	0.0003999999998995918	trials	electrical	biphasic	20	MOs	deep	recovery	False	True
8101.89328	0.0003999999998995918	trials	electrical	biphasic	20	MOs	deep	recovery	True	True
8105.57079	0.0003999999998995918	trials	electrical	biphasic	20	MOs	deep	recovery	True	True
8109.73401	0.0003999999998995918	trials	electrical	biphasic	20	MOs	deep	recovery	True	True
8113.56525	0.0003999999998995918	trials	electrical	biphasic	40	MOs	deep	recovery	False	True
8117.96415	0.0003999999998995918	trials	electrical	biphasic	70	MOs	deep	recovery	False	True
8121.58272	0.0003999999998995918	trials	electrical	biphasic	20	MOs	deep	recovery	False	True
8126.07156	0.0003999999998995918	trials	electrical	biphasic	20	MOs	deep	recovery	False	True
8130.11196	0.0003999999998995918	trials	electrical	biphasic	70	MOs	deep	recovery	False	True
8134.3193	0.0003999999998995918	trials	electrical	biphasic	70	MOs	deep	recovery	False	True
8138.81922	0.0003999999998995918	trials	electrical	biphasic	40	MOs	deep	recovery	True	True
8142.60748	0.0003999999998995918	trials	electrical	biphasic	70	MOs	deep	recovery	False	True
8146.52241	0.0004000000008090865	trials	electrical	biphasic	70	MOs	deep	recovery	False	True
8150.48767	0.0003999999998995918	trials	electrical	biphasic	70	MOs	deep	recovery	False	True
8154.75205	0.0003999999998995918	trials	electrical	biphasic	20	MOs	deep	recovery	False	True
8159.07067	0.0003999999998995918	trials	electrical	biphasic	70	MOs	deep	recovery	False	True
8217.6357	0.24952999999914027	trials	visual	white circle	n/a	n/a	n/a	recovery	False	True
8221.93927	0.24954999999863503	trials	visual	white circle	n/a	n/a	n/a	recovery	False	True
8226.25954	0.24955000000045402	trials	visual	white circle	n/a	n/a	n/a	recovery	False	True
8230.27956	0.24956999999994878	trials	visual	white circle	n/a	n/a	n/a	recovery	False	True
8234.2162	0.24953999999888765	trials	visual	white circle	n/a	n/a	n/a	recovery	False	True
8238.41969	0.24953999999888765	trials	visual	white circle	n/a	n/a	n/a	recovery	False	True
8242.47308	0.2495199999993929	trials	visual	white circle	n/a	n/a	n/a	recovery	False	True
8246.79334	0.2495199999993929	trials	visual	white circle	n/a	n/a	n/a	recovery	False	True
8250.56314	0.24953999999888765	trials	visual	white circle	n/a	n/a	n/a	recovery	False	True
8254.36632	0.24952000000121188	trials	visual	white circle	n/a	n/a	n/a	recovery	False	True
8258.61987	0.26622999999926833	trials	visual	white circle	n/a	n/a	n/a	recovery	False	True
8263.25707	0.2495600000002014	trials	visual	white circle	n/a	n/a	n/a	recovery	False	True
8267.29378	0.26622999999926833	trials	visual	white circle	n/a	n/a	n/a	recovery	False	True
8271.79753	0.24953000000095926	trials	visual	white circle	n/a	n/a	n/a	recovery	False	True
8276.48478	0.24953999999888765	trials	visual	white circle	n/a	n/a	n/a	recovery	False	True
8281.13867	0.24952999999914027	trials	visual	white circle	n/a	n/a	n/a	recovery	False	True
8284.9085	0.24953000000095926	trials	visual	white circle	n/a	n/a	n/a	recovery	False	True
8289.32883	0.24953999999888765	trials	visual	white circle	n/a	n/a	n/a	recovery	False	True
8293.29885	0.2495100000014645	trials	visual	white circle	n/a	n/a	n/a	recovery	False	True
8297.8693	0.24955000000045402	trials	visual	white circle	n/a	n/a	n/a	recovery	False	True
8301.85598	0.24952999999914027	trials	visual	white circle	n/a	n/a	n/a	recovery	False	True
8305.82593	0.2495599999983824	trials	visual	white circle	n/a	n/a	n/a	recovery	False	True
8309.61244	0.24953999999888765	trials	visual	white circle	n/a	n/a	n/a	recovery	False	True
8313.64915	0.24955000000045402	trials	visual	white circle	n/a	n/a	n/a	recovery	False	True
8317.43566	0.24953000000095926	trials	visual	white circle	n/a	n/a	n/a	recovery	False	True
8321.67252	0.24954000000070664	trials	visual	white circle	n/a	n/a	n/a	recovery	False	True
8326.39317	0.2495100000014645	trials	visual	white circle	n/a	n/a	n/a	recovery	False	True
8330.27972	0.24955000000045402	trials	visual	white circle	n/a	n/a	n/a	recovery	False	True
8334.58331	0.24954000000070664	trials	visual	white circle	n/a	n/a	n/a	recovery	False	True
8339.20385	0.2495199999993929	trials	visual	white circle	n/a	n/a	n/a	recovery	False	True
8343.89108	0.24955000000045402	trials	visual	white circle	n/a	n/a	n/a	recovery	False	True
8347.64423	0.24954000000070664	trials	visual	white circle	n/a	n/a	n/a	recovery	False	True
8351.76434	0.24954000000070664	trials	visual	white circle	n/a	n/a	n/a	recovery	False	True
8356.31813	0.24956999999994878	trials	visual	white circle	n/a	n/a	n/a	recovery	False	True
8360.62172	0.24956999999994878	trials	visual	white circle	n/a	n/a	n/a	recovery	False	True
8364.50831	0.2495600000002014	trials	visual	white circle	n/a	n/a	n/a	recovery	False	True
8368.81192	0.2495600000002014	trials	visual	white circle	n/a	n/a	n/a	recovery	False	True
8373.03211	0.2495600000002014	trials	visual	white circle	n/a	n/a	n/a	recovery	True	True
8376.80195	0.24952000000121188	trials	visual	white circle	n/a	n/a	n/a	recovery	True	True
8381.13889	0.2495600000002014	trials	visual	white circle	n/a	n/a	n/a	recovery	True	True
8385.54256	0.24956999999994878	trials	visual	white circle	n/a	n/a	n/a	recovery	True	True
8390.16307	0.2495999999991909	trials	visual	white circle	n/a	n/a	n/a	recovery	False	True
8394.13309	0.24954000000070664	trials	visual	white circle	n/a	n/a	n/a	recovery	False	True
8398.13643	0.2495600000002014	trials	visual	white circle	n/a	n/a	n/a	recovery	True	True
8402.27323	0.2495600000002014	trials	visual	white circle	n/a	n/a	n/a	recovery	True	True
8406.8771	0.24955000000045402	trials	visual	white circle	n/a	n/a	n/a	recovery	True	True
8410.81373	0.24953000000095926	trials	visual	white circle	n/a	n/a	n/a	recovery	False	True
8414.81704	0.24956999999994878	trials	visual	white circle	n/a	n/a	n/a	recovery	True	True
8419.27077	0.24954000000070664	trials	visual	white circle	n/a	n/a	n/a	recovery	True	True
8423.85797	0.24952000000121188	trials	visual	white circle	n/a	n/a	n/a	recovery	False	True
8428.16156	0.24953999999888765	trials	visual	white circle	n/a	n/a	n/a	recovery	False	True
8432.33171	0.24955000000045402	trials	visual	white circle	n/a	n/a	n/a	recovery	False	True
8436.10151	0.2495600000002014	trials	visual	white circle	n/a	n/a	n/a	recovery	False	True
8440.63865	0.24956999999994878	trials	visual	white circle	n/a	n/a	n/a	recovery	True	True
8444.49187	0.24955000000045402	trials	visual	white circle	n/a	n/a	n/a	recovery	False	True
8448.91224	0.24955000000045402	trials	visual	white circle	n/a	n/a	n/a	recovery	False	True
8452.94895	0.24955000000045402	trials	visual	white circle	n/a	n/a	n/a	recovery	False	True
8457.1191	0.24954000000070664	trials	visual	white circle	n/a	n/a	n/a	recovery	False	True
8460.90559	0.24956999999994878	trials	visual	white circle	n/a	n/a	n/a	recovery	False	True
8465.32594	0.24957999999969616	trials	visual	white circle	n/a	n/a	n/a	recovery	False	True
8469.92981	0.24957999999969616	trials	visual	white circle	n/a	n/a	n/a	recovery	True	True
8474.46694	0.2495600000002014	trials	visual	white circle	n/a	n/a	n/a	recovery	True	True
8478.95403	0.2495199999993929	trials	visual	white circle	n/a	n/a	n/a	recovery	True	True
8483.00742	0.24954000000070664	trials	visual	white circle	n/a	n/a	n/a	recovery	False	True
8487.47781	0.24955000000045402	trials	visual	white circle	n/a	n/a	n/a	recovery	True	True
8491.49785	0.24954000000070664	trials	visual	white circle	n/a	n/a	n/a	recovery	True	True
8495.71803	0.2495999999991909	trials	visual	white circle	n/a	n/a	n/a	recovery	True	True
8500.38864	0.24953000000095926	trials	visual	white circle	n/a	n/a	n/a	recovery	True	True
8504.74228	0.24953999999888765	trials	visual	white circle	n/a	n/a	n/a	recovery	False	True
8508.92911	0.24953000000095926	trials	visual	white circle	n/a	n/a	n/a	recovery	False	True
8512.94913	0.24954999999863503	trials	visual	white circle	n/a	n/a	n/a	recovery	False	True
8517.43621	0.2495600000002014	trials	visual	white circle	n/a	n/a	n/a	recovery	False	True
8521.88995	0.24953999999888765	trials	visual	white circle	n/a	n/a	n/a	recovery	False	True
8525.87661	0.24954000000070664	trials	visual	white circle	n/a	n/a	n/a	recovery	False	True
8529.76322	0.24953999999888765	trials	visual	white circle	n/a	n/a	n/a	recovery	False	True
8533.66647	0.24954000000070664	trials	visual	white circle	n/a	n/a	n/a	recovery	False	True
8537.86996	0.2495600000002014	trials	visual	white circle	n/a	n/a	n/a	recovery	False	True
8541.87332	0.24957999999969616	trials	visual	white circle	n/a	n/a	n/a	recovery	False	True
8545.64315	0.2495600000002014	trials	visual	white circle	n/a	n/a	n/a	recovery	False	True
8549.41298	0.24954000000070664	trials	visual	white circle	n/a	n/a	n/a	recovery	True	True
8553.23284	0.24954999999863503	trials	visual	white circle	n/a	n/a	n/a	recovery	True	True
8557.82001	0.24954000000070664	trials	visual	white circle	n/a	n/a	n/a	recovery	True	True
8561.62318	0.2495600000002014	trials	visual	white circle	n/a	n/a	n/a	recovery	True	True
8566.22704	0.24955000000045402	trials	visual	white circle	n/a	n/a	n/a	recovery	True	True
8570.33048	0.24954999999863503	trials	visual	white circle	n/a	n/a	n/a	recovery	True	True
8574.30045	0.2495600000002014	trials	visual	white circle	n/a	n/a	n/a	recovery	True	True
8578.17038	0.24952000000121188	trials	visual	white circle	n/a	n/a	n/a	recovery	False	True
8582.05697	0.24952000000121188	trials	visual	white circle	n/a	n/a	n/a	recovery	True	True
8586.61078	0.24954999999863503	trials	visual	white circle	n/a	n/a	n/a	recovery	True	True
8590.61409	0.24958000000151515	trials	visual	white circle	n/a	n/a	n/a	recovery	False	True
8594.61747	0.24954000000070664	trials	visual	white circle	n/a	n/a	n/a	recovery	True	True
8599.17126	0.24956999999994878	trials	visual	white circle	n/a	n/a	n/a	recovery	True	False
8603.30807	0.24954000000070664	trials	visual	white circle	n/a	n/a	n/a	recovery	True	True
8607.96198	0.24954000000070664	trials	visual	white circle	n/a	n/a	n/a	recovery	True	False
8611.93193	0.24956999999994878	trials	visual	white circle	n/a	n/a	n/a	recovery	False	True
8616.15213	0.24957999999969616	trials	visual	white circle	n/a	n/a	n/a	recovery	False	True
8620.72262	0.24958999999944353	trials	visual	white circle	n/a	n/a	n/a	recovery	False	True
8624.7927	0.24956999999994878	trials	visual	white circle	n/a	n/a	n/a	recovery	False	True
8628.74602	0.2495199999993929	trials	visual	white circle	n/a	n/a	n/a	recovery	False	True
8633.03294	0.24956999999994878	trials	visual	white circle	n/a	n/a	n/a	recovery	False	True
8637.65347	0.24956999999994878	trials	visual	white circle	n/a	n/a	n/a	recovery	False	True
8641.65683	0.24954000000070664	trials	visual	white circle	n/a	n/a	n/a	recovery	False	True
8646.02714	0.2495600000002014	trials	visual	white circle	n/a	n/a	n/a	recovery	False	True
8650.69771	0.24955000000045402	trials	visual	white circle	n/a	n/a	n/a	recovery	False	True
8654.71773	0.2495600000002014	trials	visual	white circle	n/a	n/a	n/a	recovery	False	True
8659.30491	0.24956999999994878	trials	visual	white circle	n/a	n/a	n/a	recovery	False	True
8663.54182	0.24950999999964552	trials	visual	white circle	n/a	n/a	n/a	recovery	False	True
8667.91212	0.24954999999863503	trials	visual	white circle	n/a	n/a	n/a	recovery	False	True
8672.09894	0.24957999999969616	trials	visual	white circle	n/a	n/a	n/a	recovery	False	True
8675.86876	0.2495600000002014	trials	visual	white circle	n/a	n/a	n/a	recovery	False	True
8680.13905	0.24953000000095926	trials	visual	white circle	n/a	n/a	n/a	recovery	False	True
8684.69282	0.24957999999969616	trials	visual	white circle	n/a	n/a	n/a	recovery	False	True
8688.94639	0.24954000000070664	trials	visual	white circle	n/a	n/a	n/a	recovery	False	True
8692.94971	0.24958999999944353	trials	visual	white circle	n/a	n/a	n/a	recovery	False	True
8696.80297	0.24954999999863503	trials	visual	white circle	n/a	n/a	n/a	recovery	False	True
8701.42348	0.2495600000002014	trials	visual	white circle	n/a	n/a	n/a	recovery	False	True
8705.89389	0.24956999999994878	trials	visual	white circle	n/a	n/a	n/a	recovery	False	True
8710.06405	0.24957999999969616	trials	visual	white circle	n/a	n/a	n/a	recovery	False	True
8714.51776	0.24958999999944353	trials	visual	white circle	n/a	n/a	n/a	recovery	False	True
8719.23838	0.24956999999994878	trials	visual	white circle	n/a	n/a	n/a	recovery	False	True
8774.45304	0.0003999999989900971	trials	electrical	biphasic	40	MOs	deep	recovery	False	True
8777.98605	0.0004000000008090865	trials	electrical	biphasic	20	MOs	deep	recovery	False	True
8782.04767	0.0004000000008090865	trials	electrical	biphasic	40	MOs	deep	recovery	False	True
8786.42995	0.0004000000008090865	trials	electrical	biphasic	70	MOs	deep	recovery	False	True
8790.59955	0.0003999999989900971	trials	electrical	biphasic	70	MOs	deep	recovery	False	True
8794.2904	0.00041000000055646524	trials	electrical	biphasic	70	MOs	deep	recovery	False	True
8798.15974	0.0004000000008090865	trials	electrical	biphasic	70	MOs	deep	recovery	False	True
8802.12088	0.0003999999989900971	trials	electrical	biphasic	20	MOs	deep	recovery	False	True
8806.60294	0.0003999999989900971	trials	electrical	biphasic	20	MOs	deep	recovery	False	True
8810.25976	0.0003999999989900971	trials	electrical	biphasic	20	MOs	deep	recovery	False	True
8814.61569	0.0003999999989900971	trials	electrical	biphasic	70	MOs	deep	recovery	False	True
8818.76087	0.0004000000008090865	trials	electrical	biphasic	70	MOs	deep	recovery	False	True
8822.63757	0.0003999999989900971	trials	electrical	biphasic	40	MOs	deep	recovery	False	True
8826.32891	0.0003999999989900971	trials	electrical	biphasic	20	MOs	deep	recovery	False	True
8830.25758	0.0004000000008090865	trials	electrical	biphasic	40	MOs	deep	recovery	False	True
8834.24002	0.0004000000008090865	trials	electrical	biphasic	70	MOs	deep	recovery	False	True
8837.86106	0.0004000000008090865	trials	electrical	biphasic	20	MOs	deep	recovery	False	True
8841.95098	0.0004000000008090865	trials	electrical	biphasic	70	MOs	deep	recovery	False	True
8845.67757	0.0004000000008090865	trials	electrical	biphasic	40	MOs	deep	recovery	False	True
8849.56261	0.0003999999989900971	trials	electrical	biphasic	70	MOs	deep	recovery	False	True
8853.64601	0.0003999999989900971	trials	electrical	biphasic	70	MOs	deep	recovery	False	True
8857.39822	0.00041000000055646524	trials	electrical	biphasic	20	MOs	deep	recovery	False	True
8861.18908	0.0003999999989900971	trials	electrical	biphasic	40	MOs	deep	recovery	False	True
8865.3066	0.0004000000008090865	trials	electrical	biphasic	20	MOs	deep	recovery	False	True
8869.0723	0.0004000000008090865	trials	electrical	biphasic	40	MOs	deep	recovery	False	True
8873.3971	0.0003999999989900971	trials	electrical	biphasic	70	MOs	deep	recovery	False	True
8877.88018	0.0003999999989900971	trials	electrical	biphasic	20	MOs	deep	recovery	False	True
8882.11084	0.0004000000008090865	trials	electrical	biphasic	40	MOs	deep	recovery	False	True
8885.95513	0.0003999999989900971	trials	electrical	biphasic	70	MOs	deep	recovery	False	True
8890.03961	0.0004000000008090865	trials	electrical	biphasic	40	MOs	deep	recovery	False	True
8893.64779	0.0003999999989900971	trials	electrical	biphasic	70	MOs	deep	recovery	False	True
8898.05451	0.0004000000008090865	trials	electrical	biphasic	20	MOs	deep	recovery	False	True
8902.43459	0.0003999999989900971	trials	electrical	biphasic	20	MOs	deep	recovery	False	True
8906.75277	0.0004000000008090865	trials	electrical	biphasic	70	MOs	deep	recovery	False	True
8910.5139	0.0004000000008090865	trials	electrical	biphasic	70	MOs	deep	recovery	False	True
8914.60868	0.0004000000008090865	trials	electrical	biphasic	40	MOs	deep	recovery	False	True
8918.13162	0.0003999999989900971	trials	electrical	biphasic	70	MOs	deep	recovery	False	True
8922.05729	0.0003999999989900971	trials	electrical	biphasic	40	MOs	deep	recovery	False	True
8925.87043	0.0003999999989900971	trials	electrical	biphasic	40	MOs	deep	recovery	False	True
8929.53233	0.0004000000008090865	trials	electrical	biphasic	40	MOs	deep	recovery	False	True
8933.2115	0.0004000000008090865	trials	electrical	biphasic	20	MOs	deep	recovery	False	True
8937.1348	0.0004000000008090865	trials	electrical	biphasic	40	MOs	deep	recovery	False	True
8940.72944	0.0004000000008090865	trials	electrical	biphasic	20	MOs	deep	recovery	False	True
8944.82838	0.0003999999989900971	trials	electrical	biphasic	70	MOs	deep	recovery	False	True
8948.79971	0.0004000000008090865	trials	electrical	biphasic	20	MOs	deep	recovery	False	True
8952.99607	0.0004000000008090865	trials	electrical	biphasic	40	MOs	deep	recovery	False	True
8957.19637	0.0004000000008090865	trials	electrical	biphasic	70	MOs	deep	recovery	False	True
8961.33533	0.0004000000008090865	trials	electrical	biphasic	40	MOs	deep	recovery	False	True
8964.86935	0.0003999999989900971	trials	electrical	biphasic	70	MOs	deep	recovery	False	True
8968.43856	0.0003999999989900971	trials	electrical	biphasic	20	MOs	deep	recovery	False	True
8972.25858	0.0004000000008090865	trials	electrical	biphasic	20	MOs	deep	recovery	False	True
8976.28986	0.0003999999989900971	trials	electrical	biphasic	40	MOs	deep	recovery	False	True
8980.44472	0.0004000000008090865	trials	electrical	biphasic	40	MOs	deep	recovery	False	True
8984.35275	0.0004000000008090865	trials	electrical	biphasic	20	MOs	deep	recovery	False	True
8988.67315	0.0003999999989900971	trials	electrical	biphasic	70	MOs	deep	recovery	False	True
8992.89193	0.0004000000008090865	trials	electrical	biphasic	20	MOs	deep	recovery	False	True
8997.36099	0.0004000000008090865	trials	electrical	biphasic	20	MOs	deep	recovery	False	True
9001.39275	0.0003999999989900971	trials	electrical	biphasic	20	MOs	deep	recovery	True	True
9005.21831	0.0003999999989900971	trials	electrical	biphasic	20	MOs	deep	recovery	False	True
9008.82434	0.0004000000008090865	trials	electrical	biphasic	20	MOs	deep	recovery	False	True
9012.93572	0.0004000000008090865	trials	electrical	biphasic	70	MOs	deep	recovery	False	True
9017.21494	0.0004000000008090865	trials	electrical	biphasic	70	MOs	deep	recovery	False	True
9021.13882	0.0003999999989900971	trials	electrical	biphasic	40	MOs	deep	recovery	False	True
9024.73006	0.0004000000008090865	trials	electrical	biphasic	40	MOs	deep	recovery	False	True
9028.49695	0.0003999999989900971	trials	electrical	biphasic	70	MOs	deep	recovery	False	True
9032.15103	0.0003999999989900971	trials	electrical	biphasic	20	MOs	deep	recovery	False	True
9035.93245	0.0003999999989900971	trials	electrical	biphasic	70	MOs	deep	recovery	False	True
9039.87295	0.0003999999989900971	trials	electrical	biphasic	70	MOs	deep	recovery	False	True
9043.9005	0.0004000000008090865	trials	electrical	biphasic	40	MOs	deep	recovery	False	True
9047.85834	0.0003999999989900971	trials	electrical	biphasic	70	MOs	deep	recovery	False	True
9052.23414	0.0003999999989900971	trials	electrical	biphasic	40	MOs	deep	recovery	False	True
9056.25262	0.0004000000008090865	trials	electrical	biphasic	40	MOs	deep	recovery	False	True
9060.69666	0.0004000000008090865	trials	electrical	biphasic	40	MOs	deep	recovery	False	True
9064.83478	0.0004000000008090865	trials	electrical	biphasic	20	MOs	deep	recovery	False	True
9069.2929	0.0003999999989900971	trials	electrical	biphasic	40	MOs	deep	recovery	False	True
9073.03402	0.0004000000008090865	trials	electrical	biphasic	40	MOs	deep	recovery	False	True
9077.21056	0.0004000000008090865	trials	electrical	biphasic	20	MOs	deep	recovery	False	True
9081.00003	0.0004000000008090865	trials	electrical	biphasic	70	MOs	deep	recovery	False	True
9085.17225	0.0004000000008090865	trials	electrical	biphasic	70	MOs	deep	recovery	False	True
9089.36781	0.0004000000008090865	trials	electrical	biphasic	40	MOs	deep	recovery	False	True
9092.93623	0.0004000000008090865	trials	electrical	biphasic	40	MOs	deep	recovery	False	True
9096.69144	0.0003999999989900971	trials	electrical	biphasic	20	MOs	deep	recovery	False	True
9100.4159	0.0004000000008090865	trials	electrical	biphasic	40	MOs	deep	recovery	False	True
9104.58416	0.0003999999989900971	trials	electrical	biphasic	40	MOs	deep	recovery	False	True
9108.92898	0.0003999999989900971	trials	electrical	biphasic	20	MOs	deep	recovery	False	True
9112.77386	0.0004000000008090865	trials	electrical	biphasic	40	MOs	deep	recovery	True	True
9117.0548	0.0004000000008090865	trials	electrical	biphasic	70	MOs	deep	recovery	True	True
9121.23056	0.0004000000008090865	trials	electrical	biphasic	40	MOs	deep	recovery	True	True
9124.73769	0.0004000000008090865	trials	electrical	biphasic	70	MOs	deep	recovery	False	True
9128.84029	0.0004000000008090865	trials	electrical	biphasic	40	MOs	deep	recovery	False	True
9132.72749	0.0004000000008090865	trials	electrical	biphasic	70	MOs	deep	recovery	False	True
9137.14391	0.0003999999989900971	trials	electrical	biphasic	40	MOs	deep	recovery	False	True
9140.64548	0.0004000000008090865	trials	electrical	biphasic	40	MOs	deep	recovery	False	True
9144.60834	0.0003999999989900971	trials	electrical	biphasic	20	MOs	deep	recovery	False	True
9148.5331	0.0003999999989900971	trials	electrical	biphasic	20	MOs	deep	recovery	False	True
9152.49444	0.0003999999989900971	trials	electrical	biphasic	20	MOs	deep	recovery	False	True
9156.76502	0.0003999999989900971	trials	electrical	biphasic	20	MOs	deep	recovery	False	True
9160.58792	0.0004000000008090865	trials	electrical	biphasic	20	MOs	deep	recovery	False	True
9164.87308	0.0004000000008090865	trials	electrical	biphasic	40	MOs	deep	recovery	True	True
9168.84485	0.0004000000008090865	trials	electrical	biphasic	40	MOs	deep	recovery	True	True
9172.38103	0.0003999999989900971	trials	electrical	biphasic	70	MOs	deep	recovery	True	True
9176.05733	0.0004000000008090865	trials	electrical	biphasic	40	MOs	deep	recovery	True	True
9180.27951	0.0003999999989900971	trials	electrical	biphasic	70	MOs	deep	recovery	False	True
9184.2534	0.0004000000008090865	trials	electrical	biphasic	20	MOs	deep	recovery	False	True
9187.90654	0.0004000000008090865	trials	electrical	biphasic	40	MOs	deep	recovery	False	True
9191.74808	0.0004000000008090865	trials	electrical	biphasic	70	MOs	deep	recovery	False	True
9195.85588	0.0004000000008090865	trials	electrical	biphasic	20	MOs	deep	recovery	False	True
9199.54803	0.0004000000008090865	trials	electrical	biphasic	20	MOs	deep	recovery	False	True
9203.78687	0.0004000000008090865	trials	electrical	biphasic	20	MOs	deep	recovery	False	True
9207.53015	0.0003999999989900971	trials	electrical	biphasic	20	MOs	deep	recovery	False	True
9211.94799	0.0003999999989900971	trials	electrical	biphasic	70	MOs	deep	recovery	False	True
9215.71747	0.0004000000008090865	trials	electrical	biphasic	40	MOs	deep	recovery	False	True
9219.98339	0.0004000000008090865	trials	electrical	biphasic	40	MOs	deep	recovery	False	True
9223.67247	0.0004000000008090865	trials	electrical	biphasic	40	MOs	deep	recovery	False	True
9227.46038	0.0003999999989900971	trials	electrical	biphasic	70	MOs	deep	recovery	False	True
9231.05192	0.0004000000008090865	trials	electrical	biphasic	40	MOs	deep	recovery	False	True
9235.12854	0.0004000000008090865	trials	electrical	biphasic	40	MOs	deep	recovery	False	True
9239.31232	0.0003999999989900971	trials	electrical	biphasic	20	MOs	deep	recovery	False	True
9243.35934	0.0003999999989900971	trials	electrical	biphasic	20	MOs	deep	recovery	False	True
9247.28547	0.0003999999989900971	trials	electrical	biphasic	40	MOs	deep	recovery	False	True
9251.43033	0.0004000000008090865	trials	electrical	biphasic	70	MOs	deep	recovery	False	True
9255.57837	0.0004000000008090865	trials	electrical	biphasic	70	MOs	deep	recovery	False	True
9259.75781	0.0004000000008090865	trials	electrical	biphasic	20	MOs	deep	recovery	False	True
9263.89401	0.0004000000008090865	trials	electrical	biphasic	40	MOs	deep	recovery	False	True
9268.33961	0.0003999999989900971	trials	electrical	biphasic	70	MOs	deep	recovery	False	True
9272.04897	0.0004000000008090865	trials	electrical	biphasic	20	MOs	deep	recovery	False	True
9276.25867	0.0004000000008090865	trials	electrical	biphasic	20	MOs	deep	recovery	False	True
9279.99533	0.0004000000008090865	trials	electrical	biphasic	40	MOs	deep	recovery	False	True
9283.61514	0.0004000000008090865	trials	electrical	biphasic	40	MOs	deep	recovery	False	True
9287.72286	0.0004000000008090865	trials	electrical	biphasic	20	MOs	deep	recovery	False	True
9291.67342	0.0004000000008090865	trials	electrical	biphasic	40	MOs	deep	recovery	False	True
9295.63256	0.0004000000008090865	trials	electrical	biphasic	70	MOs	deep	recovery	False	True
9299.79492	0.0003999999989900971	trials	electrical	biphasic	40	MOs	deep	recovery	False	True
9304.06562	0.0004000000008090865	trials	electrical	biphasic	40	MOs	deep	recovery	False	True
9307.91625	0.0003999999989900971	trials	electrical	biphasic	70	MOs	deep	recovery	False	True
9312.07869	0.0003999999989900971	trials	electrical	biphasic	40	MOs	deep	recovery	False	True
9315.99527	0.0004000000008090865	trials	electrical	biphasic	20	MOs	deep	recovery	False	True
9320.33761	0.0003999999989900971	trials	electrical	biphasic	20	MOs	deep	recovery	False	True
9324.67095	0.0004000000008090865	trials	electrical	biphasic	40	MOs	deep	recovery	False	True
9328.42781	0.0004000000008090865	trials	electrical	biphasic	70	MOs	deep	recovery	False	True
9332.54169	0.0004000000008090865	trials	electrical	biphasic	20	MOs	deep	recovery	False	True
9336.62435	0.0004000000008090865	trials	electrical	biphasic	70	MOs	deep	recovery	False	True
9340.66551	0.0003999999989900971	trials	electrical	biphasic	70	MOs	deep	recovery	False	True
9345.03587	0.0004000000008090865	trials	electrical	biphasic	40	MOs	deep	recovery	False	True
9348.80106	0.0004000000008090865	trials	electrical	biphasic	40	MOs	deep	recovery	False	True
9352.61956	0.0004000000008090865	trials	electrical	biphasic	40	MOs	deep	recovery	False	True
9356.2392	0.0004000000008090865	trials	electrical	biphasic	40	MOs	deep	recovery	False	True
9360.67944	0.0004000000008090865	trials	electrical	biphasic	70	MOs	deep	recovery	False	True
9364.82542	0.0004000000008090865	trials	electrical	biphasic	40	MOs	deep	recovery	False	True
9368.8053	0.0004000000008090865	trials	electrical	biphasic	70	MOs	deep	recovery	False	True
9372.94504	0.0003999999989900971	trials	electrical	biphasic	20	MOs	deep	recovery	False	True
9376.99017	0.00041000000055646524	trials	electrical	biphasic	70	MOs	deep	recovery	False	True
9381.13791	0.0004000000008090865	trials	electrical	biphasic	40	MOs	deep	recovery	False	True
9385.18221	0.0003999999989900971	trials	electrical	biphasic	40	MOs	deep	recovery	False	True
9389.40367	0.0004000000008090865	trials	electrical	biphasic	40	MOs	deep	recovery	False	True
9393.42659	0.0004000000008090865	trials	electrical	biphasic	70	MOs	deep	recovery	False	True
9397.92071	0.0003999999989900971	trials	electrical	biphasic	70	MOs	deep	recovery	False	True
9401.63981	0.0003999999989900971	trials	electrical	biphasic	40	MOs	deep	recovery	False	True
9405.24603	0.0003999999989900971	trials	electrical	biphasic	40	MOs	deep	recovery	False	True
9408.85614	0.0004000000008090865	trials	electrical	biphasic	20	MOs	deep	recovery	False	True
9412.42016	0.0004000000008090865	trials	electrical	biphasic	40	MOs	deep	recovery	False	True
9416.32516	0.0003999999989900971	trials	electrical	biphasic	20	MOs	deep	recovery	False	True
9420.27396	0.0003999999989900971	trials	electrical	biphasic	20	MOs	deep	recovery	False	True
9424.14019	0.0004000000008090865	trials	electrical	biphasic	40	MOs	deep	recovery	False	True
9428.40411	0.0004000000008090865	trials	electrical	biphasic	20	MOs	deep	recovery	False	True
9432.53243	0.0004000000008090865	trials	electrical	biphasic	40	MOs	deep	recovery	False	True
9436.80483	0.0004000000008090865	trials	electrical	biphasic	70	MOs	deep	recovery	False	True
9441.23811	0.0003999999989900971	trials	electrical	biphasic	70	MOs	deep	recovery	False	True
9445.71128	0.0004000000008090865	trials	electrical	biphasic	20	MOs	deep	recovery	False	True
9449.40371	0.0003999999989900971	trials	electrical	biphasic	40	MOs	deep	recovery	False	True
9453.04301	0.0004000000008090865	trials	electrical	biphasic	70	MOs	deep	recovery	False	True
9457.23969	0.0003999999989900971	trials	electrical	biphasic	20	MOs	deep	recovery	False	True
9460.83393	0.0003999999989900971	trials	electrical	biphasic	70	MOs	deep	recovery	False	True
9464.85975	0.0004000000008090865	trials	electrical	biphasic	20	MOs	deep	recovery	False	True
9468.8905	0.0004000000008090865	trials	electrical	biphasic	40	MOs	deep	recovery	False	True
9473.25206	0.0003999999989900971	trials	electrical	biphasic	70	MOs	deep	recovery	False	True
9477.23734	0.0004000000008090865	trials	electrical	biphasic	70	MOs	deep	recovery	False	True
9481.13122	0.0004000000008090865	trials	electrical	biphasic	40	MOs	deep	recovery	False	True
9485.30308	0.0004000000008090865	trials	electrical	biphasic	70	MOs	deep	recovery	False	True
9489.54476	0.0003999999989900971	trials	electrical	biphasic	20	MOs	deep	recovery	True	True
9493.56524	0.0004000000008090865	trials	electrical	biphasic	70	MOs	deep	recovery	True	True
9497.41338	0.0004000000008090865	trials	electrical	biphasic	40	MOs	deep	recovery	False	True
9501.0638	0.0004000000008090865	trials	electrical	biphasic	70	MOs	deep	recovery	True	True
9505.15031	0.0003999999989900971	trials	electrical	biphasic	20	MOs	deep	recovery	True	True
9508.91287	0.0003999999989900971	trials	electrical	biphasic	70	MOs	deep	recovery	True	True
9512.45775	0.0004000000008090865	trials	electrical	biphasic	70	MOs	deep	recovery	False	True
9516.71311	0.0003999999989900971	trials	electrical	biphasic	20	MOs	deep	recovery	False	True
9520.45631	0.0004000000008090865	trials	electrical	biphasic	40	MOs	deep	recovery	False	True
9524.39913	0.0004000000008090865	trials	electrical	biphasic	40	MOs	deep	recovery	True	True
9528.58734	0.0004000000008090865	trials	electrical	biphasic	40	MOs	deep	recovery	True	True
9532.44698	0.0003999999989900971	trials	electrical	biphasic	40	MOs	deep	recovery	False	True
9536.68374	0.0003999999989900971	trials	electrical	biphasic	70	MOs	deep	recovery	True	True
9540.57886	0.0004000000008090865	trials	electrical	biphasic	70	MOs	deep	recovery	True	True
9544.7627	0.0004000000008090865	trials	electrical	biphasic	70	MOs	deep	recovery	True	True
9548.96716	0.0003999999989900971	trials	electrical	biphasic	70	MOs	deep	recovery	True	False
9552.90988	0.0004000000008090865	trials	electrical	biphasic	20	MOs	deep	recovery	True	True
9556.42988	0.0004000000008090865	trials	electrical	biphasic	20	MOs	deep	recovery	False	True
9560.26115	0.0003999999989900971	trials	electrical	biphasic	40	MOs	deep	recovery	False	True
9564.18587	0.0004000000008090865	trials	electrical	biphasic	20	MOs	deep	recovery	False	True
9567.95657	0.0003999999989900971	trials	electrical	biphasic	70	MOs	deep	recovery	False	True
9571.65405	0.0004000000008090865	trials	electrical	biphasic	70	MOs	deep	recovery	False	True
9575.97619	0.0004000000008090865	trials	electrical	biphasic	20	MOs	deep	recovery	False	True
9579.90653	0.0003999999989900971	trials	electrical	biphasic	40	MOs	deep	recovery	True	True
9584.29473	0.0004000000008090865	trials	electrical	biphasic	20	MOs	deep	recovery	False	True
9588.18633	0.0003999999989900971	trials	electrical	biphasic	70	MOs	deep	recovery	False	True
9592.45587	0.0004000000008090865	trials	electrical	biphasic	20	MOs	deep	recovery	False	True
9596.35308	0.0003999999989900971	trials	electrical	biphasic	40	MOs	deep	recovery	False	True
9600.66202	0.0004000000008090865	trials	electrical	biphasic	40	MOs	deep	recovery	False	True
9604.91752	0.0003999999989900971	trials	electrical	biphasic	20	MOs	deep	recovery	False	True
9608.79534	0.0003999999989900971	trials	electrical	biphasic	20	MOs	deep	recovery	False	True
9612.51178	0.0003999999989900971	trials	electrical	biphasic	40	MOs	deep	recovery	False	True
9616.8026	0.0003999999989900971	trials	electrical	biphasic	70	MOs	deep	recovery	False	True
9621.25232	0.0004000000008090865	trials	electrical	biphasic	70	MOs	deep	recovery	False	True
9625.0803	0.0004000000008090865	trials	electrical	biphasic	40	MOs	deep	recovery	False	True
9629.25198	0.0004000000008090865	trials	electrical	biphasic	20	MOs	deep	recovery	False	True
9633.19104	0.0004000000008090865	trials	electrical	biphasic	20	MOs	deep	recovery	False	True
9637.52496	0.0003999999989900971	trials	electrical	biphasic	40	MOs	deep	recovery	False	True
9641.79424	0.0004000000008090865	trials	electrical	biphasic	40	MOs	deep	recovery	False	True
9645.46192	0.0004000000008090865	trials	electrical	biphasic	20	MOs	deep	recovery	False	True
9649.82432	0.0004000000008090865	trials	electrical	biphasic	40	MOs	deep	recovery	False	True
9654.31462	0.0004000000008090865	trials	electrical	biphasic	70	MOs	deep	recovery	False	True
9658.32946	0.0003999999989900971	trials	electrical	biphasic	20	MOs	deep	recovery	False	True
9662.71416	0.0004000000008090865	trials	electrical	biphasic	70	MOs	deep	recovery	False	True
9666.8026	0.0003999999989900971	trials	electrical	biphasic	40	MOs	deep	recovery	False	True
9670.45778	0.0003999999989900971	trials	electrical	biphasic	40	MOs	deep	recovery	True	True
9674.15806	0.0004000000008090865	trials	electrical	biphasic	70	MOs	deep	recovery	True	True
9678.06544	0.0003999999989900971	trials	electrical	biphasic	40	MOs	deep	recovery	False	True
9682.31456	0.0003999999989900971	trials	electrical	biphasic	70	MOs	deep	recovery	False	True
9686.64056	0.0004000000008090865	trials	electrical	biphasic	20	MOs	deep	recovery	False	True
9690.93094	0.0003999999989900971	trials	electrical	biphasic	40	MOs	deep	recovery	False	True
9694.74988	0.0004000000008090865	trials	electrical	biphasic	20	MOs	deep	recovery	False	True
9698.78436	0.0004000000008090865	trials	electrical	biphasic	40	MOs	deep	recovery	False	True
9702.37474	0.0004000000008090865	trials	electrical	biphasic	70	MOs	deep	recovery	False	True
9705.98686	0.0003999999989900971	trials	electrical	biphasic	40	MOs	deep	recovery	False	True
9709.62358	0.0004000000008090865	trials	electrical	biphasic	70	MOs	deep	recovery	False	True
9713.80266	0.0004000000008090865	trials	electrical	biphasic	20	MOs	deep	recovery	False	True
9717.79826	0.0004000000008090865	trials	electrical	biphasic	20	MOs	deep	recovery	False	True
9721.4884	0.0003999999989900971	trials	electrical	biphasic	20	MOs	deep	recovery	False	True
9725.48382	0.0004000000008090865	trials	electrical	biphasic	20	MOs	deep	recovery	False	True
9729.13184	0.0004000000008090865	trials	electrical	biphasic	70	MOs	deep	recovery	False	True
9732.68723	0.0004000000008090865	trials	electrical	biphasic	70	MOs	deep	recovery	False	True
9737.03838	0.0004000000008090865	trials	electrical	biphasic	70	MOs	deep	recovery	False	True
9741.09936	0.0003999999989900971	trials	electrical	biphasic	70	MOs	deep	recovery	False	True
9745.52938	0.0004000000008090865	trials	electrical	biphasic	20	MOs	deep	recovery	False	True
9749.72646	0.0004000000008090865	trials	electrical	biphasic	70	MOs	deep	recovery	False	True
9753.80968	0.00041000000055646524	trials	electrical	biphasic	20	MOs	deep	recovery	False	True
9758.12551	0.0004000000008090865	trials	electrical	biphasic	70	MOs	deep	recovery	False	True
9762.50495	0.0003999999989900971	trials	electrical	biphasic	70	MOs	deep	recovery	False	True
9766.9943	0.0003999999989900971	trials	electrical	biphasic	40	MOs	deep	recovery	False	True
9770.49523	0.0003999999989900971	trials	electrical	biphasic	20	MOs	deep	recovery	False	True
9774.8611	0.0004000000008090865	trials	electrical	biphasic	20	MOs	deep	recovery	False	True
9778.97408	0.0004000000008090865	trials	electrical	biphasic	70	MOs	deep	recovery	False	True
9783.46446	0.0004000000008090865	trials	electrical	biphasic	70	MOs	deep	recovery	False	True
9787.49257	0.0003999999989900971	trials	electrical	biphasic	20	MOs	deep	recovery	False	True
9791.47251	0.0004000000008090865	trials	electrical	biphasic	70	MOs	deep	recovery	True	True
9795.77427	0.0004000000008090865	trials	electrical	biphasic	20	MOs	deep	recovery	True	True
9799.50253	0.0004000000008090865	trials	electrical	biphasic	20	MOs	deep	recovery	True	True
9803.50105	0.0003999999989900971	trials	electrical	biphasic	40	MOs	deep	recovery	True	True
9807.90234	0.0003999999989900971	trials	electrical	biphasic	70	MOs	deep	recovery	True	True
9811.97742	0.0004000000008090865	trials	electrical	biphasic	70	MOs	deep	recovery	True	True
9816.32302	0.0004000000008090865	trials	electrical	biphasic	70	MOs	deep	recovery	False	True
9820.56209	0.0004000000008090865	trials	electrical	biphasic	70	MOs	deep	recovery	False	True
9824.64849	0.0004000000008090865	trials	electrical	biphasic	70	MOs	deep	recovery	False	True
9828.39565	0.0003999999989900971	trials	electrical	biphasic	40	MOs	deep	recovery	True	True
9832.56249	0.0003999999989900971	trials	electrical	biphasic	70	MOs	deep	recovery	True	True
9836.14639	0.0004000000008090865	trials	electrical	biphasic	20	MOs	deep	recovery	False	True
9840.27278	0.0004000000008090865	trials	electrical	biphasic	70	MOs	deep	recovery	True	True
9844.43414	0.0004000000008090865	trials	electrical	biphasic	40	MOs	deep	recovery	True	True
9848.66432	0.0004000000008090865	trials	electrical	biphasic	20	MOs	deep	recovery	True	True
9853.05551	0.0003999999989900971	trials	electrical	biphasic	20	MOs	deep	recovery	True	True
9857.53823	0.00041000000055646524	trials	electrical	biphasic	20	MOs	deep	recovery	True	True
9861.80768	0.0004000000008090865	trials	electrical	biphasic	20	MOs	deep	recovery	False	True
9865.88954	0.0003999999989900971	trials	electrical	biphasic	20	MOs	deep	recovery	False	True
9870.31829	0.0004000000008090865	trials	electrical	biphasic	20	MOs	deep	recovery	False	True
9874.39881	0.0003999999989900971	trials	electrical	biphasic	20	MOs	deep	recovery	False	True
9877.91621	0.0004000000008090865	trials	electrical	biphasic	40	MOs	deep	recovery	False	True
9881.53749	0.0003999999989900971	trials	electrical	biphasic	40	MOs	deep	recovery	False	True
9885.90064	0.0004000000008090865	trials	electrical	biphasic	70	MOs	deep	recovery	False	True
9889.88536	0.0003999999989900971	trials	electrical	biphasic	20	MOs	deep	recovery	False	True
9894.23065	0.0004000000008090865	trials	electrical	biphasic	40	MOs	deep	recovery	False	True
9897.94047	0.0004000000008090865	trials	electrical	biphasic	40	MOs	deep	recovery	False	True
9901.99319	0.0004000000008090865	trials	electrical	biphasic	20	MOs	deep	recovery	False	True
9906.12349	0.0004000000008090865	trials	electrical	biphasic	20	MOs	deep	recovery	False	True
9909.65591	0.0004000000008090865	trials	electrical	biphasic	40	MOs	deep	recovery	False	True
9913.77106	0.0004000000008090865	trials	electrical	biphasic	20	MOs	deep	recovery	False	True
9917.6339	0.0003999999989900971	trials	electrical	biphasic	70	MOs	deep	recovery	False	True
9921.18386	0.0004000000008090865	trials	electrical	biphasic	40	MOs	deep	recovery	False	True
9925.17387	0.0003999999989900971	trials	electrical	biphasic	20	MOs	deep	recovery	False	True
9928.86681	0.0004000000008090865	trials	electrical	biphasic	70	MOs	deep	recovery	False	True
9932.49031	0.0004000000008090865	trials	electrical	biphasic	70	MOs	deep	recovery	False	True
9936.19623	0.0004000000008090865	trials	electrical	biphasic	70	MOs	deep	recovery	False	True
9939.84317	0.0004000000008090865	trials	electrical	biphasic	70	MOs	deep	recovery	False	True
9943.53267	0.0003999999989900971	trials	electrical	biphasic	40	MOs	deep	recovery	False	True
9947.07575	0.0004000000008090865	trials	electrical	biphasic	20	MOs	deep	recovery	False	True
9951.21138	0.0003999999989900971	trials	electrical	biphasic	20	MOs	deep	recovery	False	True
9954.99366	0.0004000000008090865	trials	electrical	biphasic	40	MOs	deep	recovery	False	True
9959.03269	0.0004000000008090865	trials	electrical	biphasic	70	MOs	deep	recovery	False	True
9963.22827	0.0004000000008090865	trials	electrical	biphasic	40	MOs	deep	recovery	False	True
9967.22781	0.0003999999989900971	trials	electrical	biphasic	70	MOs	deep	recovery	False	True
9971.26404	0.0004000000008090865	trials	electrical	biphasic	40	MOs	deep	recovery	False	True
9975.20964	0.0004000000008090865	trials	electrical	biphasic	20	MOs	deep	recovery	False	True
9978.834	0.0003999999989900971	trials	electrical	biphasic	70	MOs	deep	recovery	False	True
9982.82479	0.0003999999989900971	trials	electrical	biphasic	20	MOs	deep	recovery	False	True
9987.17821	0.0004000000008090865	trials	electrical	biphasic	20	MOs	deep	recovery	False	True
9991.55256	0.0004000000008090865	trials	electrical	biphasic	70	MOs	deep	recovery	False	True
9995.32328	0.0003999999989900971	trials	electrical	biphasic	20	MOs	deep	recovery	False	True
9999.03216	0.0003999999989900971	trials	electrical	biphasic	40	MOs	deep	recovery	False	True
10003.09757	0.0004000000008090865	trials	electrical	biphasic	20	MOs	deep	recovery	False	True
10007.23831	0.0003999999989900971	trials	electrical	biphasic	40	MOs	deep	recovery	False	True
10011.15576	0.0004000000008090865	trials	electrical	biphasic	70	MOs	deep	recovery	False	True
10014.86216	0.0003999999989900971	trials	electrical	biphasic	40	MOs	deep	recovery	False	True
10019.31053	0.0003999999989900971	trials	electrical	biphasic	40	MOs	deep	recovery	False	True
10022.89303	0.0004000000008090865	trials	electrical	biphasic	40	MOs	deep	recovery	False	True
10026.49915	0.0004000000008090865	trials	electrical	biphasic	70	MOs	deep	recovery	False	True
10030.14161	0.0003999999989900971	trials	electrical	biphasic	70	MOs	deep	recovery	False	True
10033.8085	0.0004000000008090865	trials	electrical	biphasic	20	MOs	deep	recovery	True	True
10037.92988	0.0004000000008090865	trials	electrical	biphasic	70	MOs	deep	recovery	True	True
10042.00403	0.0004000000008090865	trials	electrical	biphasic	40	MOs	deep	recovery	True	True
10045.55653	0.0004000000008090865	trials	electrical	biphasic	40	MOs	deep	recovery	False	True
10049.98815	0.0004000000008090865	trials	electrical	biphasic	70	MOs	deep	recovery	True	True
10054.21724	0.0004000000008090865	trials	electrical	biphasic	70	MOs	deep	recovery	True	True
10058.45551	0.0004000000008090865	trials	electrical	biphasic	40	MOs	deep	recovery	False	True
10062.01933	0.0004000000008090865	trials	electrical	biphasic	20	MOs	deep	recovery	False	True
10066.38019	0.00041000000055646524	trials	electrical	biphasic	40	MOs	deep	recovery	False	True
10070.81502	0.0004000000008090865	trials	electrical	biphasic	70	MOs	deep	recovery	False	True
10075.29985	0.0004000000008090865	trials	electrical	biphasic	20	MOs	deep	recovery	False	True
10079.65922	0.0004000000008090865	trials	electrical	biphasic	20	MOs	deep	recovery	False	True
10083.9452	0.0003999999989900971	trials	electrical	biphasic	20	MOs	deep	recovery	False	True
10087.95901	0.0003999999989900971	trials	electrical	biphasic	20	MOs	deep	recovery	False	True
10091.63703	0.0004000000008090865	trials	electrical	biphasic	70	MOs	deep	recovery	False	True
10095.53604	0.0003999999989900971	trials	electrical	biphasic	40	MOs	deep	recovery	False	True
10099.1704	0.0003999999989900971	trials	electrical	biphasic	70	MOs	deep	recovery	False	True
10102.70172	0.0004000000008090865	trials	electrical	biphasic	20	MOs	deep	recovery	False	True
10107.14129	0.0004000000008090865	trials	electrical	biphasic	40	MOs	deep	recovery	False	True
10110.94301	0.0003999999989900971	trials	electrical	biphasic	20	MOs	deep	recovery	False	True
10114.73898	0.0004000000008090865	trials	electrical	biphasic	20	MOs	deep	recovery	False	True
10118.57234	0.0003999999989900971	trials	electrical	biphasic	40	MOs	deep	recovery	False	True
10122.53982	0.0004000000008090865	trials	electrical	biphasic	40	MOs	deep	recovery	False	True
10126.68845	0.0004000000008090865	trials	electrical	biphasic	70	MOs	deep	recovery	False	True
10130.21409	0.0004000000008090865	trials	electrical	biphasic	40	MOs	deep	recovery	False	True
10134.55672	0.0003999999989900971	trials	electrical	biphasic	20	MOs	deep	recovery	False	True
10138.61619	0.0003999999989900971	trials	electrical	biphasic	70	MOs	deep	recovery	False	True
10142.97071	0.0004000000008090865	trials	electrical	biphasic	40	MOs	deep	recovery	False	True
10146.81902	0.0003999999989900971	trials	electrical	biphasic	20	MOs	deep	recovery	False	True
10150.76546	0.0003999999989900971	trials	electrical	biphasic	20	MOs	deep	recovery	False	True
10154.32012	0.0003999999989900971	trials	electrical	biphasic	20	MOs	deep	recovery	False	True
10157.99765	0.0004000000008090865	trials	electrical	biphasic	20	MOs	deep	recovery	False	True
10162.16087	0.0004000000008090865	trials	electrical	biphasic	20	MOs	deep	recovery	False	True
10165.99212	0.0003999999989900971	trials	electrical	biphasic	40	MOs	deep	recovery	False	True
10170.39103	0.0003999999989900971	trials	electrical	biphasic	70	MOs	deep	recovery	False	True
10174.00961	0.0004000000008090865	trials	electrical	biphasic	20	MOs	deep	recovery	False	True
10178.49846	0.0003999999989900971	trials	electrical	biphasic	20	MOs	deep	recovery	False	True
10182.53886	0.0003999999989900971	trials	electrical	biphasic	70	MOs	deep	recovery	False	True
10186.74621	0.0004000000008090865	trials	electrical	biphasic	70	MOs	deep	recovery	False	True
10191.24614	0.0004000000008090865	trials	electrical	biphasic	40	MOs	deep	recovery	False	True
10195.0344	0.0003999999989900971	trials	electrical	biphasic	70	MOs	deep	recovery	False	True
10198.94935	0.0003999999989900971	trials	electrical	biphasic	70	MOs	deep	recovery	False	True
10202.91461	0.0004000000008090865	trials	electrical	biphasic	70	MOs	deep	recovery	False	True
10207.179	0.0004000000008090865	trials	electrical	biphasic	20	MOs	deep	recovery	False	True
10211.49763	0.0004000000008090865	trials	electrical	biphasic	70	MOs	deep	recovery	False	True
10250.9829	0.24956999999994878	trials	visual	white circle	n/a	n/a	n/a	recovery	True	True
10255.28647	0.24962000000050466	trials	visual	white circle	n/a	n/a	n/a	recovery	True	True
10259.60675	0.24958999999944353	trials	visual	white circle	n/a	n/a	n/a	recovery	True	True
10263.62679	0.24957999999969616	trials	visual	white circle	n/a	n/a	n/a	recovery	True	True
10267.56338	0.24962000000050466	trials	visual	white circle	n/a	n/a	n/a	recovery	True	True
10271.75023	0.24956999999994878	trials	visual	white circle	n/a	n/a	n/a	recovery	True	True
10275.82028	0.24957999999969616	trials	visual	white circle	n/a	n/a	n/a	recovery	True	True
10280.14054	0.24957999999969616	trials	visual	white circle	n/a	n/a	n/a	recovery	True	True
10283.91036	0.24957999999969616	trials	visual	white circle	n/a	n/a	n/a	recovery	True	True
10287.71352	0.24959000000126252	trials	visual	white circle	n/a	n/a	n/a	recovery	False	True
10291.96707	0.24956999999994878	trials	visual	white circle	n/a	n/a	n/a	recovery	False	True
10296.60426	0.24958999999944353	trials	visual	white circle	n/a	n/a	n/a	recovery	True	False
10300.65764	0.24957999999969616	trials	visual	white circle	n/a	n/a	n/a	recovery	True	True
10305.14473	0.24958999999944353	trials	visual	white circle	n/a	n/a	n/a	recovery	True	True
10309.832	0.2495600000002014	trials	visual	white circle	n/a	n/a	n/a	recovery	False	True
10314.48588	0.24956999999994878	trials	visual	white circle	n/a	n/a	n/a	recovery	False	True
10318.25569	0.24956999999994878	trials	visual	white circle	n/a	n/a	n/a	recovery	False	True
10322.67604	0.2495999999991909	trials	visual	white circle	n/a	n/a	n/a	recovery	False	True
10326.64602	0.24957999999969616	trials	visual	white circle	n/a	n/a	n/a	recovery	False	True
10331.2165	0.24957999999969616	trials	visual	white circle	n/a	n/a	n/a	recovery	False	True
10335.18651	0.24955000000045402	trials	visual	white circle	n/a	n/a	n/a	recovery	False	True
10339.17316	0.2495600000002014	trials	visual	white circle	n/a	n/a	n/a	recovery	False	True
10342.94296	0.2495999999991909	trials	visual	white circle	n/a	n/a	n/a	recovery	False	True
10346.97968	0.24957999999969616	trials	visual	white circle	n/a	n/a	n/a	recovery	False	True
10350.78287	0.24957000000176777	trials	visual	white circle	n/a	n/a	n/a	recovery	False	True
10355.01973	0.24957999999969616	trials	visual	white circle	n/a	n/a	n/a	recovery	False	True
10359.74035	0.24956999999994878	trials	visual	white circle	n/a	n/a	n/a	recovery	False	True
10363.61023	0.24957999999969616	trials	visual	white circle	n/a	n/a	n/a	recovery	False	True
10367.91385	0.26625999999851047	trials	visual	white circle	n/a	n/a	n/a	recovery	False	True
10372.55105	0.24956999999994878	trials	visual	white circle	n/a	n/a	n/a	recovery	False	True
10377.23832	0.2495600000002014	trials	visual	white circle	n/a	n/a	n/a	recovery	False	True
10380.99145	0.24955000000045402	trials	visual	white circle	n/a	n/a	n/a	recovery	False	True
10385.11157	0.2495600000002014	trials	visual	white circle	n/a	n/a	n/a	recovery	False	True
10389.66537	0.2495600000002014	trials	visual	white circle	n/a	n/a	n/a	recovery	False	True
10393.96895	0.24957999999969616	trials	visual	white circle	n/a	n/a	n/a	recovery	False	True
10397.85553	0.24958999999944353	trials	visual	white circle	n/a	n/a	n/a	recovery	False	True
10402.15914	0.24956999999994878	trials	visual	white circle	n/a	n/a	n/a	recovery	False	True
10406.37932	0.2495999999991909	trials	visual	white circle	n/a	n/a	n/a	recovery	False	True
10410.14915	0.24959000000126252	trials	visual	white circle	n/a	n/a	n/a	recovery	False	True
10414.48611	0.24956999999994878	trials	visual	white circle	n/a	n/a	n/a	recovery	False	True
10418.87311	0.26626000000032946	trials	visual	white circle	n/a	n/a	n/a	recovery	True	True
10423.51034	0.2495599999983824	trials	visual	white circle	n/a	n/a	n/a	recovery	True	True
10427.4803	0.24958000000151515	trials	visual	white circle	n/a	n/a	n/a	recovery	True	True
10431.46698	0.24958000000151515	trials	visual	white circle	n/a	n/a	n/a	recovery	False	True
10435.62046	0.24957999999969616	trials	visual	white circle	n/a	n/a	n/a	recovery	False	True
10440.22431	0.2495600000002014	trials	visual	white circle	n/a	n/a	n/a	recovery	True	True
10444.16091	0.2496099999989383	trials	visual	white circle	n/a	n/a	n/a	recovery	True	True
10448.16428	0.24956999999994878	trials	visual	white circle	n/a	n/a	n/a	recovery	True	True
10452.618	0.2495600000002014	trials	visual	white circle	n/a	n/a	n/a	recovery	True	False
10457.20519	0.2495600000002014	trials	visual	white circle	n/a	n/a	n/a	recovery	False	True
10461.50878	0.24956999999994878	trials	visual	white circle	n/a	n/a	n/a	recovery	True	True
10465.66223	0.24958999999944353	trials	visual	white circle	n/a	n/a	n/a	recovery	False	True
10469.44877	0.24954999999863503	trials	visual	white circle	n/a	n/a	n/a	recovery	False	True
10473.98591	0.24954000000070664	trials	visual	white circle	n/a	n/a	n/a	recovery	False	True
10477.83913	0.2495600000002014	trials	visual	white circle	n/a	n/a	n/a	recovery	False	True
10482.25948	0.24957999999969616	trials	visual	white circle	n/a	n/a	n/a	recovery	False	True
10486.29619	0.24957000000176777	trials	visual	white circle	n/a	n/a	n/a	recovery	False	True
10490.46632	0.24959000000126252	trials	visual	white circle	n/a	n/a	n/a	recovery	False	True
10494.25285	0.24956999999994878	trials	visual	white circle	n/a	n/a	n/a	recovery	False	True
10498.67319	0.2496000000010099	trials	visual	white circle	n/a	n/a	n/a	recovery	False	True
10503.27704	0.2495999999991909	trials	visual	white circle	n/a	n/a	n/a	recovery	False	True
10507.81421	0.24956999999994878	trials	visual	white circle	n/a	n/a	n/a	recovery	False	True
10512.30127	0.2495999999991909	trials	visual	white circle	n/a	n/a	n/a	recovery	False	True
10516.33796	0.24961999999868567	trials	visual	white circle	n/a	n/a	n/a	recovery	False	True
10520.82509	0.24956999999994878	trials	visual	white circle	n/a	n/a	n/a	recovery	True	True
10524.82842	0.24958999999944353	trials	visual	white circle	n/a	n/a	n/a	recovery	True	True
10529.06531	0.24957999999969616	trials	visual	white circle	n/a	n/a	n/a	recovery	True	False
10533.73588	0.24957999999969616	trials	visual	white circle	n/a	n/a	n/a	recovery	False	True
10538.08954	0.24957999999969616	trials	visual	white circle	n/a	n/a	n/a	recovery	False	True
10542.27635	0.24957999999969616	trials	visual	white circle	n/a	n/a	n/a	recovery	True	True
10546.29639	0.24956999999994878	trials	visual	white circle	n/a	n/a	n/a	recovery	True	False
10550.78349	0.2495600000002014	trials	visual	white circle	n/a	n/a	n/a	recovery	True	True
10555.23719	0.24958999999944353	trials	visual	white circle	n/a	n/a	n/a	recovery	False	True
10559.22388	0.24956999999994878	trials	visual	white circle	n/a	n/a	n/a	recovery	True	True
10563.09377	0.24961000000075728	trials	visual	white circle	n/a	n/a	n/a	recovery	True	True
10567.01373	0.2495600000002014	trials	visual	white circle	n/a	n/a	n/a	recovery	True	True
10571.21725	0.24957999999969616	trials	visual	white circle	n/a	n/a	n/a	recovery	False	True
10575.2206	0.2495600000002014	trials	visual	white circle	n/a	n/a	n/a	recovery	False	True
10578.99041	0.24958999999944353	trials	visual	white circle	n/a	n/a	n/a	recovery	False	True
10582.76024	0.24957999999969616	trials	visual	white circle	n/a	n/a	n/a	recovery	False	True
10586.58011	0.24956999999994878	trials	visual	white circle	n/a	n/a	n/a	recovery	False	True
10591.16726	0.2495999999991909	trials	visual	white circle	n/a	n/a	n/a	recovery	False	True
10594.97047	0.24957999999969616	trials	visual	white circle	n/a	n/a	n/a	recovery	False	True
10599.57431	0.24957999999969616	trials	visual	white circle	n/a	n/a	n/a	recovery	True	True
10603.67775	0.24957999999969616	trials	visual	white circle	n/a	n/a	n/a	recovery	True	True
10607.64773	0.2495999999991909	trials	visual	white circle	n/a	n/a	n/a	recovery	True	True
10611.51764	0.24957999999969616	trials	visual	white circle	n/a	n/a	n/a	recovery	True	True
10615.40423	0.24956999999994878	trials	visual	white circle	n/a	n/a	n/a	recovery	False	True
10619.95804	0.24957999999969616	trials	visual	white circle	n/a	n/a	n/a	recovery	False	True
10623.96139	0.24957999999969616	trials	visual	white circle	n/a	n/a	n/a	recovery	False	True
10627.96473	0.24958999999944353	trials	visual	white circle	n/a	n/a	n/a	recovery	False	True
10632.51856	0.24958999999944353	trials	visual	white circle	n/a	n/a	n/a	recovery	False	True
10636.65535	0.24956999999994878	trials	visual	white circle	n/a	n/a	n/a	recovery	False	True
10641.30925	0.24956999999994878	trials	visual	white circle	n/a	n/a	n/a	recovery	False	True
10645.27921	0.2496099999989383	trials	visual	white circle	n/a	n/a	n/a	recovery	False	True
10649.48276	0.24956999999994878	trials	visual	white circle	n/a	n/a	n/a	recovery	True	True
10654.06992	0.24958999999944353	trials	visual	white circle	n/a	n/a	n/a	recovery	True	True
10658.14	0.24957999999969616	trials	visual	white circle	n/a	n/a	n/a	recovery	False	True
10662.07664	0.24956999999994878	trials	visual	white circle	n/a	n/a	n/a	recovery	False	True
10666.38023	0.24958999999944353	trials	visual	white circle	n/a	n/a	n/a	recovery	False	True
10670.98408	0.2662799999998242	trials	visual	white circle	n/a	n/a	n/a	recovery	False	True
10675.00413	0.24955000000045402	trials	visual	white circle	n/a	n/a	n/a	recovery	False	True
10679.37444	0.24957999999969616	trials	visual	white circle	n/a	n/a	n/a	recovery	False	True
10684.04502	0.24957999999969616	trials	visual	white circle	n/a	n/a	n/a	recovery	False	True
10688.06506	0.24956999999994878	trials	visual	white circle	n/a	n/a	n/a	recovery	False	True
10692.63553	0.24957999999969616	trials	visual	white circle	n/a	n/a	n/a	recovery	False	True
10696.8891	0.24957999999969616	trials	visual	white circle	n/a	n/a	n/a	recovery	False	True
10701.25943	0.24957999999969616	trials	visual	white circle	n/a	n/a	n/a	recovery	False	True
10705.44627	0.24958999999944353	trials	visual	white circle	n/a	n/a	n/a	recovery	False	True
10709.21608	0.24957999999969616	trials	visual	white circle	n/a	n/a	n/a	recovery	False	True
10713.48632	0.2495999999991909	trials	visual	white circle	n/a	n/a	n/a	recovery	False	True
10718.04016	0.24954999999863503	trials	visual	white circle	n/a	n/a	n/a	recovery	True	True
10722.2937	0.24957999999969616	trials	visual	white circle	n/a	n/a	n/a	recovery	True	True
10726.29705	0.24958000000151515	trials	visual	white circle	n/a	n/a	n/a	recovery	True	True
10730.15028	0.24956999999994878	trials	visual	white circle	n/a	n/a	n/a	recovery	True	True
10734.7708	0.24957999999969616	trials	visual	white circle	n/a	n/a	n/a	recovery	True	True
10739.24123	0.24956999999994878	trials	visual	white circle	n/a	n/a	n/a	recovery	False	True
10743.41139	0.24958000000151515	trials	visual	white circle	n/a	n/a	n/a	recovery	False	True
10747.86511	0.24958999999944353	trials	visual	white circle	n/a	n/a	n/a	recovery	True	False
10752.58574	0.2495600000002014	trials	visual	white circle	n/a	n/a	n/a	recovery	True	True
