onset	duration	nwb_table	stimulus_type	stimulus_description	estim_current	estim_target_region	estim_target_depth	behavioral_epoch	is_running	is_valid
379.02524	0.0004000000000132786	trials	electrical	biphasic	60	SSp	superficial	awake	False	True
382.55827	0.0004000000000132786	trials	electrical	biphasic	40	SSp	superficial	awake	False	True
386.61989	0.0004000000000132786	trials	electrical	biphasic	60	SSp	superficial	awake	False	False
391.00218	0.0004000000000132786	trials	electrical	biphasic	80	SSp	superficial	awake	False	True
395.17179	0.0004000000000132786	trials	electrical	biphasic	80	SSp	superficial	awake	False	True
398.86265	0.0004000000000132786	trials	electrical	biphasic	80	SSp	superficial	awake	False	True
402.732	0.0003999999999564352	trials	electrical	biphasic	80	SSp	superficial	awake	False	True
406.69315	0.0004000000000132786	trials	electrical	biphasic	40	SSp	superficial	awake	False	True
411.17522	0.0003999999999564352	trials	electrical	biphasic	40	SSp	superficial	awake	False	True
414.83204	0.0004000000000132786	trials	electrical	biphasic	40	SSp	superficial	awake	False	True
419.18799	0.0004000000000132786	trials	electrical	biphasic	80	SSp	superficial	awake	False	True
423.33318	0.0003999999999564352	trials	electrical	biphasic	80	SSp	superficial	awake	False	True
427.20988	0.0004000000000132786	trials	electrical	biphasic	60	SSp	superficial	awake	False	True
430.90123	0.0004000000000132786	trials	electrical	biphasic	40	SSp	superficial	awake	False	True
434.82991	0.0004000000000132786	trials	electrical	biphasic	60	SSp	superficial	awake	False	True
438.81236	0.0004000000000132786	trials	electrical	biphasic	80	SSp	superficial	awake	False	True
442.4334	0.0004000000000132786	trials	electrical	biphasic	40	SSp	superficial	awake	False	True
446.52333	0.0004000000000132786	trials	electrical	biphasic	80	SSp	superficial	awake	False	True
450.24993	0.0004000000000132786	trials	electrical	biphasic	60	SSp	superficial	awake	False	True
454.13498	0.0004000000000132786	trials	electrical	biphasic	80	SSp	superficial	awake	False	True
458.21839000000006	0.0003999999999564352	trials	electrical	biphasic	80	SSp	superficial	awake	False	True
461.97061	0.0003999999999564352	trials	electrical	biphasic	40	SSp	superficial	awake	False	True
465.76148	0.0004000000000132786	trials	electrical	biphasic	60	SSp	superficial	awake	False	True
469.879	0.0003999999999564352	trials	electrical	biphasic	40	SSp	superficial	awake	False	True
473.64471	0.0004000000000132786	trials	electrical	biphasic	60	SSp	superficial	awake	True	True
477.9695200000001	0.0003999999998995918	trials	electrical	biphasic	80	SSp	superficial	awake	True	True
482.45261	0.0004000000000132786	trials	electrical	biphasic	40	SSp	superficial	awake	False	True
486.68327	0.00040999999998803105	trials	electrical	biphasic	60	SSp	superficial	awake	False	True
490.52758	0.0004000000000132786	trials	electrical	biphasic	80	SSp	superficial	awake	True	True
494.61207	0.0003999999999564352	trials	electrical	biphasic	60	SSp	superficial	awake	True	True
498.22025	0.0003999999999564352	trials	electrical	biphasic	80	SSp	superficial	awake	True	True
502.62698	0.0004000000000132786	trials	electrical	biphasic	40	SSp	superficial	awake	True	True
507.00707	0.0004000000000132786	trials	electrical	biphasic	40	SSp	superficial	awake	False	True
511.32526	0.0004000000000132786	trials	electrical	biphasic	80	SSp	superficial	awake	False	True
515.0864	0.0004000000000132786	trials	electrical	biphasic	80	SSp	superficial	awake	True	True
519.18119	0.0004000000000132786	trials	electrical	biphasic	60	SSp	superficial	awake	False	True
522.70413	0.0004000000000132786	trials	electrical	biphasic	80	SSp	superficial	awake	False	True
526.62982	0.0004000000000132786	trials	electrical	biphasic	60	SSp	superficial	awake	False	True
530.44296	0.0004000000000132786	trials	electrical	biphasic	60	SSp	superficial	awake	False	True
534.10487	0.0004000000000132786	trials	electrical	biphasic	60	SSp	superficial	awake	False	True
537.78405	0.0004000000000132786	trials	electrical	biphasic	40	SSp	superficial	awake	False	True
541.70736	0.0004000000000132786	trials	electrical	biphasic	60	SSp	superficial	awake	False	True
545.302	0.0004000000000132786	trials	electrical	biphasic	40	SSp	superficial	awake	False	True
549.40095	0.0004000000000132786	trials	electrical	biphasic	80	SSp	superficial	awake	False	True
553.3723	0.0004000000000132786	trials	electrical	biphasic	40	SSp	superficial	awake	False	True
557.5686599999998	0.0004000000000132786	trials	electrical	biphasic	60	SSp	superficial	awake	False	True
561.76897	0.0004000000000132786	trials	electrical	biphasic	80	SSp	superficial	awake	False	True
565.90794	0.00040000000012696546	trials	electrical	biphasic	60	SSp	superficial	awake	False	True
569.44196	0.0004000000000132786	trials	electrical	biphasic	80	SSp	superficial	awake	False	True
573.01119	0.00040000000012696546	trials	electrical	biphasic	40	SSp	superficial	awake	False	True
576.8312099999998	0.00040000000012696546	trials	electrical	biphasic	40	SSp	superficial	awake	False	True
580.8625	0.0004000000000132786	trials	electrical	biphasic	60	SSp	superficial	awake	False	True
585.01737	0.0004000000000132786	trials	electrical	biphasic	60	SSp	superficial	awake	False	True
588.9254099999998	0.00040000000012696546	trials	electrical	biphasic	40	SSp	superficial	awake	False	True
593.24582	0.0004000000000132786	trials	electrical	biphasic	80	SSp	superficial	awake	False	True
597.46461	0.0004000000000132786	trials	electrical	biphasic	40	SSp	superficial	awake	False	True
601.93368	0.0004000000000132786	trials	electrical	biphasic	40	SSp	superficial	awake	False	True
605.9654400000002	0.0004000000000132786	trials	electrical	biphasic	40	SSp	superficial	awake	False	True
609.7910099999998	0.0004000000000132786	trials	electrical	biphasic	40	SSp	superficial	awake	False	True
613.39705	0.0004000000000132786	trials	electrical	biphasic	40	SSp	superficial	awake	False	True
617.5084400000002	0.0004000000000132786	trials	electrical	biphasic	80	SSp	superficial	awake	False	True
621.78767	0.00040000000012696546	trials	electrical	biphasic	80	SSp	superficial	awake	False	True
625.71155	0.0004000000000132786	trials	electrical	biphasic	60	SSp	superficial	awake	False	True
629.3028	0.0003999999998995918	trials	electrical	biphasic	60	SSp	superficial	awake	False	True
633.0697	0.0004000000000132786	trials	electrical	biphasic	80	SSp	superficial	awake	True	True
636.72379	0.0004000000000132786	trials	electrical	biphasic	40	SSp	superficial	awake	True	True
640.5052099999998	0.0004000000000132786	trials	electrical	biphasic	80	SSp	superficial	awake	False	True
644.44572	0.00040000000012696546	trials	electrical	biphasic	80	SSp	superficial	awake	False	True
648.4732799999998	0.0004100000002154047	trials	electrical	biphasic	60	SSp	superficial	awake	False	True
652.4311299999998	0.00040000000012696546	trials	electrical	biphasic	80	SSp	superficial	awake	False	True
656.80694	0.00040000000012696546	trials	electrical	biphasic	60	SSp	superficial	awake	False	True
660.82543	0.0004000000000132786	trials	electrical	biphasic	60	SSp	superficial	awake	False	True
665.2694799999998	0.00040000000012696546	trials	electrical	biphasic	60	SSp	superficial	awake	False	True
669.4076	0.0004000000000132786	trials	electrical	biphasic	40	SSp	superficial	awake	False	True
673.86573	0.0004000000000132786	trials	electrical	biphasic	60	SSp	superficial	awake	True	True
677.60686	0.0004000000000132786	trials	electrical	biphasic	60	SSp	superficial	awake	False	True
681.7834	0.00040999999998803105	trials	electrical	biphasic	40	SSp	superficial	awake	False	True
685.57289	0.0004000000000132786	trials	electrical	biphasic	80	SSp	superficial	awake	False	True
689.74512	0.0004000000000132786	trials	electrical	biphasic	80	SSp	superficial	awake	False	True
693.94069	0.0004000000000132786	trials	electrical	biphasic	60	SSp	superficial	awake	False	True
697.50911	0.0004000000000132786	trials	electrical	biphasic	60	SSp	superficial	awake	False	True
701.26433	0.0004000000000132786	trials	electrical	biphasic	40	SSp	superficial	awake	False	True
704.9888	0.0004000000000132786	trials	electrical	biphasic	60	SSp	superficial	awake	False	True
709.15707	0.0004000000000132786	trials	electrical	biphasic	60	SSp	superficial	awake	False	True
713.50189	0.0004000000000132786	trials	electrical	biphasic	40	SSp	superficial	awake	False	True
717.34678	0.0004000000000132786	trials	electrical	biphasic	60	SSp	superficial	awake	False	True
721.6277299999998	0.0004000000000132786	trials	electrical	biphasic	80	SSp	superficial	awake	True	True
725.8035	0.0004000000000132786	trials	electrical	biphasic	60	SSp	superficial	awake	True	True
729.31064	0.0004000000000132786	trials	electrical	biphasic	80	SSp	superficial	awake	False	True
733.41325	0.0004000000000132786	trials	electrical	biphasic	60	SSp	superficial	awake	False	True
737.30045	0.0004000000000132786	trials	electrical	biphasic	80	SSp	superficial	awake	False	True
741.71688	0.0004000000000132786	trials	electrical	biphasic	60	SSp	superficial	awake	True	True
745.2184599999998	0.00040000000012696546	trials	electrical	biphasic	60	SSp	superficial	awake	True	True
749.18133	0.0004000000000132786	trials	electrical	biphasic	40	SSp	superficial	awake	True	True
753.1061	0.0004000000000132786	trials	electrical	biphasic	40	SSp	superficial	awake	True	True
757.06744	0.0004000000000132786	trials	electrical	biphasic	40	SSp	superficial	awake	False	True
761.33803	0.0004000000000132786	trials	electrical	biphasic	40	SSp	superficial	awake	False	True
765.16094	0.0004000000000132786	trials	electrical	biphasic	40	SSp	superficial	awake	True	True
769.4461	0.0004000000000132786	trials	electrical	biphasic	60	SSp	superficial	awake	False	True
773.41789	0.00040000000012696546	trials	electrical	biphasic	60	SSp	superficial	awake	False	True
776.95407	0.0004000000000132786	trials	electrical	biphasic	80	SSp	superficial	awake	False	True
780.63038	0.0004000000000132786	trials	electrical	biphasic	60	SSp	superficial	awake	True	True
784.85257	0.0004000000000132786	trials	electrical	biphasic	80	SSp	superficial	awake	False	True
788.82647	0.0004000000000132786	trials	electrical	biphasic	40	SSp	superficial	awake	False	True
792.4796200000002	0.00039999999978590495	trials	electrical	biphasic	60	SSp	superficial	awake	False	True
796.32116	0.0004000000000132786	trials	electrical	biphasic	80	SSp	superficial	awake	False	True
800.42897	0.00040000000012696546	trials	electrical	biphasic	40	SSp	superficial	awake	False	True
804.12113	0.0004000000000132786	trials	electrical	biphasic	40	SSp	superficial	awake	True	True
808.35998	0.0004000000000132786	trials	electrical	biphasic	40	SSp	superficial	awake	False	True
812.1032700000002	0.00039999999978590495	trials	electrical	biphasic	40	SSp	superficial	awake	False	True
816.5211099999998	0.0004100000002154047	trials	electrical	biphasic	80	SSp	superficial	awake	False	True
820.2906	0.0004000000000132786	trials	electrical	biphasic	60	SSp	superficial	awake	False	True
824.55653	0.0004000000000132786	trials	electrical	biphasic	60	SSp	superficial	awake	False	True
828.2456099999998	0.00040000000012696546	trials	electrical	biphasic	60	SSp	superficial	awake	False	True
832.03354	0.0004000000000132786	trials	electrical	biphasic	80	SSp	superficial	awake	True	True
835.62508	0.00039999999978590495	trials	electrical	biphasic	60	SSp	superficial	awake	True	True
839.7017099999998	0.00040000000012696546	trials	electrical	biphasic	60	SSp	superficial	awake	True	True
843.8855	0.0004000000000132786	trials	electrical	biphasic	40	SSp	superficial	awake	True	True
847.93252	0.0004000000000132786	trials	electrical	biphasic	40	SSp	superficial	awake	True	True
851.85867	0.0004000000000132786	trials	electrical	biphasic	60	SSp	superficial	awake	True	True
856.00354	0.00040000000012696546	trials	electrical	biphasic	80	SSp	superficial	awake	True	True
860.1515800000002	0.0004000000000132786	trials	electrical	biphasic	80	SSp	superficial	awake	True	True
864.33103	0.00040000000012696546	trials	electrical	biphasic	40	SSp	superficial	awake	True	True
868.4672400000002	0.0004000000000132786	trials	electrical	biphasic	60	SSp	superficial	awake	True	True
872.91285	0.0003999999998995918	trials	electrical	biphasic	80	SSp	superficial	awake	False	True
876.62221	0.0004000000000132786	trials	electrical	biphasic	40	SSp	superficial	awake	True	True
880.83192	0.0004000000000132786	trials	electrical	biphasic	40	SSp	superficial	awake	False	True
884.5685800000001	0.0004000000000132786	trials	electrical	biphasic	60	SSp	superficial	awake	False	True
888.18841	0.0004000000000132786	trials	electrical	biphasic	60	SSp	superficial	awake	False	True
892.2961300000002	0.0004000000000132786	trials	electrical	biphasic	40	SSp	superficial	awake	False	True
896.2467	0.0004000000000132786	trials	electrical	biphasic	60	SSp	superficial	awake	False	True
900.20585	0.0003999999998995918	trials	electrical	biphasic	80	SSp	superficial	awake	False	True
904.36821	0.0004000000000132786	trials	electrical	biphasic	60	SSp	superficial	awake	False	True
908.63892	0.0004000000000132786	trials	electrical	biphasic	60	SSp	superficial	awake	False	True
912.48957	0.0004000000000132786	trials	electrical	biphasic	80	SSp	superficial	awake	False	True
916.65202	0.0004000000000132786	trials	electrical	biphasic	60	SSp	superficial	awake	False	True
920.5686	0.0004000000000132786	trials	electrical	biphasic	40	SSp	superficial	awake	False	True
924.91095	0.0004000000000132786	trials	electrical	biphasic	40	SSp	superficial	awake	False	True
929.2443	0.0004000000000132786	trials	electrical	biphasic	60	SSp	superficial	awake	True	True
933.00116	0.0004000000000132786	trials	electrical	biphasic	80	SSp	superficial	awake	False	True
937.11505	0.0004000000000132786	trials	electrical	biphasic	40	SSp	superficial	awake	False	True
941.19772	0.0004000000000132786	trials	electrical	biphasic	80	SSp	superficial	awake	False	True
945.23888	0.0004000000000132786	trials	electrical	biphasic	80	SSp	superficial	awake	False	True
949.60925	0.0004000000000132786	trials	electrical	biphasic	60	SSp	superficial	awake	False	True
953.37446	0.0004000000000132786	trials	electrical	biphasic	60	SSp	superficial	awake	False	True
957.19296	0.0004000000000132786	trials	electrical	biphasic	60	SSp	superficial	awake	False	True
960.81261	0.0004000000000132786	trials	electrical	biphasic	60	SSp	superficial	awake	False	True
965.25285	0.0004000000000132786	trials	electrical	biphasic	80	SSp	superficial	awake	False	True
969.39884	0.0004000000000132786	trials	electrical	biphasic	60	SSp	superficial	awake	True	True
973.37873	0.0004000000000132786	trials	electrical	biphasic	80	SSp	superficial	awake	True	True
977.51847	0.0004000000000132786	trials	electrical	biphasic	40	SSp	superficial	awake	True	True
981.56362	0.0004000000000132786	trials	electrical	biphasic	80	SSp	superficial	awake	True	True
985.71137	0.0004000000000132786	trials	electrical	biphasic	60	SSp	superficial	awake	False	True
989.75567	0.0004000000000132786	trials	electrical	biphasic	60	SSp	superficial	awake	False	True
993.97714	0.0004000000000132786	trials	electrical	biphasic	60	SSp	superficial	awake	False	True
998.00007	0.0003999999998995918	trials	electrical	biphasic	80	SSp	superficial	awake	True	True
1002.4942	0.0004000000000132786	trials	electrical	biphasic	80	SSp	superficial	awake	False	True
1006.2133	0.0004000000000132786	trials	electrical	biphasic	60	SSp	superficial	awake	False	True
1009.81952	0.0004000000000132786	trials	electrical	biphasic	60	SSp	superficial	awake	True	True
1013.42965	0.0004000000000132786	trials	electrical	biphasic	40	SSp	superficial	awake	False	True
1016.99367	0.0004000000000132786	trials	electrical	biphasic	60	SSp	superficial	awake	False	True
1020.89868	0.0004000000000132786	trials	electrical	biphasic	40	SSp	superficial	awake	False	True
1024.84748	0.00040000000012696546	trials	electrical	biphasic	40	SSp	superficial	awake	False	True
1028.7137300000004	0.0003999999996722181	trials	electrical	biphasic	60	SSp	superficial	awake	True	True
1032.97765	0.0003999999998995918	trials	electrical	biphasic	40	SSp	superficial	awake	False	True
1037.10598	0.00040000000035433914	trials	electrical	biphasic	60	SSp	superficial	awake	False	True
1041.37839	0.0003999999998995918	trials	electrical	biphasic	80	SSp	superficial	awake	False	True
1045.81168	0.00040000000035433914	trials	electrical	biphasic	80	SSp	superficial	awake	False	True
1050.28484	0.0004099999998743442	trials	electrical	biphasic	40	SSp	superficial	awake	False	True
1053.97729	0.0003999999998995918	trials	electrical	biphasic	60	SSp	superficial	awake	False	True
1057.61659	0.0003999999998995918	trials	electrical	biphasic	80	SSp	superficial	awake	False	True
1061.81328	0.0003999999998995918	trials	electrical	biphasic	40	SSp	superficial	awake	False	True
1065.40752	0.00040000000012696546	trials	electrical	biphasic	80	SSp	superficial	awake	False	True
1069.43335	0.0003999999998995918	trials	electrical	biphasic	40	SSp	superficial	awake	False	True
1073.46411	0.00040000000012696546	trials	electrical	biphasic	60	SSp	superficial	awake	False	True
1077.82568	0.00040000000012696546	trials	electrical	biphasic	80	SSp	superficial	awake	False	True
1081.81096	0.0004099999998743442	trials	electrical	biphasic	80	SSp	superficial	awake	False	True
1085.70485	0.0003999999998995918	trials	electrical	biphasic	60	SSp	superficial	awake	False	True
1089.87672	0.00040000000012696546	trials	electrical	biphasic	80	SSp	superficial	awake	False	True
1094.1184	0.0003999999998995918	trials	electrical	biphasic	40	SSp	superficial	awake	True	True
1098.13889	0.00040000000012696546	trials	electrical	biphasic	80	SSp	superficial	awake	False	True
1101.98703	0.0003999999998995918	trials	electrical	biphasic	60	SSp	superficial	awake	False	True
1105.63745	0.00040000000012696546	trials	electrical	biphasic	80	SSp	superficial	awake	True	True
1109.72398	0.00040000000012696546	trials	electrical	biphasic	40	SSp	superficial	awake	False	True
1113.48654	0.0003999999998995918	trials	electrical	biphasic	80	SSp	superficial	awake	False	True
1117.03143	0.0003999999998995918	trials	electrical	biphasic	80	SSp	superficial	awake	False	True
1121.28679	0.0003999999998995918	trials	electrical	biphasic	40	SSp	superficial	awake	False	True
1125.03	0.00040000000012696546	trials	electrical	biphasic	60	SSp	superficial	awake	False	True
1128.97282	0.00040000000012696546	trials	electrical	biphasic	60	SSp	superficial	awake	False	True
1133.16105	0.00040000000012696546	trials	electrical	biphasic	60	SSp	superficial	awake	False	True
1137.02069	0.0003999999998995918	trials	electrical	biphasic	60	SSp	superficial	awake	False	True
1141.25746	0.0003999999998995918	trials	electrical	biphasic	80	SSp	superficial	awake	False	True
1145.1525800000004	0.0003999999996722181	trials	electrical	biphasic	80	SSp	superficial	awake	False	True
1149.33643	0.0003999999998995918	trials	electrical	biphasic	80	SSp	superficial	awake	False	True
1153.54089	0.0003999999998995918	trials	electrical	biphasic	80	SSp	superficial	awake	False	True
1157.48362	0.00040000000012696546	trials	electrical	biphasic	40	SSp	superficial	awake	False	True
1161.00362	0.00040000000012696546	trials	electrical	biphasic	40	SSp	superficial	awake	False	True
1164.8349	0.0003999999998995918	trials	electrical	biphasic	60	SSp	superficial	awake	False	True
1168.7596199999996	0.00040000000035433914	trials	electrical	biphasic	40	SSp	superficial	awake	False	True
1172.53033	0.00040000000035433914	trials	electrical	biphasic	80	SSp	superficial	awake	False	True
1176.22781	0.0003999999998995918	trials	electrical	biphasic	80	SSp	superficial	awake	False	True
1180.54996	0.0003999999998995918	trials	electrical	biphasic	40	SSp	superficial	awake	False	True
1184.4803	0.00040000000012696546	trials	electrical	biphasic	60	SSp	superficial	awake	False	True
1188.86851	0.0003999999998995918	trials	electrical	biphasic	40	SSp	superficial	awake	False	True
1192.76011	0.00040000000012696546	trials	electrical	biphasic	80	SSp	superficial	awake	False	True
1197.02966	0.00040000000012696546	trials	electrical	biphasic	40	SSp	superficial	awake	True	True
1200.92688	0.00040000000012696546	trials	electrical	biphasic	60	SSp	superficial	awake	False	True
1205.23583	0.0003999999998995918	trials	electrical	biphasic	60	SSp	superficial	awake	False	True
1209.49133	0.0003999999998995918	trials	electrical	biphasic	40	SSp	superficial	awake	True	True
1213.36915	0.0003999999998995918	trials	electrical	biphasic	40	SSp	superficial	awake	False	True
1217.0856	0.0003999999998995918	trials	electrical	biphasic	60	SSp	superficial	awake	True	True
1221.3764199999996	0.00040000000035433914	trials	electrical	biphasic	80	SSp	superficial	awake	False	True
1225.82615	0.0003999999998995918	trials	electrical	biphasic	80	SSp	superficial	awake	False	True
1229.65413	0.00040000000012696546	trials	electrical	biphasic	60	SSp	superficial	awake	False	True
1233.82582	0.0003999999998995918	trials	electrical	biphasic	40	SSp	superficial	awake	False	True
1237.7648800000004	0.0003999999996722181	trials	electrical	biphasic	40	SSp	superficial	awake	True	True
1242.09881	0.00040000000012696546	trials	electrical	biphasic	60	SSp	superficial	awake	False	True
1246.36809	0.00040000000012696546	trials	electrical	biphasic	60	SSp	superficial	awake	False	True
1250.03577	0.00040000000012696546	trials	electrical	biphasic	40	SSp	superficial	awake	False	True
1254.39818	0.00040000000012696546	trials	electrical	biphasic	60	SSp	superficial	awake	False	True
1258.88849	0.0003999999998995918	trials	electrical	biphasic	80	SSp	superficial	awake	False	True
1262.90333	0.0003999999998995918	trials	electrical	biphasic	40	SSp	superficial	awake	False	True
1267.28804	0.00040000000012696546	trials	electrical	biphasic	80	SSp	superficial	awake	False	True
1271.37648	0.00040000000012696546	trials	electrical	biphasic	60	SSp	superficial	awake	False	True
1275.03166	0.0003999999998995918	trials	electrical	biphasic	60	SSp	superficial	awake	False	True
1278.73194	0.00040000000012696546	trials	electrical	biphasic	80	SSp	superficial	awake	False	True
1282.63933	0.00040000000012696546	trials	electrical	biphasic	60	SSp	superficial	awake	False	True
1286.88845	0.00040000000012696546	trials	electrical	biphasic	80	SSp	superficial	awake	False	True
1291.21446	0.00040000000012696546	trials	electrical	biphasic	40	SSp	superficial	awake	False	True
1295.50484	0.0003999999998995918	trials	electrical	biphasic	60	SSp	superficial	awake	False	True
1299.32379	0.00040000000012696546	trials	electrical	biphasic	40	SSp	superficial	awake	False	True
1303.35827	0.0003999999996722181	trials	electrical	biphasic	60	SSp	superficial	awake	False	True
1306.94865	0.0003999999998995918	trials	electrical	biphasic	80	SSp	superficial	awake	False	True
1310.5607699999996	0.00040000000035433914	trials	electrical	biphasic	60	SSp	superficial	awake	False	True
1314.19749	0.0003999999998995918	trials	electrical	biphasic	80	SSp	superficial	awake	False	True
1318.37658	0.0003999999998995918	trials	electrical	biphasic	40	SSp	superficial	awake	False	True
1322.37218	0.0003999999998995918	trials	electrical	biphasic	40	SSp	superficial	awake	False	True
1326.06232	0.0003999999998995918	trials	electrical	biphasic	40	SSp	superficial	awake	False	True
1330.05775	0.00040000000012696546	trials	electrical	biphasic	40	SSp	superficial	awake	True	True
1333.70577	0.0003999999998995918	trials	electrical	biphasic	80	SSp	superficial	awake	False	True
1337.26117	0.0003999999998995918	trials	electrical	biphasic	80	SSp	superficial	awake	False	True
1341.61232	0.00040000000012696546	trials	electrical	biphasic	80	SSp	superficial	awake	False	True
1345.6733	0.00040000000012696546	trials	electrical	biphasic	80	SSp	superficial	awake	False	True
1350.10332	0.0003999999996722181	trials	electrical	biphasic	40	SSp	superficial	awake	False	True
1354.30041	0.0003999999998995918	trials	electrical	biphasic	80	SSp	superficial	awake	False	True
1358.38363	0.00040000000035433914	trials	electrical	biphasic	40	SSp	superficial	awake	False	True
1362.69946	0.0003999999998995918	trials	electrical	biphasic	80	SSp	superficial	awake	False	True
1367.0789	0.00040000000012696546	trials	electrical	biphasic	80	SSp	superficial	awake	True	True
1371.56825	0.0003999999998995918	trials	electrical	biphasic	60	SSp	superficial	awake	True	True
1375.06919	0.00040000000012696546	trials	electrical	biphasic	40	SSp	superficial	awake	True	True
1379.43506	0.0003999999998995918	trials	electrical	biphasic	40	SSp	superficial	awake	True	True
1383.54804	0.00040000000012696546	trials	electrical	biphasic	80	SSp	superficial	awake	True	True
1388.03843	0.0003999999998995918	trials	electrical	biphasic	80	SSp	superficial	awake	True	True
1392.06653	0.00040000000035433914	trials	electrical	biphasic	40	SSp	superficial	awake	True	True
1396.04647	0.0003999999998995918	trials	electrical	biphasic	80	SSp	superficial	awake	True	True
1400.34824	0.0003999999998995918	trials	electrical	biphasic	40	SSp	superficial	awake	True	True
1404.0765	0.00040000000012696546	trials	electrical	biphasic	40	SSp	superficial	awake	True	True
1408.07502	0.0003999999998995918	trials	electrical	biphasic	60	SSp	superficial	awake	True	True
1412.47631	0.0003999999998995918	trials	electrical	biphasic	80	SSp	superficial	awake	True	True
1416.55139	0.0003999999998995918	trials	electrical	biphasic	80	SSp	superficial	awake	False	True
1420.8970000000004	0.0003999999996722181	trials	electrical	biphasic	80	SSp	superficial	awake	False	True
1425.13606	0.0003999999998995918	trials	electrical	biphasic	80	SSp	superficial	awake	False	True
1429.22246	0.00040000000012696546	trials	electrical	biphasic	80	SSp	superficial	awake	False	True
1432.96963	0.00040000000035433914	trials	electrical	biphasic	60	SSp	superficial	awake	False	True
1437.13647	0.0003999999996722181	trials	electrical	biphasic	80	SSp	superficial	awake	False	True
1440.72037	0.0003999999998995918	trials	electrical	biphasic	40	SSp	superficial	awake	False	True
1444.84675	0.0004100000001017179	trials	electrical	biphasic	80	SSp	superficial	awake	False	True
1449.00812	0.00040000000012696546	trials	electrical	biphasic	60	SSp	superficial	awake	False	True
1453.2383	0.00040000000012696546	trials	electrical	biphasic	40	SSp	superficial	awake	False	True
1457.62949	0.0003999999998995918	trials	electrical	biphasic	40	SSp	superficial	awake	False	True
1462.11221	0.0003999999998995918	trials	electrical	biphasic	40	SSp	superficial	awake	False	True
1466.38166	0.0003999999998995918	trials	electrical	biphasic	40	SSp	superficial	awake	False	True
1470.46352	0.0003999999998995918	trials	electrical	biphasic	40	SSp	superficial	awake	False	True
1474.8922699999996	0.00040000000035433914	trials	electrical	biphasic	40	SSp	superficial	awake	False	True
1478.97279	0.0003999999998995918	trials	electrical	biphasic	40	SSp	superficial	awake	False	True
1482.49019	0.00040000000012696546	trials	electrical	biphasic	60	SSp	superficial	awake	False	True
1486.1114699999996	0.00040000000035433914	trials	electrical	biphasic	60	SSp	superficial	awake	False	True
1490.47462	0.00040000000012696546	trials	electrical	biphasic	80	SSp	superficial	awake	False	True
1494.45934	0.0003999999998995918	trials	electrical	biphasic	40	SSp	superficial	awake	False	True
1498.80463	0.0003999999998995918	trials	electrical	biphasic	60	SSp	superficial	awake	False	True
1502.51445	0.00040000000012696546	trials	electrical	biphasic	60	SSp	superficial	awake	False	True
1506.56717	0.0003999999998995918	trials	electrical	biphasic	40	SSp	superficial	awake	False	True
1510.6974699999996	0.00040000000035433914	trials	electrical	biphasic	40	SSp	superficial	awake	False	True
1514.22989	0.0003999999998995918	trials	electrical	biphasic	60	SSp	superficial	awake	False	True
1518.34504	0.00040000000012696546	trials	electrical	biphasic	40	SSp	superficial	awake	False	True
1522.2078800000004	0.0003999999996722181	trials	electrical	biphasic	80	SSp	superficial	awake	False	True
1525.75784	0.0003999999998995918	trials	electrical	biphasic	60	SSp	superficial	awake	True	True
1529.74784	0.0003999999998995918	trials	electrical	biphasic	40	SSp	superficial	awake	False	True
1533.44078	0.00040000000012696546	trials	electrical	biphasic	80	SSp	superficial	awake	False	True
1537.06428	0.00040000000035433914	trials	electrical	biphasic	80	SSp	superficial	awake	False	True
1540.7702	0.0004100000001017179	trials	electrical	biphasic	80	SSp	superficial	awake	False	True
1544.41715	0.0003999999998995918	trials	electrical	biphasic	80	SSp	superficial	awake	False	True
1548.10665	0.00040000000012696546	trials	electrical	biphasic	60	SSp	superficial	awake	False	True
1551.64973	0.0003999999998995918	trials	electrical	biphasic	40	SSp	superficial	awake	False	True
1555.78535	0.0003999999998995918	trials	electrical	biphasic	40	SSp	superficial	awake	True	True
1559.56763	0.0003999999998995918	trials	electrical	biphasic	60	SSp	superficial	awake	True	True
1563.60666	0.00040000000012696546	trials	electrical	biphasic	80	SSp	superficial	awake	True	True
1567.80224	0.00040000000012696546	trials	electrical	biphasic	60	SSp	superficial	awake	True	True
1571.80178	0.0003999999998995918	trials	electrical	biphasic	80	SSp	superficial	awake	False	True
1575.838	0.00040000000012696546	trials	electrical	biphasic	60	SSp	superficial	awake	False	True
1579.78361	0.00040000000012696546	trials	electrical	biphasic	40	SSp	superficial	awake	True	True
1583.40797	0.00040000000012696546	trials	electrical	biphasic	80	SSp	superficial	awake	False	True
1587.39875	0.0003999999998995918	trials	electrical	biphasic	40	SSp	superficial	awake	False	True
1591.7521800000004	0.0003999999996722181	trials	electrical	biphasic	40	SSp	superficial	awake	True	True
1596.12652	0.0003999999998995918	trials	electrical	biphasic	80	SSp	superficial	awake	True	True
1599.89724	0.0003999999998995918	trials	electrical	biphasic	40	SSp	superficial	awake	False	True
1603.60612	0.0003999999996722181	trials	electrical	biphasic	60	SSp	superficial	awake	False	True
1607.67153	0.0003999999998995918	trials	electrical	biphasic	40	SSp	superficial	awake	True	True
1611.81227	0.00040000000012696546	trials	electrical	biphasic	60	SSp	superficial	awake	False	True
1615.72971	0.0003999999998995918	trials	electrical	biphasic	80	SSp	superficial	awake	False	True
1619.43611	0.0003999999998995918	trials	electrical	biphasic	60	SSp	superficial	awake	False	True
1623.8844800000004	0.0003999999996722181	trials	electrical	biphasic	60	SSp	superficial	awake	False	True
1627.46698	0.00040000000012696546	trials	electrical	biphasic	60	SSp	superficial	awake	True	True
1631.0731	0.0003999999998995918	trials	electrical	biphasic	80	SSp	superficial	awake	False	True
1634.71556	0.0003999999998995918	trials	electrical	biphasic	80	SSp	superficial	awake	False	True
1638.38244	0.0003999999998995918	trials	electrical	biphasic	40	SSp	superficial	awake	False	True
1642.50382	0.00040000000012696546	trials	electrical	biphasic	80	SSp	superficial	awake	False	True
1646.5779699999996	0.00040000000035433914	trials	electrical	biphasic	60	SSp	superficial	awake	True	True
1650.1304699999996	0.00040000000035433914	trials	electrical	biphasic	60	SSp	superficial	awake	False	True
1654.56209	0.00040000000012696546	trials	electrical	biphasic	80	SSp	superficial	awake	False	True
1658.79117	0.00040000000012696546	trials	electrical	biphasic	80	SSp	superficial	awake	False	True
1663.02944	0.0003999999998995918	trials	electrical	biphasic	60	SSp	superficial	awake	False	True
1666.59326	0.0003999999998995918	trials	electrical	biphasic	40	SSp	superficial	awake	False	True
1670.95412	0.0003999999998995918	trials	electrical	biphasic	60	SSp	superficial	awake	False	True
1675.38895	0.0003999999998995918	trials	electrical	biphasic	80	SSp	superficial	awake	False	True
1679.87377	0.0003999999996722181	trials	electrical	biphasic	40	SSp	superficial	awake	False	True
1684.2331399999996	0.00040000000035433914	trials	electrical	biphasic	40	SSp	superficial	awake	False	True
1688.51912	0.0003999999996722181	trials	electrical	biphasic	40	SSp	superficial	awake	False	True
1692.53293	0.0003999999998995918	trials	electrical	biphasic	40	SSp	superficial	awake	False	True
1696.21095	0.00040000000012696546	trials	electrical	biphasic	80	SSp	superficial	awake	False	True
1700.10995	0.0003999999998995918	trials	electrical	biphasic	60	SSp	superficial	awake	False	True
1703.74431	0.00040000000035433914	trials	electrical	biphasic	80	SSp	superficial	awake	False	True
1707.27563	0.0003999999998995918	trials	electrical	biphasic	40	SSp	superficial	awake	False	True
1711.71519	0.0003999999998995918	trials	electrical	biphasic	60	SSp	superficial	awake	False	True
1715.51691	0.00040000000035433914	trials	electrical	biphasic	40	SSp	superficial	awake	False	True
1719.3128800000004	0.0003999999996722181	trials	electrical	biphasic	40	SSp	superficial	awake	False	True
1723.1462399999998	0.00040000000012696546	trials	electrical	biphasic	60	SSp	superficial	awake	False	True
1727.1137199999996	0.00040000000035433914	trials	electrical	biphasic	60	SSp	superficial	awake	False	True
1731.2623399999998	0.00040000000012696546	trials	electrical	biphasic	80	SSp	superficial	awake	False	True
1734.78798	0.0003999999998995918	trials	electrical	biphasic	60	SSp	superficial	awake	False	True
1739.1306100000004	0.0003999999996722181	trials	electrical	biphasic	40	SSp	superficial	awake	False	True
1743.19007	0.0003999999998995918	trials	electrical	biphasic	80	SSp	superficial	awake	False	True
1747.5446	0.00040000000012696546	trials	electrical	biphasic	60	SSp	superficial	awake	False	True
1751.3929	0.0003999999998995918	trials	electrical	biphasic	40	SSp	superficial	awake	False	True
1755.3393399999998	0.00040000000012696546	trials	electrical	biphasic	40	SSp	superficial	awake	False	True
1758.894	0.0003999999998995918	trials	electrical	biphasic	40	SSp	superficial	awake	False	True
1762.57152	0.00040000000012696546	trials	electrical	biphasic	40	SSp	superficial	awake	False	True
1766.73474	0.0003999999996722181	trials	electrical	biphasic	40	SSp	superficial	awake	False	True
1770.56598	0.0003999999998995918	trials	electrical	biphasic	60	SSp	superficial	awake	False	True
1774.9648899999993	0.0004000000008090865	trials	electrical	biphasic	80	SSp	superficial	awake	False	True
1778.58347	0.0003999999998995918	trials	electrical	biphasic	40	SSp	superficial	awake	False	True
1783.0723100000002	0.0003999999996722181	trials	electrical	biphasic	40	SSp	superficial	awake	False	True
1787.11272	0.0003999999998995918	trials	electrical	biphasic	80	SSp	superficial	awake	False	True
1791.3200600000002	0.0003999999996722181	trials	electrical	biphasic	80	SSp	superficial	awake	False	True
1795.81999	0.00040000000012696546	trials	electrical	biphasic	60	SSp	superficial	awake	True	True
1799.60825	0.0003999999998995918	trials	electrical	biphasic	80	SSp	superficial	awake	False	True
1803.52319	0.0003999999998995918	trials	electrical	biphasic	80	SSp	superficial	awake	False	True
1807.48845	0.0003999999998995918	trials	electrical	biphasic	80	SSp	superficial	awake	False	True
1811.75284	0.0003999999998995918	trials	electrical	biphasic	40	SSp	superficial	awake	False	True
1816.07146	0.00040000000012696546	trials	electrical	biphasic	80	SSp	superficial	awake	False	True
1981.68855	0.0003999999998995918	trials	electrical	biphasic	60	SSp	deep	awake	False	True
1985.22157	0.00040000000012696546	trials	electrical	biphasic	40	SSp	deep	awake	False	True
1989.28319	0.0003999999998995918	trials	electrical	biphasic	60	SSp	deep	awake	False	True
1993.66547	0.00040000000012696546	trials	electrical	biphasic	80	SSp	deep	awake	False	True
1997.83508	0.0003999999998995918	trials	electrical	biphasic	80	SSp	deep	awake	False	True
2001.52594	0.0003999999998995918	trials	electrical	biphasic	80	SSp	deep	awake	False	True
2005.39528	0.00040000000012696546	trials	electrical	biphasic	80	SSp	deep	awake	True	True
2009.35642	0.0003999999998995918	trials	electrical	biphasic	40	SSp	deep	awake	True	True
2013.83849	0.0003999999998995918	trials	electrical	biphasic	40	SSp	deep	awake	False	True
2017.49531	0.0003999999998995918	trials	electrical	biphasic	40	SSp	deep	awake	False	True
2021.85125	0.00040000000012696546	trials	electrical	biphasic	80	SSp	deep	awake	False	True
2025.99643	0.00040000000012696546	trials	electrical	biphasic	80	SSp	deep	awake	True	True
2029.87314	0.00040000000012696546	trials	electrical	biphasic	60	SSp	deep	awake	True	True
2033.56448	0.0003999999998995918	trials	electrical	biphasic	40	SSp	deep	awake	True	True
2037.49316	0.0003999999998995918	trials	electrical	biphasic	60	SSp	deep	awake	True	True
2041.4756	0.00040000000012696546	trials	electrical	biphasic	80	SSp	deep	awake	True	True
2045.09664	0.00040000000012696546	trials	electrical	biphasic	40	SSp	deep	awake	True	True
2049.18656	0.0003999999998995918	trials	electrical	biphasic	80	SSp	deep	awake	True	True
2052.91316	0.0003999999998995918	trials	electrical	biphasic	60	SSp	deep	awake	True	True
2056.79821	0.0004000000008090865	trials	electrical	biphasic	80	SSp	deep	awake	True	True
2060.881610000001	0.0003999999998995918	trials	electrical	biphasic	80	SSp	deep	awake	True	True
2064.63383	0.0003999999998995918	trials	electrical	biphasic	40	SSp	deep	awake	True	True
2068.42469	0.00040000000035433914	trials	electrical	biphasic	60	SSp	deep	awake	True	True
2072.54221	0.0003999999998995918	trials	electrical	biphasic	40	SSp	deep	awake	True	True
2076.30791	0.0004000000008090865	trials	electrical	biphasic	60	SSp	deep	awake	True	True
2080.63272	0.0003999999998995918	trials	electrical	biphasic	80	SSp	deep	awake	True	True
2085.1158	0.0003999999998995918	trials	electrical	biphasic	40	SSp	deep	awake	False	True
2089.34647	0.0003999999998995918	trials	electrical	biphasic	60	SSp	deep	awake	False	True
2093.19077	0.0003999999998995918	trials	electrical	biphasic	80	SSp	deep	awake	False	True
2097.27525	0.0003999999998995918	trials	electrical	biphasic	60	SSp	deep	awake	True	True
2100.88343	0.00040000000035433914	trials	electrical	biphasic	80	SSp	deep	awake	True	True
2105.29016	0.0004000000008090865	trials	electrical	biphasic	40	SSp	deep	awake	False	True
2109.67024	0.0003999999998995918	trials	electrical	biphasic	40	SSp	deep	awake	False	True
2113.98842	0.0003999999998995918	trials	electrical	biphasic	80	SSp	deep	awake	False	True
2117.74957	0.0003999999998995918	trials	electrical	biphasic	80	SSp	deep	awake	False	True
2121.84435	0.00040000000035433914	trials	electrical	biphasic	60	SSp	deep	awake	False	True
2125.36729	0.0003999999998995918	trials	electrical	biphasic	80	SSp	deep	awake	False	True
2129.29297	0.0003999999998995918	trials	electrical	biphasic	60	SSp	deep	awake	False	True
2133.10611	0.0003999999998995918	trials	electrical	biphasic	60	SSp	deep	awake	False	True
2136.76801	0.00040000000035433914	trials	electrical	biphasic	60	SSp	deep	awake	False	True
2140.44719	0.00040000000035433914	trials	electrical	biphasic	40	SSp	deep	awake	False	True
2144.37049	0.00040000000035433914	trials	electrical	biphasic	60	SSp	deep	awake	False	True
2147.96513	0.0003999999998995918	trials	electrical	biphasic	40	SSp	deep	awake	False	True
2152.06408	0.0003999999998995918	trials	electrical	biphasic	80	SSp	deep	awake	False	True
2156.03542	0.0003999999998995918	trials	electrical	biphasic	40	SSp	deep	awake	True	True
2160.23178	0.0003999999998995918	trials	electrical	biphasic	60	SSp	deep	awake	False	True
2164.43209	0.00040000000035433914	trials	electrical	biphasic	80	SSp	deep	awake	False	True
2168.57105	0.0003999999998995918	trials	electrical	biphasic	60	SSp	deep	awake	False	True
2172.10507	0.0003999999998995918	trials	electrical	biphasic	80	SSp	deep	awake	False	True
2175.67429	0.0003999999998995918	trials	electrical	biphasic	40	SSp	deep	awake	False	True
2179.49431	0.0003999999998995918	trials	electrical	biphasic	40	SSp	deep	awake	False	True
2183.52559	0.0003999999998995918	trials	electrical	biphasic	60	SSp	deep	awake	False	True
2187.68046	0.0003999999998995918	trials	electrical	biphasic	60	SSp	deep	awake	False	True
2191.5885	0.00040000000035433914	trials	electrical	biphasic	40	SSp	deep	awake	True	True
2195.9089	0.0003999999998995918	trials	electrical	biphasic	80	SSp	deep	awake	True	True
2200.12768	0.0003999999998995918	trials	electrical	biphasic	40	SSp	deep	awake	False	True
2204.59675	0.0003999999998995918	trials	electrical	biphasic	40	SSp	deep	awake	True	True
2208.62851	0.0004000000008090865	trials	electrical	biphasic	40	SSp	deep	awake	False	True
2212.45407	0.00040000000035433914	trials	electrical	biphasic	40	SSp	deep	awake	False	True
2216.060110000001	0.0003999999989900971	trials	electrical	biphasic	40	SSp	deep	awake	False	True
2220.1715	0.0003999999998995918	trials	electrical	biphasic	80	SSp	deep	awake	False	True
2224.45072	0.00040000000035433914	trials	electrical	biphasic	80	SSp	deep	awake	False	True
2228.3746	0.0003999999998995918	trials	electrical	biphasic	60	SSp	deep	awake	False	True
2231.96584	0.00040000000035433914	trials	electrical	biphasic	60	SSp	deep	awake	False	True
2235.73274	0.0003999999998995918	trials	electrical	biphasic	80	SSp	deep	awake	False	True
2239.38682	0.0003999999998995918	trials	electrical	biphasic	40	SSp	deep	awake	False	True
2243.16824	0.0003999999998995918	trials	electrical	biphasic	80	SSp	deep	awake	True	True
2247.10875	0.00040000000035433914	trials	electrical	biphasic	80	SSp	deep	awake	True	True
2251.136310000001	0.00039999999944484443	trials	electrical	biphasic	60	SSp	deep	awake	False	True
2255.09415	0.0003999999998995918	trials	electrical	biphasic	80	SSp	deep	awake	False	True
2259.469960000001	0.0003999999998995918	trials	electrical	biphasic	60	SSp	deep	awake	False	True
2263.48844	0.0003999999998995918	trials	electrical	biphasic	60	SSp	deep	awake	False	True
2267.93248	0.0004000000008090865	trials	electrical	biphasic	60	SSp	deep	awake	False	True
2272.07061	0.0003999999998995918	trials	electrical	biphasic	40	SSp	deep	awake	False	True
2276.52873	0.0003999999998995918	trials	electrical	biphasic	60	SSp	deep	awake	False	True
2280.26985	0.0003999999998995918	trials	electrical	biphasic	60	SSp	deep	awake	False	True
2284.4464	0.00040000000035433914	trials	electrical	biphasic	40	SSp	deep	awake	False	True
2288.23588	0.0003999999998995918	trials	electrical	biphasic	80	SSp	deep	awake	False	True
2292.4081	0.0003999999998995918	trials	electrical	biphasic	80	SSp	deep	awake	False	True
2296.60366	0.0003999999998995918	trials	electrical	biphasic	60	SSp	deep	awake	False	True
2300.1720800000007	0.00039999999944484443	trials	electrical	biphasic	60	SSp	deep	awake	False	True
2303.9273	0.00040000000035433914	trials	electrical	biphasic	40	SSp	deep	awake	False	True
2307.65176	0.0003999999998995918	trials	electrical	biphasic	60	SSp	deep	awake	False	True
2311.82003	0.00040000000035433914	trials	electrical	biphasic	60	SSp	deep	awake	False	True
2316.16485	0.0003999999998995918	trials	electrical	biphasic	40	SSp	deep	awake	False	True
2320.00973	0.0003999999998995918	trials	electrical	biphasic	60	SSp	deep	awake	False	True
2324.29068	0.0003999999998995918	trials	electrical	biphasic	80	SSp	deep	awake	False	True
2328.46644	0.0003999999998995918	trials	electrical	biphasic	60	SSp	deep	awake	False	True
2331.97358	0.00040000000035433914	trials	electrical	biphasic	80	SSp	deep	awake	False	True
2336.07618	0.0003999999998995918	trials	electrical	biphasic	60	SSp	deep	awake	False	True
2339.96339	0.0003999999998995918	trials	electrical	biphasic	80	SSp	deep	awake	False	True
2344.379810000001	0.0003999999998995918	trials	electrical	biphasic	60	SSp	deep	awake	False	True
2347.88139	0.0003999999998995918	trials	electrical	biphasic	60	SSp	deep	awake	False	True
2351.84425	0.0003999999998995918	trials	electrical	biphasic	40	SSp	deep	awake	False	True
2355.76901	0.0004000000008090865	trials	electrical	biphasic	40	SSp	deep	awake	False	True
2359.73036	0.0004000000008090865	trials	electrical	biphasic	40	SSp	deep	awake	False	True
2364.00094	0.0003999999998995918	trials	electrical	biphasic	40	SSp	deep	awake	True	True
2367.82384	0.0003999999998995918	trials	electrical	biphasic	40	SSp	deep	awake	True	True
2372.109	0.0003999999998995918	trials	electrical	biphasic	60	SSp	deep	awake	False	True
2376.08079	0.0003999999998995918	trials	electrical	biphasic	60	SSp	deep	awake	False	True
2379.61697	0.0003999999998995918	trials	electrical	biphasic	80	SSp	deep	awake	False	True
2383.29327	0.0003999999998995918	trials	electrical	biphasic	60	SSp	deep	awake	False	True
2387.51545	0.0003999999998995918	trials	electrical	biphasic	80	SSp	deep	awake	False	True
2391.48935	0.00040000000035433914	trials	electrical	biphasic	40	SSp	deep	awake	False	True
2395.14249	0.0003999999998995918	trials	electrical	biphasic	60	SSp	deep	awake	False	True
2398.98403	0.0003999999998995918	trials	electrical	biphasic	80	SSp	deep	awake	False	True
2403.09184	0.0003999999998995918	trials	electrical	biphasic	40	SSp	deep	awake	False	True
2406.784	0.0003999999998995918	trials	electrical	biphasic	40	SSp	deep	awake	False	True
2411.02284	0.0003999999998995918	trials	electrical	biphasic	40	SSp	deep	awake	False	True
2414.76612	0.00040000000035433914	trials	electrical	biphasic	40	SSp	deep	awake	False	True
2419.18397	0.0003999999998995918	trials	electrical	biphasic	80	SSp	deep	awake	False	True
2422.95345	0.0003999999998995918	trials	electrical	biphasic	60	SSp	deep	awake	False	True
2427.21937	0.00040000000035433914	trials	electrical	biphasic	60	SSp	deep	awake	False	True
2430.90845	0.0003999999998995918	trials	electrical	biphasic	60	SSp	deep	awake	False	True
2434.69637	0.0003999999998995918	trials	electrical	biphasic	80	SSp	deep	awake	False	True
2438.28791	0.0004000000008090865	trials	electrical	biphasic	60	SSp	deep	awake	False	True
2442.36454	0.0003999999998995918	trials	electrical	biphasic	60	SSp	deep	awake	False	True
2446.54832	0.0003999999998995918	trials	electrical	biphasic	40	SSp	deep	awake	False	True
2450.59534	0.00040000000035433914	trials	electrical	biphasic	40	SSp	deep	awake	False	True
2454.52149	0.0003999999998995918	trials	electrical	biphasic	60	SSp	deep	awake	False	True
2458.66635	0.0003999999998995918	trials	electrical	biphasic	80	SSp	deep	awake	False	True
2462.81439	0.0003999999998995918	trials	electrical	biphasic	80	SSp	deep	awake	False	True
2466.99384	0.0003999999998995918	trials	electrical	biphasic	40	SSp	deep	awake	False	True
2471.13004	0.0003999999998995918	trials	electrical	biphasic	60	SSp	deep	awake	False	True
2475.57564	0.0003999999998995918	trials	electrical	biphasic	80	SSp	deep	awake	False	True
2479.285	0.00040000000035433914	trials	electrical	biphasic	40	SSp	deep	awake	False	True
2483.49471	0.0004000000008090865	trials	electrical	biphasic	40	SSp	deep	awake	False	True
2487.23137	0.0003999999998995918	trials	electrical	biphasic	60	SSp	deep	awake	True	True
2490.85119	0.00040000000035433914	trials	electrical	biphasic	60	SSp	deep	awake	False	True
2494.9589100000007	0.00039999999944484443	trials	electrical	biphasic	40	SSp	deep	awake	False	True
2498.90947	0.0003999999998995918	trials	electrical	biphasic	60	SSp	deep	awake	True	True
2502.86862	0.0003999999998995918	trials	electrical	biphasic	80	SSp	deep	awake	True	True
2507.03098	0.0003999999998995918	trials	electrical	biphasic	60	SSp	deep	awake	True	True
2511.30168	0.0003999999998995918	trials	electrical	biphasic	60	SSp	deep	awake	True	True
2515.15232	0.0003999999998995918	trials	electrical	biphasic	80	SSp	deep	awake	True	True
2519.31477	0.0003999999998995918	trials	electrical	biphasic	60	SSp	deep	awake	False	True
2523.23135	0.0003999999998995918	trials	electrical	biphasic	40	SSp	deep	awake	False	True
2527.57369	0.0003999999998995918	trials	electrical	biphasic	40	SSp	deep	awake	False	True
2531.90704	0.0003999999998995918	trials	electrical	biphasic	60	SSp	deep	awake	True	True
2535.6639	0.0003999999998995918	trials	electrical	biphasic	80	SSp	deep	awake	False	True
2539.77778	0.0003999999998995918	trials	electrical	biphasic	40	SSp	deep	awake	False	True
2543.86045	0.0003999999998995918	trials	electrical	biphasic	80	SSp	deep	awake	False	True
2547.901610000001	0.0003999999989900971	trials	electrical	biphasic	80	SSp	deep	awake	False	True
2552.27197	0.00040000000035433914	trials	electrical	biphasic	60	SSp	deep	awake	False	True
2556.03717	0.0003999999998995918	trials	electrical	biphasic	60	SSp	deep	awake	False	True
2559.85567	0.0003999999998995918	trials	electrical	biphasic	60	SSp	deep	awake	False	True
2563.4753100000007	0.0004099999991922232	trials	electrical	biphasic	60	SSp	deep	awake	False	True
2567.915560000001	0.0003999999998995918	trials	electrical	biphasic	80	SSp	deep	awake	False	True
2572.06154	0.0003999999998995918	trials	electrical	biphasic	60	SSp	deep	awake	True	True
2576.04143	0.0003999999998995918	trials	electrical	biphasic	80	SSp	deep	awake	False	True
2580.18117	0.00040000000035433914	trials	electrical	biphasic	40	SSp	deep	awake	False	True
2584.22631	0.0004000000008090865	trials	electrical	biphasic	80	SSp	deep	awake	False	True
2588.37405	0.0003999999998995918	trials	electrical	biphasic	60	SSp	deep	awake	False	True
2592.41836	0.0003999999998995918	trials	electrical	biphasic	60	SSp	deep	awake	False	True
2596.63982	0.00040000000035433914	trials	electrical	biphasic	60	SSp	deep	awake	False	True
2600.66274	0.0003999999998995918	trials	electrical	biphasic	80	SSp	deep	awake	False	True
2605.15687	0.00040000000035433914	trials	electrical	biphasic	80	SSp	deep	awake	False	True
2608.87597	0.0003999999998995918	trials	electrical	biphasic	60	SSp	deep	awake	False	True
2612.48219	0.0003999999998995918	trials	electrical	biphasic	60	SSp	deep	awake	False	True
2616.09231	0.0004000000008090865	trials	electrical	biphasic	40	SSp	deep	awake	False	True
2619.6563300000007	0.00039999999944484443	trials	electrical	biphasic	60	SSp	deep	awake	True	True
2623.56133	0.0003999999998995918	trials	electrical	biphasic	40	SSp	deep	awake	True	True
2627.51013	0.0003999999998995918	trials	electrical	biphasic	40	SSp	deep	awake	True	True
2631.37637	0.0003999999998995918	trials	electrical	biphasic	60	SSp	deep	awake	True	True
2635.6403	0.0003999999998995918	trials	electrical	biphasic	40	SSp	deep	awake	True	True
2639.76862	0.00040000000035433914	trials	electrical	biphasic	60	SSp	deep	awake	True	True
2644.04103	0.00040000000035433914	trials	electrical	biphasic	80	SSp	deep	awake	False	True
2648.47431	0.0003999999998995918	trials	electrical	biphasic	80	SSp	deep	awake	True	True
2652.9474800000007	0.00039999999944484443	trials	electrical	biphasic	40	SSp	deep	awake	True	True
2656.63992	0.0003999999998995918	trials	electrical	biphasic	60	SSp	deep	awake	True	True
2660.27922	0.0003999999998995918	trials	electrical	biphasic	80	SSp	deep	awake	False	True
2664.4759	0.0003999999998995918	trials	electrical	biphasic	40	SSp	deep	awake	False	True
2668.07014	0.00040000000035433914	trials	electrical	biphasic	80	SSp	deep	awake	False	True
2672.09596	0.0003999999998995918	trials	electrical	biphasic	40	SSp	deep	awake	False	True
2676.12673	0.0003999999998995918	trials	electrical	biphasic	60	SSp	deep	awake	False	True
2680.48829	0.00040000000035433914	trials	electrical	biphasic	80	SSp	deep	awake	False	True
2684.47357	0.0003999999998995918	trials	electrical	biphasic	80	SSp	deep	awake	False	True
2688.36745	0.0003999999998995918	trials	electrical	biphasic	60	SSp	deep	awake	False	True
2692.53932	0.00040000000035433914	trials	electrical	biphasic	80	SSp	deep	awake	False	True
2696.781	0.0003999999998995918	trials	electrical	biphasic	40	SSp	deep	awake	False	True
2700.80148	0.0003999999998995918	trials	electrical	biphasic	80	SSp	deep	awake	False	True
2704.64963	0.0003999999998995918	trials	electrical	biphasic	60	SSp	deep	awake	False	True
2708.30005	0.00040000000035433914	trials	electrical	biphasic	80	SSp	deep	awake	True	True
2712.38657	0.0003999999998995918	trials	electrical	biphasic	40	SSp	deep	awake	False	True
2716.14913	0.00040000000035433914	trials	electrical	biphasic	80	SSp	deep	awake	False	True
2719.69401	0.0003999999998995918	trials	electrical	biphasic	80	SSp	deep	awake	False	True
2723.94937	0.00040000000035433914	trials	electrical	biphasic	40	SSp	deep	awake	False	True
2727.69257	0.0003999999998995918	trials	electrical	biphasic	60	SSp	deep	awake	False	True
2731.6354	0.0003999999998995918	trials	electrical	biphasic	60	SSp	deep	awake	False	True
2735.82362	0.0003999999998995918	trials	electrical	biphasic	60	SSp	deep	awake	False	True
2739.68326	0.00040000000035433914	trials	electrical	biphasic	60	SSp	deep	awake	False	True
2743.92002	0.0004100000001017179	trials	electrical	biphasic	80	SSp	deep	awake	False	True
2747.81515	0.0003999999998995918	trials	electrical	biphasic	80	SSp	deep	awake	False	True
2751.99899	0.0003999999998995918	trials	electrical	biphasic	80	SSp	deep	awake	False	True
2756.20345	0.0003999999998995918	trials	electrical	biphasic	80	SSp	deep	awake	False	True
2760.14618	0.0003999999998995918	trials	electrical	biphasic	40	SSp	deep	awake	False	True
2763.66618	0.0003999999998995918	trials	electrical	biphasic	40	SSp	deep	awake	False	True
2767.49746	0.0003999999998995918	trials	electrical	biphasic	60	SSp	deep	awake	False	True
2771.42218	0.0003999999998995918	trials	electrical	biphasic	40	SSp	deep	awake	False	True
2775.19288	0.0003999999998995918	trials	electrical	biphasic	80	SSp	deep	awake	False	True
2778.890360000001	0.0003999999989900971	trials	electrical	biphasic	80	SSp	deep	awake	False	True
2783.2125100000007	0.00039999999944484443	trials	electrical	biphasic	40	SSp	deep	awake	False	True
2787.14285	0.0003999999998995918	trials	electrical	biphasic	60	SSp	deep	awake	False	True
2791.53105	0.0003999999998995918	trials	electrical	biphasic	40	SSp	deep	awake	False	True
2795.42265	0.0003999999998995918	trials	electrical	biphasic	80	SSp	deep	awake	False	True
2799.6922	0.0003999999998995918	trials	electrical	biphasic	40	SSp	deep	awake	False	True
2803.58942	0.00040000000035433914	trials	electrical	biphasic	60	SSp	deep	awake	False	True
2807.89836	0.0003999999998995918	trials	electrical	biphasic	60	SSp	deep	awake	False	True
2812.15387	0.0003999999998995918	trials	electrical	biphasic	40	SSp	deep	awake	True	True
2816.03169	0.00040000000035433914	trials	electrical	biphasic	40	SSp	deep	awake	True	True
2819.74813	0.0004000000008090865	trials	electrical	biphasic	60	SSp	deep	awake	False	True
2824.03895	0.0003999999998995918	trials	electrical	biphasic	80	SSp	deep	awake	False	True
2828.48868	0.0004000000008090865	trials	electrical	biphasic	80	SSp	deep	awake	False	True
2832.31666	0.0004000000008090865	trials	electrical	biphasic	60	SSp	deep	awake	False	True
2836.48834	0.0003999999998995918	trials	electrical	biphasic	40	SSp	deep	awake	False	True
2840.42741	0.00040000000035433914	trials	electrical	biphasic	40	SSp	deep	awake	False	True
2844.7613300000007	0.00039999999944484443	trials	electrical	biphasic	60	SSp	deep	awake	False	True
2849.0306100000007	0.00039999999944484443	trials	electrical	biphasic	60	SSp	deep	awake	False	True
2852.6983	0.0003999999998995918	trials	electrical	biphasic	40	SSp	deep	awake	False	True
2857.0607	0.0003999999998995918	trials	electrical	biphasic	60	SSp	deep	awake	False	True
2861.551	0.0003999999998995918	trials	electrical	biphasic	80	SSp	deep	awake	False	True
2865.56585	0.0003999999998995918	trials	electrical	biphasic	40	SSp	deep	awake	False	True
2869.95055	0.0003999999998995918	trials	electrical	biphasic	80	SSp	deep	awake	False	True
2874.03899	0.0004100000001017179	trials	electrical	biphasic	60	SSp	deep	awake	False	True
2877.69418	0.0003999999998995918	trials	electrical	biphasic	60	SSp	deep	awake	False	True
2881.39446	0.0004000000008090865	trials	electrical	biphasic	80	SSp	deep	awake	False	True
2885.30184	0.0003999999998995918	trials	electrical	biphasic	60	SSp	deep	awake	False	True
2889.55096	0.0003999999998995918	trials	electrical	biphasic	80	SSp	deep	awake	False	True
2893.87697	0.00040000000035433914	trials	electrical	biphasic	40	SSp	deep	awake	False	True
2898.16735	0.0003999999998995918	trials	electrical	biphasic	60	SSp	deep	awake	False	True
2901.98629	0.00040000000035433914	trials	electrical	biphasic	40	SSp	deep	awake	False	True
2906.02077	0.0003999999998995918	trials	electrical	biphasic	60	SSp	deep	awake	False	True
2909.61115	0.0003999999998995918	trials	electrical	biphasic	80	SSp	deep	awake	False	True
2913.22328	0.0003999999998995918	trials	electrical	biphasic	60	SSp	deep	awake	False	True
2916.86	0.0003999999998995918	trials	electrical	biphasic	80	SSp	deep	awake	False	True
2921.03908	0.0003999999998995918	trials	electrical	biphasic	40	SSp	deep	awake	False	True
2925.03468	0.0003999999998995918	trials	electrical	biphasic	40	SSp	deep	awake	False	True
2928.72482	0.0003999999998995918	trials	electrical	biphasic	40	SSp	deep	awake	False	True
2932.72024	0.0003999999998995918	trials	electrical	biphasic	40	SSp	deep	awake	False	True
2936.36827	0.0003999999998995918	trials	electrical	biphasic	80	SSp	deep	awake	True	True
2939.92367	0.0003999999998995918	trials	electrical	biphasic	80	SSp	deep	awake	False	True
2944.274810000001	0.0003999999989900971	trials	electrical	biphasic	80	SSp	deep	awake	False	True
2948.33579	0.0003999999998995918	trials	electrical	biphasic	80	SSp	deep	awake	False	True
2952.76582	0.0003999999998995918	trials	electrical	biphasic	40	SSp	deep	awake	False	True
2956.9629	0.0003999999998995918	trials	electrical	biphasic	80	SSp	deep	awake	False	True
2961.04612	0.0003999999998995918	trials	electrical	biphasic	40	SSp	deep	awake	False	True
2965.36195	0.0003999999998995918	trials	electrical	biphasic	80	SSp	deep	awake	False	True
2969.74139	0.0003999999998995918	trials	electrical	biphasic	80	SSp	deep	awake	False	True
2974.23074	0.0003999999998995918	trials	electrical	biphasic	60	SSp	deep	awake	False	True
2977.73168	0.00040000000035433914	trials	electrical	biphasic	40	SSp	deep	awake	False	True
2982.09754	0.0003999999998995918	trials	electrical	biphasic	40	SSp	deep	awake	False	True
2986.2105300000007	0.00039999999944484443	trials	electrical	biphasic	80	SSp	deep	awake	False	True
2990.70091	0.0004000000008090865	trials	electrical	biphasic	80	SSp	deep	awake	True	True
2994.72901	0.0004000000008090865	trials	electrical	biphasic	40	SSp	deep	awake	False	True
2998.70896	0.0004000000008090865	trials	electrical	biphasic	80	SSp	deep	awake	False	True
3003.01072	0.0003999999998995918	trials	electrical	biphasic	40	SSp	deep	awake	False	True
3006.73898	0.0003999999998995918	trials	electrical	biphasic	40	SSp	deep	awake	True	True
3010.7375	0.0003999999998995918	trials	electrical	biphasic	60	SSp	deep	awake	False	True
3015.13879	0.0003999999998995918	trials	electrical	biphasic	80	SSp	deep	awake	False	True
3019.21387	0.0003999999998995918	trials	electrical	biphasic	80	SSp	deep	awake	False	True
3023.55948	0.0003999999998995918	trials	electrical	biphasic	80	SSp	deep	awake	True	True
3027.79854	0.00040000000035433914	trials	electrical	biphasic	80	SSp	deep	awake	False	True
3031.88494	0.0003999999998995918	trials	electrical	biphasic	80	SSp	deep	awake	False	True
3035.6321	0.00040000000035433914	trials	electrical	biphasic	60	SSp	deep	awake	False	True
3039.79895	0.0003999999998995918	trials	electrical	biphasic	80	SSp	deep	awake	True	True
3043.38285	0.0003999999998995918	trials	electrical	biphasic	40	SSp	deep	awake	False	True
3047.50923	0.0003999999998995918	trials	electrical	biphasic	80	SSp	deep	awake	False	True
3051.67059	0.0003999999998995918	trials	electrical	biphasic	60	SSp	deep	awake	False	True
3055.90078	0.0004000000008090865	trials	electrical	biphasic	40	SSp	deep	awake	True	True
3060.29196	0.0004000000008090865	trials	electrical	biphasic	40	SSp	deep	awake	False	True
3064.77469	0.0003999999998995918	trials	electrical	biphasic	40	SSp	deep	awake	False	True
3069.04413	0.0003999999998995918	trials	electrical	biphasic	40	SSp	deep	awake	False	True
3073.12599	0.0004100000001017179	trials	electrical	biphasic	40	SSp	deep	awake	False	True
3077.55474	0.0003999999998995918	trials	electrical	biphasic	40	SSp	deep	awake	False	True
3081.63526	0.0004000000008090865	trials	electrical	biphasic	40	SSp	deep	awake	False	True
3085.15266	0.0003999999998995918	trials	electrical	biphasic	60	SSp	deep	awake	False	True
3088.77394	0.0003999999998995918	trials	electrical	biphasic	60	SSp	deep	awake	False	True
3093.13709	0.0003999999998995918	trials	electrical	biphasic	80	SSp	deep	awake	False	True
3097.12181	0.0003999999998995918	trials	electrical	biphasic	40	SSp	deep	awake	False	True
3101.46709	0.0003999999998995918	trials	electrical	biphasic	60	SSp	deep	awake	False	True
3105.17692	0.0003999999998995918	trials	electrical	biphasic	60	SSp	deep	awake	False	True
3109.22964	0.0003999999998995918	trials	electrical	biphasic	40	SSp	deep	awake	False	True
3113.35994	0.00040000000035433914	trials	electrical	biphasic	40	SSp	deep	awake	False	True
3116.8923600000007	0.00039999999944484443	trials	electrical	biphasic	60	SSp	deep	awake	False	True
3121.0075	0.0003999999998995918	trials	electrical	biphasic	40	SSp	deep	awake	False	True
3124.87035	0.0003999999998995918	trials	electrical	biphasic	80	SSp	deep	awake	False	True
3128.42031	0.0004000000008090865	trials	electrical	biphasic	60	SSp	deep	awake	False	True
3132.41031	0.0003999999998995918	trials	electrical	biphasic	40	SSp	deep	awake	False	True
3136.10325	0.0003999999998995918	trials	electrical	biphasic	80	SSp	deep	awake	False	True
3139.72675	0.00040000000035433914	trials	electrical	biphasic	80	SSp	deep	awake	False	True
3143.43267	0.0003999999998995918	trials	electrical	biphasic	80	SSp	deep	awake	True	True
3147.07961	0.00040000000035433914	trials	electrical	biphasic	80	SSp	deep	awake	False	True
3150.76911	0.0003999999998995918	trials	electrical	biphasic	60	SSp	deep	awake	False	True
3154.31219	0.0003999999998995918	trials	electrical	biphasic	40	SSp	deep	awake	False	True
3158.44782	0.00040000000035433914	trials	electrical	biphasic	40	SSp	deep	awake	False	True
3162.2301	0.0003999999998995918	trials	electrical	biphasic	60	SSp	deep	awake	False	True
3166.26912	0.0003999999998995918	trials	electrical	biphasic	80	SSp	deep	awake	False	True
3170.4647	0.0003999999998995918	trials	electrical	biphasic	60	SSp	deep	awake	False	True
3174.46425	0.0003999999998995918	trials	electrical	biphasic	80	SSp	deep	awake	False	True
3178.50047	0.0003999999998995918	trials	electrical	biphasic	60	SSp	deep	awake	False	True
3182.44607	0.0003999999998995918	trials	electrical	biphasic	40	SSp	deep	awake	False	True
3186.07043	0.0003999999998995918	trials	electrical	biphasic	80	SSp	deep	awake	False	True
3190.0612100000008	0.00039999999944484443	trials	electrical	biphasic	40	SSp	deep	awake	False	True
3194.41464	0.0003999999998995918	trials	electrical	biphasic	40	SSp	deep	awake	False	True
3198.7889800000007	0.00039999999944484443	trials	electrical	biphasic	80	SSp	deep	awake	False	True
3202.5597	0.00040000000035433914	trials	electrical	biphasic	40	SSp	deep	awake	False	True
3206.26858	0.0004000000008090865	trials	electrical	biphasic	60	SSp	deep	awake	True	True
3210.33399	0.0003999999998995918	trials	electrical	biphasic	40	SSp	deep	awake	False	True
3214.47473	0.0004000000008090865	trials	electrical	biphasic	60	SSp	deep	awake	True	True
3218.39217	0.0003999999998995918	trials	electrical	biphasic	80	SSp	deep	awake	False	True
3222.09857	0.0003999999998995918	trials	electrical	biphasic	60	SSp	deep	awake	False	True
3226.54694	0.0003999999998995918	trials	electrical	biphasic	60	SSp	deep	awake	False	True
3230.12944	0.0003999999998995918	trials	electrical	biphasic	60	SSp	deep	awake	False	True
3233.73556	0.0003999999998995918	trials	electrical	biphasic	80	SSp	deep	awake	False	True
3237.37802	0.0003999999998995918	trials	electrical	biphasic	80	SSp	deep	awake	False	True
3241.0449	0.00040000000035433914	trials	electrical	biphasic	40	SSp	deep	awake	False	True
3245.16628	0.0004000000008090865	trials	electrical	biphasic	80	SSp	deep	awake	False	True
3249.2404300000007	0.00039999999944484443	trials	electrical	biphasic	60	SSp	deep	awake	False	True
3252.79293	0.0003999999998995918	trials	electrical	biphasic	60	SSp	deep	awake	False	True
3257.22455	0.0003999999998995918	trials	electrical	biphasic	80	SSp	deep	awake	False	True
3261.45363	0.0003999999998995918	trials	electrical	biphasic	80	SSp	deep	awake	False	True
3265.6919	0.00040000000035433914	trials	electrical	biphasic	60	SSp	deep	awake	False	True
3269.25572	0.0003999999998995918	trials	electrical	biphasic	40	SSp	deep	awake	False	True
3273.61658	0.0003999999998995918	trials	electrical	biphasic	60	SSp	deep	awake	False	True
3278.05141	0.0003999999998995918	trials	electrical	biphasic	80	SSp	deep	awake	False	True
3282.53623	0.0003999999998995918	trials	electrical	biphasic	40	SSp	deep	awake	False	True
3286.8956	0.00040000000035433914	trials	electrical	biphasic	40	SSp	deep	awake	False	True
3291.18158	0.0004000000008090865	trials	electrical	biphasic	40	SSp	deep	awake	False	True
3295.19539	0.00040000000035433914	trials	electrical	biphasic	40	SSp	deep	awake	False	True
3298.87341	0.0003999999998995918	trials	electrical	biphasic	80	SSp	deep	awake	False	True
3302.77241	0.0003999999998995918	trials	electrical	biphasic	60	SSp	deep	awake	False	True
3306.40677	0.0003999999998995918	trials	electrical	biphasic	80	SSp	deep	awake	False	True
3309.93809	0.0003999999998995918	trials	electrical	biphasic	40	SSp	deep	awake	False	True
3314.37765	0.0003999999998995918	trials	electrical	biphasic	60	SSp	deep	awake	False	True
3318.17937	0.00040000000035433914	trials	electrical	biphasic	40	SSp	deep	awake	False	True
3321.97534	0.0003999999998995918	trials	electrical	biphasic	40	SSp	deep	awake	False	True
3325.8087	0.0003999999998995918	trials	electrical	biphasic	60	SSp	deep	awake	False	True
3329.7761800000007	0.00039999999944484443	trials	electrical	biphasic	60	SSp	deep	awake	False	True
3333.9248	0.00040000000035433914	trials	electrical	biphasic	80	SSp	deep	awake	True	True
3337.45044	0.0003999999998995918	trials	electrical	biphasic	60	SSp	deep	awake	False	True
3341.79307	0.0003999999998995918	trials	electrical	biphasic	40	SSp	deep	awake	False	True
3345.85253	0.0003999999998995918	trials	electrical	biphasic	80	SSp	deep	awake	False	True
3350.20706	0.0003999999998995918	trials	electrical	biphasic	60	SSp	deep	awake	False	True
3354.0553600000007	0.00039999999944484443	trials	electrical	biphasic	40	SSp	deep	awake	False	True
3358.0018	0.0003999999998995918	trials	electrical	biphasic	40	SSp	deep	awake	False	True
3361.55646	0.00040000000035433914	trials	electrical	biphasic	40	SSp	deep	awake	False	True
3365.2339799999995	0.00040000000035433914	trials	electrical	biphasic	40	SSp	deep	awake	False	True
3369.3972	0.0003999999998995918	trials	electrical	biphasic	40	SSp	deep	awake	False	True
3373.22845	0.0003999999998995918	trials	electrical	biphasic	60	SSp	deep	awake	False	True
3377.62735	0.0003999999998995918	trials	electrical	biphasic	80	SSp	deep	awake	False	True
3381.24593	0.00039999999944484443	trials	electrical	biphasic	40	SSp	deep	awake	False	True
3385.73478	0.00040000000035433914	trials	electrical	biphasic	40	SSp	deep	awake	False	True
3389.77518	0.00039999999944484443	trials	electrical	biphasic	80	SSp	deep	awake	False	True
3393.9825200000005	0.00040000000035433914	trials	electrical	biphasic	80	SSp	deep	awake	False	True
3398.48245	0.0003999999998995918	trials	electrical	biphasic	60	SSp	deep	awake	False	True
3402.27071	0.00040000000035433914	trials	electrical	biphasic	80	SSp	deep	awake	False	True
3406.18565	0.0003999999998995918	trials	electrical	biphasic	80	SSp	deep	awake	False	True
3410.1509100000007	0.00039999999944484443	trials	electrical	biphasic	80	SSp	deep	awake	False	True
3414.4153	0.0003999999998995918	trials	electrical	biphasic	40	SSp	deep	awake	False	True
3418.73392	0.00040000000035433914	trials	electrical	biphasic	80	SSp	deep	awake	False	True
3489.1413461852353	210.3699999999999	epochs								
3699.5213461852354	3752.75	epochs								
4444.67251	0.0003999999998995918	trials	electrical	biphasic	60	SSp	deep	isoflurane	False	True
4448.20554	0.0003999999998995918	trials	electrical	biphasic	40	SSp	deep	isoflurane	False	True
4452.26716	0.0003999999998995918	trials	electrical	biphasic	60	SSp	deep	isoflurane	False	True
4456.64945	0.0003999999998995918	trials	electrical	biphasic	80	SSp	deep	isoflurane	False	True
4460.81905	0.0003999999998995918	trials	electrical	biphasic	80	SSp	deep	isoflurane	False	True
4464.50992	0.0003999999998995918	trials	electrical	biphasic	80	SSp	deep	isoflurane	False	True
4468.37926	0.0004000000017185812	trials	electrical	biphasic	80	SSp	deep	isoflurane	False	True
4472.3404	0.0003999999998995918	trials	electrical	biphasic	40	SSp	deep	isoflurane	False	True
4476.82247	0.0003999999998995918	trials	electrical	biphasic	40	SSp	deep	isoflurane	False	True
4480.47929	0.0003999999998995918	trials	electrical	biphasic	40	SSp	deep	isoflurane	False	True
4484.835239999999	0.0004000000008090865	trials	electrical	biphasic	80	SSp	deep	isoflurane	False	True
4488.98043	0.0004000000008090865	trials	electrical	biphasic	80	SSp	deep	isoflurane	False	True
4492.857129999999	0.0003999999989900971	trials	electrical	biphasic	60	SSp	deep	isoflurane	False	True
4496.5484700000015	0.0003999999998995918	trials	electrical	biphasic	40	SSp	deep	isoflurane	False	True
4500.47716	0.0003999999998995918	trials	electrical	biphasic	60	SSp	deep	isoflurane	False	True
4504.4596	0.0003999999998995918	trials	electrical	biphasic	80	SSp	deep	isoflurane	False	True
4508.08065	0.0003999999998995918	trials	electrical	biphasic	40	SSp	deep	isoflurane	False	True
4512.17057	0.0003999999998995918	trials	electrical	biphasic	80	SSp	deep	isoflurane	False	True
4515.89717	0.0003999999998995918	trials	electrical	biphasic	60	SSp	deep	isoflurane	False	True
4519.78222	0.0003999999998995918	trials	electrical	biphasic	80	SSp	deep	isoflurane	False	True
4523.865620000001	0.0003999999989900971	trials	electrical	biphasic	80	SSp	deep	isoflurane	False	True
4527.61785	0.0004000000008090865	trials	electrical	biphasic	40	SSp	deep	isoflurane	False	True
4531.40871	0.0004000000017185812	trials	electrical	biphasic	60	SSp	deep	isoflurane	False	True
4535.52624	0.0003999999998995918	trials	electrical	biphasic	40	SSp	deep	isoflurane	False	True
4539.29194	0.0003999999998995918	trials	electrical	biphasic	60	SSp	deep	isoflurane	False	True
4543.61675	0.0003999999998995918	trials	electrical	biphasic	80	SSp	deep	isoflurane	False	True
4548.09984	0.0003999999998995918	trials	electrical	biphasic	40	SSp	deep	isoflurane	False	True
4552.3305	0.0003999999998995918	trials	electrical	biphasic	60	SSp	deep	isoflurane	False	True
4556.17481	0.0003999999998995918	trials	electrical	biphasic	80	SSp	deep	isoflurane	False	True
4560.25929	0.0003999999998995918	trials	electrical	biphasic	60	SSp	deep	isoflurane	False	True
4563.86748	0.0003999999998995918	trials	electrical	biphasic	80	SSp	deep	isoflurane	False	True
4568.274210000001	0.0003999999989900971	trials	electrical	biphasic	40	SSp	deep	isoflurane	False	True
4572.65429	0.0003999999998995918	trials	electrical	biphasic	40	SSp	deep	isoflurane	False	True
4576.972479999999	0.0003999999989900971	trials	electrical	biphasic	80	SSp	deep	isoflurane	False	True
4580.73363	0.0003999999998995918	trials	electrical	biphasic	80	SSp	deep	isoflurane	False	True
4584.82841	0.0003999999998995918	trials	electrical	biphasic	60	SSp	deep	isoflurane	False	True
4588.35135	0.0003999999998995918	trials	electrical	biphasic	80	SSp	deep	isoflurane	False	True
4592.27704	0.0003999999998995918	trials	electrical	biphasic	60	SSp	deep	isoflurane	False	True
4596.09018	0.0003999999998995918	trials	electrical	biphasic	60	SSp	deep	isoflurane	False	True
4599.75209	0.0003999999998995918	trials	electrical	biphasic	60	SSp	deep	isoflurane	False	True
4603.43127	0.0003999999998995918	trials	electrical	biphasic	40	SSp	deep	isoflurane	False	True
4607.354579999998	0.0004000000017185812	trials	electrical	biphasic	60	SSp	deep	isoflurane	False	True
4610.94922	0.0003999999998995918	trials	electrical	biphasic	40	SSp	deep	isoflurane	False	True
4615.04817	0.0003999999998995918	trials	electrical	biphasic	80	SSp	deep	isoflurane	False	True
4619.01951	0.0003999999998995918	trials	electrical	biphasic	40	SSp	deep	isoflurane	False	True
4623.21588	0.0003999999998995918	trials	electrical	biphasic	60	SSp	deep	isoflurane	False	True
4627.41619	0.0003999999998995918	trials	electrical	biphasic	80	SSp	deep	isoflurane	False	True
4631.55515	0.0003999999998995918	trials	electrical	biphasic	60	SSp	deep	isoflurane	False	True
4635.08918	0.0003999999998995918	trials	electrical	biphasic	80	SSp	deep	isoflurane	False	True
4638.6584	0.0003999999998995918	trials	electrical	biphasic	40	SSp	deep	isoflurane	False	True
4642.47842	0.0003999999998995918	trials	electrical	biphasic	40	SSp	deep	isoflurane	False	True
4646.50971	0.0003999999998995918	trials	electrical	biphasic	60	SSp	deep	isoflurane	False	True
4650.66458	0.0003999999998995918	trials	electrical	biphasic	60	SSp	deep	isoflurane	False	True
4654.57262	0.0004000000017185812	trials	electrical	biphasic	40	SSp	deep	isoflurane	False	True
4658.893029999998	0.0004000000017185812	trials	electrical	biphasic	80	SSp	deep	isoflurane	False	True
4663.11182	0.0003999999998995918	trials	electrical	biphasic	40	SSp	deep	isoflurane	False	True
4667.58089	0.0003999999998995918	trials	electrical	biphasic	40	SSp	deep	isoflurane	False	True
4671.61265	0.0003999999998995918	trials	electrical	biphasic	40	SSp	deep	isoflurane	False	True
4675.43822	0.0003999999998995918	trials	electrical	biphasic	40	SSp	deep	isoflurane	False	True
4679.0442600000015	0.0003999999998995918	trials	electrical	biphasic	40	SSp	deep	isoflurane	False	True
4683.15565	0.0003999999998995918	trials	electrical	biphasic	80	SSp	deep	isoflurane	False	True
4687.43488	0.0003999999998995918	trials	electrical	biphasic	80	SSp	deep	isoflurane	False	True
4691.35876	0.0003999999998995918	trials	electrical	biphasic	60	SSp	deep	isoflurane	False	True
4694.950010000001	0.0003999999989900971	trials	electrical	biphasic	60	SSp	deep	isoflurane	False	True
4698.71691	0.0003999999998995918	trials	electrical	biphasic	80	SSp	deep	isoflurane	False	True
4702.371	0.0003999999998995918	trials	electrical	biphasic	40	SSp	deep	isoflurane	False	True
4706.15242	0.0003999999998995918	trials	electrical	biphasic	80	SSp	deep	isoflurane	False	True
4710.09293	0.0003999999998995918	trials	electrical	biphasic	80	SSp	deep	isoflurane	False	True
4714.12049	0.0003999999998995918	trials	electrical	biphasic	60	SSp	deep	isoflurane	False	True
4718.07834	0.0003999999998995918	trials	electrical	biphasic	80	SSp	deep	isoflurane	False	True
4722.45415	0.0004000000008090865	trials	electrical	biphasic	60	SSp	deep	isoflurane	False	True
4726.47264	0.0003999999998995918	trials	electrical	biphasic	60	SSp	deep	isoflurane	False	True
4730.91669	0.0003999999998995918	trials	electrical	biphasic	60	SSp	deep	isoflurane	False	True
4735.054810000001	0.0003999999989900971	trials	electrical	biphasic	40	SSp	deep	isoflurane	False	True
4739.51294	0.0004000000008090865	trials	electrical	biphasic	60	SSp	deep	isoflurane	False	True
4743.25407	0.0003999999998995918	trials	electrical	biphasic	60	SSp	deep	isoflurane	False	True
4747.43062	0.0003999999998995918	trials	electrical	biphasic	40	SSp	deep	isoflurane	False	True
4751.2201	0.0004000000008090865	trials	electrical	biphasic	80	SSp	deep	isoflurane	False	True
4755.39233	0.0003999999998995918	trials	electrical	biphasic	80	SSp	deep	isoflurane	False	True
4759.5879	0.0003999999998995918	trials	electrical	biphasic	60	SSp	deep	isoflurane	False	True
4763.15632	0.0003999999998995918	trials	electrical	biphasic	60	SSp	deep	isoflurane	False	True
4766.91155	0.0003999999998995918	trials	electrical	biphasic	40	SSp	deep	isoflurane	False	True
4770.63601	0.0003999999998995918	trials	electrical	biphasic	60	SSp	deep	isoflurane	False	True
4774.804279999999	0.0003999999989900971	trials	electrical	biphasic	60	SSp	deep	isoflurane	False	True
4779.14911	0.0003999999998995918	trials	electrical	biphasic	40	SSp	deep	isoflurane	False	True
4782.99399	0.0003999999998995918	trials	electrical	biphasic	60	SSp	deep	isoflurane	False	True
4787.27494	0.0003999999998995918	trials	electrical	biphasic	80	SSp	deep	isoflurane	False	True
4791.45071	0.0003999999998995918	trials	electrical	biphasic	60	SSp	deep	isoflurane	False	True
4794.95785	0.0003999999998995918	trials	electrical	biphasic	80	SSp	deep	isoflurane	False	True
4799.0604600000015	0.0003999999998995918	trials	electrical	biphasic	60	SSp	deep	isoflurane	False	True
4802.947670000001	0.0003999999989900971	trials	electrical	biphasic	80	SSp	deep	isoflurane	False	True
4807.3641	0.0003999999998995918	trials	electrical	biphasic	60	SSp	deep	isoflurane	False	True
4810.86568	0.0003999999998995918	trials	electrical	biphasic	60	SSp	deep	isoflurane	False	True
4814.82855	0.0003999999998995918	trials	electrical	biphasic	40	SSp	deep	isoflurane	False	True
4818.75331	0.0003999999998995918	trials	electrical	biphasic	40	SSp	deep	isoflurane	False	True
4822.7146600000015	0.0003999999989900971	trials	electrical	biphasic	40	SSp	deep	isoflurane	False	True
4826.98525	0.0003999999998995918	trials	electrical	biphasic	40	SSp	deep	isoflurane	False	True
4830.80815	0.0003999999998995918	trials	electrical	biphasic	40	SSp	deep	isoflurane	False	True
4835.09332	0.0003999999998995918	trials	electrical	biphasic	60	SSp	deep	isoflurane	False	True
4839.065110000001	0.0003999999989900971	trials	electrical	biphasic	60	SSp	deep	isoflurane	False	True
4842.60129	0.0004000000008090865	trials	electrical	biphasic	80	SSp	deep	isoflurane	False	True
4846.2776	0.0003999999998995918	trials	electrical	biphasic	60	SSp	deep	isoflurane	False	True
4850.49979	0.0003999999998995918	trials	electrical	biphasic	80	SSp	deep	isoflurane	False	True
4854.47369	0.0003999999998995918	trials	electrical	biphasic	40	SSp	deep	isoflurane	False	True
4858.12684	0.0003999999998995918	trials	electrical	biphasic	60	SSp	deep	isoflurane	False	True
4861.968379999998	0.0004000000017185812	trials	electrical	biphasic	80	SSp	deep	isoflurane	False	True
4866.07619	0.0003999999998995918	trials	electrical	biphasic	40	SSp	deep	isoflurane	False	True
4869.76836	0.0003999999998995918	trials	electrical	biphasic	40	SSp	deep	isoflurane	False	True
4874.00721	0.0004000000017185812	trials	electrical	biphasic	40	SSp	deep	isoflurane	False	True
4877.750489999999	0.0004000000008090865	trials	electrical	biphasic	40	SSp	deep	isoflurane	False	True
4882.16834	0.0003999999998995918	trials	electrical	biphasic	80	SSp	deep	isoflurane	False	True
4885.93783	0.0003999999998995918	trials	electrical	biphasic	60	SSp	deep	isoflurane	False	True
4890.20376	0.0003999999998995918	trials	electrical	biphasic	60	SSp	deep	isoflurane	False	True
4893.89284	0.0003999999989900971	trials	electrical	biphasic	60	SSp	deep	isoflurane	False	True
4897.68077	0.0004000000017185812	trials	electrical	biphasic	80	SSp	deep	isoflurane	False	True
4901.27231	0.0003999999998995918	trials	electrical	biphasic	60	SSp	deep	isoflurane	False	True
4905.34894	0.0003999999998995918	trials	electrical	biphasic	60	SSp	deep	isoflurane	False	True
4909.53273	0.0003999999998995918	trials	electrical	biphasic	40	SSp	deep	isoflurane	False	True
4913.57975	0.0003999999998995918	trials	electrical	biphasic	40	SSp	deep	isoflurane	False	True
4917.5059	0.0003999999998995918	trials	electrical	biphasic	60	SSp	deep	isoflurane	False	True
4921.65077	0.0003999999998995918	trials	electrical	biphasic	80	SSp	deep	isoflurane	False	True
4925.79882	0.0003999999998995918	trials	electrical	biphasic	80	SSp	deep	isoflurane	False	True
4929.978270000001	0.0003999999989900971	trials	electrical	biphasic	40	SSp	deep	isoflurane	False	True
4934.11447	0.0003999999998995918	trials	electrical	biphasic	60	SSp	deep	isoflurane	False	True
4938.560079999998	0.0004000000017185812	trials	electrical	biphasic	80	SSp	deep	isoflurane	False	True
4942.26945	0.0003999999998995918	trials	electrical	biphasic	40	SSp	deep	isoflurane	False	True
4946.47916	0.0003999999998995918	trials	electrical	biphasic	40	SSp	deep	isoflurane	False	True
4950.21582	0.0003999999998995918	trials	electrical	biphasic	60	SSp	deep	isoflurane	False	True
4953.83565	0.0003999999998995918	trials	electrical	biphasic	60	SSp	deep	isoflurane	False	True
4957.94338	0.0003999999998995918	trials	electrical	biphasic	40	SSp	deep	isoflurane	False	True
4961.89394	0.0003999999998995918	trials	electrical	biphasic	60	SSp	deep	isoflurane	False	True
4965.85309	0.0004000000008090865	trials	electrical	biphasic	80	SSp	deep	isoflurane	False	True
4970.015460000001	0.0003999999989900971	trials	electrical	biphasic	60	SSp	deep	isoflurane	False	True
4974.28617	0.0003999999998995918	trials	electrical	biphasic	60	SSp	deep	isoflurane	False	True
4978.1368200000015	0.0003999999998995918	trials	electrical	biphasic	80	SSp	deep	isoflurane	False	True
4982.29926	0.0004000000017185812	trials	electrical	biphasic	60	SSp	deep	isoflurane	False	True
4986.21585	0.0004000000008090865	trials	electrical	biphasic	40	SSp	deep	isoflurane	False	True
4990.5582	0.0003999999998995918	trials	electrical	biphasic	40	SSp	deep	isoflurane	False	True
4994.89155	0.0003999999998995918	trials	electrical	biphasic	60	SSp	deep	isoflurane	False	True
4998.64842	0.0003999999998995918	trials	electrical	biphasic	80	SSp	deep	isoflurane	False	True
5002.7623	0.0003999999998995918	trials	electrical	biphasic	40	SSp	deep	isoflurane	False	True
5006.84497	0.0003999999998995918	trials	electrical	biphasic	80	SSp	deep	isoflurane	False	True
5010.88614	0.0004000000008090865	trials	electrical	biphasic	80	SSp	deep	isoflurane	False	True
5015.25651	0.0003999999998995918	trials	electrical	biphasic	60	SSp	deep	isoflurane	False	True
5019.021720000002	0.0003999999998995918	trials	electrical	biphasic	60	SSp	deep	isoflurane	False	True
5022.84022	0.0003999999998995918	trials	electrical	biphasic	60	SSp	deep	isoflurane	False	True
5026.4598700000015	0.0003999999998995918	trials	electrical	biphasic	60	SSp	deep	isoflurane	False	True
5030.90012	0.0003999999998995918	trials	electrical	biphasic	80	SSp	deep	isoflurane	False	True
5035.04611	0.0003999999998995918	trials	electrical	biphasic	60	SSp	deep	isoflurane	False	True
5039.02599	0.0003999999998995918	trials	electrical	biphasic	80	SSp	deep	isoflurane	False	True
5043.16574	0.0003999999998995918	trials	electrical	biphasic	40	SSp	deep	isoflurane	False	True
5047.21089	0.0003999999998995918	trials	electrical	biphasic	80	SSp	deep	isoflurane	False	True
5051.35864	0.0003999999998995918	trials	electrical	biphasic	60	SSp	deep	isoflurane	False	True
5055.40295	0.0003999999998995918	trials	electrical	biphasic	60	SSp	deep	isoflurane	False	True
5059.62441	0.0003999999998995918	trials	electrical	biphasic	60	SSp	deep	isoflurane	False	True
5063.64734	0.0003999999989900971	trials	electrical	biphasic	80	SSp	deep	isoflurane	False	True
5068.141470000001	0.0003999999989900971	trials	electrical	biphasic	80	SSp	deep	isoflurane	False	True
5071.86058	0.0004000000008090865	trials	electrical	biphasic	60	SSp	deep	isoflurane	False	True
5075.4668	0.0003999999998995918	trials	electrical	biphasic	60	SSp	deep	isoflurane	False	True
5079.076929999998	0.0004000000017185812	trials	electrical	biphasic	40	SSp	deep	isoflurane	False	True
5082.64095	0.0003999999998995918	trials	electrical	biphasic	60	SSp	deep	isoflurane	False	True
5086.54596	0.0003999999998995918	trials	electrical	biphasic	40	SSp	deep	isoflurane	False	True
5090.49477	0.0003999999998995918	trials	electrical	biphasic	40	SSp	deep	isoflurane	False	True
5094.361010000001	0.0003999999989900971	trials	electrical	biphasic	60	SSp	deep	isoflurane	False	True
5098.62494	0.0003999999998995918	trials	electrical	biphasic	40	SSp	deep	isoflurane	False	True
5102.75327	0.0003999999998995918	trials	electrical	biphasic	60	SSp	deep	isoflurane	False	True
5107.02568	0.0003999999998995918	trials	electrical	biphasic	80	SSp	deep	isoflurane	False	True
5111.4589700000015	0.0003999999998995918	trials	electrical	biphasic	80	SSp	deep	isoflurane	False	True
5115.93214	0.0003999999998995918	trials	electrical	biphasic	40	SSp	deep	isoflurane	False	True
5119.624589999999	0.0004000000008090865	trials	electrical	biphasic	60	SSp	deep	isoflurane	False	True
5123.26389	0.0003999999998995918	trials	electrical	biphasic	80	SSp	deep	isoflurane	False	True
5127.46058	0.0003999999998995918	trials	electrical	biphasic	40	SSp	deep	isoflurane	False	True
5131.05483	0.0003999999998995918	trials	electrical	biphasic	80	SSp	deep	isoflurane	False	True
5135.08065	0.0003999999998995918	trials	electrical	biphasic	40	SSp	deep	isoflurane	False	True
5139.11142	0.0003999999998995918	trials	electrical	biphasic	60	SSp	deep	isoflurane	False	True
5143.47299	0.0003999999998995918	trials	electrical	biphasic	80	SSp	deep	isoflurane	False	True
5147.45828	0.0003999999998995918	trials	electrical	biphasic	80	SSp	deep	isoflurane	False	True
5151.35217	0.0003999999998995918	trials	electrical	biphasic	60	SSp	deep	isoflurane	False	True
5155.52404	0.0003999999998995918	trials	electrical	biphasic	80	SSp	deep	isoflurane	False	True
5159.76573	0.0003999999998995918	trials	electrical	biphasic	40	SSp	deep	isoflurane	False	True
5163.78621	0.0003999999998995918	trials	electrical	biphasic	80	SSp	deep	isoflurane	False	True
5167.63436	0.0003999999998995918	trials	electrical	biphasic	60	SSp	deep	isoflurane	False	True
5171.28479	0.0003999999998995918	trials	electrical	biphasic	80	SSp	deep	isoflurane	False	True
5175.37131	0.0003999999998995918	trials	electrical	biphasic	40	SSp	deep	isoflurane	False	True
5179.133879999999	0.0003999999989900971	trials	electrical	biphasic	80	SSp	deep	isoflurane	False	True
5182.67876	0.0004000000017185812	trials	electrical	biphasic	80	SSp	deep	isoflurane	False	True
5186.93413	0.0004000000008090865	trials	electrical	biphasic	40	SSp	deep	isoflurane	False	True
5190.67734	0.0003999999998995918	trials	electrical	biphasic	60	SSp	deep	isoflurane	False	True
5194.62017	0.0003999999998995918	trials	electrical	biphasic	60	SSp	deep	isoflurane	False	True
5198.8084	0.0003999999998995918	trials	electrical	biphasic	60	SSp	deep	isoflurane	False	True
5202.66804	0.0004000000008090865	trials	electrical	biphasic	60	SSp	deep	isoflurane	False	True
5206.90481	0.0003999999998995918	trials	electrical	biphasic	80	SSp	deep	isoflurane	False	True
5210.79994	0.0003999999998995918	trials	electrical	biphasic	80	SSp	deep	isoflurane	False	True
5214.98379	0.0003999999998995918	trials	electrical	biphasic	80	SSp	deep	isoflurane	False	True
5219.18826	0.0003999999998995918	trials	electrical	biphasic	80	SSp	deep	isoflurane	False	True
5223.13098	0.0003999999998995918	trials	electrical	biphasic	40	SSp	deep	isoflurane	False	True
5226.65099	0.0003999999998995918	trials	electrical	biphasic	40	SSp	deep	isoflurane	False	True
5230.48227	0.00040999999964697054	trials	electrical	biphasic	60	SSp	deep	isoflurane	False	True
5234.407	0.0003999999998995918	trials	electrical	biphasic	40	SSp	deep	isoflurane	False	True
5238.17771	0.0003999999998995918	trials	electrical	biphasic	80	SSp	deep	isoflurane	False	True
5241.87519	0.0003999999998995918	trials	electrical	biphasic	80	SSp	deep	isoflurane	False	True
5246.19734	0.0003999999998995918	trials	electrical	biphasic	40	SSp	deep	isoflurane	False	True
5250.12769	0.0003999999998995918	trials	electrical	biphasic	60	SSp	deep	isoflurane	False	True
5254.5159	0.0003999999998995918	trials	electrical	biphasic	40	SSp	deep	isoflurane	False	True
5258.40751	0.0003999999998995918	trials	electrical	biphasic	80	SSp	deep	isoflurane	False	True
5262.67706	0.0003999999998995918	trials	electrical	biphasic	40	SSp	deep	isoflurane	False	True
5266.57428	0.00041000000055646524	trials	electrical	biphasic	60	SSp	deep	isoflurane	False	True
5270.88323	0.00040999999964697054	trials	electrical	biphasic	60	SSp	deep	isoflurane	False	True
5275.138739999999	0.0004000000008090865	trials	electrical	biphasic	40	SSp	deep	isoflurane	False	True
5279.016570000002	0.0003999999998995918	trials	electrical	biphasic	40	SSp	deep	isoflurane	False	True
5282.7330200000015	0.0003999999998995918	trials	electrical	biphasic	60	SSp	deep	isoflurane	False	True
5287.02385	0.0004000000008090865	trials	electrical	biphasic	80	SSp	deep	isoflurane	False	True
5291.47358	0.0003999999998995918	trials	electrical	biphasic	80	SSp	deep	isoflurane	False	True
5295.30156	0.0003999999998995918	trials	electrical	biphasic	60	SSp	deep	isoflurane	False	True
5299.47325	0.0003999999998995918	trials	electrical	biphasic	40	SSp	deep	isoflurane	False	True
5303.41232	0.0003999999998995918	trials	electrical	biphasic	40	SSp	deep	isoflurane	False	True
5307.74625	0.0003999999998995918	trials	electrical	biphasic	60	SSp	deep	isoflurane	False	True
5312.015539999999	0.0004000000008090865	trials	electrical	biphasic	60	SSp	deep	isoflurane	False	True
5315.68323	0.0004000000008090865	trials	electrical	biphasic	40	SSp	deep	isoflurane	False	True
5320.04564	0.0003999999998995918	trials	electrical	biphasic	60	SSp	deep	isoflurane	False	True
5324.53595	0.0003999999998995918	trials	electrical	biphasic	80	SSp	deep	isoflurane	False	True
5328.55079	0.0003999999998995918	trials	electrical	biphasic	40	SSp	deep	isoflurane	False	True
5332.93551	0.0003999999998995918	trials	electrical	biphasic	80	SSp	deep	isoflurane	False	True
5337.02395	0.0003999999998995918	trials	electrical	biphasic	60	SSp	deep	isoflurane	False	True
5340.67914	0.0003999999998995918	trials	electrical	biphasic	60	SSp	deep	isoflurane	False	True
5344.37942	0.0003999999998995918	trials	electrical	biphasic	80	SSp	deep	isoflurane	False	True
5348.286810000001	0.0003999999989900971	trials	electrical	biphasic	60	SSp	deep	isoflurane	False	True
5352.53594	0.0003999999998995918	trials	electrical	biphasic	80	SSp	deep	isoflurane	False	True
5356.86195	0.0003999999998995918	trials	electrical	biphasic	40	SSp	deep	isoflurane	False	True
5361.15234	0.0004000000008090865	trials	electrical	biphasic	60	SSp	deep	isoflurane	False	True
5364.97129	0.0003999999989900971	trials	electrical	biphasic	40	SSp	deep	isoflurane	False	True
5369.00578	0.0003999999989900971	trials	electrical	biphasic	60	SSp	deep	isoflurane	False	True
5372.59616	0.0003999999998995918	trials	electrical	biphasic	80	SSp	deep	isoflurane	False	True
5376.20829	0.0004000000008090865	trials	electrical	biphasic	60	SSp	deep	isoflurane	False	True
5379.84501	0.0003999999998995918	trials	electrical	biphasic	80	SSp	deep	isoflurane	False	True
5384.0241	0.0004000000008090865	trials	electrical	biphasic	40	SSp	deep	isoflurane	False	True
5388.019710000001	0.0003999999989900971	trials	electrical	biphasic	40	SSp	deep	isoflurane	False	True
5391.70985	0.0003999999998995918	trials	electrical	biphasic	40	SSp	deep	isoflurane	False	True
5395.70528	0.0003999999998995918	trials	electrical	biphasic	40	SSp	deep	isoflurane	False	True
5399.35331	0.0003999999998995918	trials	electrical	biphasic	80	SSp	deep	isoflurane	False	True
5402.90871	0.0004000000017185812	trials	electrical	biphasic	80	SSp	deep	isoflurane	False	True
5407.25986	0.0003999999998995918	trials	electrical	biphasic	80	SSp	deep	isoflurane	False	True
5411.32085	0.0003999999998995918	trials	electrical	biphasic	80	SSp	deep	isoflurane	False	True
5415.75088	0.0004000000008090865	trials	electrical	biphasic	40	SSp	deep	isoflurane	False	True
5419.94797	0.0003999999998995918	trials	electrical	biphasic	80	SSp	deep	isoflurane	False	True
5424.0312	0.0003999999998995918	trials	electrical	biphasic	40	SSp	deep	isoflurane	False	True
5428.34703	0.0003999999998995918	trials	electrical	biphasic	80	SSp	deep	isoflurane	False	True
5432.726479999998	0.0003999999998995918	trials	electrical	biphasic	80	SSp	deep	isoflurane	False	True
5437.21583	0.0003999999998995918	trials	electrical	biphasic	60	SSp	deep	isoflurane	False	True
5440.71677	0.0003999999998995918	trials	electrical	biphasic	40	SSp	deep	isoflurane	False	True
5445.08264	0.0004000000008090865	trials	electrical	biphasic	40	SSp	deep	isoflurane	False	True
5449.195629999998	0.0004000000017185812	trials	electrical	biphasic	80	SSp	deep	isoflurane	False	True
5453.68602	0.0003999999998995918	trials	electrical	biphasic	80	SSp	deep	isoflurane	False	True
5457.714129999999	0.0003999999989900971	trials	electrical	biphasic	40	SSp	deep	isoflurane	False	True
5461.694079999998	0.0004000000017185812	trials	electrical	biphasic	80	SSp	deep	isoflurane	False	True
5465.99585	0.0003999999998995918	trials	electrical	biphasic	40	SSp	deep	isoflurane	False	True
5469.72411	0.0003999999998995918	trials	electrical	biphasic	40	SSp	deep	isoflurane	False	True
5473.72264	0.0003999999998995918	trials	electrical	biphasic	60	SSp	deep	isoflurane	False	True
5478.12393	0.0003999999998995918	trials	electrical	biphasic	80	SSp	deep	isoflurane	False	True
5482.19902	0.0003999999998995918	trials	electrical	biphasic	80	SSp	deep	isoflurane	False	True
5486.544629999999	0.0003999999989900971	trials	electrical	biphasic	80	SSp	deep	isoflurane	False	True
5490.7837	0.0003999999998995918	trials	electrical	biphasic	80	SSp	deep	isoflurane	False	True
5494.87011	0.0003999999998995918	trials	electrical	biphasic	80	SSp	deep	isoflurane	False	True
5498.61728	0.0003999999989900971	trials	electrical	biphasic	60	SSp	deep	isoflurane	False	True
5502.78412	0.0003999999998995918	trials	electrical	biphasic	80	SSp	deep	isoflurane	False	True
5506.36803	0.0004000000008090865	trials	electrical	biphasic	40	SSp	deep	isoflurane	False	True
5510.49442	0.0003999999998995918	trials	electrical	biphasic	80	SSp	deep	isoflurane	False	True
5514.65579	0.0003999999998995918	trials	electrical	biphasic	60	SSp	deep	isoflurane	False	True
5518.88598	0.0003999999998995918	trials	electrical	biphasic	40	SSp	deep	isoflurane	False	True
5523.27717	0.0003999999998995918	trials	electrical	biphasic	40	SSp	deep	isoflurane	False	True
5527.7599	0.0003999999998995918	trials	electrical	biphasic	40	SSp	deep	isoflurane	False	True
5532.02935	0.0003999999998995918	trials	electrical	biphasic	40	SSp	deep	isoflurane	False	True
5536.111220000002	0.0003999999998995918	trials	electrical	biphasic	40	SSp	deep	isoflurane	False	True
5540.539970000002	0.0003999999998995918	trials	electrical	biphasic	40	SSp	deep	isoflurane	False	True
5544.6205	0.0003999999998995918	trials	electrical	biphasic	40	SSp	deep	isoflurane	False	True
5548.1379	0.0003999999998995918	trials	electrical	biphasic	60	SSp	deep	isoflurane	False	True
5551.75918	0.0003999999998995918	trials	electrical	biphasic	60	SSp	deep	isoflurane	False	True
5556.12233	0.00040999999964697054	trials	electrical	biphasic	80	SSp	deep	isoflurane	False	True
5560.10706	0.0003999999998995918	trials	electrical	biphasic	40	SSp	deep	isoflurane	False	True
5564.45235	0.0004000000008090865	trials	electrical	biphasic	60	SSp	deep	isoflurane	False	True
5568.162179999998	0.0003999999998995918	trials	electrical	biphasic	60	SSp	deep	isoflurane	False	True
5572.2149100000015	0.0003999999998995918	trials	electrical	biphasic	40	SSp	deep	isoflurane	False	True
5576.34522	0.0003999999998995918	trials	electrical	biphasic	40	SSp	deep	isoflurane	False	True
5579.87764	0.0003999999998995918	trials	electrical	biphasic	60	SSp	deep	isoflurane	False	True
5583.99279	0.0003999999998995918	trials	electrical	biphasic	40	SSp	deep	isoflurane	False	True
5587.85564	0.0003999999998995918	trials	electrical	biphasic	80	SSp	deep	isoflurane	False	True
5591.4056	0.0003999999998995918	trials	electrical	biphasic	60	SSp	deep	isoflurane	False	True
5595.395610000001	0.0003999999989900971	trials	electrical	biphasic	40	SSp	deep	isoflurane	False	True
5599.08855	0.0003999999998995918	trials	electrical	biphasic	80	SSp	deep	isoflurane	False	True
5602.71206	0.0003999999998995918	trials	electrical	biphasic	80	SSp	deep	isoflurane	False	True
5606.417979999998	0.0004000000017185812	trials	electrical	biphasic	80	SSp	deep	isoflurane	False	True
5610.06493	0.0003999999998995918	trials	electrical	biphasic	80	SSp	deep	isoflurane	False	True
5613.75444	0.0003999999998995918	trials	electrical	biphasic	60	SSp	deep	isoflurane	False	True
5617.29752	0.0003999999998995918	trials	electrical	biphasic	40	SSp	deep	isoflurane	False	True
5621.43315	0.0003999999998995918	trials	electrical	biphasic	40	SSp	deep	isoflurane	False	True
5625.21544	0.0003999999998995918	trials	electrical	biphasic	60	SSp	deep	isoflurane	False	True
5629.25446	0.0003999999998995918	trials	electrical	biphasic	80	SSp	deep	isoflurane	False	True
5633.45005	0.0003999999998995918	trials	electrical	biphasic	60	SSp	deep	isoflurane	False	True
5637.4496	0.0003999999998995918	trials	electrical	biphasic	80	SSp	deep	isoflurane	False	True
5641.48583	0.0004000000008090865	trials	electrical	biphasic	60	SSp	deep	isoflurane	False	True
5645.43144	0.0003999999998995918	trials	electrical	biphasic	40	SSp	deep	isoflurane	False	True
5649.0558	0.0003999999998995918	trials	electrical	biphasic	80	SSp	deep	isoflurane	False	True
5653.04659	0.0003999999998995918	trials	electrical	biphasic	40	SSp	deep	isoflurane	False	True
5657.40002	0.0003999999998995918	trials	electrical	biphasic	40	SSp	deep	isoflurane	False	True
5661.77437	0.0003999999998995918	trials	electrical	biphasic	80	SSp	deep	isoflurane	False	True
5665.5451	0.0003999999998995918	trials	electrical	biphasic	40	SSp	deep	isoflurane	False	True
5669.25398	0.0003999999989900971	trials	electrical	biphasic	60	SSp	deep	isoflurane	False	True
5673.31939	0.0003999999998995918	trials	electrical	biphasic	40	SSp	deep	isoflurane	False	True
5677.46014	0.0003999999998995918	trials	electrical	biphasic	60	SSp	deep	isoflurane	False	True
5681.37759	0.0003999999998995918	trials	electrical	biphasic	80	SSp	deep	isoflurane	False	True
5685.08399	0.0003999999998995918	trials	electrical	biphasic	60	SSp	deep	isoflurane	False	True
5689.53236	0.0003999999998995918	trials	electrical	biphasic	60	SSp	deep	isoflurane	False	True
5693.11487	0.0003999999998995918	trials	electrical	biphasic	60	SSp	deep	isoflurane	False	True
5696.72099	0.0003999999998995918	trials	electrical	biphasic	80	SSp	deep	isoflurane	False	True
5700.363460000001	0.0003999999989900971	trials	electrical	biphasic	80	SSp	deep	isoflurane	False	True
5704.03034	0.0003999999998995918	trials	electrical	biphasic	40	SSp	deep	isoflurane	False	True
5708.15173	0.0004000000008090865	trials	electrical	biphasic	80	SSp	deep	isoflurane	False	True
5712.22588	0.0003999999998995918	trials	electrical	biphasic	60	SSp	deep	isoflurane	False	True
5715.77838	0.0003999999998995918	trials	electrical	biphasic	60	SSp	deep	isoflurane	False	True
5720.21001	0.0004000000017185812	trials	electrical	biphasic	80	SSp	deep	isoflurane	False	True
5724.4391	0.0004000000008090865	trials	electrical	biphasic	80	SSp	deep	isoflurane	False	True
5728.67737	0.0003999999998995918	trials	electrical	biphasic	60	SSp	deep	isoflurane	False	True
5732.2412	0.0003999999998995918	trials	electrical	biphasic	40	SSp	deep	isoflurane	False	True
5736.60207	0.0004000000017185812	trials	electrical	biphasic	60	SSp	deep	isoflurane	False	True
5741.0369	0.0003999999998995918	trials	electrical	biphasic	80	SSp	deep	isoflurane	False	True
5745.52173	0.0003999999989900971	trials	electrical	biphasic	40	SSp	deep	isoflurane	False	True
5749.8811	0.0004000000008090865	trials	electrical	biphasic	40	SSp	deep	isoflurane	False	True
5754.16709	0.0003999999998995918	trials	electrical	biphasic	40	SSp	deep	isoflurane	False	True
5758.1809	0.0003999999998995918	trials	electrical	biphasic	40	SSp	deep	isoflurane	False	True
5761.8589200000015	0.0003999999998995918	trials	electrical	biphasic	80	SSp	deep	isoflurane	False	True
5765.75793	0.0003999999998995918	trials	electrical	biphasic	60	SSp	deep	isoflurane	False	True
5769.3923	0.0003999999998995918	trials	electrical	biphasic	80	SSp	deep	isoflurane	False	True
5772.923620000001	0.0003999999989900971	trials	electrical	biphasic	40	SSp	deep	isoflurane	False	True
5777.36319	0.0003999999998995918	trials	electrical	biphasic	60	SSp	deep	isoflurane	False	True
5781.16492	0.0003999999998995918	trials	electrical	biphasic	40	SSp	deep	isoflurane	False	True
5784.96088	0.0004000000008090865	trials	electrical	biphasic	40	SSp	deep	isoflurane	False	True
5788.79425	0.0003999999998995918	trials	electrical	biphasic	60	SSp	deep	isoflurane	False	True
5792.76174	0.0003999999998995918	trials	electrical	biphasic	60	SSp	deep	isoflurane	False	True
5796.910370000001	0.0003999999989900971	trials	electrical	biphasic	80	SSp	deep	isoflurane	False	True
5800.43601	0.0003999999998995918	trials	electrical	biphasic	60	SSp	deep	isoflurane	False	True
5804.77864	0.0003999999989900971	trials	electrical	biphasic	40	SSp	deep	isoflurane	False	True
5808.8381100000015	0.0003999999998995918	trials	electrical	biphasic	80	SSp	deep	isoflurane	False	True
5813.19264	0.0003999999998995918	trials	electrical	biphasic	60	SSp	deep	isoflurane	False	True
5817.04095	0.0004000000008090865	trials	electrical	biphasic	40	SSp	deep	isoflurane	False	True
5820.98739	0.0003999999998995918	trials	electrical	biphasic	40	SSp	deep	isoflurane	False	True
5824.54206	0.0004000000017185812	trials	electrical	biphasic	40	SSp	deep	isoflurane	False	True
5828.21958	0.0003999999998995918	trials	electrical	biphasic	40	SSp	deep	isoflurane	False	True
5832.38281	0.0003999999998995918	trials	electrical	biphasic	40	SSp	deep	isoflurane	False	True
5836.21406	0.0003999999998995918	trials	electrical	biphasic	60	SSp	deep	isoflurane	False	True
5840.61297	0.0003999999998995918	trials	electrical	biphasic	80	SSp	deep	isoflurane	False	True
5844.23155	0.0003999999998995918	trials	electrical	biphasic	40	SSp	deep	isoflurane	False	True
5848.72041	0.0003999999998995918	trials	electrical	biphasic	40	SSp	deep	isoflurane	False	True
5852.76081	0.0004000000017185812	trials	electrical	biphasic	80	SSp	deep	isoflurane	False	True
5856.96816	0.0003999999998995918	trials	electrical	biphasic	80	SSp	deep	isoflurane	False	True
5861.46809	0.0003999999998995918	trials	electrical	biphasic	60	SSp	deep	isoflurane	False	True
5865.25636	0.0003999999998995918	trials	electrical	biphasic	80	SSp	deep	isoflurane	False	True
5869.17131	0.0004000000017185812	trials	electrical	biphasic	80	SSp	deep	isoflurane	False	True
5873.1365700000015	0.0003999999998995918	trials	electrical	biphasic	80	SSp	deep	isoflurane	False	True
5877.40096	0.0003999999998995918	trials	electrical	biphasic	40	SSp	deep	isoflurane	False	True
5881.71959	0.0003999999998995918	trials	electrical	biphasic	80	SSp	deep	isoflurane	False	True
5982.53973	0.0003999999989900971	trials	electrical	biphasic	60	SSp	superficial	isoflurane	False	True
5986.07275	0.00040999999964697054	trials	electrical	biphasic	40	SSp	superficial	isoflurane	False	True
5990.13438	0.0003999999989900971	trials	electrical	biphasic	60	SSp	superficial	isoflurane	False	True
5994.51667	0.0003999999998995918	trials	electrical	biphasic	80	SSp	superficial	isoflurane	False	True
5998.68628	0.0003999999998995918	trials	electrical	biphasic	80	SSp	superficial	isoflurane	False	True
6002.37715	0.0003999999998995918	trials	electrical	biphasic	80	SSp	superficial	isoflurane	False	True
6006.24649	0.0003999999989900971	trials	electrical	biphasic	80	SSp	superficial	isoflurane	False	True
6010.20764	0.0004000000008090865	trials	electrical	biphasic	40	SSp	superficial	isoflurane	False	True
6014.6897100000015	0.0003999999998995918	trials	electrical	biphasic	40	SSp	superficial	isoflurane	False	True
6018.34654	0.0003999999998995918	trials	electrical	biphasic	40	SSp	superficial	isoflurane	False	True
6022.70249	0.0003999999998995918	trials	electrical	biphasic	80	SSp	superficial	isoflurane	False	False
6026.84768	0.0003999999998995918	trials	electrical	biphasic	80	SSp	superficial	isoflurane	False	True
6030.72438	0.0003999999998995918	trials	electrical	biphasic	60	SSp	superficial	isoflurane	False	True
6034.41573	0.0003999999998995918	trials	electrical	biphasic	40	SSp	superficial	isoflurane	False	True
6038.34442	0.0003999999998995918	trials	electrical	biphasic	60	SSp	superficial	isoflurane	False	True
6042.32686	0.0003999999998995918	trials	electrical	biphasic	80	SSp	superficial	isoflurane	False	True
6045.94791	0.0003999999998995918	trials	electrical	biphasic	40	SSp	superficial	isoflurane	False	True
6050.03784	0.0003999999998995918	trials	electrical	biphasic	80	SSp	superficial	isoflurane	False	True
6053.76444	0.0003999999998995918	trials	electrical	biphasic	60	SSp	superficial	isoflurane	False	True
6057.64949	0.0003999999998995918	trials	electrical	biphasic	80	SSp	superficial	isoflurane	False	True
6061.7329	0.0003999999998995918	trials	electrical	biphasic	80	SSp	superficial	isoflurane	False	True
6065.48512	0.0003999999998995918	trials	electrical	biphasic	40	SSp	superficial	isoflurane	False	True
6069.27599	0.0003999999998995918	trials	electrical	biphasic	60	SSp	superficial	isoflurane	False	True
6073.393520000001	0.0003999999989900971	trials	electrical	biphasic	40	SSp	superficial	isoflurane	False	True
6077.159220000001	0.0003999999989900971	trials	electrical	biphasic	60	SSp	superficial	isoflurane	False	True
6081.48403	0.0004000000008090865	trials	electrical	biphasic	80	SSp	superficial	isoflurane	False	True
6085.96712	0.0003999999998995918	trials	electrical	biphasic	40	SSp	superficial	isoflurane	False	True
6090.19779	0.0003999999998995918	trials	electrical	biphasic	60	SSp	superficial	isoflurane	False	True
6094.0421	0.0003999999998995918	trials	electrical	biphasic	80	SSp	superficial	isoflurane	False	True
6098.12659	0.0003999999998995918	trials	electrical	biphasic	60	SSp	superficial	isoflurane	False	True
6101.73477	0.0003999999998995918	trials	electrical	biphasic	80	SSp	superficial	isoflurane	False	True
6106.1415	0.0003999999998995918	trials	electrical	biphasic	40	SSp	superficial	isoflurane	False	True
6110.52159	0.0003999999998995918	trials	electrical	biphasic	40	SSp	superficial	isoflurane	False	True
6114.839779999998	0.0004000000017185812	trials	electrical	biphasic	80	SSp	superficial	isoflurane	False	True
6118.60093	0.0004000000008090865	trials	electrical	biphasic	80	SSp	superficial	isoflurane	False	True
6122.6957200000015	0.0003999999998995918	trials	electrical	biphasic	60	SSp	superficial	isoflurane	False	True
6126.21866	0.0003999999998995918	trials	electrical	biphasic	80	SSp	superficial	isoflurane	False	True
6130.14435	0.0004000000008090865	trials	electrical	biphasic	60	SSp	superficial	isoflurane	False	True
6133.95749	0.0003999999998995918	trials	electrical	biphasic	60	SSp	superficial	isoflurane	False	True
6137.6194	0.0004000000008090865	trials	electrical	biphasic	60	SSp	superficial	isoflurane	False	True
6141.29858	0.0003999999998995918	trials	electrical	biphasic	40	SSp	superficial	isoflurane	False	True
6145.22189	0.0003999999998995918	trials	electrical	biphasic	60	SSp	superficial	isoflurane	False	True
6148.81654	0.0003999999998995918	trials	electrical	biphasic	40	SSp	superficial	isoflurane	False	True
6152.91548	0.0003999999998995918	trials	electrical	biphasic	80	SSp	superficial	isoflurane	False	True
6156.88683	0.0003999999980806024	trials	electrical	biphasic	40	SSp	superficial	isoflurane	False	True
6161.0832	0.0003999999998995918	trials	electrical	biphasic	60	SSp	superficial	isoflurane	False	True
6165.28351	0.0003999999998995918	trials	electrical	biphasic	80	SSp	superficial	isoflurane	False	True
6169.422479999998	0.0004000000017185812	trials	electrical	biphasic	60	SSp	superficial	isoflurane	False	True
6172.9565	0.0003999999998995918	trials	electrical	biphasic	80	SSp	superficial	isoflurane	False	True
6176.525729999999	0.0003999999989900971	trials	electrical	biphasic	40	SSp	superficial	isoflurane	False	True
6180.34575	0.0003999999998995918	trials	electrical	biphasic	40	SSp	superficial	isoflurane	False	True
6184.377039999999	0.0004000000008090865	trials	electrical	biphasic	60	SSp	superficial	isoflurane	False	True
6188.53191	0.0004000000017185812	trials	electrical	biphasic	60	SSp	superficial	isoflurane	False	True
6192.43996	0.0004000000017185812	trials	electrical	biphasic	40	SSp	superficial	isoflurane	False	True
6196.76036	0.00040999999964697054	trials	electrical	biphasic	80	SSp	superficial	isoflurane	False	True
6200.97915	0.0003999999998995918	trials	electrical	biphasic	40	SSp	superficial	isoflurane	False	True
6205.44822	0.0003999999998995918	trials	electrical	biphasic	40	SSp	superficial	isoflurane	False	True
6209.47999	0.0003999999998995918	trials	electrical	biphasic	40	SSp	superficial	isoflurane	False	True
6213.30556	0.0004000000017185812	trials	electrical	biphasic	40	SSp	superficial	isoflurane	False	True
6216.9116	0.0003999999980806024	trials	electrical	biphasic	40	SSp	superficial	isoflurane	False	True
6221.02299	0.0003999999998995918	trials	electrical	biphasic	80	SSp	superficial	isoflurane	False	True
6225.302220000001	0.0003999999989900971	trials	electrical	biphasic	80	SSp	superficial	isoflurane	False	True
6229.226110000001	0.0003999999989900971	trials	electrical	biphasic	60	SSp	superficial	isoflurane	False	True
6232.81735	0.0003999999998995918	trials	electrical	biphasic	60	SSp	superficial	isoflurane	False	True
6236.584260000001	0.0003999999989900971	trials	electrical	biphasic	80	SSp	superficial	isoflurane	False	True
6240.23834	0.0003999999998995918	trials	electrical	biphasic	40	SSp	superficial	isoflurane	False	True
6244.01977	0.0004000000017185812	trials	electrical	biphasic	80	SSp	superficial	isoflurane	False	True
6247.960279999998	0.0004000000017185812	trials	electrical	biphasic	80	SSp	superficial	isoflurane	False	True
6251.98784	0.0003999999998995918	trials	electrical	biphasic	60	SSp	superficial	isoflurane	False	True
6255.94569	0.0004000000008090865	trials	electrical	biphasic	80	SSp	superficial	isoflurane	False	True
6260.3215	0.0003999999998995918	trials	electrical	biphasic	60	SSp	superficial	isoflurane	False	True
6264.33999	0.0003999999998995918	trials	electrical	biphasic	60	SSp	superficial	isoflurane	False	True
6268.78404	0.0003999999998995918	trials	electrical	biphasic	60	SSp	superficial	isoflurane	False	True
6272.922170000002	0.0003999999998995918	trials	electrical	biphasic	40	SSp	superficial	isoflurane	False	True
6277.3803	0.0003999999998995918	trials	electrical	biphasic	60	SSp	superficial	isoflurane	False	True
6281.12142	0.0003999999998995918	trials	electrical	biphasic	60	SSp	superficial	isoflurane	False	True
6285.297970000001	0.0003999999989900971	trials	electrical	biphasic	40	SSp	superficial	isoflurane	False	True
6289.08746	0.0004000000017185812	trials	electrical	biphasic	80	SSp	superficial	isoflurane	False	True
6293.25969	0.0003999999998995918	trials	electrical	biphasic	80	SSp	superficial	isoflurane	False	True
6297.45526	0.0004000000017185812	trials	electrical	biphasic	60	SSp	superficial	isoflurane	False	True
6301.023679999998	0.0004000000017185812	trials	electrical	biphasic	60	SSp	superficial	isoflurane	False	True
6304.77891	0.0003999999998995918	trials	electrical	biphasic	40	SSp	superficial	isoflurane	False	True
6308.50337	0.0003999999998995918	trials	electrical	biphasic	60	SSp	superficial	isoflurane	False	True
6312.67164	0.0004000000008090865	trials	electrical	biphasic	60	SSp	superficial	isoflurane	False	True
6317.016470000001	0.0003999999989900971	trials	electrical	biphasic	40	SSp	superficial	isoflurane	False	True
6320.86136	0.0003999999998995918	trials	electrical	biphasic	60	SSp	superficial	isoflurane	False	True
6325.14231	0.0003999999998995918	trials	electrical	biphasic	80	SSp	superficial	isoflurane	False	True
6329.31807	0.0003999999998995918	trials	electrical	biphasic	60	SSp	superficial	isoflurane	False	True
6332.8252200000015	0.0003999999998995918	trials	electrical	biphasic	80	SSp	superficial	isoflurane	False	True
6336.92783	0.0004000000008090865	trials	electrical	biphasic	60	SSp	superficial	isoflurane	False	True
6340.81503	0.0003999999998995918	trials	electrical	biphasic	80	SSp	superficial	isoflurane	False	True
6345.23146	0.0003999999998995918	trials	electrical	biphasic	60	SSp	superficial	isoflurane	False	True
6348.73305	0.0003999999998995918	trials	electrical	biphasic	60	SSp	superficial	isoflurane	False	True
6352.69591	0.0003999999998995918	trials	electrical	biphasic	40	SSp	superficial	isoflurane	False	True
6356.62068	0.0003999999998995918	trials	electrical	biphasic	40	SSp	superficial	isoflurane	False	True
6360.58203	0.0004000000008090865	trials	electrical	biphasic	40	SSp	superficial	isoflurane	False	True
6364.8526200000015	0.0003999999998995918	trials	electrical	biphasic	40	SSp	superficial	isoflurane	False	True
6368.675520000002	0.0003999999998995918	trials	electrical	biphasic	40	SSp	superficial	isoflurane	False	True
6372.96069	0.0003999999998995918	trials	electrical	biphasic	60	SSp	superficial	isoflurane	False	True
6376.93248	0.0003999999989900971	trials	electrical	biphasic	60	SSp	superficial	isoflurane	False	True
6380.46866	0.0003999999998995918	trials	electrical	biphasic	80	SSp	superficial	isoflurane	False	True
6384.14497	0.0003999999998995918	trials	electrical	biphasic	60	SSp	superficial	isoflurane	False	True
6388.36716	0.0004000000017185812	trials	electrical	biphasic	80	SSp	superficial	isoflurane	False	True
6392.34107	0.0003999999998995918	trials	electrical	biphasic	40	SSp	superficial	isoflurane	False	True
6395.99421	0.0003999999998995918	trials	electrical	biphasic	60	SSp	superficial	isoflurane	False	True
6399.83576	0.0003999999998995918	trials	electrical	biphasic	80	SSp	superficial	isoflurane	False	True
6403.94356	0.0004000000017185812	trials	electrical	biphasic	40	SSp	superficial	isoflurane	False	True
6407.63573	0.0003999999998995918	trials	electrical	biphasic	40	SSp	superficial	isoflurane	False	True
6411.87458	0.0003999999998995918	trials	electrical	biphasic	40	SSp	superficial	isoflurane	False	True
6415.61786	0.0003999999998995918	trials	electrical	biphasic	40	SSp	superficial	isoflurane	False	True
6420.03571	0.0003999999998995918	trials	electrical	biphasic	80	SSp	superficial	isoflurane	False	True
6423.8052	0.0003999999998995918	trials	electrical	biphasic	60	SSp	superficial	isoflurane	False	True
6428.071129999998	0.0003999999998995918	trials	electrical	biphasic	60	SSp	superficial	isoflurane	False	True
6431.76021	0.0003999999998995918	trials	electrical	biphasic	60	SSp	superficial	isoflurane	False	True
6435.54814	0.0003999999998995918	trials	electrical	biphasic	80	SSp	superficial	isoflurane	False	True
6439.13969	0.0003999999998995918	trials	electrical	biphasic	60	SSp	superficial	isoflurane	False	True
6443.21631	0.0004000000017185812	trials	electrical	biphasic	60	SSp	superficial	isoflurane	False	True
6447.4001	0.0003999999998995918	trials	electrical	biphasic	40	SSp	superficial	isoflurane	False	True
6451.44713	0.0004000000008090865	trials	electrical	biphasic	40	SSp	superficial	isoflurane	False	True
6455.37328	0.0003999999998995918	trials	electrical	biphasic	60	SSp	superficial	isoflurane	False	True
6459.51814	0.0003999999998995918	trials	electrical	biphasic	80	SSp	superficial	isoflurane	False	True
6463.66619	0.0003999999998995918	trials	electrical	biphasic	80	SSp	superficial	isoflurane	False	True
6467.84564	0.0003999999998995918	trials	electrical	biphasic	40	SSp	superficial	isoflurane	False	True
6471.98185	0.0003999999998995918	trials	electrical	biphasic	60	SSp	superficial	isoflurane	False	True
6476.42746	0.0003999999998995918	trials	electrical	biphasic	80	SSp	superficial	isoflurane	False	True
6480.13683	0.0003999999980806024	trials	electrical	biphasic	40	SSp	superficial	isoflurane	False	True
6484.34653	0.0003999999998995918	trials	electrical	biphasic	40	SSp	superficial	isoflurane	False	True
6488.0832	0.0003999999998995918	trials	electrical	biphasic	60	SSp	superficial	isoflurane	False	True
6491.70302	0.0004000000017185812	trials	electrical	biphasic	60	SSp	superficial	isoflurane	False	True
6495.81075	0.0004000000008090865	trials	electrical	biphasic	40	SSp	superficial	isoflurane	False	True
6499.761320000001	0.0003999999989900971	trials	electrical	biphasic	60	SSp	superficial	isoflurane	False	True
6503.72047	0.0003999999998995918	trials	electrical	biphasic	80	SSp	superficial	isoflurane	False	True
6507.88283	0.0004000000008090865	trials	electrical	biphasic	60	SSp	superficial	isoflurane	False	True
6512.15354	0.0003999999998995918	trials	electrical	biphasic	60	SSp	superficial	isoflurane	False	True
6516.00419	0.0003999999998995918	trials	electrical	biphasic	80	SSp	superficial	isoflurane	False	True
6520.16664	0.0003999999998995918	trials	electrical	biphasic	60	SSp	superficial	isoflurane	False	True
6524.083229999998	0.0004000000017185812	trials	electrical	biphasic	40	SSp	superficial	isoflurane	False	True
6528.42557	0.0003999999998995918	trials	electrical	biphasic	40	SSp	superficial	isoflurane	False	True
6532.75892	0.0003999999998995918	trials	electrical	biphasic	60	SSp	superficial	isoflurane	False	True
6536.51579	0.0003999999998995918	trials	electrical	biphasic	80	SSp	superficial	isoflurane	False	True
6540.62968	0.0003999999998995918	trials	electrical	biphasic	40	SSp	superficial	isoflurane	False	True
6544.71235	0.0003999999998995918	trials	electrical	biphasic	80	SSp	superficial	isoflurane	False	True
6548.753510000001	0.0003999999989900971	trials	electrical	biphasic	80	SSp	superficial	isoflurane	False	True
6553.12388	0.0003999999998995918	trials	electrical	biphasic	60	SSp	superficial	isoflurane	False	True
6556.88909	0.0003999999998995918	trials	electrical	biphasic	60	SSp	superficial	isoflurane	False	True
6560.70759	0.00041000000146595994	trials	electrical	biphasic	60	SSp	superficial	isoflurane	False	True
6564.32724	0.0004000000008090865	trials	electrical	biphasic	60	SSp	superficial	isoflurane	False	True
6568.76749	0.0003999999998995918	trials	electrical	biphasic	80	SSp	superficial	isoflurane	False	True
6572.913479999998	0.0004000000017185812	trials	electrical	biphasic	60	SSp	superficial	isoflurane	False	True
6576.893370000002	0.0003999999998995918	trials	electrical	biphasic	80	SSp	superficial	isoflurane	False	True
6581.03311	0.0003999999998995918	trials	electrical	biphasic	40	SSp	superficial	isoflurane	False	True
6585.07826	0.0003999999998995918	trials	electrical	biphasic	80	SSp	superficial	isoflurane	False	True
6589.22601	0.0003999999998995918	trials	electrical	biphasic	60	SSp	superficial	isoflurane	False	True
6593.270320000001	0.0003999999989900971	trials	electrical	biphasic	60	SSp	superficial	isoflurane	False	True
6597.49179	0.0003999999998995918	trials	electrical	biphasic	60	SSp	superficial	isoflurane	False	True
6601.51471	0.0003999999998995918	trials	electrical	biphasic	80	SSp	superficial	isoflurane	False	True
6606.00884	0.0003999999989900971	trials	electrical	biphasic	80	SSp	superficial	isoflurane	False	True
6609.72795	0.0003999999998995918	trials	electrical	biphasic	60	SSp	superficial	isoflurane	False	True
6613.33417	0.0003999999998995918	trials	electrical	biphasic	60	SSp	superficial	isoflurane	False	True
6616.9443	0.0003999999998995918	trials	electrical	biphasic	40	SSp	superficial	isoflurane	False	True
6620.50832	0.0004000000017185812	trials	electrical	biphasic	60	SSp	superficial	isoflurane	False	True
6624.413329999999	0.0003999999989900971	trials	electrical	biphasic	40	SSp	superficial	isoflurane	False	True
6628.36214	0.0003999999998995918	trials	electrical	biphasic	40	SSp	superficial	isoflurane	False	True
6632.22838	0.0004000000008090865	trials	electrical	biphasic	60	SSp	superficial	isoflurane	False	True
6636.492310000001	0.0003999999989900971	trials	electrical	biphasic	40	SSp	superficial	isoflurane	False	True
6640.62064	0.0003999999998995918	trials	electrical	biphasic	60	SSp	superficial	isoflurane	False	True
6644.89305	0.0003999999998995918	trials	electrical	biphasic	80	SSp	superficial	isoflurane	False	True
6649.32634	0.0004000000008090865	trials	electrical	biphasic	80	SSp	superficial	isoflurane	False	True
6653.79951	0.0003999999998995918	trials	electrical	biphasic	40	SSp	superficial	isoflurane	False	True
6657.49195	0.0004000000008090865	trials	electrical	biphasic	60	SSp	superficial	isoflurane	False	True
6661.13126	0.0003999999998995918	trials	electrical	biphasic	80	SSp	superficial	isoflurane	False	True
6665.32795	0.0003999999998995918	trials	electrical	biphasic	40	SSp	superficial	isoflurane	False	True
6668.92219	0.0003999999998995918	trials	electrical	biphasic	80	SSp	superficial	isoflurane	False	True
6672.948020000002	0.0003999999998995918	trials	electrical	biphasic	40	SSp	superficial	isoflurane	False	True
6676.97879	0.0003999999998995918	trials	electrical	biphasic	60	SSp	superficial	isoflurane	False	True
6681.34036	0.0003999999998995918	trials	electrical	biphasic	80	SSp	superficial	isoflurane	False	True
6685.32564	0.0003999999998995918	trials	electrical	biphasic	80	SSp	superficial	isoflurane	False	True
6689.219529999999	0.0003999999989900971	trials	electrical	biphasic	60	SSp	superficial	isoflurane	False	True
6693.3914	0.0003999999998995918	trials	electrical	biphasic	80	SSp	superficial	isoflurane	False	True
6697.63309	0.0003999999998995918	trials	electrical	biphasic	40	SSp	superficial	isoflurane	False	True
6701.65357	0.00040999999964697054	trials	electrical	biphasic	80	SSp	superficial	isoflurane	False	True
6705.50172	0.0003999999998995918	trials	electrical	biphasic	60	SSp	superficial	isoflurane	False	True
6709.15215	0.0003999999998995918	trials	electrical	biphasic	80	SSp	superficial	isoflurane	False	True
6713.238670000002	0.0003999999998995918	trials	electrical	biphasic	40	SSp	superficial	isoflurane	False	True
6717.001240000001	0.0003999999989900971	trials	electrical	biphasic	80	SSp	superficial	isoflurane	False	True
6720.54612	0.0003999999998995918	trials	electrical	biphasic	80	SSp	superficial	isoflurane	False	True
6724.801490000002	0.0003999999998995918	trials	electrical	biphasic	40	SSp	superficial	isoflurane	False	True
6728.5447	0.0003999999998995918	trials	electrical	biphasic	60	SSp	superficial	isoflurane	False	True
6732.4875200000015	0.0003999999998995918	trials	electrical	biphasic	60	SSp	superficial	isoflurane	False	True
6736.67575	0.0003999999998995918	trials	electrical	biphasic	60	SSp	superficial	isoflurane	False	True
6740.5354	0.0003999999998995918	trials	electrical	biphasic	60	SSp	superficial	isoflurane	False	True
6744.77217	0.0003999999998995918	trials	electrical	biphasic	80	SSp	superficial	isoflurane	False	True
6748.66729	0.0003999999998995918	trials	electrical	biphasic	80	SSp	superficial	isoflurane	False	True
6752.851140000002	0.0003999999998995918	trials	electrical	biphasic	80	SSp	superficial	isoflurane	False	True
6757.055609999999	0.0003999999989900971	trials	electrical	biphasic	80	SSp	superficial	isoflurane	False	True
6760.998340000001	0.0003999999998995918	trials	electrical	biphasic	40	SSp	superficial	isoflurane	False	True
6764.518340000001	0.0003999999989900971	trials	electrical	biphasic	40	SSp	superficial	isoflurane	False	True
6768.34963	0.0003999999998995918	trials	electrical	biphasic	60	SSp	superficial	isoflurane	False	True
6772.27435	0.0003999999998995918	trials	electrical	biphasic	40	SSp	superficial	isoflurane	False	True
6776.04506	0.0003999999989900971	trials	electrical	biphasic	80	SSp	superficial	isoflurane	False	True
6779.74255	0.0003999999998995918	trials	electrical	biphasic	80	SSp	superficial	isoflurane	False	True
6784.06469	0.0004000000008090865	trials	electrical	biphasic	40	SSp	superficial	isoflurane	False	True
6787.995040000002	0.0003999999998995918	trials	electrical	biphasic	60	SSp	superficial	isoflurane	False	True
6792.38325	0.0003999999998995918	trials	electrical	biphasic	40	SSp	superficial	isoflurane	False	True
6796.27486	0.0003999999989900971	trials	electrical	biphasic	80	SSp	superficial	isoflurane	False	True
6800.54441	0.0003999999989900971	trials	electrical	biphasic	40	SSp	superficial	isoflurane	False	True
6804.441629999998	0.0003999999998995918	trials	electrical	biphasic	60	SSp	superficial	isoflurane	False	True
6808.75058	0.0003999999998995918	trials	electrical	biphasic	60	SSp	superficial	isoflurane	False	True
6813.006090000001	0.0004000000008090865	trials	electrical	biphasic	40	SSp	superficial	isoflurane	False	True
6816.88392	0.0003999999998995918	trials	electrical	biphasic	40	SSp	superficial	isoflurane	False	True
6820.60036	0.0003999999980806024	trials	electrical	biphasic	60	SSp	superficial	isoflurane	False	True
6824.89119	0.0003999999998995918	trials	electrical	biphasic	80	SSp	superficial	isoflurane	False	True
6829.3409200000015	0.0003999999989900971	trials	electrical	biphasic	80	SSp	superficial	isoflurane	False	True
6833.168909999999	0.0003999999989900971	trials	electrical	biphasic	60	SSp	superficial	isoflurane	False	True
6837.3406	0.0003999999989900971	trials	electrical	biphasic	40	SSp	superficial	isoflurane	False	True
6841.279659999998	0.0004000000008090865	trials	electrical	biphasic	40	SSp	superficial	isoflurane	False	True
6845.613590000001	0.0004000000008090865	trials	electrical	biphasic	60	SSp	superficial	isoflurane	False	True
6849.88288	0.0003999999998995918	trials	electrical	biphasic	60	SSp	superficial	isoflurane	False	True
6853.55057	0.0003999999998995918	trials	electrical	biphasic	40	SSp	superficial	isoflurane	False	True
6857.91298	0.0003999999998995918	trials	electrical	biphasic	60	SSp	superficial	isoflurane	False	True
6862.40329	0.0004000000008090865	trials	electrical	biphasic	80	SSp	superficial	isoflurane	False	True
6866.41813	0.0003999999998995918	trials	electrical	biphasic	40	SSp	superficial	isoflurane	False	True
6870.80284	0.0003999999998995918	trials	electrical	biphasic	80	SSp	superficial	isoflurane	False	True
6874.891290000001	0.0003999999989900971	trials	electrical	biphasic	60	SSp	superficial	isoflurane	False	True
6878.54648	0.0003999999998995918	trials	electrical	biphasic	60	SSp	superficial	isoflurane	False	True
6882.246759999999	0.0003999999998995918	trials	electrical	biphasic	80	SSp	superficial	isoflurane	False	True
6886.15415	0.0003999999998995918	trials	electrical	biphasic	60	SSp	superficial	isoflurane	False	True
6890.40328	0.0003999999989900971	trials	electrical	biphasic	80	SSp	superficial	isoflurane	False	True
6894.72928	0.0004000000008090865	trials	electrical	biphasic	40	SSp	superficial	isoflurane	False	True
6899.0196700000015	0.0003999999998995918	trials	electrical	biphasic	60	SSp	superficial	isoflurane	False	True
6902.83862	0.0003999999998995918	trials	electrical	biphasic	40	SSp	superficial	isoflurane	False	True
6906.87311	0.0003999999989900971	trials	electrical	biphasic	60	SSp	superficial	isoflurane	False	True
6910.463490000001	0.0003999999998995918	trials	electrical	biphasic	80	SSp	superficial	isoflurane	False	True
6914.075620000001	0.0003999999989900971	trials	electrical	biphasic	60	SSp	superficial	isoflurane	False	True
6917.712340000001	0.0003999999998995918	trials	electrical	biphasic	80	SSp	superficial	isoflurane	False	True
6921.89143	0.0003999999998995918	trials	electrical	biphasic	40	SSp	superficial	isoflurane	False	True
6925.887040000001	0.0003999999989900971	trials	electrical	biphasic	40	SSp	superficial	isoflurane	False	True
6929.577179999998	0.0004000000017185812	trials	electrical	biphasic	40	SSp	superficial	isoflurane	False	True
6933.572609999998	0.0004000000008090865	trials	electrical	biphasic	40	SSp	superficial	isoflurane	False	True
6937.22063	0.0003999999998995918	trials	electrical	biphasic	80	SSp	superficial	isoflurane	False	True
6940.776040000002	0.0003999999998995918	trials	electrical	biphasic	80	SSp	superficial	isoflurane	False	True
6945.12719	0.0004000000008090865	trials	electrical	biphasic	80	SSp	superficial	isoflurane	False	True
6949.18817	0.0003999999998995918	trials	electrical	biphasic	80	SSp	superficial	isoflurane	False	True
6953.6182	0.0003999999998995918	trials	electrical	biphasic	40	SSp	superficial	isoflurane	False	True
6957.815290000001	0.0003999999989900971	trials	electrical	biphasic	80	SSp	superficial	isoflurane	False	True
6961.898520000002	0.0003999999998995918	trials	electrical	biphasic	40	SSp	superficial	isoflurane	False	True
6966.21435	0.0003999999998995918	trials	electrical	biphasic	80	SSp	superficial	isoflurane	False	True
6970.5938	0.0003999999998995918	trials	electrical	biphasic	80	SSp	superficial	isoflurane	False	True
6975.08315	0.0003999999998995918	trials	electrical	biphasic	60	SSp	superficial	isoflurane	False	True
6978.58409	0.0003999999998995918	trials	electrical	biphasic	40	SSp	superficial	isoflurane	False	True
6982.949959999999	0.0004000000008090865	trials	electrical	biphasic	40	SSp	superficial	isoflurane	False	True
6987.06295	0.0004000000008090865	trials	electrical	biphasic	80	SSp	superficial	isoflurane	False	True
6991.55334	0.0003999999998995918	trials	electrical	biphasic	80	SSp	superficial	isoflurane	False	True
6995.58145	0.0003999999998995918	trials	electrical	biphasic	40	SSp	superficial	isoflurane	False	True
6999.561390000002	0.0003999999998995918	trials	electrical	biphasic	80	SSp	superficial	isoflurane	False	True
7003.863159999999	0.0004000000008090865	trials	electrical	biphasic	40	SSp	superficial	isoflurane	False	True
7007.59143	0.0003999999989900971	trials	electrical	biphasic	40	SSp	superficial	isoflurane	False	True
7011.58995	0.0004000000008090865	trials	electrical	biphasic	60	SSp	superficial	isoflurane	False	True
7015.99124	0.0003999999998995918	trials	electrical	biphasic	80	SSp	superficial	isoflurane	False	True
7020.06633	0.0003999999998995918	trials	electrical	biphasic	80	SSp	superficial	isoflurane	False	True
7024.411940000001	0.0003999999998995918	trials	electrical	biphasic	80	SSp	superficial	isoflurane	False	True
7028.65101	0.0004000000008090865	trials	electrical	biphasic	80	SSp	superficial	isoflurane	False	True
7032.73742	0.0003999999998995918	trials	electrical	biphasic	80	SSp	superficial	isoflurane	False	True
7036.484579999999	0.0003999999989900971	trials	electrical	biphasic	60	SSp	superficial	isoflurane	False	True
7040.65143	0.0003999999998995918	trials	electrical	biphasic	80	SSp	superficial	isoflurane	False	True
7044.23534	0.0004000000008090865	trials	electrical	biphasic	40	SSp	superficial	isoflurane	False	True
7048.36172	0.0004000000017185812	trials	electrical	biphasic	80	SSp	superficial	isoflurane	False	True
7052.5230900000015	0.0003999999998995918	trials	electrical	biphasic	60	SSp	superficial	isoflurane	False	True
7056.75328	0.0003999999998995918	trials	electrical	biphasic	40	SSp	superficial	isoflurane	False	True
7061.14447	0.0003999999998995918	trials	electrical	biphasic	40	SSp	superficial	isoflurane	False	True
7065.6272	0.0003999999998995918	trials	electrical	biphasic	40	SSp	superficial	isoflurane	False	True
7069.89665	0.0003999999998995918	trials	electrical	biphasic	40	SSp	superficial	isoflurane	False	True
7073.9785200000015	0.0003999999998995918	trials	electrical	biphasic	40	SSp	superficial	isoflurane	False	True
7078.4072700000015	0.0003999999998995918	trials	electrical	biphasic	40	SSp	superficial	isoflurane	False	True
7082.487790000001	0.0003999999998995918	trials	electrical	biphasic	40	SSp	superficial	isoflurane	False	True
7086.0052	0.0004000000008090865	trials	electrical	biphasic	60	SSp	superficial	isoflurane	False	True
7089.62648	0.0003999999998995918	trials	electrical	biphasic	60	SSp	superficial	isoflurane	False	True
7093.98963	0.0003999999998995918	trials	electrical	biphasic	80	SSp	superficial	isoflurane	False	True
7097.974359999998	0.0004000000008090865	trials	electrical	biphasic	40	SSp	superficial	isoflurane	False	True
7102.31965	0.0003999999998995918	trials	electrical	biphasic	60	SSp	superficial	isoflurane	False	True
7106.02947	0.0003999999998995918	trials	electrical	biphasic	60	SSp	superficial	isoflurane	False	True
7110.0822	0.0003999999998995918	trials	electrical	biphasic	40	SSp	superficial	isoflurane	False	True
7114.212509999999	0.0003999999989900971	trials	electrical	biphasic	40	SSp	superficial	isoflurane	False	True
7117.74493	0.0003999999998995918	trials	electrical	biphasic	60	SSp	superficial	isoflurane	False	True
7121.86008	0.0003999999989900971	trials	electrical	biphasic	40	SSp	superficial	isoflurane	False	True
7125.72292	0.0003999999998995918	trials	electrical	biphasic	80	SSp	superficial	isoflurane	False	True
7129.27289	0.0004000000008090865	trials	electrical	biphasic	60	SSp	superficial	isoflurane	False	True
7133.2629	0.0003999999998995918	trials	electrical	biphasic	40	SSp	superficial	isoflurane	False	True
7136.955840000001	0.0003999999989900971	trials	electrical	biphasic	80	SSp	superficial	isoflurane	False	True
7140.57934	0.0004000000008090865	trials	electrical	biphasic	80	SSp	superficial	isoflurane	False	True
7144.28527	0.0003999999998995918	trials	electrical	biphasic	80	SSp	superficial	isoflurane	False	True
7147.932209999999	0.0004000000008090865	trials	electrical	biphasic	80	SSp	superficial	isoflurane	False	True
7151.62172	0.0003999999998995918	trials	electrical	biphasic	60	SSp	superficial	isoflurane	False	True
7155.1648	0.0004000000008090865	trials	electrical	biphasic	40	SSp	superficial	isoflurane	False	True
7159.300429999998	0.0004000000017185812	trials	electrical	biphasic	40	SSp	superficial	isoflurane	False	True
7163.08272	0.0003999999998995918	trials	electrical	biphasic	60	SSp	superficial	isoflurane	False	True
7167.121740000001	0.0003999999989900971	trials	electrical	biphasic	80	SSp	superficial	isoflurane	False	True
7171.31733	0.0003999999998995918	trials	electrical	biphasic	60	SSp	superficial	isoflurane	False	True
7175.316879999999	0.0003999999989900971	trials	electrical	biphasic	80	SSp	superficial	isoflurane	False	True
7179.353109999999	0.0003999999998995918	trials	electrical	biphasic	60	SSp	superficial	isoflurane	False	True
7183.298709999999	0.0003999999998995918	trials	electrical	biphasic	40	SSp	superficial	isoflurane	False	True
7186.92308	0.0004000000008090865	trials	electrical	biphasic	80	SSp	superficial	isoflurane	False	True
7190.91386	0.0003999999998995918	trials	electrical	biphasic	40	SSp	superficial	isoflurane	False	True
7195.267290000002	0.0003999999998995918	trials	electrical	biphasic	40	SSp	superficial	isoflurane	False	True
7199.641640000002	0.0003999999998995918	trials	electrical	biphasic	80	SSp	superficial	isoflurane	False	True
7203.41237	0.0003999999998995918	trials	electrical	biphasic	40	SSp	superficial	isoflurane	False	True
7207.12125	0.0003999999998995918	trials	electrical	biphasic	60	SSp	superficial	isoflurane	False	True
7211.1866599999985	0.0003999999998995918	trials	electrical	biphasic	40	SSp	superficial	isoflurane	False	True
7215.327409999999	0.0004000000008090865	trials	electrical	biphasic	60	SSp	superficial	isoflurane	False	True
7219.24485	0.0003999999998995918	trials	electrical	biphasic	80	SSp	superficial	isoflurane	False	True
7222.95126	0.0003999999998995918	trials	electrical	biphasic	60	SSp	superficial	isoflurane	False	True
7227.39963	0.0003999999998995918	trials	electrical	biphasic	60	SSp	superficial	isoflurane	False	True
7230.9821299999985	0.0003999999998995918	trials	electrical	biphasic	60	SSp	superficial	isoflurane	False	True
7234.588259999998	0.0004000000008090865	trials	electrical	biphasic	80	SSp	superficial	isoflurane	False	True
7238.23072	0.0004000000008090865	trials	electrical	biphasic	80	SSp	superficial	isoflurane	False	True
7241.897609999999	0.0003999999998995918	trials	electrical	biphasic	40	SSp	superficial	isoflurane	False	True
7246.01899	0.0004000000008090865	trials	electrical	biphasic	80	SSp	superficial	isoflurane	False	True
7250.093140000001	0.0004000000008090865	trials	electrical	biphasic	60	SSp	superficial	isoflurane	False	True
7253.64565	0.0003999999998995918	trials	electrical	biphasic	60	SSp	superficial	isoflurane	False	True
7258.077270000002	0.0003999999998995918	trials	electrical	biphasic	80	SSp	superficial	isoflurane	False	True
7262.30636	0.0003999999980806024	trials	electrical	biphasic	80	SSp	superficial	isoflurane	False	True
7266.5446299999985	0.0003999999998995918	trials	electrical	biphasic	60	SSp	superficial	isoflurane	False	True
7270.108459999998	0.0004000000008090865	trials	electrical	biphasic	40	SSp	superficial	isoflurane	False	True
7274.46932	0.00040999999964697054	trials	electrical	biphasic	60	SSp	superficial	isoflurane	False	True
7278.90415	0.0003999999998995918	trials	electrical	biphasic	80	SSp	superficial	isoflurane	False	True
7283.38898	0.00041000000055646524	trials	electrical	biphasic	40	SSp	superficial	isoflurane	False	True
7287.74835	0.0003999999998995918	trials	electrical	biphasic	40	SSp	superficial	isoflurane	False	True
7292.03434	0.0004000000008090865	trials	electrical	biphasic	40	SSp	superficial	isoflurane	False	True
7296.04815	0.0004000000008090865	trials	electrical	biphasic	40	SSp	superficial	isoflurane	False	True
7299.72617	0.0004000000017185812	trials	electrical	biphasic	80	SSp	superficial	isoflurane	False	True
7303.62518	0.0003999999998995918	trials	electrical	biphasic	60	SSp	superficial	isoflurane	False	True
7307.25955	0.0003999999998995918	trials	electrical	biphasic	80	SSp	superficial	isoflurane	False	True
7310.790870000002	0.0003999999998995918	trials	electrical	biphasic	40	SSp	superficial	isoflurane	False	True
7315.23044	0.0003999999998995918	trials	electrical	biphasic	60	SSp	superficial	isoflurane	False	True
7319.03216	0.0003999999998995918	trials	electrical	biphasic	40	SSp	superficial	isoflurane	False	True
7322.82813	0.0003999999998995918	trials	electrical	biphasic	40	SSp	superficial	isoflurane	False	True
7326.6615	0.0003999999998995918	trials	electrical	biphasic	60	SSp	superficial	isoflurane	False	True
7330.628979999998	0.0004000000008090865	trials	electrical	biphasic	60	SSp	superficial	isoflurane	False	True
7334.777609999999	0.0003999999998995918	trials	electrical	biphasic	80	SSp	superficial	isoflurane	False	True
7338.30325	0.0003999999998995918	trials	electrical	biphasic	60	SSp	superficial	isoflurane	False	True
7342.64588	0.0003999999998995918	trials	electrical	biphasic	40	SSp	superficial	isoflurane	False	True
7346.70535	0.0003999999998995918	trials	electrical	biphasic	80	SSp	superficial	isoflurane	False	True
7351.05988	0.0003999999998995918	trials	electrical	biphasic	60	SSp	superficial	isoflurane	False	True
7354.9081799999985	0.0003999999998995918	trials	electrical	biphasic	40	SSp	superficial	isoflurane	False	True
7358.85463	0.0003999999998995918	trials	electrical	biphasic	40	SSp	superficial	isoflurane	False	True
7362.40929	0.00041000000055646524	trials	electrical	biphasic	40	SSp	superficial	isoflurane	False	True
7366.08682	0.0003999999998995918	trials	electrical	biphasic	40	SSp	superficial	isoflurane	False	True
7370.25005	0.0003999999998995918	trials	electrical	biphasic	40	SSp	superficial	isoflurane	False	True
7374.081290000001	0.0003999999998995918	trials	electrical	biphasic	60	SSp	superficial	isoflurane	False	True
7378.4802	0.0003999999998995918	trials	electrical	biphasic	80	SSp	superficial	isoflurane	False	True
7382.098790000001	0.0003999999998995918	trials	electrical	biphasic	40	SSp	superficial	isoflurane	False	True
7386.587640000002	0.0003999999998995918	trials	electrical	biphasic	40	SSp	superficial	isoflurane	False	True
7390.62804	0.0004000000008090865	trials	electrical	biphasic	80	SSp	superficial	isoflurane	False	True
7394.83539	0.0004000000008090865	trials	electrical	biphasic	80	SSp	superficial	isoflurane	False	True
7399.33532	0.0003999999998995918	trials	electrical	biphasic	60	SSp	superficial	isoflurane	False	True
7403.12359	0.0004000000008090865	trials	electrical	biphasic	80	SSp	superficial	isoflurane	False	True
7407.03853	0.0003999999998995918	trials	electrical	biphasic	80	SSp	superficial	isoflurane	False	True
7411.0038	0.0003999999998995918	trials	electrical	biphasic	80	SSp	superficial	isoflurane	False	True
7415.268190000002	0.0003999999998995918	trials	electrical	biphasic	40	SSp	superficial	isoflurane	False	True
7419.58682	0.0003999999998995918	trials	electrical	biphasic	80	SSp	superficial	isoflurane	False	True
