onset	duration	nwb_table	stimulus_type	stimulus_description	estim_current	estim_target_region	estim_target_depth	behavioral_epoch	is_running	is_valid
326.2319	0.0004000000000132786	trials	electrical	biphasic	60	MOs	deep	awake	False	True
329.76492	0.00040000000007012204	trials	electrical	biphasic	40	MOs	deep	awake	False	True
333.82654	0.0003999999999564352	trials	electrical	biphasic	60	MOs	deep	awake	False	True
338.20883	0.0004000000000132786	trials	electrical	biphasic	80	MOs	deep	awake	True	True
342.37843	0.0004000000000132786	trials	electrical	biphasic	80	MOs	deep	awake	False	True
346.06929	0.0003999999999564352	trials	electrical	biphasic	80	MOs	deep	awake	True	True
349.93863	0.0004000000000132786	trials	electrical	biphasic	80	MOs	deep	awake	False	True
353.89977000000016	0.00039999999984274837	trials	electrical	biphasic	40	MOs	deep	awake	False	True
358.38183	0.0004000000000132786	trials	electrical	biphasic	40	MOs	deep	awake	False	True
362.03865	0.0003999999999564352	trials	electrical	biphasic	40	MOs	deep	awake	False	True
366.39459	0.0004000000000132786	trials	electrical	biphasic	80	MOs	deep	awake	False	True
370.53977	0.0004000000001838089	trials	electrical	biphasic	80	MOs	deep	awake	False	True
374.41647	0.0004000000000132786	trials	electrical	biphasic	60	MOs	deep	awake	False	True
378.10781	0.0004000000000132786	trials	electrical	biphasic	40	MOs	deep	awake	False	True
382.03649	0.0004000000000132786	trials	electrical	biphasic	60	MOs	deep	awake	False	True
386.01894	0.0004000000000132786	trials	electrical	biphasic	80	MOs	deep	awake	False	True
389.63997	0.0004000000000132786	trials	electrical	biphasic	40	MOs	deep	awake	False	True
393.7299	0.0004000000000132786	trials	electrical	biphasic	80	MOs	deep	awake	False	True
397.4565	0.0004000000000132786	trials	electrical	biphasic	60	MOs	deep	awake	False	True
401.34154	0.0004000000000132786	trials	electrical	biphasic	80	MOs	deep	awake	False	True
405.42494	0.0004000000000132786	trials	electrical	biphasic	80	MOs	deep	awake	False	True
409.17716	0.0004000000000132786	trials	electrical	biphasic	40	MOs	deep	awake	False	True
412.96802	0.0003999999999564352	trials	electrical	biphasic	60	MOs	deep	awake	False	True
417.08554	0.0004000000000132786	trials	electrical	biphasic	40	MOs	deep	awake	False	True
420.85124	0.0003999999999564352	trials	electrical	biphasic	60	MOs	deep	awake	False	True
425.17604000000006	0.0003999999999564352	trials	electrical	biphasic	80	MOs	deep	awake	False	True
429.65912	0.0004000000000132786	trials	electrical	biphasic	40	MOs	deep	awake	False	True
433.88979000000006	0.0003999999999564352	trials	electrical	biphasic	60	MOs	deep	awake	False	True
437.73409	0.00040000000012696546	trials	electrical	biphasic	80	MOs	deep	awake	False	True
441.81857	0.0003999999999564352	trials	electrical	biphasic	60	MOs	deep	awake	False	True
445.42675	0.0003999999999564352	trials	electrical	biphasic	80	MOs	deep	awake	False	True
449.83347	0.0004000000000132786	trials	electrical	biphasic	40	MOs	deep	awake	False	True
454.21355	0.0004000000000132786	trials	electrical	biphasic	40	MOs	deep	awake	False	True
458.53174	0.0004000000000132786	trials	electrical	biphasic	80	MOs	deep	awake	False	True
462.29288	0.0003999999999564352	trials	electrical	biphasic	80	MOs	deep	awake	False	True
466.38766	0.0004000000000132786	trials	electrical	biphasic	60	MOs	deep	awake	False	True
469.9106	0.0004000000000132786	trials	electrical	biphasic	80	MOs	deep	awake	False	True
473.83628	0.0004000000000132786	trials	electrical	biphasic	60	MOs	deep	awake	False	True
477.64942	0.0003999999999564352	trials	electrical	biphasic	60	MOs	deep	awake	False	True
481.31130999999993	0.00040000000007012204	trials	electrical	biphasic	60	MOs	deep	awake	False	True
484.99049	0.0003999999999564352	trials	electrical	biphasic	40	MOs	deep	awake	False	True
488.91379000000006	0.0003999999999564352	trials	electrical	biphasic	60	MOs	deep	awake	False	True
492.50843	0.0004000000000132786	trials	electrical	biphasic	40	MOs	deep	awake	False	True
496.60737	0.0004000000000132786	trials	electrical	biphasic	80	MOs	deep	awake	False	True
500.57872	0.0004000000001838089	trials	electrical	biphasic	40	MOs	deep	awake	False	True
504.77508	0.0004000000000132786	trials	electrical	biphasic	60	MOs	deep	awake	False	True
508.97538	0.0004000000000132786	trials	electrical	biphasic	80	MOs	deep	awake	True	True
513.1143400000002	0.00039999999978590495	trials	electrical	biphasic	60	MOs	deep	awake	False	True
516.6483599999998	0.0004000000000132786	trials	electrical	biphasic	80	MOs	deep	awake	False	True
520.21758	0.0004000000000132786	trials	electrical	biphasic	40	MOs	deep	awake	False	True
524.0376	0.0004000000000132786	trials	electrical	biphasic	40	MOs	deep	awake	False	True
528.06888	0.00039999999978590495	trials	electrical	biphasic	60	MOs	deep	awake	False	True
532.22374	0.0004000000000132786	trials	electrical	biphasic	60	MOs	deep	awake	False	True
536.1317799999998	0.00040000000012696546	trials	electrical	biphasic	40	MOs	deep	awake	False	True
540.45218	0.0004000000000132786	trials	electrical	biphasic	80	MOs	deep	awake	False	True
544.67097	0.0004000000000132786	trials	electrical	biphasic	40	MOs	deep	awake	False	True
549.14003	0.0004000000000132786	trials	electrical	biphasic	40	MOs	deep	awake	False	True
553.17179	0.0004000000000132786	trials	electrical	biphasic	40	MOs	deep	awake	False	True
556.99735	0.0004000000000132786	trials	electrical	biphasic	40	MOs	deep	awake	False	True
560.60339	0.0004000000000132786	trials	electrical	biphasic	40	MOs	deep	awake	False	True
564.71477	0.0004000000002406523	trials	electrical	biphasic	80	MOs	deep	awake	False	True
568.99399	0.00040000000012696546	trials	electrical	biphasic	80	MOs	deep	awake	False	True
572.91787	0.0004000000000132786	trials	electrical	biphasic	60	MOs	deep	awake	False	True
576.50911	0.0004000000000132786	trials	electrical	biphasic	60	MOs	deep	awake	False	True
580.2760099999998	0.0004000000000132786	trials	electrical	biphasic	80	MOs	deep	awake	False	True
583.9300900000002	0.0004000000000132786	trials	electrical	biphasic	40	MOs	deep	awake	False	True
587.71151	0.0004000000000132786	trials	electrical	biphasic	80	MOs	deep	awake	False	True
591.65201	0.00039999999978590495	trials	electrical	biphasic	80	MOs	deep	awake	False	True
595.67957	0.0004000000000132786	trials	electrical	biphasic	60	MOs	deep	awake	False	True
599.6374099999998	0.00040000000012696546	trials	electrical	biphasic	80	MOs	deep	awake	False	True
604.01322	0.00040000000012696546	trials	electrical	biphasic	60	MOs	deep	awake	False	True
608.0317	0.0004000000000132786	trials	electrical	biphasic	60	MOs	deep	awake	False	True
612.4757400000002	0.00039999999978590495	trials	electrical	biphasic	60	MOs	deep	awake	False	True
616.6138599999998	0.00040000000012696546	trials	electrical	biphasic	40	MOs	deep	awake	False	True
621.07199	0.0004000000000132786	trials	electrical	biphasic	60	MOs	deep	awake	False	True
624.8131099999998	0.00040000000012696546	trials	electrical	biphasic	60	MOs	deep	awake	False	True
628.98965	0.0004000000000132786	trials	electrical	biphasic	40	MOs	deep	awake	False	True
632.77913	0.0004000000000132786	trials	electrical	biphasic	80	MOs	deep	awake	False	True
636.95135	0.0003999999998995918	trials	electrical	biphasic	80	MOs	deep	awake	True	True
641.1469099999998	0.00040000000012696546	trials	electrical	biphasic	60	MOs	deep	awake	True	True
644.71533	0.0004000000000132786	trials	electrical	biphasic	60	MOs	deep	awake	True	True
648.47055	0.0004000000000132786	trials	electrical	biphasic	40	MOs	deep	awake	True	True
652.1950099999998	0.0004000000000132786	trials	electrical	biphasic	60	MOs	deep	awake	True	True
656.36327	0.00040000000012696546	trials	electrical	biphasic	60	MOs	deep	awake	False	True
660.7080900000002	0.00039999999978590495	trials	electrical	biphasic	40	MOs	deep	awake	False	True
664.5529700000002	0.00039999999978590495	trials	electrical	biphasic	60	MOs	deep	awake	False	True
668.83392	0.0004000000000132786	trials	electrical	biphasic	80	MOs	deep	awake	False	True
673.00968	0.0004000000000132786	trials	electrical	biphasic	60	MOs	deep	awake	True	True
676.51682	0.00040000000012696546	trials	electrical	biphasic	80	MOs	deep	awake	False	True
680.61942	0.0004000000000132786	trials	electrical	biphasic	60	MOs	deep	awake	False	True
684.50662	0.0004000000000132786	trials	electrical	biphasic	80	MOs	deep	awake	False	True
688.92304	0.0004000000000132786	trials	electrical	biphasic	60	MOs	deep	awake	False	True
692.42462	0.0004000000000132786	trials	electrical	biphasic	60	MOs	deep	awake	False	True
696.38748	0.0004000000000132786	trials	electrical	biphasic	40	MOs	deep	awake	False	True
700.3122400000003	0.0003999999996722181	trials	electrical	biphasic	40	MOs	deep	awake	False	True
704.27358	0.0003999999996722181	trials	electrical	biphasic	40	MOs	deep	awake	False	True
708.5441599999997	0.00041000000032909156	trials	electrical	biphasic	40	MOs	deep	awake	False	True
712.3670599999997	0.00041000000032909156	trials	electrical	biphasic	40	MOs	deep	awake	False	True
716.65223	0.0003999999996722181	trials	electrical	biphasic	60	MOs	deep	awake	False	True
720.62401	0.0004000000000132786	trials	electrical	biphasic	60	MOs	deep	awake	False	True
724.1601900000003	0.0004000000000132786	trials	electrical	biphasic	80	MOs	deep	awake	False	True
727.83649	0.0004000000000132786	trials	electrical	biphasic	60	MOs	deep	awake	True	True
732.05867	0.0004000000000132786	trials	electrical	biphasic	80	MOs	deep	awake	False	True
736.03257	0.0004000000000132786	trials	electrical	biphasic	40	MOs	deep	awake	False	True
739.68571	0.0004000000000132786	trials	electrical	biphasic	60	MOs	deep	awake	False	True
743.52725	0.0004000000000132786	trials	electrical	biphasic	80	MOs	deep	awake	False	True
747.63505	0.0004000000000132786	trials	electrical	biphasic	40	MOs	deep	awake	True	True
751.3272099999997	0.0004000000000132786	trials	electrical	biphasic	40	MOs	deep	awake	False	True
755.56605	0.0004000000000132786	trials	electrical	biphasic	40	MOs	deep	awake	False	True
759.3093299999997	0.0004000000002406523	trials	electrical	biphasic	40	MOs	deep	awake	False	True
763.72717	0.0004000000000132786	trials	electrical	biphasic	80	MOs	deep	awake	False	True
767.49665	0.0003999999998995918	trials	electrical	biphasic	60	MOs	deep	awake	False	True
771.76258	0.0004000000000132786	trials	electrical	biphasic	60	MOs	deep	awake	False	True
775.45166	0.0004000000000132786	trials	electrical	biphasic	60	MOs	deep	awake	False	True
779.2395799999997	0.0004000000002406523	trials	electrical	biphasic	80	MOs	deep	awake	False	True
782.83111	0.00041000000032909156	trials	electrical	biphasic	60	MOs	deep	awake	False	True
786.90774	0.0004000000000132786	trials	electrical	biphasic	60	MOs	deep	awake	False	True
791.0915200000003	0.0004000000000132786	trials	electrical	biphasic	40	MOs	deep	awake	False	True
795.13854	0.0004000000000132786	trials	electrical	biphasic	40	MOs	deep	awake	False	True
799.06468	0.0004000000000132786	trials	electrical	biphasic	60	MOs	deep	awake	False	True
803.2095400000003	0.0004000000000132786	trials	electrical	biphasic	80	MOs	deep	awake	False	True
807.35758	0.0004000000000132786	trials	electrical	biphasic	80	MOs	deep	awake	False	True
811.53703	0.0004000000000132786	trials	electrical	biphasic	40	MOs	deep	awake	False	True
815.67323	0.0004000000000132786	trials	electrical	biphasic	60	MOs	deep	awake	False	True
820.11883	0.0004000000000132786	trials	electrical	biphasic	80	MOs	deep	awake	False	True
823.8281900000003	0.0004000000000132786	trials	electrical	biphasic	40	MOs	deep	awake	False	True
828.0378900000003	0.0004000000000132786	trials	electrical	biphasic	40	MOs	deep	awake	False	True
831.77455	0.0004000000000132786	trials	electrical	biphasic	60	MOs	deep	awake	False	True
835.39437	0.0004000000000132786	trials	electrical	biphasic	60	MOs	deep	awake	False	True
839.5020900000003	0.0004000000000132786	trials	electrical	biphasic	40	MOs	deep	awake	False	True
843.45265	0.0004000000000132786	trials	electrical	biphasic	60	MOs	deep	awake	False	True
847.41179	0.0004000000000132786	trials	electrical	biphasic	80	MOs	deep	awake	False	True
851.57416	0.0004000000000132786	trials	electrical	biphasic	60	MOs	deep	awake	True	True
855.8448599999997	0.0004000000000132786	trials	electrical	biphasic	60	MOs	deep	awake	False	True
859.6955	0.0004000000000132786	trials	electrical	biphasic	80	MOs	deep	awake	False	True
863.85794	0.0004000000000132786	trials	electrical	biphasic	60	MOs	deep	awake	False	True
867.7745199999997	0.0004000000002406523	trials	electrical	biphasic	40	MOs	deep	awake	False	True
872.11686	0.0004000000000132786	trials	electrical	biphasic	40	MOs	deep	awake	False	True
876.45021	0.0004000000000132786	trials	electrical	biphasic	60	MOs	deep	awake	False	True
880.20706	0.00040999999998803105	trials	electrical	biphasic	80	MOs	deep	awake	False	True
884.32095	0.0004000000000132786	trials	electrical	biphasic	40	MOs	deep	awake	False	True
888.40361	0.0004000000000132786	trials	electrical	biphasic	80	MOs	deep	awake	False	True
892.44477	0.0004000000000132786	trials	electrical	biphasic	80	MOs	deep	awake	False	True
896.8151300000003	0.0004000000000132786	trials	electrical	biphasic	60	MOs	deep	awake	False	True
900.5803300000001	0.0004000000000132786	trials	electrical	biphasic	60	MOs	deep	awake	True	True
904.39883	0.0004000000000132786	trials	electrical	biphasic	60	MOs	deep	awake	False	True
908.01847	0.0004000000000132786	trials	electrical	biphasic	60	MOs	deep	awake	False	True
912.45871	0.0004000000000132786	trials	electrical	biphasic	80	MOs	deep	awake	False	True
916.6047	0.0004000000000132786	trials	electrical	biphasic	60	MOs	deep	awake	False	True
920.58458	0.0004000000000132786	trials	electrical	biphasic	80	MOs	deep	awake	False	True
924.72432	0.0004000000000132786	trials	electrical	biphasic	40	MOs	deep	awake	False	True
928.76946	0.0004000000000132786	trials	electrical	biphasic	80	MOs	deep	awake	False	True
932.9172	0.0004000000000132786	trials	electrical	biphasic	60	MOs	deep	awake	False	True
936.9615	0.0004000000000132786	trials	electrical	biphasic	60	MOs	deep	awake	False	True
941.18296	0.0004000000000132786	trials	electrical	biphasic	60	MOs	deep	awake	False	True
945.20589	0.0004000000000132786	trials	electrical	biphasic	80	MOs	deep	awake	False	True
949.70001	0.0004000000000132786	trials	electrical	biphasic	80	MOs	deep	awake	False	True
953.41911	0.0003999999998995918	trials	electrical	biphasic	60	MOs	deep	awake	False	True
957.02533	0.0003999999998995918	trials	electrical	biphasic	60	MOs	deep	awake	False	True
960.63545	0.0004000000000132786	trials	electrical	biphasic	40	MOs	deep	awake	False	True
964.19947	0.0004000000000132786	trials	electrical	biphasic	60	MOs	deep	awake	False	True
968.10447	0.0004000000000132786	trials	electrical	biphasic	40	MOs	deep	awake	False	True
972.05327	0.0004000000000132786	trials	electrical	biphasic	40	MOs	deep	awake	False	True
975.91951	0.0004000000000132786	trials	electrical	biphasic	60	MOs	deep	awake	False	True
980.18343	0.0003999999998995918	trials	electrical	biphasic	40	MOs	deep	awake	False	True
984.31175	0.0004000000000132786	trials	electrical	biphasic	60	MOs	deep	awake	False	True
988.58415	0.0004000000000132786	trials	electrical	biphasic	80	MOs	deep	awake	False	True
993.01744	0.0004000000000132786	trials	electrical	biphasic	80	MOs	deep	awake	False	True
997.4906	0.0004000000000132786	trials	electrical	biphasic	40	MOs	deep	awake	False	True
1001.18304	0.0004000000000132786	trials	electrical	biphasic	60	MOs	deep	awake	False	True
1004.82234	0.0003999999998995918	trials	electrical	biphasic	80	MOs	deep	awake	False	True
1009.01902	0.0004000000000132786	trials	electrical	biphasic	40	MOs	deep	awake	False	True
1012.61326	0.0004000000000132786	trials	electrical	biphasic	80	MOs	deep	awake	False	True
1016.63908	0.0004000000000132786	trials	electrical	biphasic	40	MOs	deep	awake	False	True
1020.66984	0.0004000000000132786	trials	electrical	biphasic	60	MOs	deep	awake	False	True
1025.03141	0.0003999999998995918	trials	electrical	biphasic	80	MOs	deep	awake	False	True
1029.01669	0.00040000000012696546	trials	electrical	biphasic	80	MOs	deep	awake	False	True
1032.91057	0.0003999999998995918	trials	electrical	biphasic	60	MOs	deep	awake	False	True
1037.0824300000004	0.0003999999996722181	trials	electrical	biphasic	80	MOs	deep	awake	False	True
1041.32411	0.0003999999998995918	trials	electrical	biphasic	40	MOs	deep	awake	True	True
1045.34459	0.00040000000012696546	trials	electrical	biphasic	80	MOs	deep	awake	False	True
1049.19273	0.00040000000012696546	trials	electrical	biphasic	60	MOs	deep	awake	False	True
1052.84315	0.00040000000012696546	trials	electrical	biphasic	80	MOs	deep	awake	True	True
1056.92967	0.0003999999998995918	trials	electrical	biphasic	40	MOs	deep	awake	True	True
1060.69223	0.0003999999998995918	trials	electrical	biphasic	80	MOs	deep	awake	False	True
1064.23711	0.0003999999998995918	trials	electrical	biphasic	80	MOs	deep	awake	True	True
1068.49247	0.00040000000012696546	trials	electrical	biphasic	40	MOs	deep	awake	True	True
1072.23567	0.0003999999998995918	trials	electrical	biphasic	60	MOs	deep	awake	True	True
1076.17849	0.0003999999998995918	trials	electrical	biphasic	60	MOs	deep	awake	False	True
1080.36672	0.00040000000012696546	trials	electrical	biphasic	60	MOs	deep	awake	False	True
1084.22636	0.0003999999998995918	trials	electrical	biphasic	60	MOs	deep	awake	False	True
1088.46312	0.00040000000012696546	trials	electrical	biphasic	80	MOs	deep	awake	False	True
1092.35824	0.00040000000035433914	trials	electrical	biphasic	80	MOs	deep	awake	False	True
1096.5420800000004	0.0003999999996722181	trials	electrical	biphasic	80	MOs	deep	awake	False	True
1100.74654	0.0003999999998995918	trials	electrical	biphasic	80	MOs	deep	awake	False	True
1104.68926	0.0003999999998995918	trials	electrical	biphasic	40	MOs	deep	awake	False	True
1108.20926	0.0003999999998995918	trials	electrical	biphasic	40	MOs	deep	awake	False	True
1112.04054	0.00040000000012696546	trials	electrical	biphasic	60	MOs	deep	awake	False	True
1115.96526	0.00040000000012696546	trials	electrical	biphasic	40	MOs	deep	awake	False	True
1119.73596	0.00040000000012696546	trials	electrical	biphasic	80	MOs	deep	awake	False	True
1123.43344	0.0003999999998995918	trials	electrical	biphasic	80	MOs	deep	awake	False	True
1127.75559	0.00040000000012696546	trials	electrical	biphasic	40	MOs	deep	awake	False	True
1131.68593	0.0003999999998995918	trials	electrical	biphasic	60	MOs	deep	awake	False	True
1136.07413	0.00040000000012696546	trials	electrical	biphasic	40	MOs	deep	awake	False	True
1139.96573	0.00040000000012696546	trials	electrical	biphasic	80	MOs	deep	awake	False	True
1144.23527	0.00040000000012696546	trials	electrical	biphasic	40	MOs	deep	awake	False	True
1148.13249	0.00040000000012696546	trials	electrical	biphasic	60	MOs	deep	awake	False	True
1152.44144	0.0003999999998995918	trials	electrical	biphasic	60	MOs	deep	awake	False	True
1156.69694	0.0003999999998995918	trials	electrical	biphasic	40	MOs	deep	awake	False	True
1160.57476	0.00040000000012696546	trials	electrical	biphasic	40	MOs	deep	awake	False	True
1164.2912	0.00040000000012696546	trials	electrical	biphasic	60	MOs	deep	awake	False	True
1168.5820199999996	0.00040000000035433914	trials	electrical	biphasic	80	MOs	deep	awake	False	True
1173.03174	0.00040000000012696546	trials	electrical	biphasic	80	MOs	deep	awake	False	True
1176.85972	0.0003999999996722181	trials	electrical	biphasic	60	MOs	deep	awake	False	True
1181.03141	0.0003999999998995918	trials	electrical	biphasic	40	MOs	deep	awake	False	True
1184.97047	0.00040000000012696546	trials	electrical	biphasic	40	MOs	deep	awake	False	True
1189.30439	0.0003999999998995918	trials	electrical	biphasic	60	MOs	deep	awake	False	True
1193.57367	0.0003999999998995918	trials	electrical	biphasic	60	MOs	deep	awake	False	True
1197.24135	0.0003999999998995918	trials	electrical	biphasic	40	MOs	deep	awake	False	True
1201.60376	0.00040000000012696546	trials	electrical	biphasic	60	MOs	deep	awake	True	True
1206.09406	0.00040000000012696546	trials	electrical	biphasic	80	MOs	deep	awake	False	True
1210.1089	0.00040000000012696546	trials	electrical	biphasic	40	MOs	deep	awake	False	True
1214.4936	0.0003999999998995918	trials	electrical	biphasic	80	MOs	deep	awake	False	True
1218.58204	0.0004100000001017179	trials	electrical	biphasic	60	MOs	deep	awake	False	True
1222.23722	0.00040000000012696546	trials	electrical	biphasic	60	MOs	deep	awake	False	True
1225.9375	0.0003999999998995918	trials	electrical	biphasic	80	MOs	deep	awake	False	True
1229.84488	0.0003999999998995918	trials	electrical	biphasic	60	MOs	deep	awake	False	True
1234.09401	0.0003999999998995918	trials	electrical	biphasic	80	MOs	deep	awake	False	True
1238.42001	0.0003999999998995918	trials	electrical	biphasic	40	MOs	deep	awake	False	True
1242.71039	0.00040000000012696546	trials	electrical	biphasic	60	MOs	deep	awake	False	True
1246.52933	0.0003999999998995918	trials	electrical	biphasic	40	MOs	deep	awake	False	True
1250.56381	0.0003999999998995918	trials	electrical	biphasic	60	MOs	deep	awake	False	True
1254.15419	0.00040000000012696546	trials	electrical	biphasic	80	MOs	deep	awake	False	True
1257.76631	0.00040000000012696546	trials	electrical	biphasic	60	MOs	deep	awake	False	True
1261.4030300000004	0.0003999999996722181	trials	electrical	biphasic	80	MOs	deep	awake	False	True
1265.58211	0.0003999999998995918	trials	electrical	biphasic	40	MOs	deep	awake	False	True
1269.57771	0.0003999999998995918	trials	electrical	biphasic	40	MOs	deep	awake	False	True
1273.26785	0.00040000000012696546	trials	electrical	biphasic	40	MOs	deep	awake	False	True
1277.26328	0.00040000000012696546	trials	electrical	biphasic	40	MOs	deep	awake	False	True
1280.91129	0.0003999999998995918	trials	electrical	biphasic	80	MOs	deep	awake	False	True
1284.46669	0.00040000000012696546	trials	electrical	biphasic	80	MOs	deep	awake	False	True
1288.81784	0.00040000000012696546	trials	electrical	biphasic	80	MOs	deep	awake	False	True
1292.87882	0.00040000000012696546	trials	electrical	biphasic	80	MOs	deep	awake	False	True
1297.30884	0.00040000000012696546	trials	electrical	biphasic	40	MOs	deep	awake	False	True
1301.5059199999996	0.00040000000035433914	trials	electrical	biphasic	80	MOs	deep	awake	False	True
1305.58915	0.0003999999998995918	trials	electrical	biphasic	40	MOs	deep	awake	True	True
1309.9049699999996	0.00040000000035433914	trials	electrical	biphasic	80	MOs	deep	awake	False	True
1314.28441	0.00040000000012696546	trials	electrical	biphasic	80	MOs	deep	awake	False	True
1318.77376	0.0003999999998995918	trials	electrical	biphasic	60	MOs	deep	awake	False	True
1322.27469	0.00040000000012696546	trials	electrical	biphasic	40	MOs	deep	awake	False	True
1326.64056	0.0003999999998995918	trials	electrical	biphasic	40	MOs	deep	awake	False	True
1330.75354	0.00040000000012696546	trials	electrical	biphasic	80	MOs	deep	awake	False	True
1335.24392	0.00040000000012696546	trials	electrical	biphasic	80	MOs	deep	awake	False	True
1339.27202	0.0003999999998995918	trials	electrical	biphasic	40	MOs	deep	awake	False	True
1343.25197	0.0003999999998995918	trials	electrical	biphasic	80	MOs	deep	awake	False	True
1347.55373	0.0003999999998995918	trials	electrical	biphasic	40	MOs	deep	awake	False	False
1351.28199	0.00040000000012696546	trials	electrical	biphasic	40	MOs	deep	awake	False	True
1355.28051	0.0003999999998995918	trials	electrical	biphasic	60	MOs	deep	awake	False	True
1359.68179	0.0003999999998995918	trials	electrical	biphasic	80	MOs	deep	awake	False	True
1363.75687	0.0003999999996722181	trials	electrical	biphasic	80	MOs	deep	awake	False	True
1368.10248	0.0003999999998995918	trials	electrical	biphasic	80	MOs	deep	awake	False	True
1372.34154	0.00040000000012696546	trials	electrical	biphasic	80	MOs	deep	awake	False	True
1376.42794	0.0003999999998995918	trials	electrical	biphasic	80	MOs	deep	awake	False	True
1380.1751	0.00040000000012696546	trials	electrical	biphasic	60	MOs	deep	awake	False	True
1384.34194	0.0003999999998995918	trials	electrical	biphasic	80	MOs	deep	awake	False	True
1387.92584	0.0003999999998995918	trials	electrical	biphasic	40	MOs	deep	awake	False	True
1392.05222	0.0003999999998995918	trials	electrical	biphasic	80	MOs	deep	awake	False	True
1396.21359	0.0003999999998995918	trials	electrical	biphasic	60	MOs	deep	awake	False	True
1400.44377	0.0003999999998995918	trials	electrical	biphasic	40	MOs	deep	awake	False	True
1404.83495	0.00040000000012696546	trials	electrical	biphasic	40	MOs	deep	awake	False	True
1409.31768	0.0003999999998995918	trials	electrical	biphasic	40	MOs	deep	awake	False	True
1413.58712	0.00039999999944484443	trials	electrical	biphasic	40	MOs	deep	awake	False	True
1417.66898	0.00040000000012696546	trials	electrical	biphasic	40	MOs	deep	awake	False	True
1422.09772	0.00040000000012696546	trials	electrical	biphasic	40	MOs	deep	awake	False	True
1426.17825	0.00040000000012696546	trials	electrical	biphasic	40	MOs	deep	awake	False	True
1429.69564	0.00040000000012696546	trials	electrical	biphasic	60	MOs	deep	awake	False	True
1433.31692	0.00040000000012696546	trials	electrical	biphasic	60	MOs	deep	awake	False	True
1437.68007	0.00040000000012696546	trials	electrical	biphasic	80	MOs	deep	awake	False	True
1441.66479	0.0003999999998995918	trials	electrical	biphasic	40	MOs	deep	awake	False	True
1446.0100699999994	0.0004000000005817128	trials	electrical	biphasic	60	MOs	deep	awake	False	True
1449.71989	0.0003999999998995918	trials	electrical	biphasic	60	MOs	deep	awake	False	True
1453.77261	0.00040000000012696546	trials	electrical	biphasic	40	MOs	deep	awake	False	True
1457.90291	0.0003999999998995918	trials	electrical	biphasic	40	MOs	deep	awake	False	True
1461.43533	0.0003999999998995918	trials	electrical	biphasic	60	MOs	deep	awake	False	True
1465.55047	0.00040000000012696546	trials	electrical	biphasic	40	MOs	deep	awake	False	True
1469.41331	0.0004100000001017179	trials	electrical	biphasic	80	MOs	deep	awake	True	True
1472.96327	0.00040000000012696546	trials	electrical	biphasic	60	MOs	deep	awake	False	True
1476.9532800000006	0.00039999999944484443	trials	electrical	biphasic	40	MOs	deep	awake	False	True
1480.64621	0.0003999999998995918	trials	electrical	biphasic	80	MOs	deep	awake	False	True
1484.26971	0.0003999999998995918	trials	electrical	biphasic	80	MOs	deep	awake	False	True
1487.97563	0.00040000000012696546	trials	electrical	biphasic	80	MOs	deep	awake	False	True
1491.62257	0.0003999999998995918	trials	electrical	biphasic	80	MOs	deep	awake	False	True
1495.31207	0.00039999999944484443	trials	electrical	biphasic	60	MOs	deep	awake	False	True
1498.85515	0.0003999999998995918	trials	electrical	biphasic	40	MOs	deep	awake	True	True
1502.99077	0.0003999999998995918	trials	electrical	biphasic	40	MOs	deep	awake	False	True
1506.77305	0.0003999999998995918	trials	electrical	biphasic	60	MOs	deep	awake	True	True
1510.8120800000006	0.00039999999944484443	trials	electrical	biphasic	80	MOs	deep	awake	False	True
1515.00766	0.0003999999998995918	trials	electrical	biphasic	60	MOs	deep	awake	True	True
1519.0072	0.0003999999998995918	trials	electrical	biphasic	80	MOs	deep	awake	False	True
1523.04342	0.00040000000012696546	trials	electrical	biphasic	60	MOs	deep	awake	False	True
1526.98902	0.00040000000012696546	trials	electrical	biphasic	40	MOs	deep	awake	True	True
1530.61338	0.0003999999998995918	trials	electrical	biphasic	80	MOs	deep	awake	False	True
1534.60416	0.0003999999998995918	trials	electrical	biphasic	40	MOs	deep	awake	False	True
1538.95759	0.00040000000012696546	trials	electrical	biphasic	40	MOs	deep	awake	False	False
1543.33193	0.0004000000005817128	trials	electrical	biphasic	80	MOs	deep	awake	False	True
1547.10265	0.0003999999998995918	trials	electrical	biphasic	40	MOs	deep	awake	False	True
1550.8115300000006	0.00039999999944484443	trials	electrical	biphasic	60	MOs	deep	awake	False	True
1554.87693	0.00040000000012696546	trials	electrical	biphasic	40	MOs	deep	awake	False	True
1559.01767	0.00040000000012696546	trials	electrical	biphasic	60	MOs	deep	awake	False	True
1562.93511	0.00040000000012696546	trials	electrical	biphasic	80	MOs	deep	awake	False	True
1566.64151	0.00040000000012696546	trials	electrical	biphasic	60	MOs	deep	awake	False	True
1571.08988	0.0003999999998995918	trials	electrical	biphasic	60	MOs	deep	awake	False	True
1574.67238	0.00040000000012696546	trials	electrical	biphasic	60	MOs	deep	awake	False	True
1578.27849	0.00040000000012696546	trials	electrical	biphasic	80	MOs	deep	awake	False	True
1581.92095	0.00040000000012696546	trials	electrical	biphasic	80	MOs	deep	awake	False	True
1585.5878300000006	0.00039999999944484443	trials	electrical	biphasic	40	MOs	deep	awake	False	True
1589.70922	0.00040000000012696546	trials	electrical	biphasic	80	MOs	deep	awake	True	True
1593.78336	0.00040000000012696546	trials	electrical	biphasic	60	MOs	deep	awake	False	True
1597.33586	0.00040000000012696546	trials	electrical	biphasic	60	MOs	deep	awake	False	True
1601.76748	0.00040000000012696546	trials	electrical	biphasic	80	MOs	deep	awake	False	True
1605.99656	0.0003999999998995918	trials	electrical	biphasic	80	MOs	deep	awake	False	True
1610.23483	0.0003999999998995918	trials	electrical	biphasic	60	MOs	deep	awake	False	True
1613.79864	0.00040000000012696546	trials	electrical	biphasic	40	MOs	deep	awake	False	True
1618.15951	0.00040000000012696546	trials	electrical	biphasic	60	MOs	deep	awake	False	True
1622.59433	0.00040000000012696546	trials	electrical	biphasic	80	MOs	deep	awake	False	True
1627.07916	0.0003999999998995918	trials	electrical	biphasic	40	MOs	deep	awake	False	True
1631.43852	0.00039999999944484443	trials	electrical	biphasic	40	MOs	deep	awake	False	True
1635.7245	0.0003999999998995918	trials	electrical	biphasic	40	MOs	deep	awake	False	True
1639.7383	0.00040000000012696546	trials	electrical	biphasic	40	MOs	deep	awake	False	True
1643.4163199999994	0.0004000000005817128	trials	electrical	biphasic	80	MOs	deep	awake	False	True
1647.31532	0.00039999999944484443	trials	electrical	biphasic	60	MOs	deep	awake	False	True
1650.9496800000006	0.00039999999944484443	trials	electrical	biphasic	80	MOs	deep	awake	False	True
1654.481	0.0003999999998995918	trials	electrical	biphasic	40	MOs	deep	awake	False	True
1658.92057	0.0003999999998995918	trials	electrical	biphasic	60	MOs	deep	awake	False	True
1662.72229	0.00040000000012696546	trials	electrical	biphasic	40	MOs	deep	awake	False	True
1666.51825	0.0003999999998995918	trials	electrical	biphasic	40	MOs	deep	awake	False	True
1670.35161	0.00040000000012696546	trials	electrical	biphasic	60	MOs	deep	awake	False	True
1674.31909	0.00040000000012696546	trials	electrical	biphasic	60	MOs	deep	awake	False	True
1678.46771	0.0004000000008090865	trials	electrical	biphasic	80	MOs	deep	awake	False	True
1681.99335	0.00040000000012696546	trials	electrical	biphasic	60	MOs	deep	awake	False	True
1686.33597	0.0003999999998995918	trials	electrical	biphasic	40	MOs	deep	awake	False	True
1690.39543	0.0004000000005817128	trials	electrical	biphasic	80	MOs	deep	awake	False	True
1694.74996	0.00040000000012696546	trials	electrical	biphasic	60	MOs	deep	awake	False	True
1698.5982600000002	0.0003999999998995918	trials	electrical	biphasic	40	MOs	deep	awake	False	True
1702.5447	0.00040000000012696546	trials	electrical	biphasic	40	MOs	deep	awake	False	True
1706.0993600000006	0.00039999999944484443	trials	electrical	biphasic	40	MOs	deep	awake	False	True
1709.77688	0.00040000000012696546	trials	electrical	biphasic	40	MOs	deep	awake	False	True
1713.9401	0.0003999999998995918	trials	electrical	biphasic	40	MOs	deep	awake	False	True
1717.7713399999998	0.00040000000012696546	trials	electrical	biphasic	60	MOs	deep	awake	False	True
1722.17024	0.00039999999944484443	trials	electrical	biphasic	80	MOs	deep	awake	False	True
1725.78882	0.0003999999998995918	trials	electrical	biphasic	40	MOs	deep	awake	False	True
1730.27767	0.00039999999944484443	trials	electrical	biphasic	40	MOs	deep	awake	False	True
1734.31807	0.0003999999998995918	trials	electrical	biphasic	80	MOs	deep	awake	True	True
1738.5254100000002	0.0003999999998995918	trials	electrical	biphasic	80	MOs	deep	awake	True	True
1743.02534	0.00039999999944484443	trials	electrical	biphasic	60	MOs	deep	awake	True	True
1746.8136	0.00040000000012696546	trials	electrical	biphasic	80	MOs	deep	awake	True	True
1750.7285399999994	0.0003999999998995918	trials	electrical	biphasic	80	MOs	deep	awake	True	True
1754.6938	0.0003999999998995918	trials	electrical	biphasic	80	MOs	deep	awake	True	True
1758.95818	0.0003999999998995918	trials	electrical	biphasic	40	MOs	deep	awake	True	True
1763.2768	0.0003999999998995918	trials	electrical	biphasic	80	MOs	deep	awake	True	True
1786.951383756539	273.1600000000001	epochs								
2060.1213837565388	1659.4100000000003	epochs								
2257.64042	0.0003999999998995918	trials	electrical	biphasic	60	MOs	deep	isoflurane	False	True
2261.17344	0.0003999999998995918	trials	electrical	biphasic	40	MOs	deep	isoflurane	False	True
2265.23506	0.0004000000008090865	trials	electrical	biphasic	60	MOs	deep	isoflurane	False	True
2269.61734	0.00040000000035433914	trials	electrical	biphasic	80	MOs	deep	isoflurane	False	True
2273.78695	0.0003999999998995918	trials	electrical	biphasic	80	MOs	deep	isoflurane	False	True
2277.4778100000008	0.00039999999944484443	trials	electrical	biphasic	80	MOs	deep	isoflurane	False	True
2281.34715	0.0003999999998995918	trials	electrical	biphasic	80	MOs	deep	isoflurane	False	True
2285.30829	0.0003999999998995918	trials	electrical	biphasic	40	MOs	deep	isoflurane	False	True
2289.79035	0.0003999999998995918	trials	electrical	biphasic	40	MOs	deep	isoflurane	False	True
2293.44717	0.0003999999998995918	trials	electrical	biphasic	40	MOs	deep	isoflurane	False	True
2297.8031100000007	0.00039999999944484443	trials	electrical	biphasic	80	MOs	deep	isoflurane	False	True
2301.9483	0.0003999999998995918	trials	electrical	biphasic	80	MOs	deep	isoflurane	False	True
2305.825	0.00040000000035433914	trials	electrical	biphasic	60	MOs	deep	isoflurane	False	True
2309.51634	0.0003999999998995918	trials	electrical	biphasic	40	MOs	deep	isoflurane	False	True
2313.44502	0.0003999999998995918	trials	electrical	biphasic	60	MOs	deep	isoflurane	False	True
2317.427460000001	0.0003999999989900971	trials	electrical	biphasic	80	MOs	deep	isoflurane	False	True
2321.0485	0.0003999999998995918	trials	electrical	biphasic	40	MOs	deep	isoflurane	False	True
2325.13842	0.0003999999998995918	trials	electrical	biphasic	80	MOs	deep	isoflurane	False	True
2328.86502	0.0003999999998995918	trials	electrical	biphasic	60	MOs	deep	isoflurane	False	True
2332.7500600000008	0.00039999999944484443	trials	electrical	biphasic	80	MOs	deep	isoflurane	False	True
2336.8334600000007	0.00039999999944484443	trials	electrical	biphasic	80	MOs	deep	isoflurane	False	True
2340.58568	0.0003999999998995918	trials	electrical	biphasic	40	MOs	deep	isoflurane	False	True
2344.37654	0.0003999999998995918	trials	electrical	biphasic	60	MOs	deep	isoflurane	False	True
2348.49406	0.0004000000008090865	trials	electrical	biphasic	40	MOs	deep	isoflurane	False	True
2352.259760000001	0.0003999999998995918	trials	electrical	biphasic	60	MOs	deep	isoflurane	False	True
2356.58457	0.0003999999998995918	trials	electrical	biphasic	80	MOs	deep	isoflurane	False	True
2361.06765	0.0003999999998995918	trials	electrical	biphasic	40	MOs	deep	isoflurane	False	True
2365.29831	0.0003999999998995918	trials	electrical	biphasic	60	MOs	deep	isoflurane	False	True
2369.142610000001	0.0004099999991922232	trials	electrical	biphasic	80	MOs	deep	isoflurane	False	True
2373.2271	0.0003999999998995918	trials	electrical	biphasic	60	MOs	deep	isoflurane	False	True
2376.83528	0.00040000000035433914	trials	electrical	biphasic	80	MOs	deep	isoflurane	False	True
2381.242	0.0003999999998995918	trials	electrical	biphasic	40	MOs	deep	isoflurane	False	True
2385.62208	0.0003999999998995918	trials	electrical	biphasic	40	MOs	deep	isoflurane	False	True
2389.94027	0.0003999999998995918	trials	electrical	biphasic	80	MOs	deep	isoflurane	False	True
2393.70141	0.0003999999998995918	trials	electrical	biphasic	80	MOs	deep	isoflurane	False	True
2397.79619	0.0003999999998995918	trials	electrical	biphasic	60	MOs	deep	isoflurane	False	True
2401.31913	0.00040000000035433914	trials	electrical	biphasic	80	MOs	deep	isoflurane	False	True
2405.24481	0.0003999999998995918	trials	electrical	biphasic	60	MOs	deep	isoflurane	False	True
2409.05795	0.0003999999998995918	trials	electrical	biphasic	60	MOs	deep	isoflurane	False	True
2412.71985	0.0003999999998995918	trials	electrical	biphasic	60	MOs	deep	isoflurane	False	True
2416.39903	0.0003999999998995918	trials	electrical	biphasic	40	MOs	deep	isoflurane	False	True
2420.32233	0.0003999999998995918	trials	electrical	biphasic	60	MOs	deep	isoflurane	False	True
2423.91697	0.0003999999998995918	trials	electrical	biphasic	40	MOs	deep	isoflurane	False	True
2428.01591	0.0003999999998995918	trials	electrical	biphasic	80	MOs	deep	isoflurane	False	True
2431.98725	0.0003999999998995918	trials	electrical	biphasic	40	MOs	deep	isoflurane	False	True
2436.18361	0.0003999999998995918	trials	electrical	biphasic	60	MOs	deep	isoflurane	False	True
2440.38392	0.0003999999998995918	trials	electrical	biphasic	80	MOs	deep	isoflurane	False	True
2444.52288	0.0003999999998995918	trials	electrical	biphasic	60	MOs	deep	isoflurane	False	True
2448.0569	0.0003999999998995918	trials	electrical	biphasic	80	MOs	deep	isoflurane	False	True
2451.62612	0.0003999999998995918	trials	electrical	biphasic	40	MOs	deep	isoflurane	False	True
2455.44614	0.0003999999998995918	trials	electrical	biphasic	40	MOs	deep	isoflurane	False	True
2459.47742	0.0003999999998995918	trials	electrical	biphasic	60	MOs	deep	isoflurane	False	True
2463.6322800000007	0.00039999999944484443	trials	electrical	biphasic	60	MOs	deep	isoflurane	False	True
2467.54032	0.0003999999998995918	trials	electrical	biphasic	40	MOs	deep	isoflurane	False	True
2471.86072	0.0003999999998995918	trials	electrical	biphasic	80	MOs	deep	isoflurane	False	True
2476.07951	0.0003999999998995918	trials	electrical	biphasic	40	MOs	deep	isoflurane	False	True
2480.54857	0.0003999999998995918	trials	electrical	biphasic	40	MOs	deep	isoflurane	False	True
2484.58033	0.00040000000035433914	trials	electrical	biphasic	40	MOs	deep	isoflurane	False	True
2488.40589	0.0003999999998995918	trials	electrical	biphasic	40	MOs	deep	isoflurane	False	True
2492.01193	0.0003999999998995918	trials	electrical	biphasic	40	MOs	deep	isoflurane	False	True
2496.12331	0.0004000000008090865	trials	electrical	biphasic	80	MOs	deep	isoflurane	False	True
2500.40254	0.0003999999998995918	trials	electrical	biphasic	80	MOs	deep	isoflurane	False	True
2504.32642	0.00040000000035433914	trials	electrical	biphasic	60	MOs	deep	isoflurane	False	True
2507.91766	0.0003999999998995918	trials	electrical	biphasic	60	MOs	deep	isoflurane	False	True
2511.68456	0.0003999999998995918	trials	electrical	biphasic	80	MOs	deep	isoflurane	False	True
2515.33864	0.0003999999998995918	trials	electrical	biphasic	40	MOs	deep	isoflurane	False	True
2519.12006	0.0003999999998995918	trials	electrical	biphasic	80	MOs	deep	isoflurane	False	True
2523.060560000001	0.0003999999998995918	trials	electrical	biphasic	80	MOs	deep	isoflurane	False	True
2527.08812	0.0003999999998995918	trials	electrical	biphasic	60	MOs	deep	isoflurane	False	True
2531.04596	0.0004000000008090865	trials	electrical	biphasic	80	MOs	deep	isoflurane	False	True
2535.42176	0.0003999999998995918	trials	electrical	biphasic	60	MOs	deep	isoflurane	False	True
2539.44025	0.0003999999998995918	trials	electrical	biphasic	60	MOs	deep	isoflurane	False	True
2543.88429	0.0003999999998995918	trials	electrical	biphasic	60	MOs	deep	isoflurane	False	True
2548.02241	0.0003999999998995918	trials	electrical	biphasic	40	MOs	deep	isoflurane	False	True
2552.48054	0.0003999999998995918	trials	electrical	biphasic	60	MOs	deep	isoflurane	False	True
2556.22166	0.0003999999998995918	trials	electrical	biphasic	60	MOs	deep	isoflurane	False	True
2560.3982	0.0003999999998995918	trials	electrical	biphasic	40	MOs	deep	isoflurane	False	True
2564.18768	0.0003999999998995918	trials	electrical	biphasic	80	MOs	deep	isoflurane	False	True
2568.3599	0.0003999999998995918	trials	electrical	biphasic	80	MOs	deep	isoflurane	False	True
2572.55546	0.0003999999998995918	trials	electrical	biphasic	60	MOs	deep	isoflurane	False	True
2576.12388	0.0003999999998995918	trials	electrical	biphasic	60	MOs	deep	isoflurane	False	True
2579.8791	0.0003999999998995918	trials	electrical	biphasic	40	MOs	deep	isoflurane	False	True
2583.60356	0.0004000000008090865	trials	electrical	biphasic	60	MOs	deep	isoflurane	False	True
2587.77182	0.0003999999998995918	trials	electrical	biphasic	60	MOs	deep	isoflurane	False	True
2592.11665	0.0003999999998995918	trials	electrical	biphasic	40	MOs	deep	isoflurane	False	True
2595.96153	0.0003999999998995918	trials	electrical	biphasic	60	MOs	deep	isoflurane	False	True
2600.24247	0.0003999999998995918	trials	electrical	biphasic	80	MOs	deep	isoflurane	False	True
2604.41823	0.0003999999998995918	trials	electrical	biphasic	60	MOs	deep	isoflurane	False	True
2607.92537	0.0003999999998995918	trials	electrical	biphasic	80	MOs	deep	isoflurane	False	True
2612.02797	0.0004100000001017179	trials	electrical	biphasic	60	MOs	deep	isoflurane	False	True
2615.91518	0.0003999999998995918	trials	electrical	biphasic	80	MOs	deep	isoflurane	False	True
2620.3316	0.0004000000008090865	trials	electrical	biphasic	60	MOs	deep	isoflurane	False	True
2623.83318	0.0003999999998995918	trials	electrical	biphasic	60	MOs	deep	isoflurane	False	True
2627.79604	0.0003999999998995918	trials	electrical	biphasic	40	MOs	deep	isoflurane	False	True
2631.7208	0.0003999999998995918	trials	electrical	biphasic	40	MOs	deep	isoflurane	False	True
2635.68214	0.0003999999998995918	trials	electrical	biphasic	40	MOs	deep	isoflurane	False	True
2639.95273	0.0003999999998995918	trials	electrical	biphasic	40	MOs	deep	isoflurane	False	True
2643.77563	0.0003999999998995918	trials	electrical	biphasic	40	MOs	deep	isoflurane	False	True
2648.06079	0.0003999999998995918	trials	electrical	biphasic	60	MOs	deep	isoflurane	False	True
2652.03257	0.00040000000035433914	trials	electrical	biphasic	60	MOs	deep	isoflurane	False	True
2655.56875	0.0003999999998995918	trials	electrical	biphasic	80	MOs	deep	isoflurane	False	True
2659.24505	0.0003999999998995918	trials	electrical	biphasic	60	MOs	deep	isoflurane	False	True
2663.46723	0.0003999999998995918	trials	electrical	biphasic	80	MOs	deep	isoflurane	False	True
2667.44113	0.0003999999998995918	trials	electrical	biphasic	40	MOs	deep	isoflurane	False	True
2671.09427	0.0003999999998995918	trials	electrical	biphasic	60	MOs	deep	isoflurane	False	True
2674.93581	0.0004000000008090865	trials	electrical	biphasic	80	MOs	deep	isoflurane	False	True
2679.04362	0.0003999999998995918	trials	electrical	biphasic	40	MOs	deep	isoflurane	False	True
2682.73578	0.0003999999998995918	trials	electrical	biphasic	40	MOs	deep	isoflurane	False	True
2686.97462	0.0003999999998995918	trials	electrical	biphasic	40	MOs	deep	isoflurane	False	True
2690.7179	0.0003999999998995918	trials	electrical	biphasic	40	MOs	deep	isoflurane	False	True
2695.13574	0.0003999999998995918	trials	electrical	biphasic	80	MOs	deep	isoflurane	False	True
2698.90522	0.0003999999998995918	trials	electrical	biphasic	60	MOs	deep	isoflurane	False	True
2703.17115	0.0003999999998995918	trials	electrical	biphasic	60	MOs	deep	isoflurane	False	True
2706.86023	0.00040000000035433914	trials	electrical	biphasic	60	MOs	deep	isoflurane	False	True
2710.64815	0.0003999999998995918	trials	electrical	biphasic	80	MOs	deep	isoflurane	False	True
2714.23969	0.0003999999998995918	trials	electrical	biphasic	60	MOs	deep	isoflurane	False	True
2718.31631	0.0003999999998995918	trials	electrical	biphasic	60	MOs	deep	isoflurane	False	True
2722.50009	0.0003999999998995918	trials	electrical	biphasic	40	MOs	deep	isoflurane	False	True
2726.54711	0.0004000000008090865	trials	electrical	biphasic	40	MOs	deep	isoflurane	False	True
2730.47325	0.0003999999998995918	trials	electrical	biphasic	60	MOs	deep	isoflurane	False	True
2734.618110000001	0.0004099999991922232	trials	electrical	biphasic	80	MOs	deep	isoflurane	False	True
2738.76616	0.0003999999998995918	trials	electrical	biphasic	80	MOs	deep	isoflurane	False	True
2742.9456	0.0003999999998995918	trials	electrical	biphasic	40	MOs	deep	isoflurane	False	True
2747.0818	0.0003999999998995918	trials	electrical	biphasic	60	MOs	deep	isoflurane	False	True
2751.52741	0.0003999999998995918	trials	electrical	biphasic	80	MOs	deep	isoflurane	False	True
2755.23677	0.0003999999998995918	trials	electrical	biphasic	40	MOs	deep	isoflurane	False	True
2759.44647	0.00040000000035433914	trials	electrical	biphasic	40	MOs	deep	isoflurane	False	True
2763.18313	0.0003999999998995918	trials	electrical	biphasic	60	MOs	deep	isoflurane	False	True
2766.80295	0.00040000000035433914	trials	electrical	biphasic	60	MOs	deep	isoflurane	False	True
2770.91067	0.0003999999998995918	trials	electrical	biphasic	40	MOs	deep	isoflurane	False	True
2774.86123	0.0003999999998995918	trials	electrical	biphasic	60	MOs	deep	isoflurane	False	True
2778.82037	0.0003999999998995918	trials	electrical	biphasic	80	MOs	deep	isoflurane	False	True
2782.98274	0.0003999999998995918	trials	electrical	biphasic	60	MOs	deep	isoflurane	False	True
2787.25344	0.0003999999998995918	trials	electrical	biphasic	60	MOs	deep	isoflurane	False	True
2791.10408	0.0003999999998995918	trials	electrical	biphasic	80	MOs	deep	isoflurane	False	True
2795.26652	0.0003999999998995918	trials	electrical	biphasic	60	MOs	deep	isoflurane	False	True
2799.1831	0.0003999999998995918	trials	electrical	biphasic	40	MOs	deep	isoflurane	False	True
2803.52545	0.0003999999998995918	trials	electrical	biphasic	40	MOs	deep	isoflurane	False	True
2807.85879	0.0003999999998995918	trials	electrical	biphasic	60	MOs	deep	isoflurane	False	True
2811.61565	0.0003999999998995918	trials	electrical	biphasic	80	MOs	deep	isoflurane	False	True
2815.72953	0.0003999999998995918	trials	electrical	biphasic	40	MOs	deep	isoflurane	False	True
2819.8122	0.00040000000035433914	trials	electrical	biphasic	80	MOs	deep	isoflurane	False	True
2823.85336	0.0003999999998995918	trials	electrical	biphasic	80	MOs	deep	isoflurane	False	True
2828.22372	0.0003999999998995918	trials	electrical	biphasic	60	MOs	deep	isoflurane	False	True
2831.98892	0.00040000000035433914	trials	electrical	biphasic	60	MOs	deep	isoflurane	False	True
2835.80742	0.0003999999998995918	trials	electrical	biphasic	60	MOs	deep	isoflurane	False	True
2839.42706	0.0004000000008090865	trials	electrical	biphasic	60	MOs	deep	isoflurane	False	True
2843.86731	0.0003999999998995918	trials	electrical	biphasic	80	MOs	deep	isoflurane	False	True
2848.01329	0.00040000000035433914	trials	electrical	biphasic	60	MOs	deep	isoflurane	False	True
2851.99317	0.0003999999998995918	trials	electrical	biphasic	80	MOs	deep	isoflurane	False	True
2856.132910000001	0.0003999999989900971	trials	electrical	biphasic	40	MOs	deep	isoflurane	False	True
2860.17805	0.0003999999998995918	trials	electrical	biphasic	80	MOs	deep	isoflurane	False	True
2864.3258	0.0003999999998995918	trials	electrical	biphasic	60	MOs	deep	isoflurane	False	True
2868.3701	0.0003999999998995918	trials	electrical	biphasic	60	MOs	deep	isoflurane	False	True
2872.591560000001	0.0003999999989900971	trials	electrical	biphasic	60	MOs	deep	isoflurane	False	True
2876.61448	0.0003999999998995918	trials	electrical	biphasic	80	MOs	deep	isoflurane	False	True
2881.10861	0.0003999999998995918	trials	electrical	biphasic	80	MOs	deep	isoflurane	False	True
2884.82771	0.0003999999998995918	trials	electrical	biphasic	60	MOs	deep	isoflurane	False	True
2888.43393	0.0003999999998995918	trials	electrical	biphasic	60	MOs	deep	isoflurane	False	True
2892.04405	0.0003999999998995918	trials	electrical	biphasic	40	MOs	deep	isoflurane	False	True
2895.60807	0.0003999999998995918	trials	electrical	biphasic	60	MOs	deep	isoflurane	False	True
2899.51307	0.0003999999998995918	trials	electrical	biphasic	40	MOs	deep	isoflurane	False	True
2903.46187	0.0003999999998995918	trials	electrical	biphasic	40	MOs	deep	isoflurane	False	True
2907.32811	0.00040000000126383384	trials	electrical	biphasic	60	MOs	deep	isoflurane	False	True
2911.59203	0.00040000000035433914	trials	electrical	biphasic	40	MOs	deep	isoflurane	False	True
2915.72035	0.0003999999998995918	trials	electrical	biphasic	60	MOs	deep	isoflurane	False	True
2919.99276	0.0003999999998995918	trials	electrical	biphasic	80	MOs	deep	isoflurane	False	True
2924.42604	0.00040000000035433914	trials	electrical	biphasic	80	MOs	deep	isoflurane	False	True
2928.89921	0.0003999999998995918	trials	electrical	biphasic	40	MOs	deep	isoflurane	False	True
2932.59165	0.00040000000035433914	trials	electrical	biphasic	60	MOs	deep	isoflurane	False	True
2936.23095	0.0003999999998995918	trials	electrical	biphasic	80	MOs	deep	isoflurane	False	True
2940.42763	0.0003999999998995918	trials	electrical	biphasic	40	MOs	deep	isoflurane	False	True
2944.02187	0.0003999999998995918	trials	electrical	biphasic	80	MOs	deep	isoflurane	False	True
2948.04769	0.0003999999998995918	trials	electrical	biphasic	40	MOs	deep	isoflurane	False	True
2952.07845	0.0003999999998995918	trials	electrical	biphasic	60	MOs	deep	isoflurane	False	True
2956.44002	0.0003999999998995918	trials	electrical	biphasic	80	MOs	deep	isoflurane	False	True
2960.4253	0.0003999999998995918	trials	electrical	biphasic	80	MOs	deep	isoflurane	False	True
2964.31918	0.0003999999998995918	trials	electrical	biphasic	60	MOs	deep	isoflurane	False	True
2968.49104	0.0003999999998995918	trials	electrical	biphasic	80	MOs	deep	isoflurane	False	True
2972.73272	0.0003999999998995918	trials	electrical	biphasic	40	MOs	deep	isoflurane	False	True
2976.753210000001	0.0003999999989900971	trials	electrical	biphasic	80	MOs	deep	isoflurane	False	True
2980.60135	0.0003999999998995918	trials	electrical	biphasic	60	MOs	deep	isoflurane	False	True
2984.25177	0.00040000000035433914	trials	electrical	biphasic	80	MOs	deep	isoflurane	False	True
2988.33829	0.0003999999998995918	trials	electrical	biphasic	40	MOs	deep	isoflurane	False	True
2992.10085	0.00040000000035433914	trials	electrical	biphasic	80	MOs	deep	isoflurane	False	True
2995.64573	0.0003999999998995918	trials	electrical	biphasic	80	MOs	deep	isoflurane	False	True
2999.90109	0.00040000000035433914	trials	electrical	biphasic	40	MOs	deep	isoflurane	False	True
3003.64429	0.0003999999998995918	trials	electrical	biphasic	60	MOs	deep	isoflurane	False	True
3007.58711	0.00040000000126383384	trials	electrical	biphasic	60	MOs	deep	isoflurane	False	True
3011.77534	0.0003999999998995918	trials	electrical	biphasic	60	MOs	deep	isoflurane	False	True
3015.634980000001	0.0003999999989900971	trials	electrical	biphasic	60	MOs	deep	isoflurane	False	True
3019.87174	0.0003999999998995918	trials	electrical	biphasic	80	MOs	deep	isoflurane	False	True
3023.76686	0.0003999999998995918	trials	electrical	biphasic	80	MOs	deep	isoflurane	False	True
3027.9507	0.00040000000035433914	trials	electrical	biphasic	80	MOs	deep	isoflurane	False	True
3032.15517	0.0003999999998995918	trials	electrical	biphasic	80	MOs	deep	isoflurane	False	True
3036.09789	0.0003999999998995918	trials	electrical	biphasic	40	MOs	deep	isoflurane	False	True
3039.61789	0.0003999999998995918	trials	electrical	biphasic	40	MOs	deep	isoflurane	False	True
3043.44917	0.00040000000035433914	trials	electrical	biphasic	60	MOs	deep	isoflurane	False	True
3047.37389	0.00040000000035433914	trials	electrical	biphasic	40	MOs	deep	isoflurane	False	True
3051.14459	0.0003999999998995918	trials	electrical	biphasic	80	MOs	deep	isoflurane	False	True
3054.84207	0.0003999999998995918	trials	electrical	biphasic	80	MOs	deep	isoflurane	False	True
3059.1642100000013	0.0003999999998995918	trials	electrical	biphasic	40	MOs	deep	isoflurane	False	True
3063.09456	0.00040000000126383384	trials	electrical	biphasic	60	MOs	deep	isoflurane	False	True
3067.482760000001	0.00039999999944484443	trials	electrical	biphasic	40	MOs	deep	isoflurane	False	True
3071.374360000001	0.0003999999989900971	trials	electrical	biphasic	80	MOs	deep	isoflurane	False	True
3075.6439	0.0003999999998995918	trials	electrical	biphasic	40	MOs	deep	isoflurane	False	True
3079.54112	0.0004100000001017179	trials	electrical	biphasic	60	MOs	deep	isoflurane	False	True
3083.85007	0.0003999999998995918	trials	electrical	biphasic	60	MOs	deep	isoflurane	False	True
3088.10557	0.0003999999998995918	trials	electrical	biphasic	40	MOs	deep	isoflurane	False	True
3091.98339	0.00040000000035433914	trials	electrical	biphasic	40	MOs	deep	isoflurane	False	True
3095.69983	0.0003999999998995918	trials	electrical	biphasic	60	MOs	deep	isoflurane	False	True
3099.99066	0.00040000000126383384	trials	electrical	biphasic	80	MOs	deep	isoflurane	False	True
3104.44038	0.0003999999998995918	trials	electrical	biphasic	80	MOs	deep	isoflurane	False	True
3108.26836	0.0003999999998995918	trials	electrical	biphasic	60	MOs	deep	isoflurane	False	True
3112.44004	0.0003999999998995918	trials	electrical	biphasic	40	MOs	deep	isoflurane	False	True
3116.379110000001	0.0003999999989900971	trials	electrical	biphasic	40	MOs	deep	isoflurane	False	True
3120.71303	0.0003999999998995918	trials	electrical	biphasic	60	MOs	deep	isoflurane	False	True
3124.982310000001	0.00039999999944484443	trials	electrical	biphasic	60	MOs	deep	isoflurane	False	True
3128.64999	0.0003999999998995918	trials	electrical	biphasic	40	MOs	deep	isoflurane	False	True
3133.0124	0.0003999999998995918	trials	electrical	biphasic	60	MOs	deep	isoflurane	False	True
3137.5027	0.0003999999998995918	trials	electrical	biphasic	80	MOs	deep	isoflurane	False	True
3141.51754	0.00040000000035433914	trials	electrical	biphasic	40	MOs	deep	isoflurane	False	True
3145.90225	0.0003999999998995918	trials	electrical	biphasic	80	MOs	deep	isoflurane	False	True
3149.99069	0.0003999999998995918	trials	electrical	biphasic	60	MOs	deep	isoflurane	False	True
3153.64587	0.00040000000035433914	trials	electrical	biphasic	60	MOs	deep	isoflurane	False	True
3157.34615	0.00040000000035433914	trials	electrical	biphasic	80	MOs	deep	isoflurane	False	True
3161.25353	0.0003999999998995918	trials	electrical	biphasic	60	MOs	deep	isoflurane	False	True
3165.50265	0.0003999999998995918	trials	electrical	biphasic	80	MOs	deep	isoflurane	False	True
3169.82866	0.0003999999998995918	trials	electrical	biphasic	40	MOs	deep	isoflurane	False	True
3174.11904	0.0003999999998995918	trials	electrical	biphasic	60	MOs	deep	isoflurane	False	True
3177.93798	0.0003999999998995918	trials	electrical	biphasic	40	MOs	deep	isoflurane	False	True
3181.97246	0.00040000000126383384	trials	electrical	biphasic	60	MOs	deep	isoflurane	False	True
3185.56284	0.0003999999998995918	trials	electrical	biphasic	80	MOs	deep	isoflurane	False	True
3189.174960000001	0.0003999999989900971	trials	electrical	biphasic	60	MOs	deep	isoflurane	False	True
3192.811680000001	0.0003999999989900971	trials	electrical	biphasic	80	MOs	deep	isoflurane	False	True
3196.99077	0.0003999999998995918	trials	electrical	biphasic	40	MOs	deep	isoflurane	False	True
3200.98637	0.0003999999998995918	trials	electrical	biphasic	40	MOs	deep	isoflurane	False	True
3204.67651	0.00040000000035433914	trials	electrical	biphasic	40	MOs	deep	isoflurane	False	True
3208.67193	0.0003999999998995918	trials	electrical	biphasic	40	MOs	deep	isoflurane	False	True
3212.31995	0.0003999999998995918	trials	electrical	biphasic	80	MOs	deep	isoflurane	False	True
3215.87535	0.00040000000035433914	trials	electrical	biphasic	80	MOs	deep	isoflurane	False	True
3220.22649	0.0003999999998995918	trials	electrical	biphasic	80	MOs	deep	isoflurane	False	True
3224.28747	0.0003999999998995918	trials	electrical	biphasic	80	MOs	deep	isoflurane	False	True
3228.7175	0.0003999999998995918	trials	electrical	biphasic	40	MOs	deep	isoflurane	False	True
3232.91458	0.0003999999998995918	trials	electrical	biphasic	80	MOs	deep	isoflurane	False	True
3236.9978	0.0003999999998995918	trials	electrical	biphasic	40	MOs	deep	isoflurane	False	True
3241.31363	0.0003999999998995918	trials	electrical	biphasic	80	MOs	deep	isoflurane	False	True
3245.69307	0.00040000000035433914	trials	electrical	biphasic	80	MOs	deep	isoflurane	False	True
3250.18242	0.0003999999998995918	trials	electrical	biphasic	60	MOs	deep	isoflurane	False	True
3253.68335	0.00041000000146595994	trials	electrical	biphasic	40	MOs	deep	isoflurane	False	True
3258.04922	0.0003999999998995918	trials	electrical	biphasic	40	MOs	deep	isoflurane	False	True
3262.1622	0.0003999999998995918	trials	electrical	biphasic	80	MOs	deep	isoflurane	False	True
3266.65259	0.0003999999998995918	trials	electrical	biphasic	80	MOs	deep	isoflurane	False	True
3270.68069	0.0003999999998995918	trials	electrical	biphasic	40	MOs	deep	isoflurane	False	True
3274.66063	0.00040000000035433914	trials	electrical	biphasic	80	MOs	deep	isoflurane	False	True
3278.96239	0.0003999999998995918	trials	electrical	biphasic	40	MOs	deep	isoflurane	False	True
3282.69065	0.0003999999998995918	trials	electrical	biphasic	40	MOs	deep	isoflurane	False	True
3286.68918	0.00040000000035433914	trials	electrical	biphasic	60	MOs	deep	isoflurane	False	True
3291.0904600000013	0.00039999999853534973	trials	electrical	biphasic	80	MOs	deep	isoflurane	False	True
3295.16554	0.0003999999998995918	trials	electrical	biphasic	80	MOs	deep	isoflurane	False	True
3299.51115	0.00040000000035433914	trials	electrical	biphasic	80	MOs	deep	isoflurane	False	True
3303.75021	0.0003999999998995918	trials	electrical	biphasic	80	MOs	deep	isoflurane	False	True
3307.836610000001	0.0003999999989900971	trials	electrical	biphasic	80	MOs	deep	isoflurane	False	True
3311.58377	0.0003999999998995918	trials	electrical	biphasic	60	MOs	deep	isoflurane	False	True
3315.75061	0.0003999999998995918	trials	electrical	biphasic	80	MOs	deep	isoflurane	False	True
3319.33451	0.0003999999998995918	trials	electrical	biphasic	40	MOs	deep	isoflurane	False	True
3323.4609	0.0003999999998995918	trials	electrical	biphasic	80	MOs	deep	isoflurane	False	True
3327.62226	0.0003999999998995918	trials	electrical	biphasic	60	MOs	deep	isoflurane	False	True
3331.85244	0.0003999999998995918	trials	electrical	biphasic	40	MOs	deep	isoflurane	False	True
3336.24363	0.00040000000126383384	trials	electrical	biphasic	40	MOs	deep	isoflurane	False	True
3340.72635	0.0003999999998995918	trials	electrical	biphasic	40	MOs	deep	isoflurane	False	True
3344.99579	0.0003999999998995918	trials	electrical	biphasic	40	MOs	deep	isoflurane	False	True
3349.07766	0.00040000000126383384	trials	electrical	biphasic	40	MOs	deep	isoflurane	False	True
3353.5064	0.0003999999998995918	trials	electrical	biphasic	40	MOs	deep	isoflurane	False	False
3357.58692	0.0003999999998995918	trials	electrical	biphasic	40	MOs	deep	isoflurane	False	True
3361.1043200000013	0.0003999999998995918	trials	electrical	biphasic	60	MOs	deep	isoflurane	False	True
3364.7256	0.0003999999998995918	trials	electrical	biphasic	60	MOs	deep	isoflurane	False	True
3369.08875	0.0003999999998995918	trials	electrical	biphasic	80	MOs	deep	isoflurane	False	True
3373.073470000001	0.0003999999989900971	trials	electrical	biphasic	40	MOs	deep	isoflurane	False	True
3377.41875	0.00040000000035433914	trials	electrical	biphasic	60	MOs	deep	isoflurane	False	True
3381.128570000001	0.0003999999989900971	trials	electrical	biphasic	60	MOs	deep	isoflurane	False	True
3385.18129	0.0003999999998995918	trials	electrical	biphasic	40	MOs	deep	isoflurane	False	True
3389.3116	0.0003999999998995918	trials	electrical	biphasic	40	MOs	deep	isoflurane	False	True
3392.8440200000005	0.0004000000008090865	trials	electrical	biphasic	60	MOs	deep	isoflurane	False	True
3396.959160000001	0.0003999999989900971	trials	electrical	biphasic	40	MOs	deep	isoflurane	False	True
3400.822	0.0003999999998995918	trials	electrical	biphasic	80	MOs	deep	isoflurane	False	True
3404.37196	0.00040000000126383384	trials	electrical	biphasic	60	MOs	deep	isoflurane	False	True
3408.36196	0.0003999999998995918	trials	electrical	biphasic	40	MOs	deep	isoflurane	False	True
3412.0549	0.0003999999998995918	trials	electrical	biphasic	80	MOs	deep	isoflurane	False	True
3415.6784	0.00040000000035433914	trials	electrical	biphasic	80	MOs	deep	isoflurane	False	True
3419.38432	0.00040000000035433914	trials	electrical	biphasic	80	MOs	deep	isoflurane	False	True
3423.03126	0.0003999999998995918	trials	electrical	biphasic	80	MOs	deep	isoflurane	False	True
3426.72076	0.0003999999998995918	trials	electrical	biphasic	60	MOs	deep	isoflurane	False	True
3430.26384	0.0003999999998995918	trials	electrical	biphasic	40	MOs	deep	isoflurane	False	True
3434.39946	0.0003999999998995918	trials	electrical	biphasic	40	MOs	deep	isoflurane	False	True
3438.18174	0.0003999999998995918	trials	electrical	biphasic	60	MOs	deep	isoflurane	False	True
3442.2207700000013	0.0003999999998995918	trials	electrical	biphasic	80	MOs	deep	isoflurane	False	True
3446.41635	0.0003999999998995918	trials	electrical	biphasic	60	MOs	deep	isoflurane	False	True
3450.41589	0.0003999999998995918	trials	electrical	biphasic	80	MOs	deep	isoflurane	False	True
3454.45211	0.0003999999998995918	trials	electrical	biphasic	60	MOs	deep	isoflurane	False	True
3458.3977200000004	0.0004000000008090865	trials	electrical	biphasic	40	MOs	deep	isoflurane	False	True
3462.02208	0.0003999999998995918	trials	electrical	biphasic	80	MOs	deep	isoflurane	False	True
3466.012860000001	0.0003999999989900971	trials	electrical	biphasic	40	MOs	deep	isoflurane	False	True
3470.36628	0.0003999999998995918	trials	electrical	biphasic	40	MOs	deep	isoflurane	False	True
3474.74063	0.00040000000035433914	trials	electrical	biphasic	80	MOs	deep	isoflurane	False	True
3478.51135	0.0003999999998995918	trials	electrical	biphasic	40	MOs	deep	isoflurane	False	True
3482.22023	0.0003999999998995918	trials	electrical	biphasic	60	MOs	deep	isoflurane	False	True
3486.28563	0.00040000000035433914	trials	electrical	biphasic	40	MOs	deep	isoflurane	False	True
3490.42637	0.00040000000035433914	trials	electrical	biphasic	60	MOs	deep	isoflurane	False	True
3494.343810000001	0.0003999999989900971	trials	electrical	biphasic	80	MOs	deep	isoflurane	False	True
3498.050210000001	0.0003999999989900971	trials	electrical	biphasic	60	MOs	deep	isoflurane	False	True
3502.4985799999995	0.00040000000035433914	trials	electrical	biphasic	60	MOs	deep	isoflurane	False	True
3506.08108	0.0003999999998995918	trials	electrical	biphasic	60	MOs	deep	isoflurane	False	True
3509.6872	0.00040000000035433914	trials	electrical	biphasic	80	MOs	deep	isoflurane	False	True
3513.329660000001	0.0003999999989900971	trials	electrical	biphasic	80	MOs	deep	isoflurane	False	True
3516.99654	0.0003999999998995918	trials	electrical	biphasic	40	MOs	deep	isoflurane	False	True
3521.11792	0.00040000000035433914	trials	electrical	biphasic	80	MOs	deep	isoflurane	False	True
3525.192060000001	0.0003999999989900971	trials	electrical	biphasic	60	MOs	deep	isoflurane	False	True
3528.74456	0.0003999999998995918	trials	electrical	biphasic	60	MOs	deep	isoflurane	False	True
3533.17619	0.0003999999998995918	trials	electrical	biphasic	80	MOs	deep	isoflurane	False	True
3537.40527	0.0003999999998995918	trials	electrical	biphasic	80	MOs	deep	isoflurane	False	True
3541.64353	0.00040000000035433914	trials	electrical	biphasic	60	MOs	deep	isoflurane	False	True
3545.20735	0.0003999999998995918	trials	electrical	biphasic	40	MOs	deep	isoflurane	False	True
3549.56822	0.00040000000035433914	trials	electrical	biphasic	60	MOs	deep	isoflurane	False	True
3554.00304	0.0003999999998995918	trials	electrical	biphasic	80	MOs	deep	isoflurane	False	True
3558.4878700000004	0.0004000000008090865	trials	electrical	biphasic	40	MOs	deep	isoflurane	False	True
3562.84723	0.00040000000035433914	trials	electrical	biphasic	40	MOs	deep	isoflurane	False	True
3567.13321	0.00040000000126383384	trials	electrical	biphasic	40	MOs	deep	isoflurane	False	True
3571.14701	0.0003999999998995918	trials	electrical	biphasic	40	MOs	deep	isoflurane	False	True
3574.8250299999995	0.00041000000055646524	trials	electrical	biphasic	80	MOs	deep	isoflurane	False	True
3578.72404	0.0003999999998995918	trials	electrical	biphasic	60	MOs	deep	isoflurane	False	True
3582.3584	0.0003999999998995918	trials	electrical	biphasic	80	MOs	deep	isoflurane	False	True
3585.88972	0.00040000000035433914	trials	electrical	biphasic	40	MOs	deep	isoflurane	False	True
3590.32928	0.0003999999998995918	trials	electrical	biphasic	60	MOs	deep	isoflurane	False	True
3594.131	0.00040000000035433914	trials	electrical	biphasic	40	MOs	deep	isoflurane	False	True
3597.92696	0.00040000000035433914	trials	electrical	biphasic	40	MOs	deep	isoflurane	False	True
3601.760320000001	0.00039999999944484443	trials	electrical	biphasic	60	MOs	deep	isoflurane	False	True
3605.7278	0.0003999999998995918	trials	electrical	biphasic	60	MOs	deep	isoflurane	False	True
3609.87643	0.00040000000035433914	trials	electrical	biphasic	80	MOs	deep	isoflurane	False	True
3613.40207	0.0003999999998995918	trials	electrical	biphasic	60	MOs	deep	isoflurane	False	True
3617.74469	0.0003999999998995918	trials	electrical	biphasic	40	MOs	deep	isoflurane	False	True
3621.80415	0.0003999999998995918	trials	electrical	biphasic	80	MOs	deep	isoflurane	False	True
3626.15868	0.0003999999998995918	trials	electrical	biphasic	60	MOs	deep	isoflurane	False	True
3630.00698	0.0003999999998995918	trials	electrical	biphasic	40	MOs	deep	isoflurane	False	True
3633.95342	0.00040000000035433914	trials	electrical	biphasic	40	MOs	deep	isoflurane	False	True
3637.50808	0.0003999999998995918	trials	electrical	biphasic	40	MOs	deep	isoflurane	False	True
3641.1856	0.00040000000035433914	trials	electrical	biphasic	40	MOs	deep	isoflurane	False	True
3645.34882	0.00040000000126383384	trials	electrical	biphasic	40	MOs	deep	isoflurane	False	True
3649.18006	0.0003999999998995918	trials	electrical	biphasic	60	MOs	deep	isoflurane	False	True
3653.5789700000014	0.00039999999853534973	trials	electrical	biphasic	80	MOs	deep	isoflurane	False	True
3657.19755	0.00040000000035433914	trials	electrical	biphasic	40	MOs	deep	isoflurane	False	True
3661.68639	0.00040000000035433914	trials	electrical	biphasic	40	MOs	deep	isoflurane	False	True
3665.72679	0.0003999999998995918	trials	electrical	biphasic	80	MOs	deep	isoflurane	False	True
3669.93414	0.00040000000035433914	trials	electrical	biphasic	80	MOs	deep	isoflurane	False	True
3674.43406	0.0003999999998995918	trials	electrical	biphasic	60	MOs	deep	isoflurane	False	True
3678.22232	0.00040000000035433914	trials	electrical	biphasic	80	MOs	deep	isoflurane	False	True
3682.13726	0.0004100000001017179	trials	electrical	biphasic	80	MOs	deep	isoflurane	False	True
3686.10253	0.0003999999998995918	trials	electrical	biphasic	80	MOs	deep	isoflurane	False	True
3690.36691	0.0003999999998995918	trials	electrical	biphasic	40	MOs	deep	isoflurane	False	True
3694.68553	0.0003999999998995918	trials	electrical	biphasic	80	MOs	deep	isoflurane	False	True
3853.85225	0.0003999999998995918	trials	electrical	biphasic	60	MOs	deep	recovery	False	True
3857.38527	0.0003999999998995918	trials	electrical	biphasic	40	MOs	deep	recovery	False	True
3861.44689	0.0003999999998995918	trials	electrical	biphasic	60	MOs	deep	recovery	False	True
3865.82918	0.0003999999998995918	trials	electrical	biphasic	80	MOs	deep	recovery	False	True
3869.99878	0.0003999999998995918	trials	electrical	biphasic	80	MOs	deep	recovery	False	True
3873.68964	0.0003999999998995918	trials	electrical	biphasic	80	MOs	deep	recovery	False	True
3877.55898	0.00040000000035433914	trials	electrical	biphasic	80	MOs	deep	recovery	False	True
3881.52012	0.00040000000126383384	trials	electrical	biphasic	40	MOs	deep	recovery	False	True
3886.00219	0.0003999999998995918	trials	electrical	biphasic	40	MOs	deep	recovery	False	True
3889.65901	0.00040000000035433914	trials	electrical	biphasic	40	MOs	deep	recovery	False	True
3894.01495	0.0003999999998995918	trials	electrical	biphasic	80	MOs	deep	recovery	False	True
3898.16013	0.0003999999998995918	trials	electrical	biphasic	80	MOs	deep	recovery	False	True
3902.03684	0.0003999999998995918	trials	electrical	biphasic	60	MOs	deep	recovery	False	True
3905.72818	0.0003999999998995918	trials	electrical	biphasic	40	MOs	deep	recovery	False	True
3909.65686	0.0003999999998995918	trials	electrical	biphasic	60	MOs	deep	recovery	False	True
3913.6393	0.00040000000035433914	trials	electrical	biphasic	80	MOs	deep	recovery	False	True
3917.26034	0.00040000000035433914	trials	electrical	biphasic	40	MOs	deep	recovery	False	True
3921.35026	0.0003999999998995918	trials	electrical	biphasic	80	MOs	deep	recovery	False	True
3925.07686	0.0003999999998995918	trials	electrical	biphasic	60	MOs	deep	recovery	False	True
3928.9619	0.00040000000035433914	trials	electrical	biphasic	80	MOs	deep	recovery	False	True
3933.04531	0.0003999999998995918	trials	electrical	biphasic	80	MOs	deep	recovery	False	True
3936.79753	0.00040000000035433914	trials	electrical	biphasic	40	MOs	deep	recovery	False	True
3940.58839	0.0003999999998995918	trials	electrical	biphasic	60	MOs	deep	recovery	False	True
3944.70591	0.0003999999998995918	trials	electrical	biphasic	40	MOs	deep	recovery	False	True
3948.47161	0.0003999999998995918	trials	electrical	biphasic	60	MOs	deep	recovery	False	True
3952.79642	0.00040000000126383384	trials	electrical	biphasic	80	MOs	deep	recovery	False	True
3957.2795	0.0003999999998995918	trials	electrical	biphasic	40	MOs	deep	recovery	False	True
3961.51016	0.00040000000035433914	trials	electrical	biphasic	60	MOs	deep	recovery	False	True
3965.35446	0.0004100000001017179	trials	electrical	biphasic	80	MOs	deep	recovery	False	True
3969.43895	0.0003999999998995918	trials	electrical	biphasic	60	MOs	deep	recovery	False	True
3973.04713	0.0003999999998995918	trials	electrical	biphasic	80	MOs	deep	recovery	False	True
3977.45385	0.0003999999998995918	trials	electrical	biphasic	40	MOs	deep	recovery	False	True
3981.83394	0.0003999999998995918	trials	electrical	biphasic	40	MOs	deep	recovery	False	True
3986.15212	0.0003999999998995918	trials	electrical	biphasic	80	MOs	deep	recovery	False	True
3989.91326	0.00040000000035433914	trials	electrical	biphasic	80	MOs	deep	recovery	False	True
3994.00804	0.0003999999998995918	trials	electrical	biphasic	60	MOs	deep	recovery	False	True
3997.53098	0.0003999999998995918	trials	electrical	biphasic	80	MOs	deep	recovery	False	True
4001.45666	0.00040000000035433914	trials	electrical	biphasic	60	MOs	deep	recovery	False	True
4005.26981	0.00040000000035433914	trials	electrical	biphasic	60	MOs	deep	recovery	False	True
4008.93171	0.00040000000035433914	trials	electrical	biphasic	60	MOs	deep	recovery	False	True
4012.61089	0.0003999999998995918	trials	electrical	biphasic	40	MOs	deep	recovery	False	True
4016.53419	0.00040000000035433914	trials	electrical	biphasic	60	MOs	deep	recovery	False	True
4020.12883	0.0003999999998995918	trials	electrical	biphasic	40	MOs	deep	recovery	False	True
4024.22777	0.0003999999998995918	trials	electrical	biphasic	80	MOs	deep	recovery	False	True
4028.19911	0.0003999999998995918	trials	electrical	biphasic	40	MOs	deep	recovery	False	True
4032.39547	0.0003999999998995918	trials	electrical	biphasic	60	MOs	deep	recovery	False	True
4036.59578	0.0003999999998995918	trials	electrical	biphasic	80	MOs	deep	recovery	False	True
4040.73474	0.0003999999998995918	trials	electrical	biphasic	60	MOs	deep	recovery	False	True
4044.26876	0.0003999999998995918	trials	electrical	biphasic	80	MOs	deep	recovery	False	True
4047.83798	0.00040000000035433914	trials	electrical	biphasic	40	MOs	deep	recovery	False	True
4051.658	0.0003999999998995918	trials	electrical	biphasic	40	MOs	deep	recovery	False	True
4055.68928	0.0003999999998995918	trials	electrical	biphasic	60	MOs	deep	recovery	False	True
4059.84415	0.0003999999998995918	trials	electrical	biphasic	60	MOs	deep	recovery	False	True
4063.75219	0.0003999999998995918	trials	electrical	biphasic	40	MOs	deep	recovery	False	True
4068.07259	0.0003999999998995918	trials	electrical	biphasic	80	MOs	deep	recovery	False	True
4072.29137	0.0004100000001017179	trials	electrical	biphasic	40	MOs	deep	recovery	False	True
4076.76044	0.0003999999998995918	trials	electrical	biphasic	40	MOs	deep	recovery	False	True
4080.7922	0.00040000000035433914	trials	electrical	biphasic	40	MOs	deep	recovery	False	True
4084.61776	0.0003999999998995918	trials	electrical	biphasic	40	MOs	deep	recovery	False	True
4088.2238	0.0003999999998995918	trials	electrical	biphasic	40	MOs	deep	recovery	False	True
4092.33519	0.00040000000035433914	trials	electrical	biphasic	80	MOs	deep	recovery	False	True
4096.61441	0.0003999999998995918	trials	electrical	biphasic	80	MOs	deep	recovery	False	True
4100.53829	0.0003999999989900971	trials	electrical	biphasic	60	MOs	deep	recovery	False	True
4104.129529999998	0.0004000000017185812	trials	electrical	biphasic	60	MOs	deep	recovery	False	True
4107.89643	0.0003999999998995918	trials	electrical	biphasic	80	MOs	deep	recovery	False	True
4111.55051	0.0003999999998995918	trials	electrical	biphasic	40	MOs	deep	recovery	False	True
4115.331929999999	0.0003999999989900971	trials	electrical	biphasic	80	MOs	deep	recovery	False	True
4119.27243	0.0003999999998995918	trials	electrical	biphasic	80	MOs	deep	recovery	False	True
4123.3	0.0003999999998995918	trials	electrical	biphasic	60	MOs	deep	recovery	False	True
4127.25784	0.0003999999998995918	trials	electrical	biphasic	80	MOs	deep	recovery	False	True
4131.63364	0.0003999999998995918	trials	electrical	biphasic	60	MOs	deep	recovery	False	True
4135.652120000002	0.0003999999998995918	trials	electrical	biphasic	60	MOs	deep	recovery	False	True
4140.096170000002	0.0003999999998995918	trials	electrical	biphasic	60	MOs	deep	recovery	False	True
4144.234289999999	0.0004000000008090865	trials	electrical	biphasic	40	MOs	deep	recovery	False	True
4148.69242	0.0003999999998995918	trials	electrical	biphasic	60	MOs	deep	recovery	False	True
4152.43354	0.0003999999998995918	trials	electrical	biphasic	60	MOs	deep	recovery	False	True
4156.61008	0.0003999999989900971	trials	electrical	biphasic	40	MOs	deep	recovery	False	True
4160.39956	0.0003999999998995918	trials	electrical	biphasic	80	MOs	deep	recovery	False	True
4164.571779999998	0.0004000000017185812	trials	electrical	biphasic	80	MOs	deep	recovery	False	True
4168.76735	0.0003999999998995918	trials	electrical	biphasic	60	MOs	deep	recovery	False	True
4172.3357700000015	0.0003999999998995918	trials	electrical	biphasic	60	MOs	deep	recovery	False	True
4176.09099	0.0003999999998995918	trials	electrical	biphasic	40	MOs	deep	recovery	False	True
4179.81545	0.0003999999998995918	trials	electrical	biphasic	60	MOs	deep	recovery	False	True
4183.98371	0.0003999999998995918	trials	electrical	biphasic	60	MOs	deep	recovery	False	True
4188.32854	0.0003999999989900971	trials	electrical	biphasic	40	MOs	deep	recovery	False	True
4192.17342	0.0003999999998995918	trials	electrical	biphasic	60	MOs	deep	recovery	False	True
4196.45436	0.0004000000017185812	trials	electrical	biphasic	80	MOs	deep	recovery	False	True
4200.630120000002	0.0003999999998995918	trials	electrical	biphasic	60	MOs	deep	recovery	False	True
4204.13726	0.0003999999998995918	trials	electrical	biphasic	80	MOs	deep	recovery	False	True
4208.23987	0.0003999999998995918	trials	electrical	biphasic	60	MOs	deep	recovery	False	True
4212.127070000001	0.0003999999989900971	trials	electrical	biphasic	80	MOs	deep	recovery	False	True
4216.54349	0.0003999999998995918	trials	electrical	biphasic	60	MOs	deep	recovery	False	True
4220.04507	0.0003999999998995918	trials	electrical	biphasic	60	MOs	deep	recovery	False	True
4224.00793	0.0003999999998995918	trials	electrical	biphasic	40	MOs	deep	recovery	False	True
4227.93269	0.0004000000008090865	trials	electrical	biphasic	40	MOs	deep	recovery	False	True
4231.89404	0.0003999999998995918	trials	electrical	biphasic	40	MOs	deep	recovery	False	True
4236.164620000001	0.0003999999989900971	trials	electrical	biphasic	40	MOs	deep	recovery	False	True
4239.9875200000015	0.0003999999998995918	trials	electrical	biphasic	40	MOs	deep	recovery	False	True
4244.27268	0.0003999999998995918	trials	electrical	biphasic	60	MOs	deep	recovery	False	True
4248.2444700000015	0.0003999999989900971	trials	electrical	biphasic	60	MOs	deep	recovery	False	True
4251.78065	0.0003999999998995918	trials	electrical	biphasic	80	MOs	deep	recovery	False	True
4255.45695	0.0003999999998995918	trials	electrical	biphasic	60	MOs	deep	recovery	False	True
4259.67913	0.0003999999989900971	trials	electrical	biphasic	80	MOs	deep	recovery	False	True
4263.65303	0.0003999999989900971	trials	electrical	biphasic	40	MOs	deep	recovery	False	True
4267.306170000002	0.0003999999998995918	trials	electrical	biphasic	60	MOs	deep	recovery	False	True
4271.14771	0.0003999999998995918	trials	electrical	biphasic	80	MOs	deep	recovery	False	True
4275.2555200000015	0.0003999999998995918	trials	electrical	biphasic	40	MOs	deep	recovery	False	True
4278.947679999998	0.0004000000017185812	trials	electrical	biphasic	40	MOs	deep	recovery	False	True
4283.18652	0.0003999999998995918	trials	electrical	biphasic	40	MOs	deep	recovery	False	True
4286.9298	0.0003999999998995918	trials	electrical	biphasic	40	MOs	deep	recovery	False	True
4291.34764	0.0003999999998995918	trials	electrical	biphasic	80	MOs	deep	recovery	False	True
4295.11713	0.0004000000008090865	trials	electrical	biphasic	60	MOs	deep	recovery	False	True
4299.38305	0.0003999999998995918	trials	electrical	biphasic	60	MOs	deep	recovery	False	True
4303.07213	0.0004000000008090865	trials	electrical	biphasic	60	MOs	deep	recovery	False	True
4306.86005	0.0003999999998995918	trials	electrical	biphasic	80	MOs	deep	recovery	False	True
4310.45159	0.0003999999998995918	trials	electrical	biphasic	60	MOs	deep	recovery	False	True
4314.52821	0.0003999999998995918	trials	electrical	biphasic	60	MOs	deep	recovery	False	True
4318.712	0.0003999999998995918	trials	electrical	biphasic	40	MOs	deep	recovery	False	True
4322.75902	0.0003999999998995918	trials	electrical	biphasic	40	MOs	deep	recovery	False	True
4326.68516	0.0003999999998995918	trials	electrical	biphasic	60	MOs	deep	recovery	False	True
4330.83002	0.0003999999998995918	trials	electrical	biphasic	80	MOs	deep	recovery	False	True
4334.97807	0.0003999999998995918	trials	electrical	biphasic	80	MOs	deep	recovery	False	True
4339.15751	0.0003999999998995918	trials	electrical	biphasic	40	MOs	deep	recovery	False	True
4343.29371	0.0003999999998995918	trials	electrical	biphasic	60	MOs	deep	recovery	False	True
4347.7393200000015	0.0003999999998995918	trials	electrical	biphasic	80	MOs	deep	recovery	False	True
4351.44868	0.0003999999989900971	trials	electrical	biphasic	40	MOs	deep	recovery	False	True
4355.65838	0.0003999999998995918	trials	electrical	biphasic	40	MOs	deep	recovery	False	True
4359.395039999999	0.0004000000008090865	trials	electrical	biphasic	60	MOs	deep	recovery	False	True
4363.01486	0.0003999999998995918	trials	electrical	biphasic	60	MOs	deep	recovery	False	True
4367.122579999998	0.0004000000017185812	trials	electrical	biphasic	40	MOs	deep	recovery	False	True
4371.07315	0.0003999999998995918	trials	electrical	biphasic	60	MOs	deep	recovery	False	True
4375.03229	0.0003999999998995918	trials	electrical	biphasic	80	MOs	deep	recovery	False	True
4379.19465	0.0003999999998995918	trials	electrical	biphasic	60	MOs	deep	recovery	False	True
4383.46535	0.0003999999998995918	trials	electrical	biphasic	60	MOs	deep	recovery	False	True
4387.316	0.0003999999998995918	trials	electrical	biphasic	80	MOs	deep	recovery	False	True
4391.47844	0.0003999999998995918	trials	electrical	biphasic	60	MOs	deep	recovery	False	True
4395.39502	0.0004000000017185812	trials	electrical	biphasic	40	MOs	deep	recovery	False	True
4399.73736	0.0003999999998995918	trials	electrical	biphasic	40	MOs	deep	recovery	False	True
4404.07071	0.0003999999998995918	trials	electrical	biphasic	60	MOs	deep	recovery	False	True
4407.82757	0.0003999999998995918	trials	electrical	biphasic	80	MOs	deep	recovery	False	True
4411.94145	0.0003999999998995918	trials	electrical	biphasic	40	MOs	deep	recovery	False	True
4416.02412	0.0003999999998995918	trials	electrical	biphasic	80	MOs	deep	recovery	False	True
4420.06528	0.0003999999998995918	trials	electrical	biphasic	80	MOs	deep	recovery	False	True
4424.43564	0.0003999999998995918	trials	electrical	biphasic	60	MOs	deep	recovery	False	True
4428.20085	0.0003999999998995918	trials	electrical	biphasic	60	MOs	deep	recovery	False	True
4432.01935	0.0004000000008090865	trials	electrical	biphasic	60	MOs	deep	recovery	False	True
4435.63899	0.0003999999998995918	trials	electrical	biphasic	60	MOs	deep	recovery	False	True
4440.079229999999	0.0003999999989900971	trials	electrical	biphasic	80	MOs	deep	recovery	False	True
4444.22522	0.0003999999998995918	trials	electrical	biphasic	60	MOs	deep	recovery	False	True
4448.2051	0.0003999999998995918	trials	electrical	biphasic	80	MOs	deep	recovery	False	True
4452.34485	0.0003999999998995918	trials	electrical	biphasic	40	MOs	deep	recovery	False	True
4456.38999	0.0003999999998995918	trials	electrical	biphasic	80	MOs	deep	recovery	False	True
4460.53773	0.0003999999998995918	trials	electrical	biphasic	60	MOs	deep	recovery	False	True
4464.58204	0.0003999999998995918	trials	electrical	biphasic	60	MOs	deep	recovery	False	True
4468.8035	0.0003999999998995918	trials	electrical	biphasic	60	MOs	deep	recovery	False	True
4472.82643	0.0003999999998995918	trials	electrical	biphasic	80	MOs	deep	recovery	False	True
4477.32055	0.0003999999998995918	trials	electrical	biphasic	80	MOs	deep	recovery	False	True
4481.03965	0.0003999999998995918	trials	electrical	biphasic	60	MOs	deep	recovery	False	True
4484.64588	0.0003999999998995918	trials	electrical	biphasic	60	MOs	deep	recovery	False	True
4488.255999999999	0.0004000000008090865	trials	electrical	biphasic	40	MOs	deep	recovery	False	True
4491.82002	0.0003999999998995918	trials	electrical	biphasic	60	MOs	deep	recovery	False	True
4495.72502	0.0004000000017185812	trials	electrical	biphasic	40	MOs	deep	recovery	False	True
4499.67383	0.0003999999998995918	trials	electrical	biphasic	40	MOs	deep	recovery	False	True
4503.54007	0.0003999999998995918	trials	electrical	biphasic	60	MOs	deep	recovery	False	True
4507.803989999999	0.0004000000008090865	trials	electrical	biphasic	40	MOs	deep	recovery	False	True
4511.93232	0.0004000000017185812	trials	electrical	biphasic	60	MOs	deep	recovery	False	True
4516.20473	0.0003999999989900971	trials	electrical	biphasic	80	MOs	deep	recovery	False	True
4520.6380100000015	0.0003999999998995918	trials	electrical	biphasic	80	MOs	deep	recovery	False	True
4525.11118	0.0003999999998995918	trials	electrical	biphasic	40	MOs	deep	recovery	False	True
4528.8036200000015	0.0003999999998995918	trials	electrical	biphasic	60	MOs	deep	recovery	False	True
4532.44292	0.0003999999998995918	trials	electrical	biphasic	80	MOs	deep	recovery	False	True
4536.63961	0.0003999999998995918	trials	electrical	biphasic	40	MOs	deep	recovery	False	True
4540.23385	0.0004000000008090865	trials	electrical	biphasic	80	MOs	deep	recovery	False	True
4544.25968	0.0003999999998995918	trials	electrical	biphasic	40	MOs	deep	recovery	False	True
4548.29044	0.0003999999998995918	trials	electrical	biphasic	60	MOs	deep	recovery	False	True
4552.65201	0.0004000000017185812	trials	electrical	biphasic	80	MOs	deep	recovery	False	True
4556.63729	0.0003999999998995918	trials	electrical	biphasic	80	MOs	deep	recovery	False	True
4560.53118	0.0003999999998995918	trials	electrical	biphasic	60	MOs	deep	recovery	False	True
4564.703039999999	0.0004000000008090865	trials	electrical	biphasic	80	MOs	deep	recovery	False	True
4568.944729999998	0.0004000000017185812	trials	electrical	biphasic	40	MOs	deep	recovery	False	True
4572.96521	0.0003999999998995918	trials	electrical	biphasic	80	MOs	deep	recovery	False	True
4576.81336	0.0003999999998995918	trials	electrical	biphasic	60	MOs	deep	recovery	False	True
4580.46378	0.0003999999998995918	trials	electrical	biphasic	80	MOs	deep	recovery	False	True
4584.550310000001	0.0003999999989900971	trials	electrical	biphasic	40	MOs	deep	recovery	False	True
4588.312870000002	0.0003999999998995918	trials	electrical	biphasic	80	MOs	deep	recovery	False	True
4591.85775	0.0003999999998995918	trials	electrical	biphasic	80	MOs	deep	recovery	False	True
4596.11312	0.0003999999998995918	trials	electrical	biphasic	40	MOs	deep	recovery	False	True
4599.85632	0.0004000000017185812	trials	electrical	biphasic	60	MOs	deep	recovery	False	True
4603.79915	0.0003999999998995918	trials	electrical	biphasic	60	MOs	deep	recovery	False	True
4607.987370000002	0.0003999999998995918	trials	electrical	biphasic	60	MOs	deep	recovery	False	True
4611.84702	0.0003999999998995918	trials	electrical	biphasic	60	MOs	deep	recovery	False	True
4616.08378	0.0003999999998995918	trials	electrical	biphasic	80	MOs	deep	recovery	False	True
4619.97891	0.0003999999998995918	trials	electrical	biphasic	80	MOs	deep	recovery	False	True
4624.16275	0.0003999999998995918	trials	electrical	biphasic	80	MOs	deep	recovery	False	True
4628.36722	0.0003999999998995918	trials	electrical	biphasic	80	MOs	deep	recovery	False	True
4632.30995	0.0003999999998995918	trials	electrical	biphasic	40	MOs	deep	recovery	False	True
4635.82995	0.0003999999998995918	trials	electrical	biphasic	40	MOs	deep	recovery	False	True
4639.66123	0.0003999999998995918	trials	electrical	biphasic	60	MOs	deep	recovery	False	True
4643.58596	0.0003999999998995918	trials	electrical	biphasic	40	MOs	deep	recovery	False	True
4647.35666	0.0003999999998995918	trials	electrical	biphasic	80	MOs	deep	recovery	False	True
4651.05414	0.0003999999998995918	trials	electrical	biphasic	80	MOs	deep	recovery	False	True
4655.37629	0.0003999999998995918	trials	electrical	biphasic	40	MOs	deep	recovery	False	True
4659.30664	0.0003999999998995918	trials	electrical	biphasic	60	MOs	deep	recovery	False	True
4663.69485	0.0003999999998995918	trials	electrical	biphasic	40	MOs	deep	recovery	False	True
4667.58645	0.0003999999998995918	trials	electrical	biphasic	80	MOs	deep	recovery	False	True
4671.856	0.0003999999998995918	trials	electrical	biphasic	40	MOs	deep	recovery	False	True
4675.753220000001	0.0003999999989900971	trials	electrical	biphasic	60	MOs	deep	recovery	False	True
4680.06217	0.0003999999998995918	trials	electrical	biphasic	60	MOs	deep	recovery	False	True
4684.31768	0.0003999999998995918	trials	electrical	biphasic	40	MOs	deep	recovery	False	True
4688.1955	0.0003999999998995918	trials	electrical	biphasic	40	MOs	deep	recovery	False	True
4691.91195	0.0003999999998995918	trials	electrical	biphasic	60	MOs	deep	recovery	False	True
4696.20277	0.0004000000017185812	trials	electrical	biphasic	80	MOs	deep	recovery	False	True
4700.6525	0.0003999999998995918	trials	electrical	biphasic	80	MOs	deep	recovery	False	True
4704.48049	0.0003999999998995918	trials	electrical	biphasic	60	MOs	deep	recovery	False	True
4708.65217	0.0003999999998995918	trials	electrical	biphasic	40	MOs	deep	recovery	False	True
4712.59124	0.0003999999998995918	trials	electrical	biphasic	40	MOs	deep	recovery	False	True
4716.92517	0.0003999999998995918	trials	electrical	biphasic	60	MOs	deep	recovery	False	True
4721.19446	0.0004000000017185812	trials	electrical	biphasic	60	MOs	deep	recovery	False	True
4724.86214	0.0003999999998995918	trials	electrical	biphasic	40	MOs	deep	recovery	False	True
4729.22455	0.0003999999998995918	trials	electrical	biphasic	60	MOs	deep	recovery	False	True
4733.71486	0.0003999999998995918	trials	electrical	biphasic	80	MOs	deep	recovery	False	True
4737.7297	0.0003999999998995918	trials	electrical	biphasic	40	MOs	deep	recovery	False	False
4742.11441	0.0003999999998995918	trials	electrical	biphasic	80	MOs	deep	recovery	False	True
4746.20286	0.0003999999998995918	trials	electrical	biphasic	60	MOs	deep	recovery	False	True
4749.85804	0.0003999999998995918	trials	electrical	biphasic	60	MOs	deep	recovery	False	True
4753.55833	0.0003999999998995918	trials	electrical	biphasic	80	MOs	deep	recovery	True	True
4757.46571	0.0003999999998995918	trials	electrical	biphasic	60	MOs	deep	recovery	False	True
4761.71484	0.0004000000008090865	trials	electrical	biphasic	80	MOs	deep	recovery	False	True
4766.04085	0.0003999999998995918	trials	electrical	biphasic	40	MOs	deep	recovery	False	True
4770.33124	0.0003999999989900971	trials	electrical	biphasic	60	MOs	deep	recovery	True	True
4774.15018	0.0004000000008090865	trials	electrical	biphasic	40	MOs	deep	recovery	False	True
4778.1846700000015	0.0003999999989900971	trials	electrical	biphasic	60	MOs	deep	recovery	False	True
4781.77505	0.0003999999998995918	trials	electrical	biphasic	80	MOs	deep	recovery	True	True
4785.38718	0.0003999999998995918	trials	electrical	biphasic	60	MOs	deep	recovery	False	True
4789.0239	0.0003999999998995918	trials	electrical	biphasic	80	MOs	deep	recovery	False	True
4793.20299	0.0003999999998995918	trials	electrical	biphasic	40	MOs	deep	recovery	False	True
4797.19859	0.0003999999998995918	trials	electrical	biphasic	40	MOs	deep	recovery	True	True
4800.888739999999	0.0004000000008090865	trials	electrical	biphasic	40	MOs	deep	recovery	False	True
4804.88417	0.0003999999998995918	trials	electrical	biphasic	40	MOs	deep	recovery	False	True
4808.53219	0.0003999999998995918	trials	electrical	biphasic	80	MOs	deep	recovery	False	True
4812.08759	0.0003999999998995918	trials	electrical	biphasic	80	MOs	deep	recovery	False	True
4816.43874	0.0004000000008090865	trials	electrical	biphasic	80	MOs	deep	recovery	False	True
4820.49973	0.0003999999989900971	trials	electrical	biphasic	80	MOs	deep	recovery	False	True
4824.92976	0.0003999999998995918	trials	electrical	biphasic	40	MOs	deep	recovery	False	True
4829.12685	0.0003999999998995918	trials	electrical	biphasic	80	MOs	deep	recovery	False	True
4833.21007	0.0003999999998995918	trials	electrical	biphasic	40	MOs	deep	recovery	False	True
4837.5259	0.0004000000008090865	trials	electrical	biphasic	80	MOs	deep	recovery	False	True
4841.90535	0.0003999999998995918	trials	electrical	biphasic	80	MOs	deep	recovery	False	True
4846.3947	0.0003999999998995918	trials	electrical	biphasic	60	MOs	deep	recovery	False	True
4849.89564	0.0003999999998995918	trials	electrical	biphasic	40	MOs	deep	recovery	False	True
4854.26151	0.0003999999998995918	trials	electrical	biphasic	40	MOs	deep	recovery	False	True
4858.3745	0.0003999999998995918	trials	electrical	biphasic	80	MOs	deep	recovery	False	True
4862.86489	0.0003999999998995918	trials	electrical	biphasic	80	MOs	deep	recovery	False	True
4866.893	0.0003999999998995918	trials	electrical	biphasic	40	MOs	deep	recovery	False	True
4870.87294	0.0003999999998995918	trials	electrical	biphasic	80	MOs	deep	recovery	False	True
4875.17471	0.0003999999998995918	trials	electrical	biphasic	40	MOs	deep	recovery	False	True
4878.90298	0.0003999999998995918	trials	electrical	biphasic	40	MOs	deep	recovery	False	True
4882.9015	0.0003999999998995918	trials	electrical	biphasic	60	MOs	deep	recovery	False	True
4887.30279	0.0003999999998995918	trials	electrical	biphasic	80	MOs	deep	recovery	False	True
4891.37788	0.0003999999998995918	trials	electrical	biphasic	80	MOs	deep	recovery	False	True
4895.723489999999	0.0004000000008090865	trials	electrical	biphasic	80	MOs	deep	recovery	False	True
4899.96256	0.0003999999998995918	trials	electrical	biphasic	80	MOs	deep	recovery	False	True
4904.048970000002	0.0003999999998995918	trials	electrical	biphasic	80	MOs	deep	recovery	False	True
4907.79613	0.0003999999998995918	trials	electrical	biphasic	60	MOs	deep	recovery	False	True
4911.962979999998	0.0004000000017185812	trials	electrical	biphasic	80	MOs	deep	recovery	False	True
4915.54688	0.0003999999998995918	trials	electrical	biphasic	40	MOs	deep	recovery	False	True
4919.67327	0.0003999999998995918	trials	electrical	biphasic	80	MOs	deep	recovery	False	True
4923.83464	0.0003999999998995918	trials	electrical	biphasic	60	MOs	deep	recovery	False	True
4928.064829999998	0.0004000000017185812	trials	electrical	biphasic	40	MOs	deep	recovery	False	True
4932.456020000001	0.0003999999989900971	trials	electrical	biphasic	40	MOs	deep	recovery	False	True
4936.93875	0.0003999999998995918	trials	electrical	biphasic	40	MOs	deep	recovery	False	True
4941.2082	0.0003999999998995918	trials	electrical	biphasic	40	MOs	deep	recovery	False	True
4945.29006	0.0003999999998995918	trials	electrical	biphasic	40	MOs	deep	recovery	False	True
4949.71881	0.0003999999998995918	trials	electrical	biphasic	40	MOs	deep	recovery	False	True
4953.79934	0.0004000000008090865	trials	electrical	biphasic	40	MOs	deep	recovery	False	True
4957.31674	0.0003999999998995918	trials	electrical	biphasic	60	MOs	deep	recovery	False	True
4960.938029999998	0.0004000000017185812	trials	electrical	biphasic	60	MOs	deep	recovery	False	True
4965.30118	0.0003999999989900971	trials	electrical	biphasic	80	MOs	deep	recovery	False	True
4969.285910000001	0.0003999999989900971	trials	electrical	biphasic	40	MOs	deep	recovery	False	True
4973.63119	0.0003999999998995918	trials	electrical	biphasic	60	MOs	deep	recovery	False	True
4977.34102	0.0004000000017185812	trials	electrical	biphasic	60	MOs	deep	recovery	False	True
4981.39375	0.0003999999998995918	trials	electrical	biphasic	40	MOs	deep	recovery	False	True
4985.52406	0.0004000000017185812	trials	electrical	biphasic	40	MOs	deep	recovery	False	True
4989.056479999998	0.0004000000017185812	trials	electrical	biphasic	60	MOs	deep	recovery	False	True
4993.17163	0.0003999999998995918	trials	electrical	biphasic	40	MOs	deep	recovery	False	True
4997.034470000001	0.0003999999989900971	trials	electrical	biphasic	80	MOs	deep	recovery	False	True
5000.58444	0.0004000000008090865	trials	electrical	biphasic	60	MOs	deep	recovery	False	True
5004.574439999999	0.0004000000008090865	trials	electrical	biphasic	40	MOs	deep	recovery	False	True
5008.26739	0.0003999999998995918	trials	electrical	biphasic	80	MOs	deep	recovery	False	True
5011.89089	0.0003999999998995918	trials	electrical	biphasic	80	MOs	deep	recovery	False	True
5015.596820000002	0.0003999999998995918	trials	electrical	biphasic	80	MOs	deep	recovery	False	True
5019.24376	0.0003999999998995918	trials	electrical	biphasic	80	MOs	deep	recovery	False	True
5022.93327	0.0003999999998995918	trials	electrical	biphasic	60	MOs	deep	recovery	False	True
5026.47635	0.0003999999998995918	trials	electrical	biphasic	40	MOs	deep	recovery	False	True
5030.61198	0.0003999999998995918	trials	electrical	biphasic	40	MOs	deep	recovery	False	True
5034.394270000002	0.0003999999998995918	trials	electrical	biphasic	60	MOs	deep	recovery	False	True
5038.43329	0.0003999999998995918	trials	electrical	biphasic	80	MOs	deep	recovery	False	True
5042.628879999998	0.0004000000017185812	trials	electrical	biphasic	60	MOs	deep	recovery	False	True
5046.62843	0.0003999999998995918	trials	electrical	biphasic	80	MOs	deep	recovery	False	True
5050.66466	0.0003999999998995918	trials	electrical	biphasic	60	MOs	deep	recovery	False	True
5054.61026	0.0003999999998995918	trials	electrical	biphasic	40	MOs	deep	recovery	False	True
5058.23463	0.0003999999998995918	trials	electrical	biphasic	80	MOs	deep	recovery	False	True
5062.225420000002	0.0003999999998995918	trials	electrical	biphasic	40	MOs	deep	recovery	False	True
5066.57885	0.0003999999998995918	trials	electrical	biphasic	40	MOs	deep	recovery	False	True
5070.9532	0.0003999999998995918	trials	electrical	biphasic	80	MOs	deep	recovery	False	True
5074.72392	0.0003999999998995918	trials	electrical	biphasic	40	MOs	deep	recovery	False	True
5078.43281	0.0003999999998995918	trials	electrical	biphasic	60	MOs	deep	recovery	False	True
5082.49821	0.0004000000017185812	trials	electrical	biphasic	40	MOs	deep	recovery	True	True
5086.63896	0.0003999999998995918	trials	electrical	biphasic	60	MOs	deep	recovery	False	True
5090.55641	0.0003999999998995918	trials	electrical	biphasic	80	MOs	deep	recovery	False	True
5094.26281	0.0003999999998995918	trials	electrical	biphasic	60	MOs	deep	recovery	False	True
5098.711179999998	0.0004000000017185812	trials	electrical	biphasic	60	MOs	deep	recovery	False	True
5102.29369	0.0003999999989900971	trials	electrical	biphasic	60	MOs	deep	recovery	False	True
5105.89981	0.0003999999998995918	trials	electrical	biphasic	80	MOs	deep	recovery	False	True
5109.54228	0.0003999999998995918	trials	electrical	biphasic	80	MOs	deep	recovery	False	True
5113.20916	0.0003999999998995918	trials	electrical	biphasic	40	MOs	deep	recovery	False	True
5117.33055	0.0003999999998995918	trials	electrical	biphasic	80	MOs	deep	recovery	False	True
5121.4047	0.0003999999998995918	trials	electrical	biphasic	60	MOs	deep	recovery	False	True
5124.9572	0.0003999999998995918	trials	electrical	biphasic	60	MOs	deep	recovery	False	True
5129.38883	0.0003999999998995918	trials	electrical	biphasic	80	MOs	deep	recovery	False	True
5133.6179200000015	0.0003999999998995918	trials	electrical	biphasic	80	MOs	deep	recovery	False	True
5137.85619	0.0003999999989900971	trials	electrical	biphasic	60	MOs	deep	recovery	False	True
5141.420020000001	0.0003999999989900971	trials	electrical	biphasic	40	MOs	deep	recovery	False	True
5145.78089	0.0003999999998995918	trials	electrical	biphasic	60	MOs	deep	recovery	False	True
5150.21572	0.0003999999998995918	trials	electrical	biphasic	80	MOs	deep	recovery	False	True
5154.70055	0.0004000000008090865	trials	electrical	biphasic	40	MOs	deep	recovery	False	True
5159.0599200000015	0.0003999999998995918	trials	electrical	biphasic	40	MOs	deep	recovery	False	True
5163.34591	0.0003999999998995918	trials	electrical	biphasic	40	MOs	deep	recovery	False	True
5167.35971	0.0004000000017185812	trials	electrical	biphasic	40	MOs	deep	recovery	False	True
5171.03774	0.0003999999998995918	trials	electrical	biphasic	80	MOs	deep	recovery	False	True
5174.93674	0.0003999999998995918	trials	electrical	biphasic	60	MOs	deep	recovery	False	True
5178.57111	0.0003999999998995918	trials	electrical	biphasic	80	MOs	deep	recovery	False	True
5182.10243	0.0003999999998995918	trials	electrical	biphasic	40	MOs	deep	recovery	False	True
5186.542	0.0003999999998995918	trials	electrical	biphasic	60	MOs	deep	recovery	False	True
5190.34373	0.0004000000008090865	trials	electrical	biphasic	40	MOs	deep	recovery	False	True
5194.1397	0.0003999999998995918	trials	electrical	biphasic	40	MOs	deep	recovery	False	True
5197.97306	0.0003999999998995918	trials	electrical	biphasic	60	MOs	deep	recovery	False	True
5201.94055	0.0003999999998995918	trials	electrical	biphasic	60	MOs	deep	recovery	False	True
5206.08918	0.0003999999998995918	trials	electrical	biphasic	80	MOs	deep	recovery	False	True
5209.614820000002	0.0003999999998995918	trials	electrical	biphasic	60	MOs	deep	recovery	False	True
5213.95745	0.0003999999998995918	trials	electrical	biphasic	40	MOs	deep	recovery	False	True
5218.01692	0.0003999999998995918	trials	electrical	biphasic	80	MOs	deep	recovery	False	True
5222.37145	0.0004000000008090865	trials	electrical	biphasic	60	MOs	deep	recovery	False	True
5226.21976	0.0003999999998995918	trials	electrical	biphasic	40	MOs	deep	recovery	False	True
5230.1662	0.0003999999998995918	trials	electrical	biphasic	40	MOs	deep	recovery	False	True
5233.72087	0.0003999999998995918	trials	electrical	biphasic	40	MOs	deep	recovery	False	True
5237.39839	0.0003999999998995918	trials	electrical	biphasic	40	MOs	deep	recovery	False	True
5241.56162	0.0003999999998995918	trials	electrical	biphasic	40	MOs	deep	recovery	False	True
5245.3928700000015	0.0003999999998995918	trials	electrical	biphasic	60	MOs	deep	recovery	False	True
5249.79178	0.0004000000008090865	trials	electrical	biphasic	80	MOs	deep	recovery	False	True
5253.41036	0.0003999999998995918	trials	electrical	biphasic	40	MOs	deep	recovery	False	True
5257.899210000001	0.0003999999989900971	trials	electrical	biphasic	40	MOs	deep	recovery	False	True
5261.93962	0.0003999999998995918	trials	electrical	biphasic	80	MOs	deep	recovery	False	True
5266.146970000002	0.0003999999998995918	trials	electrical	biphasic	80	MOs	deep	recovery	False	True
5270.6469	0.0003999999998995918	trials	electrical	biphasic	60	MOs	deep	recovery	False	True
5274.435170000002	0.0003999999998995918	trials	electrical	biphasic	80	MOs	deep	recovery	False	True
5278.35011	0.0003999999998995918	trials	electrical	biphasic	80	MOs	deep	recovery	False	True
5282.31538	0.0003999999998995918	trials	electrical	biphasic	80	MOs	deep	recovery	False	True
5286.57977	0.0003999999998995918	trials	electrical	biphasic	40	MOs	deep	recovery	False	True
5290.8984	0.0003999999998995918	trials	electrical	biphasic	80	MOs	deep	recovery	False	True
5349.905720000002	0.0003999999998995918	trials	electrical	biphasic	60	MOs	deep	recovery	True	True
5353.43875	0.0003999999998995918	trials	electrical	biphasic	40	MOs	deep	recovery	True	True
5357.50038	0.0003999999989900971	trials	electrical	biphasic	60	MOs	deep	recovery	True	True
5361.88267	0.0003999999998995918	trials	electrical	biphasic	80	MOs	deep	recovery	True	True
5366.05227	0.0003999999998995918	trials	electrical	biphasic	80	MOs	deep	recovery	True	True
5369.74314	0.0004000000008090865	trials	electrical	biphasic	80	MOs	deep	recovery	True	True
5373.61249	0.0003999999989900971	trials	electrical	biphasic	80	MOs	deep	recovery	True	True
5377.57363	0.0003999999998995918	trials	electrical	biphasic	40	MOs	deep	recovery	False	True
5382.0557	0.0003999999998995918	trials	electrical	biphasic	40	MOs	deep	recovery	False	True
5385.71253	0.0003999999998995918	trials	electrical	biphasic	40	MOs	deep	recovery	True	True
5390.06848	0.0003999999998995918	trials	electrical	biphasic	80	MOs	deep	recovery	False	True
5394.21367	0.0003999999998995918	trials	electrical	biphasic	80	MOs	deep	recovery	False	True
5398.09037	0.0004000000017185812	trials	electrical	biphasic	60	MOs	deep	recovery	False	True
5401.78172	0.0003999999998995918	trials	electrical	biphasic	40	MOs	deep	recovery	False	True
5405.7104100000015	0.0003999999998995918	trials	electrical	biphasic	60	MOs	deep	recovery	False	True
5409.69285	0.0003999999998995918	trials	electrical	biphasic	80	MOs	deep	recovery	False	True
5413.3139	0.0003999999998995918	trials	electrical	biphasic	40	MOs	deep	recovery	False	True
5417.403829999998	0.0004000000017185812	trials	electrical	biphasic	80	MOs	deep	recovery	False	True
5421.130429999998	0.0004000000017185812	trials	electrical	biphasic	60	MOs	deep	recovery	False	True
5425.01548	0.0003999999998995918	trials	electrical	biphasic	80	MOs	deep	recovery	False	True
5429.09889	0.0003999999998995918	trials	electrical	biphasic	80	MOs	deep	recovery	False	True
5432.851110000001	0.0003999999989900971	trials	electrical	biphasic	40	MOs	deep	recovery	False	True
5436.641979999999	0.0003999999989900971	trials	electrical	biphasic	60	MOs	deep	recovery	False	True
5440.75951	0.0003999999998995918	trials	electrical	biphasic	40	MOs	deep	recovery	False	True
5444.52521	0.0004000000017185812	trials	electrical	biphasic	60	MOs	deep	recovery	False	True
5448.85002	0.0004000000017185812	trials	electrical	biphasic	80	MOs	deep	recovery	False	True
5453.333110000001	0.0003999999989900971	trials	electrical	biphasic	40	MOs	deep	recovery	False	True
5457.56378	0.0003999999989900971	trials	electrical	biphasic	60	MOs	deep	recovery	False	True
5461.40809	0.0003999999998995918	trials	electrical	biphasic	80	MOs	deep	recovery	False	True
5465.49257	0.00040999999964697054	trials	electrical	biphasic	60	MOs	deep	recovery	False	True
5469.10076	0.0003999999998995918	trials	electrical	biphasic	80	MOs	deep	recovery	False	True
5473.50749	0.0003999999998995918	trials	electrical	biphasic	40	MOs	deep	recovery	True	True
5477.88758	0.0004000000008090865	trials	electrical	biphasic	40	MOs	deep	recovery	True	True
5482.205770000001	0.0003999999989900971	trials	electrical	biphasic	80	MOs	deep	recovery	True	True
5485.96692	0.0004000000017185812	trials	electrical	biphasic	80	MOs	deep	recovery	True	True
5490.0617	0.0003999999998995918	trials	electrical	biphasic	60	MOs	deep	recovery	False	True
5493.58465	0.0003999999998995918	trials	electrical	biphasic	80	MOs	deep	recovery	False	True
5497.51033	0.0003999999998995918	trials	electrical	biphasic	60	MOs	deep	recovery	False	True
5501.32348	0.0003999999998995918	trials	electrical	biphasic	60	MOs	deep	recovery	False	True
5504.98539	0.0003999999998995918	trials	electrical	biphasic	60	MOs	deep	recovery	False	True
5508.66457	0.0004000000026280759	trials	electrical	biphasic	40	MOs	deep	recovery	True	True
5512.58788	0.0003999999998995918	trials	electrical	biphasic	60	MOs	deep	recovery	True	True
5516.18252	0.0003999999998995918	trials	electrical	biphasic	40	MOs	deep	recovery	True	True
5520.28147	0.0004000000026280759	trials	electrical	biphasic	80	MOs	deep	recovery	True	True
5524.252820000002	0.0003999999989900971	trials	electrical	biphasic	40	MOs	deep	recovery	True	True
5528.44919	0.0003999999998995918	trials	electrical	biphasic	60	MOs	deep	recovery	True	True
5532.64949	0.0003999999998995918	trials	electrical	biphasic	80	MOs	deep	recovery	True	True
5536.78846	0.0004000000026280759	trials	electrical	biphasic	60	MOs	deep	recovery	False	True
5540.32249	0.0004000000008090865	trials	electrical	biphasic	80	MOs	deep	recovery	False	True
5543.89171	0.0003999999998995918	trials	electrical	biphasic	40	MOs	deep	recovery	False	True
5547.71174	0.0003999999998995918	trials	electrical	biphasic	40	MOs	deep	recovery	False	True
5551.74303	0.0004000000008090865	trials	electrical	biphasic	60	MOs	deep	recovery	False	True
5555.89789	0.0003999999998995918	trials	electrical	biphasic	60	MOs	deep	recovery	False	True
5559.80594	0.0003999999998995918	trials	electrical	biphasic	40	MOs	deep	recovery	False	True
5564.12635	0.0004000000008090865	trials	electrical	biphasic	80	MOs	deep	recovery	False	True
5568.345139999999	0.0004000000008090865	trials	electrical	biphasic	40	MOs	deep	recovery	False	True
5572.814210000001	0.0003999999989900971	trials	electrical	biphasic	40	MOs	deep	recovery	False	True
5576.84598	0.0003999999998995918	trials	electrical	biphasic	40	MOs	deep	recovery	False	True
5580.67154	0.0003999999998995918	trials	electrical	biphasic	40	MOs	deep	recovery	False	True
5584.27759	0.0003999999998995918	trials	electrical	biphasic	40	MOs	deep	recovery	False	True
5588.38898	0.0003999999998995918	trials	electrical	biphasic	80	MOs	deep	recovery	False	True
5592.6682	0.0003999999998995918	trials	electrical	biphasic	80	MOs	deep	recovery	False	True
5596.59209	0.0003999999998995918	trials	electrical	biphasic	60	MOs	deep	recovery	False	True
5600.18334	0.0004000000008090865	trials	electrical	biphasic	60	MOs	deep	recovery	False	True
5603.95024	0.0003999999998995918	trials	electrical	biphasic	80	MOs	deep	recovery	False	True
5607.60433	0.0003999999998995918	trials	electrical	biphasic	40	MOs	deep	recovery	False	True
5611.38575	0.0003999999998995918	trials	electrical	biphasic	80	MOs	deep	recovery	False	True
5615.32626	0.0003999999998995918	trials	electrical	biphasic	80	MOs	deep	recovery	False	True
5619.35383	0.0003999999998995918	trials	electrical	biphasic	60	MOs	deep	recovery	False	True
5623.31167	0.0003999999998995918	trials	electrical	biphasic	80	MOs	deep	recovery	False	True
5627.68748	0.0004000000008090865	trials	electrical	biphasic	60	MOs	deep	recovery	False	True
5631.70597	0.0003999999998995918	trials	electrical	biphasic	60	MOs	deep	recovery	False	True
5636.15002	0.0003999999998995918	trials	electrical	biphasic	60	MOs	deep	recovery	False	True
5640.28815	0.0003999999998995918	trials	electrical	biphasic	40	MOs	deep	recovery	False	True
5644.746279999999	0.0003999999980806024	trials	electrical	biphasic	60	MOs	deep	recovery	False	True
5648.48741	0.0004000000017185812	trials	electrical	biphasic	60	MOs	deep	recovery	False	True
5652.66395	0.0003999999998995918	trials	electrical	biphasic	40	MOs	deep	recovery	False	True
5656.45344	0.0003999999998995918	trials	electrical	biphasic	80	MOs	deep	recovery	False	True
5660.62567	0.0003999999998995918	trials	electrical	biphasic	80	MOs	deep	recovery	False	True
5664.82124	0.0003999999998995918	trials	electrical	biphasic	60	MOs	deep	recovery	False	True
5668.38966	0.0003999999998995918	trials	electrical	biphasic	60	MOs	deep	recovery	False	True
5672.14489	0.0004000000008090865	trials	electrical	biphasic	40	MOs	deep	recovery	False	True
5675.86935	0.0003999999998995918	trials	electrical	biphasic	60	MOs	deep	recovery	False	True
5680.03762	0.0003999999998995918	trials	electrical	biphasic	60	MOs	deep	recovery	False	True
5684.38245	0.0003999999998995918	trials	electrical	biphasic	40	MOs	deep	recovery	False	True
5688.22734	0.0003999999998995918	trials	electrical	biphasic	60	MOs	deep	recovery	False	True
5692.50829	0.0003999999998995918	trials	electrical	biphasic	80	MOs	deep	recovery	False	True
5696.68405	0.0003999999998995918	trials	electrical	biphasic	60	MOs	deep	recovery	False	True
5700.1912	0.0003999999998995918	trials	electrical	biphasic	80	MOs	deep	recovery	False	True
5704.29381	0.0003999999998995918	trials	electrical	biphasic	60	MOs	deep	recovery	False	True
5708.18101	0.0003999999998995918	trials	electrical	biphasic	80	MOs	deep	recovery	False	True
5712.59744	0.0003999999998995918	trials	electrical	biphasic	60	MOs	deep	recovery	False	True
5716.099029999999	0.0003999999980806024	trials	electrical	biphasic	60	MOs	deep	recovery	False	True
5720.06189	0.0003999999998995918	trials	electrical	biphasic	40	MOs	deep	recovery	False	True
5723.986660000001	0.0003999999989900971	trials	electrical	biphasic	40	MOs	deep	recovery	False	True
5727.94801	0.0003999999998995918	trials	electrical	biphasic	40	MOs	deep	recovery	False	True
5732.2186	0.0003999999998995918	trials	electrical	biphasic	40	MOs	deep	recovery	False	True
5736.0415	0.0003999999998995918	trials	electrical	biphasic	40	MOs	deep	recovery	False	True
5740.32667	0.0003999999998995918	trials	electrical	biphasic	60	MOs	deep	recovery	False	True
5744.29846	0.0003999999998995918	trials	electrical	biphasic	60	MOs	deep	recovery	False	True
5747.83464	0.0003999999998995918	trials	electrical	biphasic	80	MOs	deep	recovery	False	True
5751.51095	0.0003999999998995918	trials	electrical	biphasic	60	MOs	deep	recovery	False	True
5755.73314	0.0003999999998995918	trials	electrical	biphasic	80	MOs	deep	recovery	False	True
5759.70704	0.0003999999998995918	trials	electrical	biphasic	40	MOs	deep	recovery	False	True
5763.360189999999	0.0004000000008090865	trials	electrical	biphasic	60	MOs	deep	recovery	False	True
5767.20173	0.0003999999998995918	trials	electrical	biphasic	80	MOs	deep	recovery	False	True
5771.30954	0.0003999999998995918	trials	electrical	biphasic	40	MOs	deep	recovery	False	True
5775.001710000001	0.0003999999989900971	trials	electrical	biphasic	40	MOs	deep	recovery	False	True
5779.24056	0.0003999999998995918	trials	electrical	biphasic	40	MOs	deep	recovery	False	True
5782.98384	0.0003999999998995918	trials	electrical	biphasic	40	MOs	deep	recovery	False	True
5787.40169	0.0003999999998995918	trials	electrical	biphasic	80	MOs	deep	recovery	False	True
5791.171179999999	0.0003999999980806024	trials	electrical	biphasic	60	MOs	deep	recovery	True	True
5795.43711	0.0003999999998995918	trials	electrical	biphasic	60	MOs	deep	recovery	False	True
5799.12619	0.0003999999998995918	trials	electrical	biphasic	60	MOs	deep	recovery	False	True
5802.91412	0.0003999999998995918	trials	electrical	biphasic	80	MOs	deep	recovery	False	True
5806.50566	0.0003999999998995918	trials	electrical	biphasic	60	MOs	deep	recovery	False	True
5810.58229	0.0003999999998995918	trials	electrical	biphasic	60	MOs	deep	recovery	False	True
5814.766079999999	0.0003999999980806024	trials	electrical	biphasic	40	MOs	deep	recovery	False	True
5818.8131	0.0003999999998995918	trials	electrical	biphasic	40	MOs	deep	recovery	False	True
5822.73925	0.0004000000008090865	trials	electrical	biphasic	60	MOs	deep	recovery	False	True
5826.884120000002	0.0003999999989900971	trials	electrical	biphasic	80	MOs	deep	recovery	False	True
5831.03217	0.0003999999998995918	trials	electrical	biphasic	80	MOs	deep	recovery	False	True
5835.21162	0.0003999999998995918	trials	electrical	biphasic	40	MOs	deep	recovery	False	True
5839.34782	0.0003999999998995918	trials	electrical	biphasic	60	MOs	deep	recovery	False	True
5843.79343	0.0003999999998995918	trials	electrical	biphasic	80	MOs	deep	recovery	False	True
5847.5028	0.0003999999998995918	trials	electrical	biphasic	40	MOs	deep	recovery	False	True
5851.71251	0.0003999999998995918	trials	electrical	biphasic	40	MOs	deep	recovery	False	True
5855.44917	0.0004000000026280759	trials	electrical	biphasic	60	MOs	deep	recovery	False	True
5859.069	0.0003999999998995918	trials	electrical	biphasic	60	MOs	deep	recovery	False	True
5863.17673	0.0003999999998995918	trials	electrical	biphasic	40	MOs	deep	recovery	False	True
5867.127289999999	0.0004000000008090865	trials	electrical	biphasic	60	MOs	deep	recovery	False	True
5871.08644	0.0003999999998995918	trials	electrical	biphasic	80	MOs	deep	recovery	False	True
5875.24881	0.0003999999998995918	trials	electrical	biphasic	60	MOs	deep	recovery	False	True
5879.519520000003	0.0003999999998995918	trials	electrical	biphasic	60	MOs	deep	recovery	False	True
5883.37016	0.0003999999998995918	trials	electrical	biphasic	80	MOs	deep	recovery	False	True
5887.53261	0.0003999999998995918	trials	electrical	biphasic	60	MOs	deep	recovery	False	True
5891.4492	0.0003999999998995918	trials	electrical	biphasic	40	MOs	deep	recovery	False	True
5895.79155	0.0003999999998995918	trials	electrical	biphasic	40	MOs	deep	recovery	False	True
5900.1249	0.0003999999998995918	trials	electrical	biphasic	60	MOs	deep	recovery	False	True
5903.88176	0.0003999999998995918	trials	electrical	biphasic	80	MOs	deep	recovery	False	True
5907.99565	0.0003999999998995918	trials	electrical	biphasic	40	MOs	deep	recovery	False	True
5912.078320000001	0.0003999999989900971	trials	electrical	biphasic	80	MOs	deep	recovery	False	True
5916.119479999999	0.0003999999980806024	trials	electrical	biphasic	80	MOs	deep	recovery	False	True
5920.48985	0.0003999999998995918	trials	electrical	biphasic	60	MOs	deep	recovery	False	True
5924.25506	0.0003999999998995918	trials	electrical	biphasic	60	MOs	deep	recovery	False	True
5928.07356	0.00041000000055646524	trials	electrical	biphasic	60	MOs	deep	recovery	True	True
5931.69321	0.0003999999998995918	trials	electrical	biphasic	60	MOs	deep	recovery	True	True
5936.13346	0.0003999999998995918	trials	electrical	biphasic	80	MOs	deep	recovery	True	True
5940.27945	0.0003999999998995918	trials	electrical	biphasic	60	MOs	deep	recovery	True	True
5944.25933	0.0003999999998995918	trials	electrical	biphasic	80	MOs	deep	recovery	False	True
5948.39908	0.0003999999998995918	trials	electrical	biphasic	40	MOs	deep	recovery	True	True
5952.44423	0.0003999999998995918	trials	electrical	biphasic	80	MOs	deep	recovery	True	True
5956.59198	0.0003999999998995918	trials	electrical	biphasic	60	MOs	deep	recovery	True	True
5960.63629	0.0003999999998995918	trials	electrical	biphasic	60	MOs	deep	recovery	True	True
5964.85775	0.0003999999998995918	trials	electrical	biphasic	60	MOs	deep	recovery	True	True
5968.8806799999975	0.0004000000026280759	trials	electrical	biphasic	80	MOs	deep	recovery	True	True
5973.37481	0.0003999999998995918	trials	electrical	biphasic	80	MOs	deep	recovery	False	True
5977.09392	0.0003999999998995918	trials	electrical	biphasic	60	MOs	deep	recovery	True	True
5980.70014	0.0003999999998995918	trials	electrical	biphasic	60	MOs	deep	recovery	True	True
5984.31027	0.0003999999998995918	trials	electrical	biphasic	40	MOs	deep	recovery	True	True
5987.87429	0.0003999999998995918	trials	electrical	biphasic	60	MOs	deep	recovery	True	True
5991.7793	0.0003999999998995918	trials	electrical	biphasic	40	MOs	deep	recovery	True	True
5995.7281	0.0003999999998995918	trials	electrical	biphasic	40	MOs	deep	recovery	True	True
5999.59435	0.0003999999998995918	trials	electrical	biphasic	60	MOs	deep	recovery	True	True
6003.85828	0.0003999999989900971	trials	electrical	biphasic	40	MOs	deep	recovery	True	True
6007.9866	0.0003999999989900971	trials	electrical	biphasic	60	MOs	deep	recovery	True	True
6012.25901	0.0004000000026280759	trials	electrical	biphasic	80	MOs	deep	recovery	True	True
6016.6923	0.0003999999998995918	trials	electrical	biphasic	80	MOs	deep	recovery	False	True
6021.16547	0.0004000000026280759	trials	electrical	biphasic	40	MOs	deep	recovery	True	True
6024.85792	0.0003999999998995918	trials	electrical	biphasic	60	MOs	deep	recovery	False	True
6028.49722	0.0003999999998995918	trials	electrical	biphasic	80	MOs	deep	recovery	False	True
6032.69391	0.0003999999998995918	trials	electrical	biphasic	40	MOs	deep	recovery	False	True
6036.28816	0.0003999999998995918	trials	electrical	biphasic	80	MOs	deep	recovery	False	True
6040.31398	0.0003999999998995918	trials	electrical	biphasic	40	MOs	deep	recovery	False	True
6044.34475	0.0003999999998995918	trials	electrical	biphasic	60	MOs	deep	recovery	False	True
6048.70632	0.0003999999998995918	trials	electrical	biphasic	80	MOs	deep	recovery	False	True
6052.69161	0.0003999999998995918	trials	electrical	biphasic	80	MOs	deep	recovery	False	True
6056.58549	0.0003999999998995918	trials	electrical	biphasic	60	MOs	deep	recovery	False	True
6060.757360000001	0.0003999999989900971	trials	electrical	biphasic	80	MOs	deep	recovery	False	True
6064.99905	0.0003999999998995918	trials	electrical	biphasic	40	MOs	deep	recovery	False	True
6069.01954	0.0003999999998995918	trials	electrical	biphasic	80	MOs	deep	recovery	False	True
6072.867679999999	0.0003999999980806024	trials	electrical	biphasic	60	MOs	deep	recovery	False	True
6076.51811	0.0003999999998995918	trials	electrical	biphasic	80	MOs	deep	recovery	False	True
6080.60463	0.0003999999998995918	trials	electrical	biphasic	40	MOs	deep	recovery	False	True
6084.3672	0.0003999999998995918	trials	electrical	biphasic	80	MOs	deep	recovery	False	True
6087.91208	0.0003999999998995918	trials	electrical	biphasic	80	MOs	deep	recovery	False	True
6092.16745	0.0003999999998995918	trials	electrical	biphasic	40	MOs	deep	recovery	False	True
6095.910660000001	0.0003999999989900971	trials	electrical	biphasic	60	MOs	deep	recovery	False	True
6099.85348	0.0003999999998995918	trials	electrical	biphasic	60	MOs	deep	recovery	False	True
6104.04171	0.0003999999998995918	trials	electrical	biphasic	60	MOs	deep	recovery	False	True
6107.90136	0.0003999999998995918	trials	electrical	biphasic	60	MOs	deep	recovery	False	True
6112.138129999999	0.0003999999980806024	trials	electrical	biphasic	80	MOs	deep	recovery	False	True
6116.03325	0.0003999999998995918	trials	electrical	biphasic	80	MOs	deep	recovery	False	True
6120.2171	0.0003999999998995918	trials	electrical	biphasic	80	MOs	deep	recovery	False	True
6124.42157	0.0003999999998995918	trials	electrical	biphasic	80	MOs	deep	recovery	False	True
6128.36429	0.0003999999989900971	trials	electrical	biphasic	40	MOs	deep	recovery	False	True
6131.8843	0.0003999999998995918	trials	electrical	biphasic	40	MOs	deep	recovery	False	True
6135.71558	0.0003999999998995918	trials	electrical	biphasic	60	MOs	deep	recovery	False	True
6139.64031	0.0004000000026280759	trials	electrical	biphasic	40	MOs	deep	recovery	False	True
6143.411020000001	0.0003999999989900971	trials	electrical	biphasic	80	MOs	deep	recovery	False	True
6147.1085	0.0003999999998995918	trials	electrical	biphasic	80	MOs	deep	recovery	False	True
6151.43065	0.0003999999998995918	trials	electrical	biphasic	40	MOs	deep	recovery	False	True
6155.361	0.0003999999998995918	trials	electrical	biphasic	60	MOs	deep	recovery	False	True
6159.74921	0.0003999999998995918	trials	electrical	biphasic	40	MOs	deep	recovery	False	True
6163.64081	0.0003999999998995918	trials	electrical	biphasic	80	MOs	deep	recovery	False	True
6167.91036	0.0003999999998995918	trials	electrical	biphasic	40	MOs	deep	recovery	False	True
6171.807589999999	0.0004000000008090865	trials	electrical	biphasic	60	MOs	deep	recovery	False	True
6176.1165299999975	0.0004000000026280759	trials	electrical	biphasic	60	MOs	deep	recovery	False	True
6180.37204	0.0003999999998995918	trials	electrical	biphasic	40	MOs	deep	recovery	False	True
6184.249870000002	0.0003999999989900971	trials	electrical	biphasic	40	MOs	deep	recovery	False	True
6187.96631	0.0004000000026280759	trials	electrical	biphasic	60	MOs	deep	recovery	False	True
6192.25714	0.0003999999998995918	trials	electrical	biphasic	80	MOs	deep	recovery	False	True
6196.70687	0.0003999999998995918	trials	electrical	biphasic	80	MOs	deep	recovery	False	True
6200.53486	0.0004000000026280759	trials	electrical	biphasic	60	MOs	deep	recovery	False	True
6204.70655	0.0003999999998995918	trials	electrical	biphasic	40	MOs	deep	recovery	False	True
6208.645610000001	0.0003999999989900971	trials	electrical	biphasic	40	MOs	deep	recovery	False	True
6212.97954	0.0003999999998995918	trials	electrical	biphasic	60	MOs	deep	recovery	False	True
6217.24883	0.0003999999989900971	trials	electrical	biphasic	60	MOs	deep	recovery	True	True
6220.9165200000025	0.0003999999998995918	trials	electrical	biphasic	40	MOs	deep	recovery	False	True
6225.2789200000025	0.0003999999998995918	trials	electrical	biphasic	60	MOs	deep	recovery	False	True
6229.76923	0.0003999999998995918	trials	electrical	biphasic	80	MOs	deep	recovery	True	True
6233.784079999999	0.0003999999980806024	trials	electrical	biphasic	40	MOs	deep	recovery	False	True
6238.16879	0.0003999999998995918	trials	electrical	biphasic	80	MOs	deep	recovery	False	True
6242.25724	0.0003999999998995918	trials	electrical	biphasic	60	MOs	deep	recovery	False	True
6245.912420000002	0.0003999999989900971	trials	electrical	biphasic	60	MOs	deep	recovery	False	True
6249.61271	0.0003999999998995918	trials	electrical	biphasic	80	MOs	deep	recovery	False	True
6253.52009	0.0003999999998995918	trials	electrical	biphasic	60	MOs	deep	recovery	False	True
6257.76922	0.0003999999998995918	trials	electrical	biphasic	80	MOs	deep	recovery	False	True
6262.09523	0.0003999999998995918	trials	electrical	biphasic	40	MOs	deep	recovery	False	True
6266.38562	0.0003999999998995918	trials	electrical	biphasic	60	MOs	deep	recovery	False	True
6270.20456	0.0003999999998995918	trials	electrical	biphasic	40	MOs	deep	recovery	False	True
6274.23905	0.0003999999998995918	trials	electrical	biphasic	60	MOs	deep	recovery	False	True
6277.82944	0.0003999999989900971	trials	electrical	biphasic	80	MOs	deep	recovery	False	True
6281.44156	0.0003999999998995918	trials	electrical	biphasic	60	MOs	deep	recovery	False	True
6285.07828	0.0003999999998995918	trials	electrical	biphasic	80	MOs	deep	recovery	False	True
6289.25737	0.0003999999998995918	trials	electrical	biphasic	40	MOs	deep	recovery	False	True
6293.2529799999975	0.0004000000026280759	trials	electrical	biphasic	40	MOs	deep	recovery	False	True
6296.94312	0.0004000000026280759	trials	electrical	biphasic	40	MOs	deep	recovery	False	True
6300.93855	0.0003999999998995918	trials	electrical	biphasic	40	MOs	deep	recovery	False	True
6304.58657	0.0003999999998995918	trials	electrical	biphasic	80	MOs	deep	recovery	False	True
6308.141979999999	0.0003999999980806024	trials	electrical	biphasic	80	MOs	deep	recovery	False	True
6312.49313	0.0003999999998995918	trials	electrical	biphasic	80	MOs	deep	recovery	False	True
6316.55411	0.0003999999998995918	trials	electrical	biphasic	80	MOs	deep	recovery	False	True
6320.98414	0.0004000000008090865	trials	electrical	biphasic	40	MOs	deep	recovery	False	True
6325.18123	0.0003999999998995918	trials	electrical	biphasic	80	MOs	deep	recovery	False	True
6329.26446	0.0003999999998995918	trials	electrical	biphasic	40	MOs	deep	recovery	True	True
6333.58029	0.0003999999998995918	trials	electrical	biphasic	80	MOs	deep	recovery	True	True
6337.95974	0.0003999999998995918	trials	electrical	biphasic	80	MOs	deep	recovery	False	True
6342.44909	0.0003999999998995918	trials	electrical	biphasic	60	MOs	deep	recovery	True	True
6345.95003	0.0003999999998995918	trials	electrical	biphasic	40	MOs	deep	recovery	False	True
6350.3159	0.0004000000008090865	trials	electrical	biphasic	40	MOs	deep	recovery	False	True
6354.42889	0.0003999999998995918	trials	electrical	biphasic	80	MOs	deep	recovery	False	True
6358.91928	0.0003999999998995918	trials	electrical	biphasic	80	MOs	deep	recovery	True	True
6362.94738	0.0004000000008090865	trials	electrical	biphasic	40	MOs	deep	recovery	False	True
6366.92733	0.0003999999989900971	trials	electrical	biphasic	80	MOs	deep	recovery	False	True
6371.2291	0.0004000000008090865	trials	electrical	biphasic	40	MOs	deep	recovery	False	True
6374.95736	0.0003999999998995918	trials	electrical	biphasic	40	MOs	deep	recovery	False	True
6378.95589	0.0003999999998995918	trials	electrical	biphasic	60	MOs	deep	recovery	False	True
6383.35718	0.0003999999998995918	trials	electrical	biphasic	80	MOs	deep	recovery	False	True
6387.43227	0.0003999999998995918	trials	electrical	biphasic	80	MOs	deep	recovery	False	True
6391.77787	0.0004000000026280759	trials	electrical	biphasic	80	MOs	deep	recovery	False	True
6396.01694	0.0003999999989900971	trials	electrical	biphasic	80	MOs	deep	recovery	False	True
6400.10335	0.0003999999998995918	trials	electrical	biphasic	80	MOs	deep	recovery	False	True
6403.85051	0.00040999999964697054	trials	electrical	biphasic	60	MOs	deep	recovery	False	True
6408.01736	0.0003999999998995918	trials	electrical	biphasic	80	MOs	deep	recovery	False	True
6411.60127	0.0003999999998995918	trials	electrical	biphasic	40	MOs	deep	recovery	False	True
6415.72765	0.0003999999998995918	trials	electrical	biphasic	80	MOs	deep	recovery	False	True
6419.889020000001	0.0003999999989900971	trials	electrical	biphasic	60	MOs	deep	recovery	False	True
6424.11921	0.0003999999998995918	trials	electrical	biphasic	40	MOs	deep	recovery	False	True
6428.5104	0.0003999999998995918	trials	electrical	biphasic	40	MOs	deep	recovery	False	True
6432.99313	0.0003999999998995918	trials	electrical	biphasic	40	MOs	deep	recovery	False	True
6437.26258	0.0004000000008090865	trials	electrical	biphasic	40	MOs	deep	recovery	False	True
6441.34444	0.0003999999998995918	trials	electrical	biphasic	40	MOs	deep	recovery	False	True
6445.77319	0.0003999999998995918	trials	electrical	biphasic	40	MOs	deep	recovery	False	True
6449.85372	0.0003999999998995918	trials	electrical	biphasic	40	MOs	deep	recovery	False	True
6453.3711200000025	0.0003999999998995918	trials	electrical	biphasic	60	MOs	deep	recovery	False	True
6456.99241	0.0003999999998995918	trials	electrical	biphasic	60	MOs	deep	recovery	False	True
6461.35556	0.0003999999998995918	trials	electrical	biphasic	80	MOs	deep	recovery	False	True
6465.340279999999	0.0003999999980806024	trials	electrical	biphasic	40	MOs	deep	recovery	False	True
6469.685570000002	0.0003999999980806024	trials	electrical	biphasic	60	MOs	deep	recovery	False	True
6473.3954	0.0003999999998995918	trials	electrical	biphasic	60	MOs	deep	recovery	False	True
6477.44812	0.0003999999998995918	trials	electrical	biphasic	40	MOs	deep	recovery	True	True
6481.57843	0.0004000000008090865	trials	electrical	biphasic	40	MOs	deep	recovery	False	True
6485.11085	0.0003999999998995918	trials	electrical	biphasic	60	MOs	deep	recovery	False	True
6489.226	0.0003999999998995918	trials	electrical	biphasic	40	MOs	deep	recovery	False	True
6493.08885	0.0003999999998995918	trials	electrical	biphasic	80	MOs	deep	recovery	False	True
6496.63881	0.0003999999998995918	trials	electrical	biphasic	60	MOs	deep	recovery	False	True
6500.62882	0.0004000000026280759	trials	electrical	biphasic	40	MOs	deep	recovery	False	True
6504.32176	0.0003999999998995918	trials	electrical	biphasic	80	MOs	deep	recovery	False	True
6507.94527	0.0003999999998995918	trials	electrical	biphasic	80	MOs	deep	recovery	False	True
6511.65119	0.0004000000008090865	trials	electrical	biphasic	80	MOs	deep	recovery	False	True
6515.29813	0.0003999999998995918	trials	electrical	biphasic	80	MOs	deep	recovery	False	True
6518.98764	0.0003999999998995918	trials	electrical	biphasic	60	MOs	deep	recovery	False	True
6522.5307200000025	0.0003999999998995918	trials	electrical	biphasic	40	MOs	deep	recovery	False	True
6526.66635	0.0003999999998995918	trials	electrical	biphasic	40	MOs	deep	recovery	False	True
6530.44863	0.00041000000055646524	trials	electrical	biphasic	60	MOs	deep	recovery	False	True
6534.48766	0.0004000000026280759	trials	electrical	biphasic	80	MOs	deep	recovery	False	True
6538.68325	0.0003999999998995918	trials	electrical	biphasic	60	MOs	deep	recovery	False	True
6542.6828	0.0004000000008090865	trials	electrical	biphasic	80	MOs	deep	recovery	False	True
6546.719020000001	0.0003999999989900971	trials	electrical	biphasic	60	MOs	deep	recovery	False	True
6550.6646299999975	0.0004000000026280759	trials	electrical	biphasic	40	MOs	deep	recovery	False	True
6554.28899	0.0003999999998995918	trials	electrical	biphasic	80	MOs	deep	recovery	False	True
6558.27978	0.0003999999998995918	trials	electrical	biphasic	40	MOs	deep	recovery	False	True
6562.63321	0.0003999999998995918	trials	electrical	biphasic	40	MOs	deep	recovery	False	True
6567.00756	0.0003999999998995918	trials	electrical	biphasic	80	MOs	deep	recovery	False	True
6570.77828	0.0003999999989900971	trials	electrical	biphasic	40	MOs	deep	recovery	False	True
6574.48717	0.0003999999998995918	trials	electrical	biphasic	60	MOs	deep	recovery	False	True
6578.552570000003	0.0003999999998995918	trials	electrical	biphasic	40	MOs	deep	recovery	False	True
6582.69332	0.0003999999998995918	trials	electrical	biphasic	60	MOs	deep	recovery	False	True
6586.61077	0.0003999999998995918	trials	electrical	biphasic	80	MOs	deep	recovery	False	True
6590.31717	0.0003999999998995918	trials	electrical	biphasic	60	MOs	deep	recovery	False	True
6594.765539999999	0.0004000000008090865	trials	electrical	biphasic	60	MOs	deep	recovery	False	True
6598.34804	0.0003999999998995918	trials	electrical	biphasic	60	MOs	deep	recovery	False	True
6601.95417	0.0003999999998995918	trials	electrical	biphasic	80	MOs	deep	recovery	False	True
6605.59663	0.0003999999998995918	trials	electrical	biphasic	80	MOs	deep	recovery	False	True
6609.26352	0.0003999999998995918	trials	electrical	biphasic	40	MOs	deep	recovery	False	True
6613.3849	0.0003999999998995918	trials	electrical	biphasic	80	MOs	deep	recovery	False	True
6617.45905	0.0003999999998995918	trials	electrical	biphasic	60	MOs	deep	recovery	False	True
6621.01155	0.0003999999998995918	trials	electrical	biphasic	60	MOs	deep	recovery	False	True
6625.4431799999975	0.0004000000026280759	trials	electrical	biphasic	80	MOs	deep	recovery	False	True
6629.67227	0.0003999999998995918	trials	electrical	biphasic	80	MOs	deep	recovery	False	True
6633.91054	0.0003999999998995918	trials	electrical	biphasic	60	MOs	deep	recovery	False	True
6637.47436	0.0003999999998995918	trials	electrical	biphasic	40	MOs	deep	recovery	False	True
6641.83523	0.0003999999998995918	trials	electrical	biphasic	60	MOs	deep	recovery	False	True
6646.27006	0.0003999999998995918	trials	electrical	biphasic	80	MOs	deep	recovery	False	True
6650.75489	0.0003999999998995918	trials	electrical	biphasic	40	MOs	deep	recovery	False	True
6655.11426	0.0003999999998995918	trials	electrical	biphasic	40	MOs	deep	recovery	False	True
6659.40025	0.0003999999998995918	trials	electrical	biphasic	40	MOs	deep	recovery	False	True
6663.41405	0.0003999999998995918	trials	electrical	biphasic	40	MOs	deep	recovery	False	True
6667.092079999999	0.0003999999980806024	trials	electrical	biphasic	80	MOs	deep	recovery	False	True
6670.99108	0.0003999999998995918	trials	electrical	biphasic	60	MOs	deep	recovery	False	True
6674.62545	0.0004000000008090865	trials	electrical	biphasic	80	MOs	deep	recovery	False	True
6678.156770000001	0.0003999999989900971	trials	electrical	biphasic	40	MOs	deep	recovery	False	True
6682.59634	0.0003999999998995918	trials	electrical	biphasic	60	MOs	deep	recovery	True	True
6686.39807	0.0003999999998995918	trials	electrical	biphasic	40	MOs	deep	recovery	True	True
6690.19403	0.0003999999998995918	trials	electrical	biphasic	40	MOs	deep	recovery	True	True
6694.0274	0.0003999999998995918	trials	electrical	biphasic	60	MOs	deep	recovery	True	True
6697.9948799999975	0.0004000000026280759	trials	electrical	biphasic	60	MOs	deep	recovery	True	True
6702.14351	0.0003999999998995918	trials	electrical	biphasic	80	MOs	deep	recovery	True	True
6705.66915	0.0003999999998995918	trials	electrical	biphasic	60	MOs	deep	recovery	True	True
6710.01178	0.0003999999998995918	trials	electrical	biphasic	40	MOs	deep	recovery	True	True
6714.07125	0.0003999999998995918	trials	electrical	biphasic	80	MOs	deep	recovery	True	True
6718.42578	0.0004000000008090865	trials	electrical	biphasic	60	MOs	deep	recovery	True	True
6722.27408	0.0003999999998995918	trials	electrical	biphasic	40	MOs	deep	recovery	True	True
6726.22053	0.0004000000008090865	trials	electrical	biphasic	40	MOs	deep	recovery	True	True
6729.77519	0.0003999999998995918	trials	electrical	biphasic	40	MOs	deep	recovery	False	True
6733.45272	0.0003999999998995918	trials	electrical	biphasic	40	MOs	deep	recovery	False	True
6737.615940000002	0.0003999999989900971	trials	electrical	biphasic	40	MOs	deep	recovery	False	True
6741.447190000001	0.0004000000017185812	trials	electrical	biphasic	60	MOs	deep	recovery	False	True
6745.8461	0.0003999999998995918	trials	electrical	biphasic	80	MOs	deep	recovery	False	True
6749.46468	0.0003999999998995918	trials	electrical	biphasic	40	MOs	deep	recovery	False	True
6753.95353	0.0003999999998995918	trials	electrical	biphasic	40	MOs	deep	recovery	False	True
6757.99394	0.0003999999998995918	trials	electrical	biphasic	80	MOs	deep	recovery	False	True
6762.2012799999975	0.0004000000026280759	trials	electrical	biphasic	80	MOs	deep	recovery	False	True
6766.701209999997	0.0004000000017185812	trials	electrical	biphasic	60	MOs	deep	recovery	False	True
6770.4894799999975	0.0004000000026280759	trials	electrical	biphasic	80	MOs	deep	recovery	False	True
6774.40442	0.0004000000026280759	trials	electrical	biphasic	80	MOs	deep	recovery	False	True
6778.36969	0.0003999999998995918	trials	electrical	biphasic	80	MOs	deep	recovery	False	True
6782.63408	0.0003999999998995918	trials	electrical	biphasic	40	MOs	deep	recovery	False	True
6786.95271	0.0004000000008090865	trials	electrical	biphasic	80	MOs	deep	recovery	False	True
