onset	duration	nwb_table	stimulus_type	stimulus_description	estim_current	estim_target_region	estim_target_depth	behavioral_epoch	is_running	is_valid
314.9794100000001	0.0003999999998995918	trials	electrical	biphasic	20	MOs	deep	awake	False	True
318.51243	0.0004000000000132786	trials	electrical	biphasic	10	MOs	deep	awake	False	True
322.57405	0.0004000000000132786	trials	electrical	biphasic	20	MOs	deep	awake	False	True
326.95634	0.0004000000000132786	trials	electrical	biphasic	40	MOs	deep	awake	False	True
331.12595	0.0004000000000132786	trials	electrical	biphasic	40	MOs	deep	awake	False	True
334.8168100000001	0.0003999999998995918	trials	electrical	biphasic	40	MOs	deep	awake	True	True
338.6861600000001	0.0003999999998995918	trials	electrical	biphasic	40	MOs	deep	awake	False	True
342.6473	0.0004000000000132786	trials	electrical	biphasic	10	MOs	deep	awake	True	True
347.12937	0.0004000000000132786	trials	electrical	biphasic	10	MOs	deep	awake	True	True
350.78619	0.0004000000000132786	trials	electrical	biphasic	10	MOs	deep	awake	True	True
355.14214	0.0004000000000132786	trials	electrical	biphasic	40	MOs	deep	awake	True	True
359.28733	0.0003999999998995918	trials	electrical	biphasic	40	MOs	deep	awake	True	True
363.16403	0.0003999999999564352	trials	electrical	biphasic	20	MOs	deep	awake	False	True
366.85537	0.0004000000000132786	trials	electrical	biphasic	10	MOs	deep	awake	False	True
370.78406	0.0004000000000132786	trials	electrical	biphasic	20	MOs	deep	awake	False	True
374.7665	0.0004000000000132786	trials	electrical	biphasic	40	MOs	deep	awake	False	True
378.38755	0.0004000000000132786	trials	electrical	biphasic	10	MOs	deep	awake	False	True
382.47747	0.0004000000000132786	trials	electrical	biphasic	40	MOs	deep	awake	False	True
386.20408	0.0004000000000132786	trials	electrical	biphasic	20	MOs	deep	awake	False	True
390.08912	0.0004000000000132786	trials	electrical	biphasic	40	MOs	deep	awake	False	True
394.17253	0.0004000000000132786	trials	electrical	biphasic	40	MOs	deep	awake	False	True
397.92475	0.0003999999999564352	trials	electrical	biphasic	10	MOs	deep	awake	False	True
401.71561	0.0003999999999564352	trials	electrical	biphasic	20	MOs	deep	awake	False	True
405.83314	0.0004000000000132786	trials	electrical	biphasic	10	MOs	deep	awake	False	True
409.59884	0.0004000000000132786	trials	electrical	biphasic	20	MOs	deep	awake	False	True
413.92365	0.0004000000000132786	trials	electrical	biphasic	40	MOs	deep	awake	False	True
418.40674	0.0004000000000132786	trials	electrical	biphasic	10	MOs	deep	awake	False	True
422.63741	0.0004000000000132786	trials	electrical	biphasic	20	MOs	deep	awake	False	True
426.48171	0.0003999999999564352	trials	electrical	biphasic	40	MOs	deep	awake	False	True
430.5662	0.0004000000000132786	trials	electrical	biphasic	20	MOs	deep	awake	False	True
434.17438	0.0004000000000132786	trials	electrical	biphasic	40	MOs	deep	awake	False	True
438.58111	0.0003999999999564352	trials	electrical	biphasic	10	MOs	deep	awake	False	True
442.96119	0.00040000000007012204	trials	electrical	biphasic	10	MOs	deep	awake	False	True
447.27938	0.0004000000000132786	trials	electrical	biphasic	40	MOs	deep	awake	False	True
451.04052	0.0004000000000132786	trials	electrical	biphasic	40	MOs	deep	awake	False	True
455.13531	0.0004000000000132786	trials	electrical	biphasic	20	MOs	deep	awake	False	True
458.65825	0.0004000000000132786	trials	electrical	biphasic	40	MOs	deep	awake	False	True
462.58394	0.00040000000007012204	trials	electrical	biphasic	20	MOs	deep	awake	False	True
466.39708	0.0003999999999564352	trials	electrical	biphasic	20	MOs	deep	awake	False	True
470.05898	0.0003999999999564352	trials	electrical	biphasic	20	MOs	deep	awake	False	True
473.73817	0.0003999999999564352	trials	electrical	biphasic	10	MOs	deep	awake	False	True
477.66147	0.0004000000000132786	trials	electrical	biphasic	20	MOs	deep	awake	False	True
481.25612	0.0004000000000132786	trials	electrical	biphasic	10	MOs	deep	awake	False	True
485.35506	0.0004000000000132786	trials	electrical	biphasic	40	MOs	deep	awake	False	True
489.32641	0.0004000000000132786	trials	electrical	biphasic	10	MOs	deep	awake	False	True
493.52277	0.0004000000000132786	trials	electrical	biphasic	20	MOs	deep	awake	False	True
497.72308	0.0004000000000132786	trials	electrical	biphasic	40	MOs	deep	awake	False	True
501.86205	0.0004000000000132786	trials	electrical	biphasic	20	MOs	deep	awake	False	True
505.39607	0.0004000000000132786	trials	electrical	biphasic	40	MOs	deep	awake	False	True
508.96529	0.00040000000007012204	trials	electrical	biphasic	10	MOs	deep	awake	False	True
512.78531	0.0004000000000132786	trials	electrical	biphasic	10	MOs	deep	awake	False	True
516.8166	0.0004000000000132786	trials	electrical	biphasic	20	MOs	deep	awake	False	True
520.9714700000002	0.00039999999978590495	trials	electrical	biphasic	20	MOs	deep	awake	False	True
524.87951	0.0004000000000132786	trials	electrical	biphasic	10	MOs	deep	awake	False	True
529.19992	0.0004000000000132786	trials	electrical	biphasic	40	MOs	deep	awake	False	True
533.4187	0.0004000000000132786	trials	electrical	biphasic	10	MOs	deep	awake	False	True
537.88777	0.00040000000012696546	trials	electrical	biphasic	10	MOs	deep	awake	False	True
541.91954	0.0004000000000132786	trials	electrical	biphasic	10	MOs	deep	awake	False	True
545.7451	0.0004000000000132786	trials	electrical	biphasic	10	MOs	deep	awake	False	True
549.35114	0.0004000000000132786	trials	electrical	biphasic	10	MOs	deep	awake	False	True
553.46253	0.0004000000000132786	trials	electrical	biphasic	40	MOs	deep	awake	False	True
557.74176	0.0004000000000132786	trials	electrical	biphasic	40	MOs	deep	awake	False	True
561.66564	0.00040000000012696546	trials	electrical	biphasic	20	MOs	deep	awake	False	True
565.25688	0.00040999999998803105	trials	electrical	biphasic	20	MOs	deep	awake	True	True
569.0237900000002	0.0004000000000132786	trials	electrical	biphasic	40	MOs	deep	awake	False	True
572.67787	0.0004000000000132786	trials	electrical	biphasic	10	MOs	deep	awake	True	True
576.4593	0.0004000000000132786	trials	electrical	biphasic	40	MOs	deep	awake	True	True
580.3998	0.0004000000000132786	trials	electrical	biphasic	40	MOs	deep	awake	True	True
584.42737	0.0004000000000132786	trials	electrical	biphasic	20	MOs	deep	awake	True	True
588.3852099999998	0.0004000000000132786	trials	electrical	biphasic	40	MOs	deep	awake	True	True
592.76102	0.0004000000000132786	trials	electrical	biphasic	20	MOs	deep	awake	True	True
596.7795	0.0004000000000132786	trials	electrical	biphasic	20	MOs	deep	awake	True	True
601.22355	0.0003999999998995918	trials	electrical	biphasic	20	MOs	deep	awake	True	True
605.36168	0.0004000000000132786	trials	electrical	biphasic	10	MOs	deep	awake	True	True
609.81981	0.0004000000000132786	trials	electrical	biphasic	20	MOs	deep	awake	True	True
613.56093	0.0004000000000132786	trials	electrical	biphasic	20	MOs	deep	awake	False	True
617.73748	0.0004000000000132786	trials	electrical	biphasic	10	MOs	deep	awake	False	True
621.5269599999998	0.0004000000000132786	trials	electrical	biphasic	40	MOs	deep	awake	False	True
625.69919	0.00040000000012696546	trials	electrical	biphasic	40	MOs	deep	awake	True	True
629.89475	0.0003999999998995918	trials	electrical	biphasic	20	MOs	deep	awake	False	True
633.46318	0.0004000000000132786	trials	electrical	biphasic	20	MOs	deep	awake	False	True
637.2184	0.0004000000000132786	trials	electrical	biphasic	10	MOs	deep	awake	False	True
640.94286	0.0004000000000132786	trials	electrical	biphasic	20	MOs	deep	awake	False	True
645.11113	0.0004000000000132786	trials	electrical	biphasic	20	MOs	deep	awake	False	True
649.45596	0.0004000000000132786	trials	electrical	biphasic	10	MOs	deep	awake	False	True
653.30084	0.0004000000000132786	trials	electrical	biphasic	20	MOs	deep	awake	False	True
657.5817900000002	0.0004000000000132786	trials	electrical	biphasic	40	MOs	deep	awake	False	True
661.75755	0.0004000000000132786	trials	electrical	biphasic	20	MOs	deep	awake	False	True
665.2647	0.0004000000000132786	trials	electrical	biphasic	40	MOs	deep	awake	False	True
669.3673	0.0004000000000132786	trials	electrical	biphasic	20	MOs	deep	awake	False	True
673.25451	0.0004000000000132786	trials	electrical	biphasic	40	MOs	deep	awake	False	True
677.6709400000002	0.00039999999978590495	trials	electrical	biphasic	20	MOs	deep	awake	False	True
681.17252	0.0004000000000132786	trials	electrical	biphasic	20	MOs	deep	awake	False	True
685.1353799999998	0.00040000000012696546	trials	electrical	biphasic	10	MOs	deep	awake	False	True
689.06015	0.0004000000000132786	trials	electrical	biphasic	10	MOs	deep	awake	False	True
693.0214900000002	0.00039999999978590495	trials	electrical	biphasic	10	MOs	deep	awake	False	True
697.2920799999998	0.00040000000012696546	trials	electrical	biphasic	10	MOs	deep	awake	True	True
701.11498	0.0004000000000132786	trials	electrical	biphasic	10	MOs	deep	awake	True	True
705.40015	0.0003999999998995918	trials	electrical	biphasic	20	MOs	deep	awake	True	True
709.37194	0.0004000000000132786	trials	electrical	biphasic	20	MOs	deep	awake	True	True
712.90812	0.00040000000012696546	trials	electrical	biphasic	40	MOs	deep	awake	True	True
716.58442	0.0004000000000132786	trials	electrical	biphasic	20	MOs	deep	awake	True	True
720.80661	0.0004000000000132786	trials	electrical	biphasic	40	MOs	deep	awake	False	True
724.7805099999998	0.00040000000012696546	trials	electrical	biphasic	10	MOs	deep	awake	False	True
728.4336599999998	0.0004000000000132786	trials	electrical	biphasic	20	MOs	deep	awake	False	True
732.2752	0.0004000000000132786	trials	electrical	biphasic	40	MOs	deep	awake	False	True
736.38301	0.00039999999978590495	trials	electrical	biphasic	10	MOs	deep	awake	False	True
740.0751700000002	0.00039999999978590495	trials	electrical	biphasic	10	MOs	deep	awake	False	True
744.31402	0.0004000000000132786	trials	electrical	biphasic	10	MOs	deep	awake	False	True
748.0573	0.0003999999998995918	trials	electrical	biphasic	10	MOs	deep	awake	False	True
752.47515	0.0004000000000132786	trials	electrical	biphasic	40	MOs	deep	awake	False	True
756.24463	0.00039999999978590495	trials	electrical	biphasic	20	MOs	deep	awake	False	True
760.5105599999998	0.00040000000012696546	trials	electrical	biphasic	20	MOs	deep	awake	False	True
764.19964	0.00040000000012696546	trials	electrical	biphasic	20	MOs	deep	awake	False	True
767.9875599999998	0.0004000000000132786	trials	electrical	biphasic	40	MOs	deep	awake	False	True
771.57911	0.00039999999978590495	trials	electrical	biphasic	20	MOs	deep	awake	False	True
775.65573	0.0004000000000132786	trials	electrical	biphasic	20	MOs	deep	awake	False	True
779.83952	0.0004000000000132786	trials	electrical	biphasic	10	MOs	deep	awake	False	True
783.8865400000002	0.00039999999978590495	trials	electrical	biphasic	10	MOs	deep	awake	False	True
787.8126900000002	0.00039999999978590495	trials	electrical	biphasic	20	MOs	deep	awake	False	True
791.95755	0.0004000000000132786	trials	electrical	biphasic	40	MOs	deep	awake	False	True
796.1056	0.00040000000012696546	trials	electrical	biphasic	40	MOs	deep	awake	False	True
800.28504	0.0004000000000132786	trials	electrical	biphasic	10	MOs	deep	awake	False	True
804.42125	0.0004000000000132786	trials	electrical	biphasic	20	MOs	deep	awake	False	True
808.86685	0.0004000000000132786	trials	electrical	biphasic	40	MOs	deep	awake	False	True
812.57622	0.0004000000000132786	trials	electrical	biphasic	10	MOs	deep	awake	False	True
816.78592	0.0004000000000132786	trials	electrical	biphasic	10	MOs	deep	awake	False	True
820.52259	0.0004000000000132786	trials	electrical	biphasic	20	MOs	deep	awake	False	True
824.1424099999998	0.0004000000000132786	trials	electrical	biphasic	20	MOs	deep	awake	False	True
828.25013	0.0004000000000132786	trials	electrical	biphasic	10	MOs	deep	awake	False	True
832.2007	0.0004000000000132786	trials	electrical	biphasic	20	MOs	deep	awake	False	True
836.15984	0.0004000000000132786	trials	electrical	biphasic	40	MOs	deep	awake	False	True
840.3222	0.0004000000000132786	trials	electrical	biphasic	20	MOs	deep	awake	False	True
844.59291	0.0004000000000132786	trials	electrical	biphasic	20	MOs	deep	awake	False	True
848.44355	0.0004000000000132786	trials	electrical	biphasic	40	MOs	deep	awake	False	True
852.6060000000001	0.0003999999998995918	trials	electrical	biphasic	20	MOs	deep	awake	False	True
856.5225800000002	0.0004000000000132786	trials	electrical	biphasic	10	MOs	deep	awake	False	True
860.8649300000002	0.0004000000000132786	trials	electrical	biphasic	10	MOs	deep	awake	False	True
865.19827	0.0003999999998995918	trials	electrical	biphasic	20	MOs	deep	awake	False	True
868.95513	0.00040000000012696546	trials	electrical	biphasic	40	MOs	deep	awake	False	True
873.0690199999998	0.0004000000000132786	trials	electrical	biphasic	10	MOs	deep	awake	False	True
877.15168	0.00040000000012696546	trials	electrical	biphasic	40	MOs	deep	awake	False	True
881.19284	0.00040000000012696546	trials	electrical	biphasic	40	MOs	deep	awake	False	True
885.5632099999998	0.0004000000000132786	trials	electrical	biphasic	20	MOs	deep	awake	False	True
889.32841	0.0004000000000132786	trials	electrical	biphasic	20	MOs	deep	awake	False	True
893.1469099999998	0.00040000000012696546	trials	electrical	biphasic	20	MOs	deep	awake	False	True
896.7665599999998	0.0004000000000132786	trials	electrical	biphasic	20	MOs	deep	awake	False	True
901.2068	0.0003999999998995918	trials	electrical	biphasic	40	MOs	deep	awake	False	True
905.35278	0.0003999999998995918	trials	electrical	biphasic	20	MOs	deep	awake	False	True
909.33267	0.0004000000000132786	trials	electrical	biphasic	40	MOs	deep	awake	False	True
913.47241	0.0004000000000132786	trials	electrical	biphasic	10	MOs	deep	awake	False	True
917.51755	0.0004000000000132786	trials	electrical	biphasic	40	MOs	deep	awake	False	True
921.6653	0.0004000000000132786	trials	electrical	biphasic	20	MOs	deep	awake	False	True
925.7096	0.0004000000000132786	trials	electrical	biphasic	20	MOs	deep	awake	False	True
929.93106	0.0004000000000132786	trials	electrical	biphasic	20	MOs	deep	awake	False	True
933.95399	0.0004000000000132786	trials	electrical	biphasic	40	MOs	deep	awake	False	True
938.44811	0.0004000000000132786	trials	electrical	biphasic	40	MOs	deep	awake	False	True
942.16721	0.0004000000000132786	trials	electrical	biphasic	20	MOs	deep	awake	False	True
945.77343	0.0004000000000132786	trials	electrical	biphasic	20	MOs	deep	awake	False	True
949.38355	0.0004000000000132786	trials	electrical	biphasic	10	MOs	deep	awake	False	True
952.94757	0.0004000000000132786	trials	electrical	biphasic	20	MOs	deep	awake	True	True
956.85258	0.0004000000000132786	trials	electrical	biphasic	10	MOs	deep	awake	True	True
960.80138	0.0004000000000132786	trials	electrical	biphasic	10	MOs	deep	awake	True	True
964.66762	0.0003999999998995918	trials	electrical	biphasic	20	MOs	deep	awake	True	True
968.93154	0.0004000000000132786	trials	electrical	biphasic	10	MOs	deep	awake	True	True
973.05987	0.0003999999998995918	trials	electrical	biphasic	20	MOs	deep	awake	True	True
977.33227	0.0004000000000132786	trials	electrical	biphasic	40	MOs	deep	awake	True	True
981.76556	0.0003999999998995918	trials	electrical	biphasic	40	MOs	deep	awake	True	True
986.23872	0.0004000000000132786	trials	electrical	biphasic	10	MOs	deep	awake	False	True
989.93116	0.0004000000000132786	trials	electrical	biphasic	20	MOs	deep	awake	False	True
993.57046	0.0004000000000132786	trials	electrical	biphasic	40	MOs	deep	awake	False	True
997.76714	0.0004000000000132786	trials	electrical	biphasic	10	MOs	deep	awake	False	True
1001.36138	0.0003999999998995918	trials	electrical	biphasic	40	MOs	deep	awake	False	True
1005.3872	0.00040999999998803105	trials	electrical	biphasic	10	MOs	deep	awake	False	True
1009.41797	0.0004000000000132786	trials	electrical	biphasic	20	MOs	deep	awake	False	True
1013.77953	0.0004000000000132786	trials	electrical	biphasic	40	MOs	deep	awake	False	True
1017.76481	0.0004000000000132786	trials	electrical	biphasic	40	MOs	deep	awake	False	True
1021.65869	0.0004000000000132786	trials	electrical	biphasic	20	MOs	deep	awake	False	True
1025.83056	0.0003999999998995918	trials	electrical	biphasic	40	MOs	deep	awake	False	True
1030.07224	0.00040000000012696546	trials	electrical	biphasic	10	MOs	deep	awake	False	True
1034.09272	0.0003999999998995918	trials	electrical	biphasic	40	MOs	deep	awake	True	True
1037.94086	0.00040000000012696546	trials	electrical	biphasic	20	MOs	deep	awake	True	True
1041.59128	0.0003999999998995918	trials	electrical	biphasic	40	MOs	deep	awake	True	True
1045.6778	0.00040000000012696546	trials	electrical	biphasic	10	MOs	deep	awake	True	True
1049.44036	0.0003999999998995918	trials	electrical	biphasic	40	MOs	deep	awake	True	True
1052.98524	0.00040000000012696546	trials	electrical	biphasic	40	MOs	deep	awake	True	True
1057.24061	0.0003999999998995918	trials	electrical	biphasic	10	MOs	deep	awake	True	True
1060.98381	0.00040000000012696546	trials	electrical	biphasic	20	MOs	deep	awake	True	True
1064.9266300000004	0.0003999999996722181	trials	electrical	biphasic	20	MOs	deep	awake	False	True
1069.11485	0.00040000000012696546	trials	electrical	biphasic	20	MOs	deep	awake	False	True
1072.97449	0.0003999999998995918	trials	electrical	biphasic	20	MOs	deep	awake	False	True
1077.21125	0.0003999999998995918	trials	electrical	biphasic	40	MOs	deep	awake	False	True
1081.10637	0.00040000000012696546	trials	electrical	biphasic	40	MOs	deep	awake	False	True
1085.29022	0.0003999999998995918	trials	electrical	biphasic	40	MOs	deep	awake	False	True
1089.49468	0.0003999999998995918	trials	electrical	biphasic	40	MOs	deep	awake	False	True
1093.4374	0.0003999999998995918	trials	electrical	biphasic	10	MOs	deep	awake	False	True
1096.9574	0.0003999999998995918	trials	electrical	biphasic	10	MOs	deep	awake	False	True
1100.78868	0.0003999999998995918	trials	electrical	biphasic	20	MOs	deep	awake	True	True
1104.7134	0.0003999999998995918	trials	electrical	biphasic	10	MOs	deep	awake	False	True
1108.4841	0.00040000000012696546	trials	electrical	biphasic	40	MOs	deep	awake	False	True
1112.1815800000004	0.0003999999996722181	trials	electrical	biphasic	40	MOs	deep	awake	False	True
1116.50372	0.0003999999996722181	trials	electrical	biphasic	10	MOs	deep	awake	True	True
1120.43406	0.0003999999998995918	trials	electrical	biphasic	20	MOs	deep	awake	False	True
1124.82226	0.00040000000012696546	trials	electrical	biphasic	10	MOs	deep	awake	False	True
1128.7138699999996	0.00040000000035433914	trials	electrical	biphasic	40	MOs	deep	awake	False	True
1132.98341	0.0003999999998995918	trials	electrical	biphasic	10	MOs	deep	awake	False	True
1136.88063	0.0003999999998995918	trials	electrical	biphasic	20	MOs	deep	awake	False	True
1141.18957	0.0003999999998995918	trials	electrical	biphasic	20	MOs	deep	awake	False	True
1145.44507	0.0003999999998995918	trials	electrical	biphasic	10	MOs	deep	awake	False	True
1149.32289	0.00040000000012696546	trials	electrical	biphasic	10	MOs	deep	awake	False	True
1153.03933	0.0003999999998995918	trials	electrical	biphasic	20	MOs	deep	awake	False	True
1157.33015	0.0003999999998995918	trials	electrical	biphasic	40	MOs	deep	awake	False	True
1161.77988	0.00040000000035433914	trials	electrical	biphasic	40	MOs	deep	awake	False	True
1165.60786	0.0003999999998995918	trials	electrical	biphasic	20	MOs	deep	awake	False	True
1169.77954	0.0003999999998995918	trials	electrical	biphasic	10	MOs	deep	awake	False	True
1173.7186	0.00040000000012696546	trials	electrical	biphasic	10	MOs	deep	awake	False	True
1178.05252	0.00040000000012696546	trials	electrical	biphasic	20	MOs	deep	awake	False	True
1182.3218	0.00040000000012696546	trials	electrical	biphasic	20	MOs	deep	awake	False	True
1185.9894800000004	0.0003999999996722181	trials	electrical	biphasic	10	MOs	deep	awake	False	True
1190.35189	0.00040000000012696546	trials	electrical	biphasic	20	MOs	deep	awake	False	True
1194.84219	0.0003999999998995918	trials	electrical	biphasic	40	MOs	deep	awake	False	True
1198.85703	0.00040000000012696546	trials	electrical	biphasic	10	MOs	deep	awake	False	True
1203.24173	0.00040000000012696546	trials	electrical	biphasic	40	MOs	deep	awake	False	True
1207.33017	0.00040000000012696546	trials	electrical	biphasic	20	MOs	deep	awake	False	True
1210.98535	0.00040000000012696546	trials	electrical	biphasic	20	MOs	deep	awake	False	True
1214.6856300000004	0.0003999999996722181	trials	electrical	biphasic	40	MOs	deep	awake	False	True
1218.59301	0.0003999999998995918	trials	electrical	biphasic	20	MOs	deep	awake	False	True
1222.84213	0.0003999999998995918	trials	electrical	biphasic	40	MOs	deep	awake	False	True
1227.16814	0.0003999999998995918	trials	electrical	biphasic	10	MOs	deep	awake	False	True
1231.45852	0.00040000000012696546	trials	electrical	biphasic	20	MOs	deep	awake	False	True
1235.27746	0.0003999999998995918	trials	electrical	biphasic	10	MOs	deep	awake	False	True
1239.31194	0.0003999999998995918	trials	electrical	biphasic	20	MOs	deep	awake	False	True
1242.90232	0.0003999999996722181	trials	electrical	biphasic	40	MOs	deep	awake	False	True
1246.5144300000004	0.0003999999996722181	trials	electrical	biphasic	20	MOs	deep	awake	False	True
1250.15115	0.00040000000012696546	trials	electrical	biphasic	40	MOs	deep	awake	False	True
1254.33023	0.00040000000035433914	trials	electrical	biphasic	10	MOs	deep	awake	False	True
1258.32584	0.00040000000012696546	trials	electrical	biphasic	10	MOs	deep	awake	False	True
1262.01597	0.0003999999996722181	trials	electrical	biphasic	10	MOs	deep	awake	False	True
1266.01139	0.00040000000012696546	trials	electrical	biphasic	10	MOs	deep	awake	False	True
1269.65941	0.00040000000012696546	trials	electrical	biphasic	40	MOs	deep	awake	False	True
1273.21481	0.00040000000012696546	trials	electrical	biphasic	40	MOs	deep	awake	True	True
1277.56595	0.00040000000012696546	trials	electrical	biphasic	40	MOs	deep	awake	True	True
1281.62693	0.00040000000012696546	trials	electrical	biphasic	40	MOs	deep	awake	True	True
1286.05696	0.00040000000012696546	trials	electrical	biphasic	10	MOs	deep	awake	True	True
1290.25404	0.0003999999998995918	trials	electrical	biphasic	40	MOs	deep	awake	True	True
1294.33726	0.0003999999998995918	trials	electrical	biphasic	10	MOs	deep	awake	False	True
1298.65308	0.00040000000035433914	trials	electrical	biphasic	40	MOs	deep	awake	False	True
1303.03252	0.00040000000012696546	trials	electrical	biphasic	40	MOs	deep	awake	False	True
1307.52187	0.0003999999998995918	trials	electrical	biphasic	20	MOs	deep	awake	False	True
1311.0228	0.00040000000012696546	trials	electrical	biphasic	10	MOs	deep	awake	False	True
1315.3886699999996	0.00040000000035433914	trials	electrical	biphasic	10	MOs	deep	awake	False	True
1319.50165	0.00040000000012696546	trials	electrical	biphasic	40	MOs	deep	awake	False	True
1323.99203	0.0003999999998995918	trials	electrical	biphasic	40	MOs	deep	awake	False	True
1328.02013	0.0003999999998995918	trials	electrical	biphasic	10	MOs	deep	awake	False	True
1332.0000699999996	0.00040000000035433914	trials	electrical	biphasic	40	MOs	deep	awake	False	True
1336.30183	0.0003999999998995918	trials	electrical	biphasic	10	MOs	deep	awake	False	True
1340.03009	0.00040000000012696546	trials	electrical	biphasic	10	MOs	deep	awake	False	True
1344.02861	0.0003999999998995918	trials	electrical	biphasic	20	MOs	deep	awake	False	True
1348.42989	0.00040000000012696546	trials	electrical	biphasic	40	MOs	deep	awake	False	True
1352.50497	0.00040000000012696546	trials	electrical	biphasic	40	MOs	deep	awake	False	True
1356.85058	0.00040000000035433914	trials	electrical	biphasic	40	MOs	deep	awake	False	True
1361.08964	0.00040000000012696546	trials	electrical	biphasic	40	MOs	deep	awake	False	True
1365.17604	0.0003999999998995918	trials	electrical	biphasic	40	MOs	deep	awake	False	True
1368.9232	0.00040000000012696546	trials	electrical	biphasic	20	MOs	deep	awake	False	True
1373.09004	0.0003999999998995918	trials	electrical	biphasic	40	MOs	deep	awake	False	True
1376.67394	0.00040000000012696546	trials	electrical	biphasic	10	MOs	deep	awake	True	True
1380.8003199999996	0.00040000000035433914	trials	electrical	biphasic	40	MOs	deep	awake	True	True
1384.96168	0.00040000000012696546	trials	electrical	biphasic	20	MOs	deep	awake	True	True
1389.19186	0.00040000000012696546	trials	electrical	biphasic	10	MOs	deep	awake	False	True
1393.58304	0.00040000000012696546	trials	electrical	biphasic	10	MOs	deep	awake	True	True
1398.06576	0.00040000000012696546	trials	electrical	biphasic	10	MOs	deep	awake	True	True
1402.3352	0.00040000000012696546	trials	electrical	biphasic	10	MOs	deep	awake	True	True
1406.41706	0.0003999999998995918	trials	electrical	biphasic	10	MOs	deep	awake	True	True
1410.84581	0.0003999999998995918	trials	electrical	biphasic	10	MOs	deep	awake	False	True
1414.92633	0.0003999999998995918	trials	electrical	biphasic	10	MOs	deep	awake	False	True
1418.44372	0.00040000000012696546	trials	electrical	biphasic	20	MOs	deep	awake	False	True
1422.065	0.0003999999998995918	trials	electrical	biphasic	20	MOs	deep	awake	False	True
1426.42814	0.00040000000012696546	trials	electrical	biphasic	40	MOs	deep	awake	False	True
1430.41286	0.00040000000012696546	trials	electrical	biphasic	10	MOs	deep	awake	False	True
1434.75815	0.00040000000012696546	trials	electrical	biphasic	20	MOs	deep	awake	False	True
1438.46796	0.00040000000012696546	trials	electrical	biphasic	20	MOs	deep	awake	True	True
1442.52068	0.0003999999998995918	trials	electrical	biphasic	10	MOs	deep	awake	True	True
1446.65099	0.0003999999998995918	trials	electrical	biphasic	10	MOs	deep	awake	True	True
1450.1834	0.00040000000012696546	trials	electrical	biphasic	20	MOs	deep	awake	True	True
1454.29854	0.0003999999998995918	trials	electrical	biphasic	10	MOs	deep	awake	False	True
1458.16138	0.0003999999998995918	trials	electrical	biphasic	40	MOs	deep	awake	False	True
1461.71134	0.0003999999998995918	trials	electrical	biphasic	20	MOs	deep	awake	False	True
1465.70134	0.0003999999998995918	trials	electrical	biphasic	10	MOs	deep	awake	False	True
1469.39428	0.00040000000012696546	trials	electrical	biphasic	40	MOs	deep	awake	False	True
1473.01778	0.00040000000012696546	trials	electrical	biphasic	40	MOs	deep	awake	False	True
1476.7237	0.0003999999998995918	trials	electrical	biphasic	40	MOs	deep	awake	False	True
1480.37063	0.00040000000012696546	trials	electrical	biphasic	40	MOs	deep	awake	False	True
1484.06013	0.0003999999998995918	trials	electrical	biphasic	20	MOs	deep	awake	False	True
1487.60321	0.0003999999998995918	trials	electrical	biphasic	10	MOs	deep	awake	False	True
1491.73883	0.0003999999998995918	trials	electrical	biphasic	10	MOs	deep	awake	False	True
1495.52111	0.00040000000012696546	trials	electrical	biphasic	20	MOs	deep	awake	False	True
1499.56013	0.0003999999998995918	trials	electrical	biphasic	40	MOs	deep	awake	False	True
1503.75571	0.00040000000012696546	trials	electrical	biphasic	20	MOs	deep	awake	False	True
1507.75525	0.00040000000012696546	trials	electrical	biphasic	40	MOs	deep	awake	False	True
1511.79147	0.00040000000012696546	trials	electrical	biphasic	20	MOs	deep	awake	False	True
1515.73707	0.00040000000012696546	trials	electrical	biphasic	10	MOs	deep	awake	False	True
1519.3614300000004	0.0003999999996722181	trials	electrical	biphasic	40	MOs	deep	awake	False	True
1523.35221	0.0003999999998995918	trials	electrical	biphasic	10	MOs	deep	awake	False	True
1527.7056300000004	0.0003999999996722181	trials	electrical	biphasic	10	MOs	deep	awake	False	True
1532.07997	0.0003999999998995918	trials	electrical	biphasic	40	MOs	deep	awake	False	True
1535.85069	0.00040000000012696546	trials	electrical	biphasic	10	MOs	deep	awake	False	True
1539.55957	0.00040000000012696546	trials	electrical	biphasic	20	MOs	deep	awake	False	True
1543.6249699999996	0.00040000000035433914	trials	electrical	biphasic	10	MOs	deep	awake	False	True
1547.76571	0.00040000000012696546	trials	electrical	biphasic	20	MOs	deep	awake	False	True
1551.68315	0.0003999999998995918	trials	electrical	biphasic	40	MOs	deep	awake	False	True
1555.38955	0.0003999999998995918	trials	electrical	biphasic	20	MOs	deep	awake	False	True
1559.83791	0.00040000000012696546	trials	electrical	biphasic	20	MOs	deep	awake	False	True
1563.42041	0.00040000000012696546	trials	electrical	biphasic	20	MOs	deep	awake	False	True
1567.02652	0.00040000000012696546	trials	electrical	biphasic	40	MOs	deep	awake	False	True
1570.66898	0.00040000000012696546	trials	electrical	biphasic	40	MOs	deep	awake	False	True
1574.33586	0.00040000000012696546	trials	electrical	biphasic	10	MOs	deep	awake	False	True
1578.45724	0.00040000000012696546	trials	electrical	biphasic	40	MOs	deep	awake	False	True
1582.53138	0.00040000000012696546	trials	electrical	biphasic	20	MOs	deep	awake	False	True
1586.08388	0.00040000000012696546	trials	electrical	biphasic	20	MOs	deep	awake	False	True
1590.5155	0.00040000000012696546	trials	electrical	biphasic	40	MOs	deep	awake	False	True
1594.74458	0.00040000000035433914	trials	electrical	biphasic	40	MOs	deep	awake	False	True
1598.98284	0.00040000000012696546	trials	electrical	biphasic	20	MOs	deep	awake	False	True
1602.54666	0.00040000000012696546	trials	electrical	biphasic	10	MOs	deep	awake	False	True
1606.90752	0.00040000000012696546	trials	electrical	biphasic	20	MOs	deep	awake	False	True
1611.34234	0.00040000000012696546	trials	electrical	biphasic	40	MOs	deep	awake	False	True
1615.82716	0.0004099999998743442	trials	electrical	biphasic	10	MOs	deep	awake	False	False
1620.1865300000004	0.0003999999996722181	trials	electrical	biphasic	10	MOs	deep	awake	False	True
1624.47251	0.0003999999998995918	trials	electrical	biphasic	10	MOs	deep	awake	False	True
1628.48631	0.0003999999998995918	trials	electrical	biphasic	10	MOs	deep	awake	False	True
1632.16433	0.0003999999998995918	trials	electrical	biphasic	40	MOs	deep	awake	False	True
1636.06332	0.0004100000001017179	trials	electrical	biphasic	20	MOs	deep	awake	False	True
1639.69768	0.0003999999998995918	trials	electrical	biphasic	40	MOs	deep	awake	False	True
1643.229	0.0003999999998995918	trials	electrical	biphasic	10	MOs	deep	awake	False	True
1647.66856	0.0003999999998995918	trials	electrical	biphasic	20	MOs	deep	awake	False	True
1651.47028	0.0003999999998995918	trials	electrical	biphasic	10	MOs	deep	awake	False	True
1655.26624	0.00040000000012696546	trials	electrical	biphasic	10	MOs	deep	awake	False	True
1659.0996	0.0003999999998995918	trials	electrical	biphasic	20	MOs	deep	awake	False	True
1663.06708	0.00040000000035433914	trials	electrical	biphasic	20	MOs	deep	awake	True	True
1667.2157	0.00040000000012696546	trials	electrical	biphasic	40	MOs	deep	awake	True	True
1670.74134	0.0003999999998995918	trials	electrical	biphasic	20	MOs	deep	awake	True	True
1675.08396	0.00040000000012696546	trials	electrical	biphasic	10	MOs	deep	awake	True	True
1679.14342	0.0003999999998995918	trials	electrical	biphasic	40	MOs	deep	awake	False	True
1683.4979399999993	0.0004000000008090865	trials	electrical	biphasic	20	MOs	deep	awake	True	True
1687.34624	0.0003999999996722181	trials	electrical	biphasic	10	MOs	deep	awake	False	True
1691.29268	0.0003999999998995918	trials	electrical	biphasic	10	MOs	deep	awake	False	True
1694.8473399999998	0.00040000000012696546	trials	electrical	biphasic	10	MOs	deep	awake	True	True
1698.52485	0.0003999999998995918	trials	electrical	biphasic	10	MOs	deep	awake	False	True
1702.68807	0.0003999999996722181	trials	electrical	biphasic	10	MOs	deep	awake	False	True
1706.51931	0.0004000000008090865	trials	electrical	biphasic	20	MOs	deep	awake	False	True
1710.91822	0.0003999999998995918	trials	electrical	biphasic	40	MOs	deep	awake	False	True
1714.53679	0.0003999999996722181	trials	electrical	biphasic	10	MOs	deep	awake	False	True
1719.0256399999996	0.0003999999996722181	trials	electrical	biphasic	10	MOs	deep	awake	False	True
1723.06604	0.0003999999996722181	trials	electrical	biphasic	40	MOs	deep	awake	False	True
1727.27338	0.0003999999998995918	trials	electrical	biphasic	40	MOs	deep	awake	False	True
1731.7733	0.0003999999998995918	trials	electrical	biphasic	20	MOs	deep	awake	False	True
1735.56156	0.00040000000012696546	trials	electrical	biphasic	40	MOs	deep	awake	False	True
1739.4765	0.0003999999998995918	trials	electrical	biphasic	40	MOs	deep	awake	False	True
1743.4417600000004	0.0003999999996722181	trials	electrical	biphasic	40	MOs	deep	awake	False	True
1747.7061399999998	0.00040000000012696546	trials	electrical	biphasic	10	MOs	deep	awake	False	True
1752.0247600000002	0.0003999999996722181	trials	electrical	biphasic	40	MOs	deep	awake	False	True
1781.18494	0.2492499999998472	trials	visual	white circle	n/a	n/a	n/a	awake	True	True
1785.4718300000004	0.24927999999999884	trials	visual	white circle	n/a	n/a	n/a	awake	True	True
1789.7921199999996	0.26594999999997526	trials	visual	white circle	n/a	n/a	n/a	awake	True	True
1793.82882	0.24925000000007458	trials	visual	white circle	n/a	n/a	n/a	awake	True	True
1797.7654	0.24927000000002408	trials	visual	white circle	n/a	n/a	n/a	awake	True	True
1801.93557	0.2659400000000005	trials	visual	white circle	n/a	n/a	n/a	awake	True	True
1806.02231	0.24926000000004933	trials	visual	white circle	n/a	n/a	n/a	awake	True	True
1810.34257	0.24927000000002408	trials	visual	white circle	n/a	n/a	n/a	awake	True	True
1814.11239	0.2492700000007062	trials	visual	white circle	n/a	n/a	n/a	awake	True	True
1817.89887	0.24927999999999884	trials	visual	white circle	n/a	n/a	n/a	awake	True	True
1822.16913	0.24927000000002408	trials	visual	white circle	n/a	n/a	n/a	awake	True	True
1826.80632	0.24927000000002408	trials	visual	white circle	n/a	n/a	n/a	awake	True	True
1830.85969	0.24929999999994834	trials	visual	white circle	n/a	n/a	n/a	awake	True	True
1835.3301	0.24927999999999884	trials	visual	white circle	n/a	n/a	n/a	awake	True	True
1840.03403	0.24928000000068096	trials	visual	white circle	n/a	n/a	n/a	awake	True	True
1844.68794	0.24926000000004933	trials	visual	white circle	n/a	n/a	n/a	awake	True	True
1848.44109	0.24923999999987245	trials	visual	white circle	n/a	n/a	n/a	awake	True	True
1852.8781	0.24927999999999884	trials	visual	white circle	n/a	n/a	n/a	awake	True	True
1856.84807	0.2492899999999736	trials	visual	white circle	n/a	n/a	n/a	awake	False	True
1861.41858	0.24927999999999884	trials	visual	white circle	n/a	n/a	n/a	awake	False	True
1865.38855	0.24927999999999884	trials	visual	white circle	n/a	n/a	n/a	awake	False	True
1869.37522	0.24927999999999884	trials	visual	white circle	n/a	n/a	n/a	awake	False	True
1873.14504	0.24927999999999884	trials	visual	white circle	n/a	n/a	n/a	awake	False	True
1877.18175	0.24926000000004933	trials	visual	white circle	n/a	n/a	n/a	awake	False	True
1880.98491	0.24929000000020096	trials	visual	white circle	n/a	n/a	n/a	awake	False	True
1885.22178	0.24929999999994834	trials	visual	white circle	n/a	n/a	n/a	awake	False	True
1889.94241	0.2492699999997967	trials	visual	white circle	n/a	n/a	n/a	awake	False	True
1893.8123	0.2492899999999736	trials	visual	white circle	n/a	n/a	n/a	awake	False	True
1898.13259	0.24927999999999884	trials	visual	white circle	n/a	n/a	n/a	awake	True	True
1902.75312	0.24927999999999884	trials	visual	white circle	n/a	n/a	n/a	awake	True	True
1907.4237100000007	0.24926999999934196	trials	visual	white circle	n/a	n/a	n/a	awake	True	True
1911.19351	0.24927000000002408	trials	visual	white circle	n/a	n/a	n/a	awake	True	True
1915.31362	0.24927999999999884	trials	visual	white circle	n/a	n/a	n/a	awake	True	True
1919.86742	0.24927999999999884	trials	visual	white circle	n/a	n/a	n/a	awake	False	True
1924.17102	0.24927999999999884	trials	visual	white circle	n/a	n/a	n/a	awake	False	True
1928.05763	0.24925000000007458	trials	visual	white circle	n/a	n/a	n/a	awake	False	True
1932.36122	0.2492899999999736	trials	visual	white circle	n/a	n/a	n/a	awake	False	True
1936.56471	0.24927999999999884	trials	visual	white circle	n/a	n/a	n/a	awake	False	True
1940.35123	0.24927000000002408	trials	visual	white circle	n/a	n/a	n/a	awake	False	True
1944.6882	0.24927000000002408	trials	visual	white circle	n/a	n/a	n/a	awake	False	True
1949.09187	0.2492899999999736	trials	visual	white circle	n/a	n/a	n/a	awake	False	True
1953.7124	0.24932000000012522	trials	visual	white circle	n/a	n/a	n/a	awake	False	True
1957.68238	0.2492899999999736	trials	visual	white circle	n/a	n/a	n/a	awake	False	True
1961.66903	0.24931999999989785	trials	visual	white circle	n/a	n/a	n/a	awake	False	True
1965.82251	0.24933000000009997	trials	visual	white circle	n/a	n/a	n/a	awake	False	True
1970.42639	0.2492899999999736	trials	visual	white circle	n/a	n/a	n/a	awake	False	True
1974.363	0.2493099999999231	trials	visual	white circle	n/a	n/a	n/a	awake	False	True
1978.36635	0.24931999999989785	trials	visual	white circle	n/a	n/a	n/a	awake	False	True
1982.82008	0.2492899999999736	trials	visual	white circle	n/a	n/a	n/a	awake	False	True
1987.40725	0.2492899999999736	trials	visual	white circle	n/a	n/a	n/a	awake	False	True
1991.71083	0.24932000000012522	trials	visual	white circle	n/a	n/a	n/a	awake	False	True
1995.86432	0.24931000000015047	trials	visual	white circle	n/a	n/a	n/a	awake	False	True
1999.65083	0.2492899999999736	trials	visual	white circle	n/a	n/a	n/a	awake	False	True
2004.18795	0.24929999999994834	trials	visual	white circle	n/a	n/a	n/a	awake	False	True
2008.0412	0.24927999999999884	trials	visual	white circle	n/a	n/a	n/a	awake	False	True
2012.46154	0.2492899999999736	trials	visual	white circle	n/a	n/a	n/a	awake	False	True
2016.48157	0.24930000000017571	trials	visual	white circle	n/a	n/a	n/a	awake	False	True
2020.66839	0.24931999999989785	trials	visual	white circle	n/a	n/a	n/a	awake	False	True
2024.45492	0.24927000000002408	trials	visual	white circle	n/a	n/a	n/a	awake	False	True
2028.8752600000007	0.24931999999921572	trials	visual	white circle	n/a	n/a	n/a	awake	False	True
2033.47913	0.24927999999999884	trials	visual	white circle	n/a	n/a	n/a	awake	False	True
2038.01628	0.24926000000004933	trials	visual	white circle	n/a	n/a	n/a	awake	False	True
2042.50335	0.24929999999994834	trials	visual	white circle	n/a	n/a	n/a	awake	False	True
2046.54006	0.24929999999994834	trials	visual	white circle	n/a	n/a	n/a	awake	False	True
2051.02715	0.24931000000015047	trials	visual	white circle	n/a	n/a	n/a	awake	False	True
2055.03048	0.24933000000009997	trials	visual	white circle	n/a	n/a	n/a	awake	False	True
2059.26738	0.24927999999999884	trials	visual	white circle	n/a	n/a	n/a	awake	False	True
2063.92126	0.24933000000009997	trials	visual	white circle	n/a	n/a	n/a	awake	False	True
2068.29159	0.2493200000003526	trials	visual	white circle	n/a	n/a	n/a	awake	False	True
2072.47842	0.24933000000009997	trials	visual	white circle	n/a	n/a	n/a	awake	False	True
2076.49847	0.24929999999994834	trials	visual	white circle	n/a	n/a	n/a	awake	False	True
2080.96885	0.26599999999962165	trials	visual	white circle	n/a	n/a	n/a	awake	True	True
2085.43927	0.24933000000009997	trials	visual	white circle	n/a	n/a	n/a	awake	False	True
2089.42593	0.24933000000009997	trials	visual	white circle	n/a	n/a	n/a	awake	False	True
2093.29585	0.24931999999989785	trials	visual	white circle	n/a	n/a	n/a	awake	False	True
2097.21578	0.24933000000009997	trials	visual	white circle	n/a	n/a	n/a	awake	False	True
2101.41932	0.24933000000009997	trials	visual	white circle	n/a	n/a	n/a	awake	False	True
2105.40598	0.24929000000020096	trials	visual	white circle	n/a	n/a	n/a	awake	False	True
2109.1758	0.24931000000015047	trials	visual	white circle	n/a	n/a	n/a	awake	True	True
2112.9623	0.24931000000060521	trials	visual	white circle	n/a	n/a	n/a	awake	False	True
2116.78216	0.24933999999984735	trials	visual	white circle	n/a	n/a	n/a	awake	True	True
2121.36936	0.24929999999994834	trials	visual	white circle	n/a	n/a	n/a	awake	False	True
2125.1725	0.24933999999984735	trials	visual	white circle	n/a	n/a	n/a	awake	True	True
2129.7763600000008	0.24932999999919048	trials	visual	white circle	n/a	n/a	n/a	awake	False	True
2133.87979	0.24934000000075685	trials	visual	white circle	n/a	n/a	n/a	awake	True	True
2137.84981	0.24929999999994834	trials	visual	white circle	n/a	n/a	n/a	awake	True	True
2141.7197100000008	0.24930999999924097	trials	visual	white circle	n/a	n/a	n/a	awake	True	True
2145.6063	0.24931999999989785	trials	visual	white circle	n/a	n/a	n/a	awake	True	True
2150.14342	0.2493400000003021	trials	visual	white circle	n/a	n/a	n/a	awake	True	True
2154.16345	0.24931000000015047	trials	visual	white circle	n/a	n/a	n/a	awake	True	True
2158.16679	0.24932999999964522	trials	visual	white circle	n/a	n/a	n/a	awake	True	True
2162.70392	0.24935000000004948	trials	visual	white circle	n/a	n/a	n/a	awake	False	True
2166.85741	0.24933000000009997	trials	visual	white circle	n/a	n/a	n/a	awake	False	True
2171.51129	0.24933000000009997	trials	visual	white circle	n/a	n/a	n/a	awake	False	True
2175.48127	0.24932999999964522	trials	visual	white circle	n/a	n/a	n/a	awake	False	True
2179.68483	0.24929999999994834	trials	visual	white circle	n/a	n/a	n/a	awake	False	True
2184.2553	0.2493400000003021	trials	visual	white circle	n/a	n/a	n/a	awake	False	True
2188.34206	0.24932000000080734	trials	visual	white circle	n/a	n/a	n/a	awake	False	True
2192.27867	0.24933999999984735	trials	visual	white circle	n/a	n/a	n/a	awake	False	True
2196.58228	0.24933000000009997	trials	visual	white circle	n/a	n/a	n/a	awake	False	True
2201.20281	0.24932999999964522	trials	visual	white circle	n/a	n/a	n/a	awake	False	True
2205.20617	0.24931000000015047	trials	visual	white circle	n/a	n/a	n/a	awake	False	True
2209.57649	0.24933000000009997	trials	visual	white circle	n/a	n/a	n/a	awake	False	True
2214.2471	0.24928999999974621	trials	visual	white circle	n/a	n/a	n/a	awake	True	True
2218.2671	0.24931000000015047	trials	visual	white circle	n/a	n/a	n/a	awake	False	True
2222.83759	0.24933000000009997	trials	visual	white circle	n/a	n/a	n/a	awake	False	True
2227.09119	0.24927999999999884	trials	visual	white circle	n/a	n/a	n/a	awake	False	True
2231.46148	0.24933999999984735	trials	visual	white circle	n/a	n/a	n/a	awake	False	True
2235.64832	0.2493200000003526	trials	visual	white circle	n/a	n/a	n/a	awake	False	True
2239.41814	0.24933999999984735	trials	visual	white circle	n/a	n/a	n/a	awake	False	True
2243.68837	0.24933000000009997	trials	visual	white circle	n/a	n/a	n/a	awake	False	True
2248.2255	0.24935000000004948	trials	visual	white circle	n/a	n/a	n/a	awake	False	True
2252.47909	0.24931000000015047	trials	visual	white circle	n/a	n/a	n/a	awake	False	True
2256.49911	0.24935000000050422	trials	visual	white circle	n/a	n/a	n/a	awake	False	True
2260.35233	0.24931999999989785	trials	visual	white circle	n/a	n/a	n/a	awake	False	True
2264.97287	0.24934000000075685	trials	visual	white circle	n/a	n/a	n/a	awake	False	True
2269.4266	0.2493400000003021	trials	visual	white circle	n/a	n/a	n/a	awake	False	True
2273.59674	0.24934000000075685	trials	visual	white circle	n/a	n/a	n/a	awake	False	True
2278.06718	0.24931000000015047	trials	visual	white circle	n/a	n/a	n/a	awake	False	True
2282.77109	0.2660200000000259	trials	visual	white circle	n/a	n/a	n/a	awake	False	True
2370.3387297499185	537.9300000000003	epochs								
2908.2787297499185	2577.32	epochs								
3503.5507	0.00040000000035433914	trials	electrical	biphasic	20	MOs	deep	isoflurane	False	True
3507.08372	0.00040000000035433914	trials	electrical	biphasic	10	MOs	deep	isoflurane	False	True
3511.14535	0.00040000000035433914	trials	electrical	biphasic	20	MOs	deep	isoflurane	False	True
3515.52763	0.00039999999944484443	trials	electrical	biphasic	40	MOs	deep	isoflurane	False	True
3519.69723	0.0003999999998995918	trials	electrical	biphasic	40	MOs	deep	isoflurane	False	True
3523.38809	0.0003999999998995918	trials	electrical	biphasic	40	MOs	deep	isoflurane	False	True
3527.25744	0.00040000000035433914	trials	electrical	biphasic	40	MOs	deep	isoflurane	False	True
3531.21858	0.0003999999998995918	trials	electrical	biphasic	10	MOs	deep	isoflurane	False	True
3535.70064	0.0003999999998995918	trials	electrical	biphasic	10	MOs	deep	isoflurane	False	True
3539.35746	0.0003999999998995918	trials	electrical	biphasic	10	MOs	deep	isoflurane	False	True
3543.7134100000007	0.00039999999944484443	trials	electrical	biphasic	40	MOs	deep	isoflurane	False	True
3547.85859	0.00040000000035433914	trials	electrical	biphasic	40	MOs	deep	isoflurane	False	True
3551.73529	0.0003999999998995918	trials	electrical	biphasic	20	MOs	deep	isoflurane	False	True
3555.42664	0.0003999999998995918	trials	electrical	biphasic	10	MOs	deep	isoflurane	False	True
3559.35532	0.00040000000035433914	trials	electrical	biphasic	20	MOs	deep	isoflurane	False	True
3563.337760000001	0.0003999999989900971	trials	electrical	biphasic	40	MOs	deep	isoflurane	False	True
3566.9588	0.0003999999998995918	trials	electrical	biphasic	10	MOs	deep	isoflurane	False	True
3571.04872	0.00040000000035433914	trials	electrical	biphasic	40	MOs	deep	isoflurane	False	True
3574.7753299999995	0.00040000000035433914	trials	electrical	biphasic	20	MOs	deep	isoflurane	False	True
3578.6603700000005	0.0003999999998995918	trials	electrical	biphasic	40	MOs	deep	isoflurane	False	True
3582.7437700000005	0.0003999999998995918	trials	electrical	biphasic	40	MOs	deep	isoflurane	False	True
3586.49599	0.0003999999998995918	trials	electrical	biphasic	10	MOs	deep	isoflurane	False	True
3590.28686	0.0003999999998995918	trials	electrical	biphasic	20	MOs	deep	isoflurane	False	True
3594.4043799999995	0.00040000000035433914	trials	electrical	biphasic	10	MOs	deep	isoflurane	False	True
3598.17008	0.00040000000035433914	trials	electrical	biphasic	20	MOs	deep	isoflurane	False	True
3602.49489	0.0003999999998995918	trials	electrical	biphasic	40	MOs	deep	isoflurane	False	True
3606.97797	0.0003999999998995918	trials	electrical	biphasic	10	MOs	deep	isoflurane	False	True
3611.20864	0.00040000000035433914	trials	electrical	biphasic	20	MOs	deep	isoflurane	False	True
3615.05294	0.0003999999998995918	trials	electrical	biphasic	40	MOs	deep	isoflurane	False	True
3619.13743	0.0003999999998995918	trials	electrical	biphasic	20	MOs	deep	isoflurane	False	True
3622.74561	0.0003999999998995918	trials	electrical	biphasic	40	MOs	deep	isoflurane	False	True
3627.15233	0.0003999999998995918	trials	electrical	biphasic	10	MOs	deep	isoflurane	False	True
3631.532420000002	0.0003999999980806024	trials	electrical	biphasic	10	MOs	deep	isoflurane	False	True
3635.85061	0.0003999999998995918	trials	electrical	biphasic	40	MOs	deep	isoflurane	False	True
3639.61175	0.0003999999998995918	trials	electrical	biphasic	40	MOs	deep	isoflurane	False	True
3643.70653	0.0003999999998995918	trials	electrical	biphasic	20	MOs	deep	isoflurane	False	True
3647.22947	0.0003999999998995918	trials	electrical	biphasic	40	MOs	deep	isoflurane	False	True
3651.15516	0.00040000000035433914	trials	electrical	biphasic	20	MOs	deep	isoflurane	False	True
3654.9683	0.0003999999998995918	trials	electrical	biphasic	20	MOs	deep	isoflurane	False	True
3658.6302	0.0003999999998995918	trials	electrical	biphasic	20	MOs	deep	isoflurane	False	True
3662.30938	0.0003999999998995918	trials	electrical	biphasic	10	MOs	deep	isoflurane	False	True
3666.23269	0.00040000000035433914	trials	electrical	biphasic	20	MOs	deep	isoflurane	False	True
3669.82733	0.0003999999998995918	trials	electrical	biphasic	10	MOs	deep	isoflurane	False	True
3673.92628	0.0003999999998995918	trials	electrical	biphasic	40	MOs	deep	isoflurane	False	True
3677.89762	0.0003999999998995918	trials	electrical	biphasic	10	MOs	deep	isoflurane	False	True
3682.09398	0.0004100000001017179	trials	electrical	biphasic	20	MOs	deep	isoflurane	False	True
3686.29429	0.00040000000035433914	trials	electrical	biphasic	40	MOs	deep	isoflurane	False	True
3690.43326	0.00040000000035433914	trials	electrical	biphasic	20	MOs	deep	isoflurane	False	True
3693.96728	0.00040000000035433914	trials	electrical	biphasic	40	MOs	deep	isoflurane	False	True
3697.5365	0.0003999999998995918	trials	electrical	biphasic	10	MOs	deep	isoflurane	False	True
3701.35652	0.00040000000035433914	trials	electrical	biphasic	10	MOs	deep	isoflurane	False	True
3705.38781	0.0003999999998995918	trials	electrical	biphasic	20	MOs	deep	isoflurane	False	True
3709.54267	0.00040000000035433914	trials	electrical	biphasic	20	MOs	deep	isoflurane	False	True
3713.45072	0.00040000000035433914	trials	electrical	biphasic	10	MOs	deep	isoflurane	False	True
3717.77112	0.0003999999998995918	trials	electrical	biphasic	40	MOs	deep	isoflurane	False	True
3721.98991	0.00040000000035433914	trials	electrical	biphasic	10	MOs	deep	isoflurane	False	True
3726.45898	0.0003999999998995918	trials	electrical	biphasic	10	MOs	deep	isoflurane	False	True
3730.49074	0.0003999999998995918	trials	electrical	biphasic	10	MOs	deep	isoflurane	False	True
3734.31631	0.0003999999998995918	trials	electrical	biphasic	10	MOs	deep	isoflurane	False	True
3737.92235	0.00040000000035433914	trials	electrical	biphasic	10	MOs	deep	isoflurane	False	True
3742.03374	0.00040000000035433914	trials	electrical	biphasic	40	MOs	deep	isoflurane	False	True
3746.31296	0.0003999999998995918	trials	electrical	biphasic	40	MOs	deep	isoflurane	False	True
3750.23685	0.00040000000035433914	trials	electrical	biphasic	20	MOs	deep	isoflurane	False	True
3753.82809	0.0003999999998995918	trials	electrical	biphasic	20	MOs	deep	isoflurane	False	True
3757.59499	0.0003999999998995918	trials	electrical	biphasic	40	MOs	deep	isoflurane	False	True
3761.24908	0.0003999999998995918	trials	electrical	biphasic	10	MOs	deep	isoflurane	False	True
3765.0305	0.00040000000035433914	trials	electrical	biphasic	40	MOs	deep	isoflurane	False	True
3768.971	0.0003999999998995918	trials	electrical	biphasic	40	MOs	deep	isoflurane	False	True
3772.99857	0.0003999999998995918	trials	electrical	biphasic	20	MOs	deep	isoflurane	False	True
3776.95641	0.00040000000035433914	trials	electrical	biphasic	40	MOs	deep	isoflurane	False	True
3781.33222	0.00040000000035433914	trials	electrical	biphasic	20	MOs	deep	isoflurane	False	True
3785.35071	0.0003999999998995918	trials	electrical	biphasic	20	MOs	deep	isoflurane	False	True
3789.79476	0.0003999999998995918	trials	electrical	biphasic	20	MOs	deep	isoflurane	False	True
3793.93288	0.00040000000035433914	trials	electrical	biphasic	10	MOs	deep	isoflurane	False	True
3798.39101	0.00040000000035433914	trials	electrical	biphasic	20	MOs	deep	isoflurane	False	True
3802.13213	0.0003999999998995918	trials	electrical	biphasic	20	MOs	deep	isoflurane	False	True
3806.30868	0.0003999999998995918	trials	electrical	biphasic	10	MOs	deep	isoflurane	False	True
3810.09817	0.0003999999998995918	trials	electrical	biphasic	40	MOs	deep	isoflurane	False	True
3814.27039	0.0003999999998995918	trials	electrical	biphasic	40	MOs	deep	isoflurane	False	True
3818.46596	0.0003999999998995918	trials	electrical	biphasic	20	MOs	deep	isoflurane	False	True
3822.03438	0.0003999999998995918	trials	electrical	biphasic	20	MOs	deep	isoflurane	False	True
3825.78961	0.00040000000035433914	trials	electrical	biphasic	10	MOs	deep	isoflurane	False	True
3829.51407	0.0003999999998995918	trials	electrical	biphasic	20	MOs	deep	isoflurane	False	True
3833.68234	0.00040000000035433914	trials	electrical	biphasic	20	MOs	deep	isoflurane	False	True
3838.02716	0.0003999999998995918	trials	electrical	biphasic	10	MOs	deep	isoflurane	False	True
3841.87205	0.0003999999998995918	trials	electrical	biphasic	20	MOs	deep	isoflurane	False	True
3846.153	0.00040000000035433914	trials	electrical	biphasic	40	MOs	deep	isoflurane	False	True
3850.32876	0.0003999999998995918	trials	electrical	biphasic	20	MOs	deep	isoflurane	False	True
3853.83591	0.00040000000035433914	trials	electrical	biphasic	40	MOs	deep	isoflurane	False	True
3857.93851	0.0003999999998995918	trials	electrical	biphasic	20	MOs	deep	isoflurane	False	True
3861.82572	0.00040000000035433914	trials	electrical	biphasic	40	MOs	deep	isoflurane	False	True
3866.24215	0.0003999999998995918	trials	electrical	biphasic	20	MOs	deep	isoflurane	False	True
3869.74373	0.0003999999998995918	trials	electrical	biphasic	20	MOs	deep	isoflurane	False	True
3873.70659	0.0004100000001017179	trials	electrical	biphasic	10	MOs	deep	isoflurane	False	True
3877.63136	0.00040000000035433914	trials	electrical	biphasic	10	MOs	deep	isoflurane	False	True
3881.59271	0.0003999999998995918	trials	electrical	biphasic	10	MOs	deep	isoflurane	False	True
3885.86329	0.00040000000035433914	trials	electrical	biphasic	10	MOs	deep	isoflurane	False	True
3889.6862	0.0003999999998995918	trials	electrical	biphasic	10	MOs	deep	isoflurane	False	True
3893.97137	0.0003999999998995918	trials	electrical	biphasic	20	MOs	deep	isoflurane	False	True
3897.94315	0.0003999999998995918	trials	electrical	biphasic	20	MOs	deep	isoflurane	False	True
3901.47934	0.00040000000035433914	trials	electrical	biphasic	40	MOs	deep	isoflurane	False	True
3905.15564	0.0003999999998995918	trials	electrical	biphasic	20	MOs	deep	isoflurane	False	True
3909.37783	0.0003999999998995918	trials	electrical	biphasic	40	MOs	deep	isoflurane	False	True
3913.35173	0.00040000000035433914	trials	electrical	biphasic	10	MOs	deep	isoflurane	False	True
3917.00488	0.0003999999998995918	trials	electrical	biphasic	20	MOs	deep	isoflurane	False	True
3920.84642	0.00040000000035433914	trials	electrical	biphasic	40	MOs	deep	isoflurane	False	True
3924.95423	0.00040000000035433914	trials	electrical	biphasic	10	MOs	deep	isoflurane	False	True
3928.64639	0.0003999999998995918	trials	electrical	biphasic	10	MOs	deep	isoflurane	False	True
3932.88524	0.0003999999998995918	trials	electrical	biphasic	10	MOs	deep	isoflurane	False	True
3936.62853	0.0003999999998995918	trials	electrical	biphasic	10	MOs	deep	isoflurane	False	True
3941.0463700000014	0.00039999999853534973	trials	electrical	biphasic	40	MOs	deep	isoflurane	False	True
3944.81586	0.0003999999998995918	trials	electrical	biphasic	20	MOs	deep	isoflurane	False	True
3949.08179	0.0003999999998995918	trials	electrical	biphasic	20	MOs	deep	isoflurane	False	True
3952.77087	0.00040000000035433914	trials	electrical	biphasic	20	MOs	deep	isoflurane	False	True
3956.5588	0.00040000000035433914	trials	electrical	biphasic	40	MOs	deep	isoflurane	False	True
3960.15034	0.0003999999998995918	trials	electrical	biphasic	20	MOs	deep	isoflurane	False	True
3964.22697	0.00040000000126383384	trials	electrical	biphasic	20	MOs	deep	isoflurane	False	True
3968.41075	0.0003999999998995918	trials	electrical	biphasic	10	MOs	deep	isoflurane	False	True
3972.45778	0.0003999999998995918	trials	electrical	biphasic	10	MOs	deep	isoflurane	False	True
3976.38393	0.0003999999998995918	trials	electrical	biphasic	20	MOs	deep	isoflurane	False	True
3980.52879	0.00040000000035433914	trials	electrical	biphasic	40	MOs	deep	isoflurane	False	True
3984.67684	0.0003999999998995918	trials	electrical	biphasic	40	MOs	deep	isoflurane	False	True
3988.85629	0.0003999999998995918	trials	electrical	biphasic	10	MOs	deep	isoflurane	False	True
3992.9925	0.00040000000035433914	trials	electrical	biphasic	20	MOs	deep	isoflurane	False	True
3997.43811	0.0003999999998995918	trials	electrical	biphasic	40	MOs	deep	isoflurane	False	True
4001.14747	0.0003999999998995918	trials	electrical	biphasic	10	MOs	deep	isoflurane	False	True
4005.35718	0.0003999999998995918	trials	electrical	biphasic	10	MOs	deep	isoflurane	False	True
4009.09384	0.0003999999998995918	trials	electrical	biphasic	20	MOs	deep	isoflurane	False	True
4012.71367	0.0003999999998995918	trials	electrical	biphasic	20	MOs	deep	isoflurane	False	True
4016.82139	0.0003999999998995918	trials	electrical	biphasic	10	MOs	deep	isoflurane	False	True
4020.77196	0.0003999999998995918	trials	electrical	biphasic	20	MOs	deep	isoflurane	False	True
4024.73111	0.0003999999998995918	trials	electrical	biphasic	40	MOs	deep	isoflurane	False	True
4028.89347	0.0003999999998995918	trials	electrical	biphasic	20	MOs	deep	isoflurane	False	True
4033.16418	0.0003999999998995918	trials	electrical	biphasic	20	MOs	deep	isoflurane	False	True
4037.01483	0.0003999999998995918	trials	electrical	biphasic	40	MOs	deep	isoflurane	False	True
4041.17728	0.0003999999998995918	trials	electrical	biphasic	20	MOs	deep	isoflurane	False	True
4045.09386	0.0003999999998995918	trials	electrical	biphasic	10	MOs	deep	isoflurane	False	True
4049.43621	0.00040000000035433914	trials	electrical	biphasic	10	MOs	deep	isoflurane	False	True
4053.76956	0.0003999999998995918	trials	electrical	biphasic	20	MOs	deep	isoflurane	False	True
4057.52642	0.00040000000126383384	trials	electrical	biphasic	40	MOs	deep	isoflurane	False	True
4061.64031	0.0003999999998995918	trials	electrical	biphasic	10	MOs	deep	isoflurane	False	True
4065.72298	0.0003999999998995918	trials	electrical	biphasic	40	MOs	deep	isoflurane	False	True
4069.76415	0.0003999999998995918	trials	electrical	biphasic	40	MOs	deep	isoflurane	False	True
4074.13451	0.00040000000035433914	trials	electrical	biphasic	20	MOs	deep	isoflurane	False	True
4077.89972	0.0003999999998995918	trials	electrical	biphasic	20	MOs	deep	isoflurane	False	True
4081.71823	0.0003999999998995918	trials	electrical	biphasic	20	MOs	deep	isoflurane	False	True
4085.33787	0.00040000000035433914	trials	electrical	biphasic	20	MOs	deep	isoflurane	False	True
4089.77812	0.0003999999998995918	trials	electrical	biphasic	40	MOs	deep	isoflurane	False	True
4093.92411	0.0003999999998995918	trials	electrical	biphasic	20	MOs	deep	isoflurane	False	True
4097.90399	0.0003999999998995918	trials	electrical	biphasic	40	MOs	deep	isoflurane	False	True
4102.04374	0.0003999999998995918	trials	electrical	biphasic	10	MOs	deep	isoflurane	False	True
4106.08889	0.0003999999998995918	trials	electrical	biphasic	40	MOs	deep	isoflurane	False	True
4110.23664	0.0003999999998995918	trials	electrical	biphasic	20	MOs	deep	isoflurane	False	True
4114.28094	0.0003999999998995918	trials	electrical	biphasic	20	MOs	deep	isoflurane	False	True
4118.50241	0.0003999999998995918	trials	electrical	biphasic	20	MOs	deep	isoflurane	False	True
4122.52534	0.0003999999998995918	trials	electrical	biphasic	40	MOs	deep	isoflurane	False	True
4127.01947	0.0003999999998995918	trials	electrical	biphasic	40	MOs	deep	isoflurane	False	True
4130.73857	0.0003999999998995918	trials	electrical	biphasic	20	MOs	deep	isoflurane	False	True
4134.3448	0.0003999999998995918	trials	electrical	biphasic	20	MOs	deep	isoflurane	False	True
4137.95492	0.0003999999998995918	trials	electrical	biphasic	10	MOs	deep	isoflurane	False	True
4141.51894	0.0003999999998995918	trials	electrical	biphasic	20	MOs	deep	isoflurane	False	True
4145.42395	0.0003999999998995918	trials	electrical	biphasic	10	MOs	deep	isoflurane	False	True
4149.37276	0.0003999999998995918	trials	electrical	biphasic	10	MOs	deep	isoflurane	False	True
4153.239000000001	0.0003999999989900971	trials	electrical	biphasic	20	MOs	deep	isoflurane	False	True
4157.50293	0.0003999999998995918	trials	electrical	biphasic	10	MOs	deep	isoflurane	False	True
4161.63126	0.0003999999998995918	trials	electrical	biphasic	20	MOs	deep	isoflurane	False	True
4165.9036700000015	0.0003999999998995918	trials	electrical	biphasic	40	MOs	deep	isoflurane	False	True
4170.336960000001	0.0003999999989900971	trials	electrical	biphasic	40	MOs	deep	isoflurane	False	True
4174.81013	0.0003999999998995918	trials	electrical	biphasic	10	MOs	deep	isoflurane	False	True
4178.5025700000015	0.0003999999998995918	trials	electrical	biphasic	20	MOs	deep	isoflurane	False	True
4182.14188	0.0003999999998995918	trials	electrical	biphasic	40	MOs	deep	isoflurane	False	True
4186.33857	0.0004000000017185812	trials	electrical	biphasic	10	MOs	deep	isoflurane	False	True
4189.93281	0.0003999999998995918	trials	electrical	biphasic	40	MOs	deep	isoflurane	False	True
4193.95864	0.0003999999998995918	trials	electrical	biphasic	10	MOs	deep	isoflurane	False	True
4197.9894	0.0003999999998995918	trials	electrical	biphasic	20	MOs	deep	isoflurane	False	True
4202.35097	0.0003999999998995918	trials	electrical	biphasic	40	MOs	deep	isoflurane	False	True
4206.33626	0.0003999999998995918	trials	electrical	biphasic	40	MOs	deep	isoflurane	False	True
4210.23015	0.0003999999998995918	trials	electrical	biphasic	20	MOs	deep	isoflurane	False	True
4214.40202	0.0003999999998995918	trials	electrical	biphasic	40	MOs	deep	isoflurane	False	True
4218.6437	0.0004000000008090865	trials	electrical	biphasic	10	MOs	deep	isoflurane	False	True
4222.66419	0.0003999999989900971	trials	electrical	biphasic	40	MOs	deep	isoflurane	False	True
4226.51234	0.0003999999998995918	trials	electrical	biphasic	20	MOs	deep	isoflurane	False	True
4230.16276	0.0003999999998995918	trials	electrical	biphasic	40	MOs	deep	isoflurane	False	True
4234.24929	0.0003999999998995918	trials	electrical	biphasic	10	MOs	deep	isoflurane	False	True
4238.01185	0.0003999999998995918	trials	electrical	biphasic	40	MOs	deep	isoflurane	False	True
4241.55674	0.0003999999998995918	trials	electrical	biphasic	40	MOs	deep	isoflurane	False	True
4245.81211	0.0003999999998995918	trials	electrical	biphasic	10	MOs	deep	isoflurane	False	True
4249.55531	0.0004000000017185812	trials	electrical	biphasic	20	MOs	deep	isoflurane	False	True
4253.49814	0.0003999999998995918	trials	electrical	biphasic	20	MOs	deep	isoflurane	False	True
4257.68637	0.0003999999998995918	trials	electrical	biphasic	20	MOs	deep	isoflurane	False	True
4261.54601	0.0003999999998995918	trials	electrical	biphasic	20	MOs	deep	isoflurane	False	True
4265.78278	0.0003999999998995918	trials	electrical	biphasic	40	MOs	deep	isoflurane	False	True
4269.67791	0.0003999999998995918	trials	electrical	biphasic	40	MOs	deep	isoflurane	False	True
4273.86176	0.0004000000017185812	trials	electrical	biphasic	40	MOs	deep	isoflurane	False	True
4278.066229999999	0.0003999999989900971	trials	electrical	biphasic	40	MOs	deep	isoflurane	False	True
4282.00895	0.0003999999998995918	trials	electrical	biphasic	10	MOs	deep	isoflurane	False	True
4285.5289600000015	0.0003999999989900971	trials	electrical	biphasic	10	MOs	deep	isoflurane	False	True
4289.36024	0.0003999999998995918	trials	electrical	biphasic	20	MOs	deep	isoflurane	False	True
4293.2849700000015	0.0003999999998995918	trials	electrical	biphasic	10	MOs	deep	isoflurane	False	True
4297.055670000002	0.0003999999998995918	trials	electrical	biphasic	40	MOs	deep	isoflurane	False	True
4300.75316	0.0003999999998995918	trials	electrical	biphasic	40	MOs	deep	isoflurane	False	True
4305.07531	0.0003999999998995918	trials	electrical	biphasic	10	MOs	deep	isoflurane	False	True
4309.00565	0.00040999999964697054	trials	electrical	biphasic	20	MOs	deep	isoflurane	False	True
4313.39386	0.0003999999998995918	trials	electrical	biphasic	10	MOs	deep	isoflurane	False	True
4317.285470000002	0.0003999999998995918	trials	electrical	biphasic	40	MOs	deep	isoflurane	False	True
4321.555020000002	0.0003999999998995918	trials	electrical	biphasic	10	MOs	deep	isoflurane	False	True
4325.45225	0.0003999999998995918	trials	electrical	biphasic	20	MOs	deep	isoflurane	False	True
4329.7612	0.0003999999998995918	trials	electrical	biphasic	20	MOs	deep	isoflurane	False	False
4334.0167	0.0003999999998995918	trials	electrical	biphasic	10	MOs	deep	isoflurane	False	True
4337.89453	0.0004000000008090865	trials	electrical	biphasic	10	MOs	deep	isoflurane	False	True
4341.61098	0.0003999999989900971	trials	electrical	biphasic	20	MOs	deep	isoflurane	False	True
4345.90181	0.0003999999998995918	trials	electrical	biphasic	40	MOs	deep	isoflurane	False	True
4350.35154	0.0003999999998995918	trials	electrical	biphasic	40	MOs	deep	isoflurane	False	False
4354.1795200000015	0.0003999999998995918	trials	electrical	biphasic	20	MOs	deep	isoflurane	False	True
4358.35121	0.0003999999998995918	trials	electrical	biphasic	10	MOs	deep	isoflurane	False	True
4362.290279999998	0.0004000000017185812	trials	electrical	biphasic	10	MOs	deep	isoflurane	False	True
4366.62421	0.0003999999998995918	trials	electrical	biphasic	20	MOs	deep	isoflurane	False	True
4370.89349	0.00040999999964697054	trials	electrical	biphasic	20	MOs	deep	isoflurane	False	True
4374.56118	0.0003999999998995918	trials	electrical	biphasic	10	MOs	deep	isoflurane	False	True
4378.923589999999	0.0004000000008090865	trials	electrical	biphasic	20	MOs	deep	isoflurane	False	True
4383.4139	0.0004000000008090865	trials	electrical	biphasic	40	MOs	deep	isoflurane	False	True
4387.42875	0.0003999999998995918	trials	electrical	biphasic	10	MOs	deep	isoflurane	False	True
4391.81346	0.0003999999998995918	trials	electrical	biphasic	40	MOs	deep	isoflurane	False	True
4395.9019	0.00041000000055646524	trials	electrical	biphasic	20	MOs	deep	isoflurane	False	True
4399.55709	0.0003999999998995918	trials	electrical	biphasic	20	MOs	deep	isoflurane	False	True
4403.25737	0.00040999999964697054	trials	electrical	biphasic	40	MOs	deep	isoflurane	False	True
4407.1647600000015	0.0003999999998995918	trials	electrical	biphasic	20	MOs	deep	isoflurane	False	True
4411.41389	0.0003999999998995918	trials	electrical	biphasic	40	MOs	deep	isoflurane	False	True
4415.7399	0.0004000000008090865	trials	electrical	biphasic	10	MOs	deep	isoflurane	False	True
4420.03029	0.0003999999998995918	trials	electrical	biphasic	20	MOs	deep	isoflurane	False	True
4423.84923	0.00040999999964697054	trials	electrical	biphasic	10	MOs	deep	isoflurane	False	True
4427.883720000002	0.0003999999998995918	trials	electrical	biphasic	20	MOs	deep	isoflurane	False	True
4431.47411	0.0003999999998995918	trials	electrical	biphasic	40	MOs	deep	isoflurane	False	False
4435.08623	0.0003999999998995918	trials	electrical	biphasic	20	MOs	deep	isoflurane	False	True
4438.72296	0.0003999999998995918	trials	electrical	biphasic	40	MOs	deep	isoflurane	False	True
4442.90204	0.0003999999998995918	trials	electrical	biphasic	10	MOs	deep	isoflurane	False	True
4446.89765	0.0003999999998995918	trials	electrical	biphasic	10	MOs	deep	isoflurane	False	True
4450.5878	0.0003999999998995918	trials	electrical	biphasic	10	MOs	deep	isoflurane	False	True
4454.58322	0.0003999999998995918	trials	electrical	biphasic	10	MOs	deep	isoflurane	False	True
4458.23125	0.0003999999998995918	trials	electrical	biphasic	40	MOs	deep	isoflurane	False	True
4461.78665	0.0003999999998995918	trials	electrical	biphasic	40	MOs	deep	isoflurane	False	True
4466.1378	0.0003999999998995918	trials	electrical	biphasic	40	MOs	deep	isoflurane	False	True
4470.19879	0.0003999999998995918	trials	electrical	biphasic	40	MOs	deep	isoflurane	False	True
4474.62882	0.0004000000017185812	trials	electrical	biphasic	10	MOs	deep	isoflurane	False	True
4478.825910000001	0.0003999999989900971	trials	electrical	biphasic	40	MOs	deep	isoflurane	False	True
4482.90914	0.0003999999998995918	trials	electrical	biphasic	10	MOs	deep	isoflurane	False	True
4487.22497	0.0003999999998995918	trials	electrical	biphasic	40	MOs	deep	isoflurane	False	True
4491.6044200000015	0.0003999999998995918	trials	electrical	biphasic	40	MOs	deep	isoflurane	False	True
4496.09377	0.0003999999998995918	trials	electrical	biphasic	20	MOs	deep	isoflurane	False	True
4499.59471	0.0003999999998995918	trials	electrical	biphasic	10	MOs	deep	isoflurane	False	True
4503.96058	0.0003999999998995918	trials	electrical	biphasic	10	MOs	deep	isoflurane	False	True
4508.073570000001	0.0003999999989900971	trials	electrical	biphasic	40	MOs	deep	isoflurane	False	True
4512.56396	0.0003999999998995918	trials	electrical	biphasic	40	MOs	deep	isoflurane	False	True
4516.5920700000015	0.0003999999998995918	trials	electrical	biphasic	10	MOs	deep	isoflurane	False	True
4520.57201	0.0003999999998995918	trials	electrical	biphasic	40	MOs	deep	isoflurane	False	True
4524.87378	0.0003999999998995918	trials	electrical	biphasic	10	MOs	deep	isoflurane	False	True
4528.60205	0.0003999999998995918	trials	electrical	biphasic	10	MOs	deep	isoflurane	False	True
4532.600570000001	0.0003999999989900971	trials	electrical	biphasic	20	MOs	deep	isoflurane	False	True
4537.00186	0.0003999999998995918	trials	electrical	biphasic	40	MOs	deep	isoflurane	False	True
4541.07695	0.0003999999998995918	trials	electrical	biphasic	40	MOs	deep	isoflurane	False	True
4545.42256	0.0003999999998995918	trials	electrical	biphasic	40	MOs	deep	isoflurane	False	True
4549.66163	0.0004000000008090865	trials	electrical	biphasic	40	MOs	deep	isoflurane	False	True
4553.74804	0.0003999999998995918	trials	electrical	biphasic	40	MOs	deep	isoflurane	False	True
4557.4952	0.0003999999998995918	trials	electrical	biphasic	20	MOs	deep	isoflurane	False	True
4561.66205	0.0003999999998995918	trials	electrical	biphasic	40	MOs	deep	isoflurane	False	True
4565.24596	0.0003999999998995918	trials	electrical	biphasic	10	MOs	deep	isoflurane	False	True
4569.37234	0.0003999999998995918	trials	electrical	biphasic	40	MOs	deep	isoflurane	False	True
4573.53371	0.0004000000017185812	trials	electrical	biphasic	20	MOs	deep	isoflurane	False	True
4577.7639	0.0003999999998995918	trials	electrical	biphasic	10	MOs	deep	isoflurane	False	True
4582.15509	0.0003999999998995918	trials	electrical	biphasic	10	MOs	deep	isoflurane	False	True
4586.63782	0.0004000000017185812	trials	electrical	biphasic	10	MOs	deep	isoflurane	False	True
4590.9072700000015	0.0003999999998995918	trials	electrical	biphasic	10	MOs	deep	isoflurane	False	True
4594.98914	0.0003999999998995918	trials	electrical	biphasic	10	MOs	deep	isoflurane	False	True
4599.41789	0.0003999999998995918	trials	electrical	biphasic	10	MOs	deep	isoflurane	False	True
4603.49842	0.0004000000017185812	trials	electrical	biphasic	10	MOs	deep	isoflurane	False	True
4607.015820000001	0.0003999999989900971	trials	electrical	biphasic	20	MOs	deep	isoflurane	False	True
4610.6371	0.0003999999998995918	trials	electrical	biphasic	20	MOs	deep	isoflurane	False	True
4615.00025	0.0003999999998995918	trials	electrical	biphasic	40	MOs	deep	isoflurane	False	True
4618.984979999998	0.0004000000017185812	trials	electrical	biphasic	10	MOs	deep	isoflurane	False	True
4623.33027	0.0003999999998995918	trials	electrical	biphasic	20	MOs	deep	isoflurane	False	True
4627.0401	0.0003999999998995918	trials	electrical	biphasic	20	MOs	deep	isoflurane	False	True
4631.09282	0.0004000000017185812	trials	electrical	biphasic	10	MOs	deep	isoflurane	False	True
4635.223129999999	0.0003999999989900971	trials	electrical	biphasic	10	MOs	deep	isoflurane	False	True
4638.75555	0.0003999999998995918	trials	electrical	biphasic	20	MOs	deep	isoflurane	False	True
4642.8707	0.0003999999998995918	trials	electrical	biphasic	10	MOs	deep	isoflurane	False	True
4646.73355	0.0003999999998995918	trials	electrical	biphasic	40	MOs	deep	isoflurane	False	True
4650.28351	0.0003999999998995918	trials	electrical	biphasic	20	MOs	deep	isoflurane	False	True
4654.273520000002	0.0003999999998995918	trials	electrical	biphasic	10	MOs	deep	isoflurane	False	True
4657.9664600000015	0.00040999999873747583	trials	electrical	biphasic	40	MOs	deep	isoflurane	False	True
4661.58997	0.0003999999998995918	trials	electrical	biphasic	40	MOs	deep	isoflurane	False	True
4665.295889999999	0.0004000000008090865	trials	electrical	biphasic	40	MOs	deep	isoflurane	False	True
4668.94284	0.0003999999998995918	trials	electrical	biphasic	40	MOs	deep	isoflurane	False	True
4672.63234	0.0003999999998995918	trials	electrical	biphasic	20	MOs	deep	isoflurane	False	True
4676.175429999998	0.0004000000017185812	trials	electrical	biphasic	10	MOs	deep	isoflurane	False	True
4680.31106	0.0003999999998995918	trials	electrical	biphasic	10	MOs	deep	isoflurane	False	True
4684.093339999999	0.0004000000008090865	trials	electrical	biphasic	20	MOs	deep	isoflurane	False	True
4688.13237	0.0003999999998995918	trials	electrical	biphasic	40	MOs	deep	isoflurane	False	True
4692.327960000001	0.0003999999989900971	trials	electrical	biphasic	20	MOs	deep	isoflurane	False	True
4696.3275	0.00040999999964697054	trials	electrical	biphasic	40	MOs	deep	isoflurane	False	True
4700.36373	0.0003999999998995918	trials	electrical	biphasic	20	MOs	deep	isoflurane	False	True
4704.30934	0.0003999999998995918	trials	electrical	biphasic	10	MOs	deep	isoflurane	False	True
4707.9337	0.0004000000008090865	trials	electrical	biphasic	40	MOs	deep	isoflurane	False	True
4711.924489999999	0.0004000000008090865	trials	electrical	biphasic	10	MOs	deep	isoflurane	False	True
4716.27792	0.0003999999998995918	trials	electrical	biphasic	10	MOs	deep	isoflurane	False	True
4720.652270000001	0.0003999999989900971	trials	electrical	biphasic	40	MOs	deep	isoflurane	False	True
4724.423	0.0003999999998995918	trials	electrical	biphasic	10	MOs	deep	isoflurane	False	True
4728.13188	0.0003999999998995918	trials	electrical	biphasic	20	MOs	deep	isoflurane	False	True
4732.19729	0.0003999999998995918	trials	electrical	biphasic	10	MOs	deep	isoflurane	False	True
4736.33804	0.0004000000008090865	trials	electrical	biphasic	20	MOs	deep	isoflurane	False	True
4740.25548	0.0003999999998995918	trials	electrical	biphasic	40	MOs	deep	isoflurane	False	True
4743.96189	0.0004000000008090865	trials	electrical	biphasic	20	MOs	deep	isoflurane	False	True
4748.4102600000015	0.0003999999998995918	trials	electrical	biphasic	20	MOs	deep	isoflurane	False	True
4751.99276	0.0003999999998995918	trials	electrical	biphasic	20	MOs	deep	isoflurane	False	True
4755.59889	0.0003999999998995918	trials	electrical	biphasic	40	MOs	deep	isoflurane	False	True
4759.24135	0.0003999999998995918	trials	electrical	biphasic	40	MOs	deep	isoflurane	False	True
4762.90824	0.0003999999998995918	trials	electrical	biphasic	10	MOs	deep	isoflurane	False	True
4767.02962	0.0003999999998995918	trials	electrical	biphasic	40	MOs	deep	isoflurane	False	True
4771.1037700000015	0.0003999999998995918	trials	electrical	biphasic	20	MOs	deep	isoflurane	False	True
4774.65628	0.0003999999998995918	trials	electrical	biphasic	20	MOs	deep	isoflurane	False	True
4779.08791	0.0003999999998995918	trials	electrical	biphasic	40	MOs	deep	isoflurane	False	True
4783.31699	0.0003999999998995918	trials	electrical	biphasic	40	MOs	deep	isoflurane	False	True
4787.55526	0.0003999999998995918	trials	electrical	biphasic	20	MOs	deep	isoflurane	False	True
4791.11909	0.0003999999998995918	trials	electrical	biphasic	10	MOs	deep	isoflurane	False	True
4795.4799600000015	0.0003999999998995918	trials	electrical	biphasic	20	MOs	deep	isoflurane	False	True
4799.91479	0.0003999999998995918	trials	electrical	biphasic	40	MOs	deep	isoflurane	False	True
4804.39962	0.0003999999998995918	trials	electrical	biphasic	10	MOs	deep	isoflurane	False	True
4808.75899	0.0003999999998995918	trials	electrical	biphasic	10	MOs	deep	isoflurane	False	True
4813.04497	0.0004000000017185812	trials	electrical	biphasic	10	MOs	deep	isoflurane	False	True
4817.058779999999	0.0003999999989900971	trials	electrical	biphasic	10	MOs	deep	isoflurane	False	True
4820.73681	0.0003999999998995918	trials	electrical	biphasic	40	MOs	deep	isoflurane	False	True
4824.63581	0.0004000000017185812	trials	electrical	biphasic	20	MOs	deep	isoflurane	False	True
4828.27018	0.0003999999989900971	trials	electrical	biphasic	40	MOs	deep	isoflurane	False	True
4831.8015	0.0004000000008090865	trials	electrical	biphasic	10	MOs	deep	isoflurane	False	True
4836.24107	0.0003999999998995918	trials	electrical	biphasic	20	MOs	deep	isoflurane	False	True
4840.0428	0.0003999999998995918	trials	electrical	biphasic	10	MOs	deep	isoflurane	False	True
4843.8387600000015	0.0003999999989900971	trials	electrical	biphasic	10	MOs	deep	isoflurane	False	True
4847.67213	0.0003999999998995918	trials	electrical	biphasic	20	MOs	deep	isoflurane	False	True
4851.63962	0.0004000000017185812	trials	electrical	biphasic	20	MOs	deep	isoflurane	False	True
4855.78824	0.0003999999998995918	trials	electrical	biphasic	40	MOs	deep	isoflurane	False	True
4859.313889999999	0.0004000000008090865	trials	electrical	biphasic	20	MOs	deep	isoflurane	False	True
4863.656520000001	0.0003999999989900971	trials	electrical	biphasic	10	MOs	deep	isoflurane	False	True
4867.71598	0.0003999999998995918	trials	electrical	biphasic	40	MOs	deep	isoflurane	False	True
4872.070510000001	0.0003999999989900971	trials	electrical	biphasic	20	MOs	deep	isoflurane	False	True
4875.91882	0.0004000000017185812	trials	electrical	biphasic	10	MOs	deep	isoflurane	False	True
4879.86527	0.0003999999998995918	trials	electrical	biphasic	10	MOs	deep	isoflurane	False	True
4883.41993	0.0003999999998995918	trials	electrical	biphasic	10	MOs	deep	isoflurane	False	True
4887.09745	0.0003999999998995918	trials	electrical	biphasic	10	MOs	deep	isoflurane	False	True
4891.260679999999	0.0003999999989900971	trials	electrical	biphasic	10	MOs	deep	isoflurane	False	True
4895.09193	0.0004000000008090865	trials	electrical	biphasic	20	MOs	deep	isoflurane	False	True
4899.49084	0.0003999999998995918	trials	electrical	biphasic	40	MOs	deep	isoflurane	False	True
4903.109420000002	0.0003999999998995918	trials	electrical	biphasic	10	MOs	deep	isoflurane	False	True
4907.59827	0.0003999999998995918	trials	electrical	biphasic	10	MOs	deep	isoflurane	False	True
4911.63868	0.0003999999998995918	trials	electrical	biphasic	40	MOs	deep	isoflurane	False	True
4915.84603	0.0003999999998995918	trials	electrical	biphasic	40	MOs	deep	isoflurane	False	True
4920.3459600000015	0.0003999999998995918	trials	electrical	biphasic	20	MOs	deep	isoflurane	False	True
4924.13422	0.0004000000017185812	trials	electrical	biphasic	40	MOs	deep	isoflurane	False	True
4928.04917	0.0003999999998995918	trials	electrical	biphasic	40	MOs	deep	isoflurane	False	True
4932.01444	0.0003999999998995918	trials	electrical	biphasic	40	MOs	deep	isoflurane	False	True
4936.278829999998	0.0004000000017185812	trials	electrical	biphasic	10	MOs	deep	isoflurane	False	True
4940.59745	0.0003999999998995918	trials	electrical	biphasic	40	MOs	deep	isoflurane	False	True
4967.62954	0.24939999999969586	trials	visual	white circle	n/a	n/a	n/a	isoflurane	False	True
4971.93315	0.24940000000060536	trials	visual	white circle	n/a	n/a	n/a	isoflurane	False	True
4976.25342	0.2493800000002011	trials	visual	white circle	n/a	n/a	n/a	isoflurane	False	True
4980.27346	0.24939999999969586	trials	visual	white circle	n/a	n/a	n/a	isoflurane	False	True
4984.21009	0.24936000000070635	trials	visual	white circle	n/a	n/a	n/a	isoflurane	False	True
4988.39692	0.2493899999999485	trials	visual	white circle	n/a	n/a	n/a	isoflurane	False	True
4992.46698	0.2493800000002011	trials	visual	white circle	n/a	n/a	n/a	isoflurane	False	True
4996.78728	0.24937000000045373	trials	visual	white circle	n/a	n/a	n/a	isoflurane	False	True
5000.557070000002	0.24936999999863474	trials	visual	white circle	n/a	n/a	n/a	isoflurane	False	True
5004.36024	0.24939999999969586	trials	visual	white circle	n/a	n/a	n/a	isoflurane	False	True
5008.6138	0.2493899999999485	trials	visual	white circle	n/a	n/a	n/a	isoflurane	False	True
5013.25098	0.24941000000035274	trials	visual	white circle	n/a	n/a	n/a	isoflurane	False	True
5017.304370000002	0.24940999999671476	trials	visual	white circle	n/a	n/a	n/a	isoflurane	False	True
5021.79144	0.24942000000010012	trials	visual	white circle	n/a	n/a	n/a	isoflurane	False	True
5026.4787	0.2493899999999485	trials	visual	white circle	n/a	n/a	n/a	isoflurane	False	True
5031.1326	0.24937000000045373	trials	visual	white circle	n/a	n/a	n/a	isoflurane	False	True
5034.9024	0.2493800000002011	trials	visual	white circle	n/a	n/a	n/a	isoflurane	False	True
5039.32275	0.24939999999969586	trials	visual	white circle	n/a	n/a	n/a	isoflurane	False	True
5043.29275	0.24937000000045373	trials	visual	white circle	n/a	n/a	n/a	isoflurane	False	True
5047.86322	0.2493899999999485	trials	visual	white circle	n/a	n/a	n/a	isoflurane	False	True
5051.83319	0.24939999999969586	trials	visual	white circle	n/a	n/a	n/a	isoflurane	False	True
5055.80319	0.26605000000017753	trials	visual	white circle	n/a	n/a	n/a	isoflurane	False	True
5059.58964	0.24940999999944324	trials	visual	white circle	n/a	n/a	n/a	isoflurane	False	True
5063.62638	0.24939000000176748	trials	visual	white circle	n/a	n/a	n/a	isoflurane	False	True
5067.42955	0.2493899999999485	trials	visual	white circle	n/a	n/a	n/a	isoflurane	False	True
5071.666420000001	0.249389999999039	trials	visual	white circle	n/a	n/a	n/a	isoflurane	False	True
5076.38703	0.24939999999969586	trials	visual	white circle	n/a	n/a	n/a	isoflurane	False	True
5080.25693	0.24941000000035274	trials	visual	white circle	n/a	n/a	n/a	isoflurane	False	True
5084.57722	0.24940000000151485	trials	visual	white circle	n/a	n/a	n/a	isoflurane	False	True
5089.19774	0.24940000000060536	trials	visual	white circle	n/a	n/a	n/a	isoflurane	False	True
5093.885	0.24937000000136322	trials	visual	white circle	n/a	n/a	n/a	isoflurane	False	True
5097.638120000001	0.24939999999878637	trials	visual	white circle	n/a	n/a	n/a	isoflurane	False	True
5101.75823	0.24941999999919062	trials	visual	white circle	n/a	n/a	n/a	isoflurane	False	True
5106.31204	0.2493899999999485	trials	visual	white circle	n/a	n/a	n/a	isoflurane	False	True
5110.61565	0.24940000000060536	trials	visual	white circle	n/a	n/a	n/a	isoflurane	False	True
5114.50223	0.24939999999969586	trials	visual	white circle	n/a	n/a	n/a	isoflurane	False	True
5118.805820000001	0.24939999999878637	trials	visual	white circle	n/a	n/a	n/a	isoflurane	False	True
5123.02604	0.2493899999999485	trials	visual	white circle	n/a	n/a	n/a	isoflurane	False	True
5126.79585	0.2493799999992916	trials	visual	white circle	n/a	n/a	n/a	isoflurane	False	True
5131.13281	0.2493899999999485	trials	visual	white circle	n/a	n/a	n/a	isoflurane	False	True
5135.53648	0.24941000000035274	trials	visual	white circle	n/a	n/a	n/a	isoflurane	False	True
5140.157029999999	0.24939000000085798	trials	visual	white circle	n/a	n/a	n/a	isoflurane	False	True
5144.127	0.249389999999039	trials	visual	white circle	n/a	n/a	n/a	isoflurane	False	True
5148.11369	0.24935999999979686	trials	visual	white circle	n/a	n/a	n/a	isoflurane	False	True
5152.26718	0.24935999999979686	trials	visual	white circle	n/a	n/a	n/a	isoflurane	False	True
5156.871	0.2493899999999485	trials	visual	white circle	n/a	n/a	n/a	isoflurane	False	True
5160.807629999998	0.2493800000020201	trials	visual	white circle	n/a	n/a	n/a	isoflurane	False	True
5164.81096	0.24940000000060536	trials	visual	white circle	n/a	n/a	n/a	isoflurane	False	True
5169.2647	0.2493899999999485	trials	visual	white circle	n/a	n/a	n/a	isoflurane	False	True
5173.85184	0.24942000000010012	trials	visual	white circle	n/a	n/a	n/a	isoflurane	False	True
5178.1554700000015	0.24940999999853375	trials	visual	white circle	n/a	n/a	n/a	isoflurane	False	True
5182.30895	0.2493800000002011	trials	visual	white circle	n/a	n/a	n/a	isoflurane	False	True
5186.09545	0.2493800000002011	trials	visual	white circle	n/a	n/a	n/a	isoflurane	False	True
5190.63256	0.24942000000010012	trials	visual	white circle	n/a	n/a	n/a	isoflurane	False	True
5194.4858	0.249389999999039	trials	visual	white circle	n/a	n/a	n/a	isoflurane	False	True
5198.90616	0.24939999999969586	trials	visual	white circle	n/a	n/a	n/a	isoflurane	False	True
5202.94288	0.24939999999878637	trials	visual	white circle	n/a	n/a	n/a	isoflurane	False	True
5207.11304	0.24939999999969586	trials	visual	white circle	n/a	n/a	n/a	isoflurane	False	True
5210.89955	0.24937000000136322	trials	visual	white circle	n/a	n/a	n/a	isoflurane	False	True
5215.31992	0.24937000000045373	trials	visual	white circle	n/a	n/a	n/a	isoflurane	False	True
5219.92375	0.24941000000035274	trials	visual	white circle	n/a	n/a	n/a	isoflurane	False	True
5224.46089	0.2493899999981295	trials	visual	white circle	n/a	n/a	n/a	isoflurane	False	True
5228.94795	0.24941000000035274	trials	visual	white circle	n/a	n/a	n/a	isoflurane	False	True
5232.984670000002	0.24940999999671476	trials	visual	white circle	n/a	n/a	n/a	isoflurane	False	True
5237.47176	0.24941000000126223	trials	visual	white circle	n/a	n/a	n/a	isoflurane	False	True
5241.47512	0.2493800000002011	trials	visual	white circle	n/a	n/a	n/a	isoflurane	False	True
5245.71201	0.2493899999999485	trials	visual	white circle	n/a	n/a	n/a	isoflurane	False	True
5250.382570000002	0.24940999999853375	trials	visual	white circle	n/a	n/a	n/a	isoflurane	False	True
5254.736220000002	0.24937999999838212	trials	visual	white circle	n/a	n/a	n/a	isoflurane	False	True
5258.92305	0.24939999999969586	trials	visual	white circle	n/a	n/a	n/a	isoflurane	False	True
5262.94309	0.24941000000035274	trials	visual	white circle	n/a	n/a	n/a	isoflurane	False	True
5267.43016	0.24942000000010012	trials	visual	white circle	n/a	n/a	n/a	isoflurane	False	True
5271.88389	0.24941000000035274	trials	visual	white circle	n/a	n/a	n/a	isoflurane	False	True
5275.87058	0.24939000000176748	trials	visual	white circle	n/a	n/a	n/a	isoflurane	False	True
5279.740510000001	0.24935999999888736	trials	visual	white circle	n/a	n/a	n/a	isoflurane	False	True
5283.66045	0.24936999999954423	trials	visual	white circle	n/a	n/a	n/a	isoflurane	False	True
5287.86395	0.24941000000035274	trials	visual	white circle	n/a	n/a	n/a	isoflurane	False	True
5291.8673	0.24939999999969586	trials	visual	white circle	n/a	n/a	n/a	isoflurane	False	True
5295.6371100000015	0.24940999999853375	trials	visual	white circle	n/a	n/a	n/a	isoflurane	False	True
5299.40693	0.24940999999944324	trials	visual	white circle	n/a	n/a	n/a	isoflurane	False	True
5303.22682	0.24935999999979686	trials	visual	white circle	n/a	n/a	n/a	isoflurane	False	True
5307.81396	0.2493899999999485	trials	visual	white circle	n/a	n/a	n/a	isoflurane	False	True
5311.61717	0.24939999999969586	trials	visual	white circle	n/a	n/a	n/a	isoflurane	False	True
5316.22102	0.2493800000002011	trials	visual	white circle	n/a	n/a	n/a	isoflurane	False	True
5320.32446	0.2493800000002011	trials	visual	white circle	n/a	n/a	n/a	isoflurane	False	True
5324.29445	0.2493899999999485	trials	visual	white circle	n/a	n/a	n/a	isoflurane	False	True
5328.16434	0.24940999999944324	trials	visual	white circle	n/a	n/a	n/a	isoflurane	False	True
5332.050929999999	0.24941000000035274	trials	visual	white circle	n/a	n/a	n/a	isoflurane	False	True
5336.60475	0.2493799999992916	trials	visual	white circle	n/a	n/a	n/a	isoflurane	False	True
5340.60811	0.24939999999969586	trials	visual	white circle	n/a	n/a	n/a	isoflurane	False	True
5344.5947700000015	0.2660699999987628	trials	visual	white circle	n/a	n/a	n/a	isoflurane	False	True
5349.16526	0.24940000000060536	trials	visual	white circle	n/a	n/a	n/a	isoflurane	False	True
5353.302070000002	0.24937999999838212	trials	visual	white circle	n/a	n/a	n/a	isoflurane	False	True
5357.95597	0.24935000000004948	trials	visual	white circle	n/a	n/a	n/a	isoflurane	False	True
5361.92595	0.2493899999999485	trials	visual	white circle	n/a	n/a	n/a	isoflurane	False	True
5366.12945	0.24940999999944324	trials	visual	white circle	n/a	n/a	n/a	isoflurane	False	True
5370.71664	0.24942000000010012	trials	visual	white circle	n/a	n/a	n/a	isoflurane	False	True
5374.78671	0.24939999999969586	trials	visual	white circle	n/a	n/a	n/a	isoflurane	False	True
5378.74004	0.2493800000002011	trials	visual	white circle	n/a	n/a	n/a	isoflurane	False	True
5383.02697	0.24935999999979686	trials	visual	white circle	n/a	n/a	n/a	isoflurane	False	True
5387.64745	0.2494200000010096	trials	visual	white circle	n/a	n/a	n/a	isoflurane	False	True
5391.63417	0.2660699999996723	trials	visual	white circle	n/a	n/a	n/a	isoflurane	False	True
5396.02114	0.24940000000060536	trials	visual	white circle	n/a	n/a	n/a	isoflurane	False	True
5400.69174	0.2493899999981295	trials	visual	white circle	n/a	n/a	n/a	isoflurane	False	True
5404.71175	0.24936999999954423	trials	visual	white circle	n/a	n/a	n/a	isoflurane	False	True
5409.28226	0.2493800000002011	trials	visual	white circle	n/a	n/a	n/a	isoflurane	False	True
5413.53583	0.2493800000002011	trials	visual	white circle	n/a	n/a	n/a	isoflurane	False	True
5417.90614	0.24941000000035274	trials	visual	white circle	n/a	n/a	n/a	isoflurane	False	True
5422.092979999999	0.24940000000060536	trials	visual	white circle	n/a	n/a	n/a	isoflurane	False	True
5425.86278	0.24940999999944324	trials	visual	white circle	n/a	n/a	n/a	isoflurane	False	True
5430.13303	0.24940999999944324	trials	visual	white circle	n/a	n/a	n/a	isoflurane	False	True
5434.68687	0.24936999999954423	trials	visual	white circle	n/a	n/a	n/a	isoflurane	False	True
5438.94042	0.2493899999999485	trials	visual	white circle	n/a	n/a	n/a	isoflurane	False	True
5442.94379	0.2493800000011106	trials	visual	white circle	n/a	n/a	n/a	isoflurane	False	True
5446.79702	0.24935999999979686	trials	visual	white circle	n/a	n/a	n/a	isoflurane	False	True
5451.41755	0.24935999999979686	trials	visual	white circle	n/a	n/a	n/a	isoflurane	False	True
5455.88795	0.2493799999992916	trials	visual	white circle	n/a	n/a	n/a	isoflurane	False	True
5460.05808	0.24942000000010012	trials	visual	white circle	n/a	n/a	n/a	isoflurane	False	True
5464.5118200000015	0.24941999999828113	trials	visual	white circle	n/a	n/a	n/a	isoflurane	False	True
5469.23248	0.24937000000045373	trials	visual	white circle	n/a	n/a	n/a	isoflurane	False	True
5488.92367	0.0003999999998995918	trials	electrical	biphasic	20	MOs	deep	recovery	False	True
5492.45669	0.0003999999998995918	trials	electrical	biphasic	10	MOs	deep	recovery	False	True
5496.51832	0.0003999999998995918	trials	electrical	biphasic	20	MOs	deep	recovery	False	True
5500.9006100000015	0.0003999999998995918	trials	electrical	biphasic	40	MOs	deep	recovery	False	True
5505.07021	0.0003999999998995918	trials	electrical	biphasic	40	MOs	deep	recovery	False	True
5508.761079999998	0.0004000000017185812	trials	electrical	biphasic	40	MOs	deep	recovery	False	True
5512.63042	0.0003999999998995918	trials	electrical	biphasic	40	MOs	deep	recovery	False	True
5516.591570000001	0.0003999999989900971	trials	electrical	biphasic	10	MOs	deep	recovery	False	True
5521.07364	0.0004000000008090865	trials	electrical	biphasic	10	MOs	deep	recovery	False	True
5524.73046	0.0004000000017185812	trials	electrical	biphasic	10	MOs	deep	recovery	False	True
5529.08641	0.0003999999998995918	trials	electrical	biphasic	40	MOs	deep	recovery	False	True
5533.2316	0.0003999999998995918	trials	electrical	biphasic	40	MOs	deep	recovery	False	True
5537.108310000001	0.0003999999989900971	trials	electrical	biphasic	20	MOs	deep	recovery	False	True
5540.79965	0.0003999999998995918	trials	electrical	biphasic	10	MOs	deep	recovery	False	True
5544.72834	0.0003999999998995918	trials	electrical	biphasic	20	MOs	deep	recovery	False	True
5548.710779999999	0.0003999999989900971	trials	electrical	biphasic	40	MOs	deep	recovery	False	True
5552.33183	0.0003999999998995918	trials	electrical	biphasic	10	MOs	deep	recovery	False	True
5556.42175	0.0003999999998995918	trials	electrical	biphasic	40	MOs	deep	recovery	False	True
5560.14836	0.0003999999998995918	trials	electrical	biphasic	20	MOs	deep	recovery	False	True
5564.0334	0.0003999999998995918	trials	electrical	biphasic	40	MOs	deep	recovery	False	True
5568.11681	0.0003999999998995918	trials	electrical	biphasic	40	MOs	deep	recovery	False	True
5571.86903	0.0003999999998995918	trials	electrical	biphasic	10	MOs	deep	recovery	False	True
5575.6599	0.0003999999998995918	trials	electrical	biphasic	20	MOs	deep	recovery	False	True
5579.77743	0.0003999999998995918	trials	electrical	biphasic	10	MOs	deep	recovery	False	True
5583.54313	0.0003999999998995918	trials	electrical	biphasic	20	MOs	deep	recovery	False	True
5587.86794	0.0003999999998995918	trials	electrical	biphasic	40	MOs	deep	recovery	False	True
5592.35103	0.0003999999998995918	trials	electrical	biphasic	10	MOs	deep	recovery	False	True
5596.5817	0.0003999999998995918	trials	electrical	biphasic	20	MOs	deep	recovery	False	True
5600.426	0.0003999999998995918	trials	electrical	biphasic	40	MOs	deep	recovery	False	True
5604.51049	0.0003999999998995918	trials	electrical	biphasic	20	MOs	deep	recovery	False	True
5608.118670000002	0.0003999999998995918	trials	electrical	biphasic	40	MOs	deep	recovery	False	True
5612.5254	0.0003999999998995918	trials	electrical	biphasic	10	MOs	deep	recovery	False	True
5616.90549	0.0003999999998995918	trials	electrical	biphasic	10	MOs	deep	recovery	False	True
5621.22368	0.0003999999998995918	trials	electrical	biphasic	40	MOs	deep	recovery	False	True
5624.9848200000015	0.0003999999998995918	trials	electrical	biphasic	40	MOs	deep	recovery	False	True
5629.07961	0.0004000000017185812	trials	electrical	biphasic	20	MOs	deep	recovery	False	True
5632.60255	0.0004000000008090865	trials	electrical	biphasic	40	MOs	deep	recovery	False	True
5636.52824	0.0004000000008090865	trials	electrical	biphasic	20	MOs	deep	recovery	False	True
5640.34138	0.0003999999998995918	trials	electrical	biphasic	20	MOs	deep	recovery	False	True
5644.00329	0.0003999999998995918	trials	electrical	biphasic	20	MOs	deep	recovery	False	True
5647.682470000002	0.0003999999998995918	trials	electrical	biphasic	10	MOs	deep	recovery	False	True
5651.60578	0.0003999999998995918	trials	electrical	biphasic	20	MOs	deep	recovery	False	True
5655.20042	0.0003999999998995918	trials	electrical	biphasic	10	MOs	deep	recovery	False	True
5659.2993700000015	0.0003999999998995918	trials	electrical	biphasic	40	MOs	deep	recovery	False	True
5663.27071	0.0004000000017185812	trials	electrical	biphasic	10	MOs	deep	recovery	False	True
5667.467079999999	0.0003999999989900971	trials	electrical	biphasic	20	MOs	deep	recovery	False	True
5671.66739	0.0004000000008090865	trials	electrical	biphasic	40	MOs	deep	recovery	False	True
5675.806360000001	0.0003999999989900971	trials	electrical	biphasic	20	MOs	deep	recovery	False	True
5679.34038	0.0004000000008090865	trials	electrical	biphasic	40	MOs	deep	recovery	False	True
5682.9096	0.0003999999998995918	trials	electrical	biphasic	10	MOs	deep	recovery	False	True
5686.72963	0.0003999999998995918	trials	electrical	biphasic	10	MOs	deep	recovery	False	True
5690.76091	0.0003999999998995918	trials	electrical	biphasic	20	MOs	deep	recovery	False	True
5694.915779999998	0.0003999999998995918	trials	electrical	biphasic	20	MOs	deep	recovery	False	True
5698.823829999998	0.0003999999998995918	trials	electrical	biphasic	10	MOs	deep	recovery	False	True
5703.14424	0.0004000000008090865	trials	electrical	biphasic	40	MOs	deep	recovery	False	True
5707.363020000002	0.0003999999998995918	trials	electrical	biphasic	10	MOs	deep	recovery	False	True
5711.83209	0.0003999999998995918	trials	electrical	biphasic	10	MOs	deep	recovery	False	True
5715.86386	0.0003999999998995918	trials	electrical	biphasic	10	MOs	deep	recovery	False	True
5719.6894200000015	0.0003999999998995918	trials	electrical	biphasic	10	MOs	deep	recovery	False	True
5723.29547	0.0003999999998995918	trials	electrical	biphasic	10	MOs	deep	recovery	False	True
5727.40685	0.0003999999998995918	trials	electrical	biphasic	40	MOs	deep	recovery	False	True
5731.68608	0.0003999999989900971	trials	electrical	biphasic	40	MOs	deep	recovery	False	True
5735.60997	0.0003999999998995918	trials	electrical	biphasic	20	MOs	deep	recovery	False	True
5739.20121	0.0003999999998995918	trials	electrical	biphasic	20	MOs	deep	recovery	False	True
5742.96812	0.0003999999998995918	trials	electrical	biphasic	40	MOs	deep	recovery	False	True
5746.6222	0.0003999999998995918	trials	electrical	biphasic	10	MOs	deep	recovery	False	True
5750.40363	0.0003999999998995918	trials	electrical	biphasic	40	MOs	deep	recovery	False	True
5754.34413	0.0003999999989900971	trials	electrical	biphasic	40	MOs	deep	recovery	False	True
5758.3717	0.0003999999998995918	trials	electrical	biphasic	20	MOs	deep	recovery	False	True
5762.32954	0.0003999999998995918	trials	electrical	biphasic	40	MOs	deep	recovery	False	True
5766.70535	0.0003999999998995918	trials	electrical	biphasic	20	MOs	deep	recovery	False	True
5770.72384	0.0003999999998995918	trials	electrical	biphasic	20	MOs	deep	recovery	False	True
5775.16789	0.0003999999998995918	trials	electrical	biphasic	20	MOs	deep	recovery	False	True
5779.30601	0.0003999999998995918	trials	electrical	biphasic	10	MOs	deep	recovery	False	True
5783.76414	0.0003999999998995918	trials	electrical	biphasic	20	MOs	deep	recovery	False	True
5787.5052700000015	0.0003999999998995918	trials	electrical	biphasic	20	MOs	deep	recovery	False	True
5791.681820000002	0.0003999999998995918	trials	electrical	biphasic	10	MOs	deep	recovery	False	True
5795.4713	0.0003999999998995918	trials	electrical	biphasic	40	MOs	deep	recovery	False	True
5799.643529999999	0.0003999999989900971	trials	electrical	biphasic	40	MOs	deep	recovery	False	True
5803.83909	0.0003999999998995918	trials	electrical	biphasic	20	MOs	deep	recovery	False	True
5807.407520000002	0.0003999999998995918	trials	electrical	biphasic	20	MOs	deep	recovery	False	True
5811.16274	0.0003999999998995918	trials	electrical	biphasic	10	MOs	deep	recovery	False	True
5814.88721	0.0003999999998995918	trials	electrical	biphasic	20	MOs	deep	recovery	False	True
5819.05547	0.0003999999998995918	trials	electrical	biphasic	20	MOs	deep	recovery	False	True
5823.4003	0.0003999999998995918	trials	electrical	biphasic	10	MOs	deep	recovery	False	True
5827.24519	0.0004000000008090865	trials	electrical	biphasic	20	MOs	deep	recovery	False	True
5831.52614	0.0003999999998995918	trials	electrical	biphasic	40	MOs	deep	recovery	False	True
5835.7019	0.0003999999998995918	trials	electrical	biphasic	20	MOs	deep	recovery	False	True
5839.20905	0.0003999999998995918	trials	electrical	biphasic	40	MOs	deep	recovery	False	True
5843.31165	0.0004000000008090865	trials	electrical	biphasic	20	MOs	deep	recovery	False	True
5847.19886	0.0003999999998995918	trials	electrical	biphasic	40	MOs	deep	recovery	False	True
5851.61529	0.0003999999998995918	trials	electrical	biphasic	20	MOs	deep	recovery	False	True
5855.116870000002	0.0003999999998995918	trials	electrical	biphasic	20	MOs	deep	recovery	False	True
5859.07974	0.0003999999998995918	trials	electrical	biphasic	10	MOs	deep	recovery	False	True
5863.0045	0.0003999999998995918	trials	electrical	biphasic	10	MOs	deep	recovery	False	True
5866.96585	0.0004000000008090865	trials	electrical	biphasic	10	MOs	deep	recovery	False	True
5871.23643	0.0003999999998995918	trials	electrical	biphasic	10	MOs	deep	recovery	False	True
5875.05934	0.0003999999998995918	trials	electrical	biphasic	10	MOs	deep	recovery	False	True
5879.34451	0.0003999999998995918	trials	electrical	biphasic	20	MOs	deep	recovery	False	True
5883.31629	0.0003999999998995918	trials	electrical	biphasic	20	MOs	deep	recovery	False	True
5886.85248	0.0004000000008090865	trials	electrical	biphasic	40	MOs	deep	recovery	False	True
5890.52878	0.0004000000008090865	trials	electrical	biphasic	20	MOs	deep	recovery	False	True
5894.75097	0.0003999999998995918	trials	electrical	biphasic	40	MOs	deep	recovery	False	True
5898.72487	0.0003999999998995918	trials	electrical	biphasic	10	MOs	deep	recovery	False	True
5902.37802	0.0003999999998995918	trials	electrical	biphasic	20	MOs	deep	recovery	False	True
5906.219560000001	0.0003999999989900971	trials	electrical	biphasic	40	MOs	deep	recovery	False	True
5910.32737	0.0003999999998995918	trials	electrical	biphasic	10	MOs	deep	recovery	False	True
5914.01953	0.0004000000008090865	trials	electrical	biphasic	10	MOs	deep	recovery	False	True
5918.258379999998	0.0004000000017185812	trials	electrical	biphasic	10	MOs	deep	recovery	False	True
5922.0016700000015	0.0003999999998995918	trials	electrical	biphasic	10	MOs	deep	recovery	False	True
5926.41951	0.0004000000017185812	trials	electrical	biphasic	40	MOs	deep	recovery	False	True
5930.189	0.0003999999998995918	trials	electrical	biphasic	20	MOs	deep	recovery	False	True
5934.45493	0.0003999999998995918	trials	electrical	biphasic	20	MOs	deep	recovery	False	True
5938.14401	0.0003999999998995918	trials	electrical	biphasic	20	MOs	deep	recovery	False	True
5941.93193	0.0003999999998995918	trials	electrical	biphasic	40	MOs	deep	recovery	False	True
5945.52348	0.0003999999998995918	trials	electrical	biphasic	20	MOs	deep	recovery	False	True
5949.6001	0.0003999999998995918	trials	electrical	biphasic	20	MOs	deep	recovery	True	True
5953.78389	0.0003999999998995918	trials	electrical	biphasic	10	MOs	deep	recovery	True	True
5957.83092	0.0003999999998995918	trials	electrical	biphasic	10	MOs	deep	recovery	False	True
5961.75706	0.0003999999998995918	trials	electrical	biphasic	20	MOs	deep	recovery	False	True
5965.90193	0.0003999999998995918	trials	electrical	biphasic	40	MOs	deep	recovery	False	True
5970.04998	0.0003999999998995918	trials	electrical	biphasic	40	MOs	deep	recovery	False	True
5974.2294200000015	0.00040999999691848643	trials	electrical	biphasic	10	MOs	deep	recovery	False	True
5978.365629999998	0.0004000000017185812	trials	electrical	biphasic	20	MOs	deep	recovery	False	True
5982.81124	0.0003999999998995918	trials	electrical	biphasic	40	MOs	deep	recovery	False	True
5986.5206	0.0003999999998995918	trials	electrical	biphasic	10	MOs	deep	recovery	False	True
5990.73031	0.0003999999998995918	trials	electrical	biphasic	10	MOs	deep	recovery	False	True
5994.46698	0.0003999999998995918	trials	electrical	biphasic	20	MOs	deep	recovery	False	True
5998.0868	0.0003999999998995918	trials	electrical	biphasic	20	MOs	deep	recovery	False	True
6002.19453	0.0003999999998995918	trials	electrical	biphasic	10	MOs	deep	recovery	False	True
6006.14509	0.0003999999998995918	trials	electrical	biphasic	20	MOs	deep	recovery	True	True
6010.10424	0.0003999999998995918	trials	electrical	biphasic	40	MOs	deep	recovery	False	True
6014.2666100000015	0.0003999999998995918	trials	electrical	biphasic	20	MOs	deep	recovery	False	True
6018.53731	0.0004000000017185812	trials	electrical	biphasic	20	MOs	deep	recovery	False	True
6022.38796	0.0003999999998995918	trials	electrical	biphasic	40	MOs	deep	recovery	False	True
6026.55041	0.0003999999998995918	trials	electrical	biphasic	20	MOs	deep	recovery	False	True
6030.46699	0.0003999999998995918	trials	electrical	biphasic	10	MOs	deep	recovery	False	True
6034.80934	0.0003999999998995918	trials	electrical	biphasic	10	MOs	deep	recovery	True	True
6039.14269	0.0003999999998995918	trials	electrical	biphasic	20	MOs	deep	recovery	True	True
6042.89955	0.0003999999998995918	trials	electrical	biphasic	40	MOs	deep	recovery	True	True
6047.01344	0.0003999999998995918	trials	electrical	biphasic	10	MOs	deep	recovery	True	True
6051.0961	0.0003999999998995918	trials	electrical	biphasic	40	MOs	deep	recovery	True	True
6055.13727	0.0003999999998995918	trials	electrical	biphasic	40	MOs	deep	recovery	False	True
6059.50764	0.0003999999998995918	trials	electrical	biphasic	20	MOs	deep	recovery	False	True
6063.27284	0.0004000000008090865	trials	electrical	biphasic	20	MOs	deep	recovery	False	True
6067.09135	0.0003999999998995918	trials	electrical	biphasic	20	MOs	deep	recovery	False	True
6070.71099	0.0004000000008090865	trials	electrical	biphasic	20	MOs	deep	recovery	False	True
6075.15124	0.0003999999998995918	trials	electrical	biphasic	40	MOs	deep	recovery	False	True
6079.29723	0.0003999999998995918	trials	electrical	biphasic	20	MOs	deep	recovery	False	True
6083.27711	0.0003999999998995918	trials	electrical	biphasic	40	MOs	deep	recovery	False	True
6087.41686	0.0003999999998995918	trials	electrical	biphasic	10	MOs	deep	recovery	False	True
6091.46201	0.0003999999998995918	trials	electrical	biphasic	40	MOs	deep	recovery	False	True
6095.60975	0.0004000000008090865	trials	electrical	biphasic	20	MOs	deep	recovery	False	True
6099.65406	0.0003999999998995918	trials	electrical	biphasic	20	MOs	deep	recovery	False	True
6103.875529999998	0.0004000000017185812	trials	electrical	biphasic	20	MOs	deep	recovery	False	True
6107.89845	0.0003999999998995918	trials	electrical	biphasic	40	MOs	deep	recovery	False	True
6112.39258	0.0003999999998995918	trials	electrical	biphasic	40	MOs	deep	recovery	False	True
6116.11169	0.0003999999998995918	trials	electrical	biphasic	20	MOs	deep	recovery	True	True
6119.71791	0.0003999999998995918	trials	electrical	biphasic	20	MOs	deep	recovery	False	True
6123.32803	0.0003999999998995918	trials	electrical	biphasic	10	MOs	deep	recovery	False	True
6126.89206	0.0003999999998995918	trials	electrical	biphasic	20	MOs	deep	recovery	False	True
6130.79706	0.0003999999998995918	trials	electrical	biphasic	10	MOs	deep	recovery	False	True
6134.745870000002	0.0003999999998995918	trials	electrical	biphasic	10	MOs	deep	recovery	False	True
6138.61211	0.0003999999998995918	trials	electrical	biphasic	20	MOs	deep	recovery	False	True
6142.87604	0.0003999999998995918	trials	electrical	biphasic	10	MOs	deep	recovery	False	True
6147.0043700000015	0.0003999999998995918	trials	electrical	biphasic	20	MOs	deep	recovery	False	True
6151.27678	0.0003999999998995918	trials	electrical	biphasic	40	MOs	deep	recovery	False	True
6155.71006	0.0003999999998995918	trials	electrical	biphasic	40	MOs	deep	recovery	False	True
6160.18323	0.0004000000008090865	trials	electrical	biphasic	10	MOs	deep	recovery	False	True
6163.87568	0.0003999999998995918	trials	electrical	biphasic	20	MOs	deep	recovery	False	True
6167.51498	0.0003999999998995918	trials	electrical	biphasic	40	MOs	deep	recovery	False	True
6171.7116700000015	0.0003999999998995918	trials	electrical	biphasic	10	MOs	deep	recovery	False	True
6175.30591	0.0003999999998995918	trials	electrical	biphasic	40	MOs	deep	recovery	False	True
6179.33174	0.0004000000008090865	trials	electrical	biphasic	10	MOs	deep	recovery	False	True
6183.3625	0.0003999999998995918	trials	electrical	biphasic	20	MOs	deep	recovery	True	True
6187.72407	0.0003999999998995918	trials	electrical	biphasic	40	MOs	deep	recovery	True	True
6191.70936	0.0003999999998995918	trials	electrical	biphasic	40	MOs	deep	recovery	True	True
6195.60324	0.0003999999998995918	trials	electrical	biphasic	20	MOs	deep	recovery	True	True
6199.775110000001	0.0003999999989900971	trials	electrical	biphasic	40	MOs	deep	recovery	False	True
6204.0168	0.0003999999998995918	trials	electrical	biphasic	10	MOs	deep	recovery	True	True
6208.03728	0.0003999999998995918	trials	electrical	biphasic	40	MOs	deep	recovery	True	True
6211.885429999998	0.0003999999998995918	trials	electrical	biphasic	20	MOs	deep	recovery	True	True
6215.53585	0.0003999999998995918	trials	electrical	biphasic	40	MOs	deep	recovery	True	True
6219.62238	0.0003999999998995918	trials	electrical	biphasic	10	MOs	deep	recovery	True	True
6223.38494	0.0003999999998995918	trials	electrical	biphasic	40	MOs	deep	recovery	True	True
6226.92983	0.0003999999998995918	trials	electrical	biphasic	40	MOs	deep	recovery	False	True
6231.18519	0.0003999999998995918	trials	electrical	biphasic	10	MOs	deep	recovery	False	True
6234.9284	0.0003999999998995918	trials	electrical	biphasic	20	MOs	deep	recovery	False	True
6238.87122	0.0003999999998995918	trials	electrical	biphasic	20	MOs	deep	recovery	True	True
6243.05945	0.0003999999998995918	trials	electrical	biphasic	20	MOs	deep	recovery	True	True
6246.919089999999	0.0004000000008090865	trials	electrical	biphasic	20	MOs	deep	recovery	True	True
6251.15586	0.0003999999998995918	trials	electrical	biphasic	40	MOs	deep	recovery	True	True
6255.05099	0.0003999999998995918	trials	electrical	biphasic	40	MOs	deep	recovery	True	True
6259.234829999999	0.0003999999989900971	trials	electrical	biphasic	40	MOs	deep	recovery	True	True
6263.4393	0.0003999999998995918	trials	electrical	biphasic	40	MOs	deep	recovery	True	True
6267.38203	0.0003999999998995918	trials	electrical	biphasic	10	MOs	deep	recovery	True	True
6270.902029999998	0.0004000000017185812	trials	electrical	biphasic	10	MOs	deep	recovery	True	True
6274.733310000001	0.0003999999989900971	trials	electrical	biphasic	20	MOs	deep	recovery	False	True
6278.65804	0.0003999999998995918	trials	electrical	biphasic	10	MOs	deep	recovery	False	True
6282.42874	0.0003999999998995918	trials	electrical	biphasic	40	MOs	deep	recovery	False	True
6286.12623	0.0003999999998995918	trials	electrical	biphasic	40	MOs	deep	recovery	False	True
6290.44838	0.0003999999998995918	trials	electrical	biphasic	10	MOs	deep	recovery	False	True
6294.3787200000015	0.0003999999998995918	trials	electrical	biphasic	20	MOs	deep	recovery	False	True
6298.76693	0.0003999999998995918	trials	electrical	biphasic	10	MOs	deep	recovery	False	True
6302.658539999999	0.0004000000008090865	trials	electrical	biphasic	40	MOs	deep	recovery	False	True
6306.92808	0.0003999999998995918	trials	electrical	biphasic	10	MOs	deep	recovery	False	True
6310.82531	0.0003999999998995918	trials	electrical	biphasic	20	MOs	deep	recovery	False	True
6315.13426	0.0003999999998995918	trials	electrical	biphasic	20	MOs	deep	recovery	False	True
6319.38976	0.0003999999998995918	trials	electrical	biphasic	10	MOs	deep	recovery	False	True
6323.26759	0.0003999999998995918	trials	electrical	biphasic	10	MOs	deep	recovery	False	True
6326.98403	0.0004000000008090865	trials	electrical	biphasic	20	MOs	deep	recovery	False	True
6331.27486	0.0003999999998995918	trials	electrical	biphasic	40	MOs	deep	recovery	False	True
6335.72459	0.0003999999998995918	trials	electrical	biphasic	40	MOs	deep	recovery	False	True
6339.552570000002	0.0003999999998995918	trials	electrical	biphasic	20	MOs	deep	recovery	False	True
6343.72426	0.0003999999998995918	trials	electrical	biphasic	10	MOs	deep	recovery	False	True
6347.663329999999	0.0003999999989900971	trials	electrical	biphasic	10	MOs	deep	recovery	True	True
6351.99725	0.0003999999998995918	trials	electrical	biphasic	20	MOs	deep	recovery	False	True
6356.26654	0.0004000000008090865	trials	electrical	biphasic	20	MOs	deep	recovery	True	True
6359.93423	0.0003999999998995918	trials	electrical	biphasic	10	MOs	deep	recovery	True	True
6364.29663	0.0003999999998995918	trials	electrical	biphasic	20	MOs	deep	recovery	True	True
6368.78694	0.0003999999998995918	trials	electrical	biphasic	40	MOs	deep	recovery	True	True
6372.80179	0.0003999999989900971	trials	electrical	biphasic	10	MOs	deep	recovery	True	True
6377.1865	0.0003999999998995918	trials	electrical	biphasic	40	MOs	deep	recovery	True	True
6381.27494	0.0003999999998995918	trials	electrical	biphasic	20	MOs	deep	recovery	True	True
6384.93013	0.0003999999998995918	trials	electrical	biphasic	20	MOs	deep	recovery	False	True
6388.63041	0.0004000000017185812	trials	electrical	biphasic	40	MOs	deep	recovery	False	True
6392.5378	0.0003999999998995918	trials	electrical	biphasic	20	MOs	deep	recovery	True	True
6396.786920000001	0.0003999999989900971	trials	electrical	biphasic	40	MOs	deep	recovery	True	True
6401.112929999998	0.0004000000017185812	trials	electrical	biphasic	10	MOs	deep	recovery	True	True
6405.40332	0.0003999999998995918	trials	electrical	biphasic	20	MOs	deep	recovery	True	True
6409.222260000001	0.0003999999989900971	trials	electrical	biphasic	10	MOs	deep	recovery	False	True
6413.25675	0.0004000000008090865	trials	electrical	biphasic	20	MOs	deep	recovery	False	True
6416.84713	0.0003999999998995918	trials	electrical	biphasic	40	MOs	deep	recovery	False	True
6420.459260000001	0.0003999999989900971	trials	electrical	biphasic	20	MOs	deep	recovery	False	True
6424.09598	0.0003999999998995918	trials	electrical	biphasic	40	MOs	deep	recovery	False	True
6428.2750700000015	0.0003999999998995918	trials	electrical	biphasic	10	MOs	deep	recovery	True	True
6432.27067	0.0004000000017185812	trials	electrical	biphasic	10	MOs	deep	recovery	True	True
6435.96082	0.0003999999998995918	trials	electrical	biphasic	10	MOs	deep	recovery	True	True
6439.95624	0.0003999999989900971	trials	electrical	biphasic	10	MOs	deep	recovery	True	True
6443.604270000002	0.0003999999998995918	trials	electrical	biphasic	40	MOs	deep	recovery	True	True
6447.15967	0.0003999999998995918	trials	electrical	biphasic	40	MOs	deep	recovery	True	True
6451.51082	0.0003999999998995918	trials	electrical	biphasic	40	MOs	deep	recovery	True	True
6455.5718	0.0003999999998995918	trials	electrical	biphasic	40	MOs	deep	recovery	False	True
6460.00183	0.0003999999998995918	trials	electrical	biphasic	10	MOs	deep	recovery	True	True
6464.198920000002	0.0003999999998995918	trials	electrical	biphasic	40	MOs	deep	recovery	True	True
6468.28215	0.0003999999998995918	trials	electrical	biphasic	10	MOs	deep	recovery	True	True
6472.597970000002	0.0003999999998995918	trials	electrical	biphasic	40	MOs	deep	recovery	True	True
6476.97742	0.0003999999998995918	trials	electrical	biphasic	40	MOs	deep	recovery	True	True
6481.46677	0.0003999999998995918	trials	electrical	biphasic	20	MOs	deep	recovery	True	True
6484.96771	0.0003999999998995918	trials	electrical	biphasic	10	MOs	deep	recovery	True	True
6489.33358	0.0003999999989900971	trials	electrical	biphasic	10	MOs	deep	recovery	True	True
6493.44657	0.0003999999998995918	trials	electrical	biphasic	40	MOs	deep	recovery	True	True
6497.93696	0.0003999999998995918	trials	electrical	biphasic	40	MOs	deep	recovery	True	True
6501.96506	0.0003999999998995918	trials	electrical	biphasic	10	MOs	deep	recovery	True	True
6505.94501	0.0003999999998995918	trials	electrical	biphasic	40	MOs	deep	recovery	True	True
6510.24678	0.0003999999989900971	trials	electrical	biphasic	10	MOs	deep	recovery	True	True
6513.97504	0.0003999999998995918	trials	electrical	biphasic	10	MOs	deep	recovery	True	True
6517.97357	0.0003999999998995918	trials	electrical	biphasic	20	MOs	deep	recovery	True	True
6522.37485	0.0003999999998995918	trials	electrical	biphasic	40	MOs	deep	recovery	True	True
6526.44994	0.0003999999989900971	trials	electrical	biphasic	40	MOs	deep	recovery	True	True
6530.79555	0.0003999999998995918	trials	electrical	biphasic	40	MOs	deep	recovery	True	True
6535.03462	0.0003999999998995918	trials	electrical	biphasic	40	MOs	deep	recovery	False	True
6539.121020000001	0.0003999999989900971	trials	electrical	biphasic	40	MOs	deep	recovery	False	True
6542.86819	0.0003999999998995918	trials	electrical	biphasic	20	MOs	deep	recovery	True	True
6547.03503	0.0003999999998995918	trials	electrical	biphasic	40	MOs	deep	recovery	False	True
6550.61894	0.0003999999998995918	trials	electrical	biphasic	10	MOs	deep	recovery	False	True
6554.74532	0.0003999999998995918	trials	electrical	biphasic	40	MOs	deep	recovery	False	True
6558.90669	0.0003999999998995918	trials	electrical	biphasic	20	MOs	deep	recovery	False	True
6563.13688	0.0003999999998995918	trials	electrical	biphasic	10	MOs	deep	recovery	False	True
6567.52807	0.0003999999998995918	trials	electrical	biphasic	10	MOs	deep	recovery	False	True
6572.01079	0.0003999999998995918	trials	electrical	biphasic	10	MOs	deep	recovery	False	True
6576.28024	0.0003999999998995918	trials	electrical	biphasic	10	MOs	deep	recovery	False	False
6580.36211	0.0003999999998995918	trials	electrical	biphasic	10	MOs	deep	recovery	False	True
6584.79086	0.0003999999998995918	trials	electrical	biphasic	10	MOs	deep	recovery	False	True
6588.87138	0.0004000000008090865	trials	electrical	biphasic	10	MOs	deep	recovery	False	True
6592.38879	0.0003999999998995918	trials	electrical	biphasic	20	MOs	deep	recovery	False	True
6596.01007	0.0003999999998995918	trials	electrical	biphasic	20	MOs	deep	recovery	True	True
6600.37322	0.0003999999998995918	trials	electrical	biphasic	40	MOs	deep	recovery	False	True
6604.35794	0.0003999999998995918	trials	electrical	biphasic	10	MOs	deep	recovery	False	True
6608.70323	0.0003999999998995918	trials	electrical	biphasic	20	MOs	deep	recovery	False	True
6612.41305	0.0003999999998995918	trials	electrical	biphasic	20	MOs	deep	recovery	False	True
6616.46578	0.0003999999989900971	trials	electrical	biphasic	10	MOs	deep	recovery	False	True
6620.59609	0.0003999999998995918	trials	electrical	biphasic	10	MOs	deep	recovery	False	True
6624.128510000001	0.0003999999989900971	trials	electrical	biphasic	20	MOs	deep	recovery	False	True
6628.24366	0.0003999999998995918	trials	electrical	biphasic	10	MOs	deep	recovery	False	True
6632.1065	0.0003999999998995918	trials	electrical	biphasic	40	MOs	deep	recovery	False	True
6635.65646	0.0003999999998995918	trials	electrical	biphasic	20	MOs	deep	recovery	False	True
6639.6464700000015	0.0003999999998995918	trials	electrical	biphasic	10	MOs	deep	recovery	False	True
6643.339410000001	0.0003999999989900971	trials	electrical	biphasic	40	MOs	deep	recovery	False	True
6646.96292	0.0004000000017185812	trials	electrical	biphasic	40	MOs	deep	recovery	False	True
6650.66884	0.0003999999998995918	trials	electrical	biphasic	40	MOs	deep	recovery	False	True
6654.31578	0.0003999999998995918	trials	electrical	biphasic	40	MOs	deep	recovery	False	True
6658.00529	0.0003999999998995918	trials	electrical	biphasic	20	MOs	deep	recovery	False	True
6661.54837	0.0003999999998995918	trials	electrical	biphasic	10	MOs	deep	recovery	False	True
6665.684	0.0003999999998995918	trials	electrical	biphasic	10	MOs	deep	recovery	False	True
6669.46628	0.0004000000008090865	trials	electrical	biphasic	20	MOs	deep	recovery	False	True
6673.505310000001	0.0003999999989900971	trials	electrical	biphasic	40	MOs	deep	recovery	False	True
6677.7009	0.0003999999998995918	trials	electrical	biphasic	20	MOs	deep	recovery	False	True
6681.70044	0.0004000000008090865	trials	electrical	biphasic	40	MOs	deep	recovery	False	True
6685.73667	0.0003999999998995918	trials	electrical	biphasic	20	MOs	deep	recovery	False	True
6689.68227	0.0003999999998995918	trials	electrical	biphasic	10	MOs	deep	recovery	False	True
6693.30664	0.0003999999998995918	trials	electrical	biphasic	40	MOs	deep	recovery	True	True
6697.29742	0.0004000000017185812	trials	electrical	biphasic	10	MOs	deep	recovery	True	True
6701.65085	0.0003999999998995918	trials	electrical	biphasic	10	MOs	deep	recovery	True	True
6706.0252	0.0003999999998995918	trials	electrical	biphasic	40	MOs	deep	recovery	True	True
6709.795920000001	0.0003999999989900971	trials	electrical	biphasic	10	MOs	deep	recovery	True	True
6713.504809999999	0.0003999999989900971	trials	electrical	biphasic	20	MOs	deep	recovery	True	True
6717.570209999999	0.0004000000008090865	trials	electrical	biphasic	10	MOs	deep	recovery	True	True
6721.710959999999	0.0003999999989900971	trials	electrical	biphasic	20	MOs	deep	recovery	True	True
6725.6284	0.0004000000008090865	trials	electrical	biphasic	40	MOs	deep	recovery	True	True
6729.334809999999	0.0003999999989900971	trials	electrical	biphasic	20	MOs	deep	recovery	True	True
6733.783179999999	0.0003999999989900971	trials	electrical	biphasic	20	MOs	deep	recovery	True	True
6737.36568	0.0003999999998995918	trials	electrical	biphasic	20	MOs	deep	recovery	True	True
6740.9718	0.0003999999998995918	trials	electrical	biphasic	40	MOs	deep	recovery	True	True
6744.61427	0.0003999999998995918	trials	electrical	biphasic	40	MOs	deep	recovery	True	True
6748.28115	0.0003999999998995918	trials	electrical	biphasic	10	MOs	deep	recovery	True	True
6752.402540000001	0.0003999999998995918	trials	electrical	biphasic	40	MOs	deep	recovery	True	True
6756.47668	0.0003999999998995918	trials	electrical	biphasic	20	MOs	deep	recovery	True	True
6760.02919	0.0004000000008090865	trials	electrical	biphasic	20	MOs	deep	recovery	True	True
6764.46081	0.0004000000008090865	trials	electrical	biphasic	40	MOs	deep	recovery	True	True
6768.6899	0.0003999999998995918	trials	electrical	biphasic	40	MOs	deep	recovery	True	True
6772.92817	0.0003999999998995918	trials	electrical	biphasic	20	MOs	deep	recovery	False	True
6776.49199	0.0003999999998995918	trials	electrical	biphasic	10	MOs	deep	recovery	False	True
6780.852859999999	0.0003999999998995918	trials	electrical	biphasic	20	MOs	deep	recovery	True	True
6785.287690000001	0.0003999999998995918	trials	electrical	biphasic	40	MOs	deep	recovery	False	True
6789.77252	0.0003999999998995918	trials	electrical	biphasic	10	MOs	deep	recovery	False	True
6794.13188	0.0003999999998995918	trials	electrical	biphasic	10	MOs	deep	recovery	False	True
6798.41787	0.0003999999998995918	trials	electrical	biphasic	10	MOs	deep	recovery	False	True
6802.43168	0.0003999999998995918	trials	electrical	biphasic	10	MOs	deep	recovery	False	True
6806.1097	0.0003999999998995918	trials	electrical	biphasic	40	MOs	deep	recovery	False	True
6810.008709999999	0.0003999999998995918	trials	electrical	biphasic	20	MOs	deep	recovery	False	True
6813.64307	0.0003999999998995918	trials	electrical	biphasic	40	MOs	deep	recovery	False	True
6817.174390000001	0.0003999999998995918	trials	electrical	biphasic	10	MOs	deep	recovery	False	True
6821.61396	0.0003999999998995918	trials	electrical	biphasic	20	MOs	deep	recovery	False	True
6825.415690000002	0.0003999999998995918	trials	electrical	biphasic	10	MOs	deep	recovery	False	True
6829.21165	0.0003999999998995918	trials	electrical	biphasic	10	MOs	deep	recovery	False	True
6833.04501	0.0003999999998995918	trials	electrical	biphasic	20	MOs	deep	recovery	True	True
6837.0125	0.0003999999998995918	trials	electrical	biphasic	20	MOs	deep	recovery	True	True
6841.16113	0.0003999999989900971	trials	electrical	biphasic	40	MOs	deep	recovery	True	True
6844.68677	0.0003999999998995918	trials	electrical	biphasic	20	MOs	deep	recovery	True	True
6849.0294	0.0003999999998995918	trials	electrical	biphasic	10	MOs	deep	recovery	True	True
6853.08886	0.0003999999998995918	trials	electrical	biphasic	40	MOs	deep	recovery	True	True
6857.44339	0.0003999999998995918	trials	electrical	biphasic	20	MOs	deep	recovery	True	True
6861.2917	0.0003999999998995918	trials	electrical	biphasic	10	MOs	deep	recovery	True	True
6865.23814	0.0003999999998995918	trials	electrical	biphasic	10	MOs	deep	recovery	False	True
6868.7928	0.0003999999998995918	trials	electrical	biphasic	10	MOs	deep	recovery	False	True
6872.47033	0.0003999999998995918	trials	electrical	biphasic	10	MOs	deep	recovery	False	True
6876.63355	0.0004000000008090865	trials	electrical	biphasic	10	MOs	deep	recovery	True	True
6880.4648	0.0003999999998995918	trials	electrical	biphasic	20	MOs	deep	recovery	False	True
6884.86371	0.0004000000008090865	trials	electrical	biphasic	40	MOs	deep	recovery	False	True
6888.482290000001	0.0004000000008090865	trials	electrical	biphasic	10	MOs	deep	recovery	False	True
6892.9711400000015	0.0003999999998995918	trials	electrical	biphasic	10	MOs	deep	recovery	False	True
6897.01155	0.0003999999998995918	trials	electrical	biphasic	40	MOs	deep	recovery	False	True
6901.218890000001	0.0003999999998995918	trials	electrical	biphasic	40	MOs	deep	recovery	False	True
6905.71882	0.0003999999998995918	trials	electrical	biphasic	20	MOs	deep	recovery	False	True
6909.507090000001	0.0003999999998995918	trials	electrical	biphasic	40	MOs	deep	recovery	False	True
6913.42203	0.0003999999998995918	trials	electrical	biphasic	40	MOs	deep	recovery	False	True
6917.3873	0.0003999999998995918	trials	electrical	biphasic	40	MOs	deep	recovery	False	True
6921.65168	0.0003999999998995918	trials	electrical	biphasic	10	MOs	deep	recovery	True	True
6925.97031	0.0003999999998995918	trials	electrical	biphasic	40	MOs	deep	recovery	True	True
6958.16066	0.24936000000070635	trials	visual	white circle	n/a	n/a	n/a	recovery	True	True
6962.46426	0.24935000000004948	trials	visual	white circle	n/a	n/a	n/a	recovery	True	True
6966.7845400000015	0.24935999999888736	trials	visual	white circle	n/a	n/a	n/a	recovery	True	True
6970.80457	0.24932999999964522	trials	visual	white circle	n/a	n/a	n/a	recovery	True	True
6974.74118	0.2493400000003021	trials	visual	white circle	n/a	n/a	n/a	recovery	True	True
6978.94471	0.24935000000004948	trials	visual	white circle	n/a	n/a	n/a	recovery	True	True
6982.998079999999	0.2493400000021211	trials	visual	white circle	n/a	n/a	n/a	recovery	True	True
6987.31837	0.2493399999984831	trials	visual	white circle	n/a	n/a	n/a	recovery	True	True
6991.088229999999	0.24931000000105996	trials	visual	white circle	n/a	n/a	n/a	recovery	False	True
6994.89136	0.24935000000004948	trials	visual	white circle	n/a	n/a	n/a	recovery	False	True
6999.1616	0.24935999999797787	trials	visual	white circle	n/a	n/a	n/a	recovery	True	True
7003.78214	0.24935000000004948	trials	visual	white circle	n/a	n/a	n/a	recovery	True	True
7007.835540000001	0.24930999999924097	trials	visual	white circle	n/a	n/a	n/a	recovery	True	True
7012.322590000002	0.24935999999797787	trials	visual	white circle	n/a	n/a	n/a	recovery	True	True
7017.026540000002	0.2493399999984831	trials	visual	white circle	n/a	n/a	n/a	recovery	True	True
7021.66377	0.24932000000080734	trials	visual	white circle	n/a	n/a	n/a	recovery	False	True
7025.43357	0.24932999999964522	trials	visual	white circle	n/a	n/a	n/a	recovery	False	True
7029.870609999999	0.2493400000012116	trials	visual	white circle	n/a	n/a	n/a	recovery	False	True
7033.84058	0.2493400000003021	trials	visual	white circle	n/a	n/a	n/a	recovery	True	True
7038.39438	0.2493400000003021	trials	visual	white circle	n/a	n/a	n/a	recovery	True	False
7042.38105	0.24931999999989785	trials	visual	white circle	n/a	n/a	n/a	recovery	True	False
7046.35102	0.2493400000003021	trials	visual	white circle	n/a	n/a	n/a	recovery	False	True
7050.13751	0.2493300000014642	trials	visual	white circle	n/a	n/a	n/a	recovery	True	True
7054.17422	0.24933000000055472	trials	visual	white circle	n/a	n/a	n/a	recovery	True	True
7057.96072	0.24932999999964522	trials	visual	white circle	n/a	n/a	n/a	recovery	True	True
7062.18094	0.26596999999947	trials	visual	white circle	n/a	n/a	n/a	recovery	True	True
7066.91821	0.24931999999989785	trials	visual	white circle	n/a	n/a	n/a	recovery	True	True
7070.804790000001	0.24931999999807886	trials	visual	white circle	n/a	n/a	n/a	recovery	True	False
7075.10837	0.24931000000015047	trials	visual	white circle	n/a	n/a	n/a	recovery	True	True
7079.72889	0.24932999999964522	trials	visual	white circle	n/a	n/a	n/a	recovery	True	True
7084.41613	0.24936000000070635	trials	visual	white circle	n/a	n/a	n/a	recovery	True	True
7088.16926	0.24936000000070635	trials	visual	white circle	n/a	n/a	n/a	recovery	True	True
7092.289379999998	0.24936000000252534	trials	visual	white circle	n/a	n/a	n/a	recovery	True	True
7096.8432	0.24932999999964522	trials	visual	white circle	n/a	n/a	n/a	recovery	True	True
7101.16345	0.24935000000004948	trials	visual	white circle	n/a	n/a	n/a	recovery	True	True
7105.033359999999	0.24935000000095897	trials	visual	white circle	n/a	n/a	n/a	recovery	True	True
7109.33698	0.24931999999989785	trials	visual	white circle	n/a	n/a	n/a	recovery	True	True
7113.557159999999	0.2493300000014642	trials	visual	white circle	n/a	n/a	n/a	recovery	False	True
7117.32698	0.24933000000055472	trials	visual	white circle	n/a	n/a	n/a	recovery	False	True
7121.66393	0.24935000000004948	trials	visual	white circle	n/a	n/a	n/a	recovery	True	True
7126.06763	0.24932999999964522	trials	visual	white circle	n/a	n/a	n/a	recovery	True	True
7130.68815	0.2493400000003021	trials	visual	white circle	n/a	n/a	n/a	recovery	True	True
7134.65813	0.2493400000003021	trials	visual	white circle	n/a	n/a	n/a	recovery	True	True
7138.66149	0.24932999999964522	trials	visual	white circle	n/a	n/a	n/a	recovery	False	True
7142.798309999999	0.2493000000004031	trials	visual	white circle	n/a	n/a	n/a	recovery	True	True
7147.40213	0.2493400000012116	trials	visual	white circle	n/a	n/a	n/a	recovery	True	True
7151.33873	0.24935999999979686	trials	visual	white circle	n/a	n/a	n/a	recovery	True	True
7155.34211	0.24933000000055472	trials	visual	white circle	n/a	n/a	n/a	recovery	True	True
7159.79585	0.24932999999964522	trials	visual	white circle	n/a	n/a	n/a	recovery	False	True
7164.382979999999	0.24937000000045373	trials	visual	white circle	n/a	n/a	n/a	recovery	True	True
7168.6866	0.24932999999964522	trials	visual	white circle	n/a	n/a	n/a	recovery	True	True
7172.85676	0.24933000000055472	trials	visual	white circle	n/a	n/a	n/a	recovery	True	True
7176.62656	0.24936000000070635	trials	visual	white circle	n/a	n/a	n/a	recovery	True	True
7181.16371	0.2493400000003021	trials	visual	white circle	n/a	n/a	n/a	recovery	False	True
7185.01693	0.24932999999964522	trials	visual	white circle	n/a	n/a	n/a	recovery	False	True
7189.4373	0.2493400000012116	trials	visual	white circle	n/a	n/a	n/a	recovery	True	True
7193.474009999999	0.2493400000012116	trials	visual	white circle	n/a	n/a	n/a	recovery	True	True
7197.64416	0.2493400000003021	trials	visual	white circle	n/a	n/a	n/a	recovery	True	True
7201.430659999999	0.2660200000009354	trials	visual	white circle	n/a	n/a	n/a	recovery	True	True
7205.85102	0.24935999999979686	trials	visual	white circle	n/a	n/a	n/a	recovery	True	True
7210.471559999999	0.2493400000012116	trials	visual	white circle	n/a	n/a	n/a	recovery	True	True
7214.992009999999	0.24932000000080734	trials	visual	white circle	n/a	n/a	n/a	recovery	True	True
7219.4791	0.2493400000012116	trials	visual	white circle	n/a	n/a	n/a	recovery	False	True
7223.5325	0.24931999999989785	trials	visual	white circle	n/a	n/a	n/a	recovery	False	True
7228.002890000002	0.24935999999797787	trials	visual	white circle	n/a	n/a	n/a	recovery	False	True
7232.022940000002	0.24932999999873573	trials	visual	white circle	n/a	n/a	n/a	recovery	False	True
7236.25981	0.2493300000014642	trials	visual	white circle	n/a	n/a	n/a	recovery	False	True
7240.89702	0.2660299999997733	trials	visual	white circle	n/a	n/a	n/a	recovery	False	True
7245.26735	0.24932999999964522	trials	visual	white circle	n/a	n/a	n/a	recovery	True	True
7249.4542	0.26599000000078377	trials	visual	white circle	n/a	n/a	n/a	recovery	True	True
7253.4742099999985	0.2493400000012116	trials	visual	white circle	n/a	n/a	n/a	recovery	True	True
7257.96129	0.2493300000014642	trials	visual	white circle	n/a	n/a	n/a	recovery	True	True
7262.41503	0.2493499999982305	trials	visual	white circle	n/a	n/a	n/a	recovery	True	True
7266.401709999999	0.24932000000080734	trials	visual	white circle	n/a	n/a	n/a	recovery	True	True
7270.2883	0.24931999999989785	trials	visual	white circle	n/a	n/a	n/a	recovery	True	True
7274.191540000002	0.24932999999873573	trials	visual	white circle	n/a	n/a	n/a	recovery	False	True
7278.39506	0.2493400000003021	trials	visual	white circle	n/a	n/a	n/a	recovery	False	True
7282.39841	0.2493400000003021	trials	visual	white circle	n/a	n/a	n/a	recovery	False	True
7286.168259999998	0.24932000000080734	trials	visual	white circle	n/a	n/a	n/a	recovery	False	True
7289.938059999998	0.2493400000021211	trials	visual	white circle	n/a	n/a	n/a	recovery	False	True
7293.774590000001	0.2493399999975736	trials	visual	white circle	n/a	n/a	n/a	recovery	False	True
7298.345109999998	0.2493300000032832	trials	visual	white circle	n/a	n/a	n/a	recovery	True	True
7302.148259999999	0.24935000000004948	trials	visual	white circle	n/a	n/a	n/a	recovery	True	True
7306.76885	0.2492900000006557	trials	visual	white circle	n/a	n/a	n/a	recovery	True	True
7310.8555700000015	0.2493399999975736	trials	visual	white circle	n/a	n/a	n/a	recovery	True	True
7314.82557	0.24931000000015047	trials	visual	white circle	n/a	n/a	n/a	recovery	True	True
7318.6954799999985	0.24933000000055472	trials	visual	white circle	n/a	n/a	n/a	recovery	True	True
7322.58206	0.24933000000055472	trials	visual	white circle	n/a	n/a	n/a	recovery	True	True
7327.13587	0.24932999999964522	trials	visual	white circle	n/a	n/a	n/a	recovery	True	True
7331.15586	0.2493800000011106	trials	visual	white circle	n/a	n/a	n/a	recovery	True	True
7335.142559999998	0.2493400000012116	trials	visual	white circle	n/a	n/a	n/a	recovery	False	True
7339.6963700000015	0.24935000000004948	trials	visual	white circle	n/a	n/a	n/a	recovery	False	True
7343.833159999999	0.24934999999913998	trials	visual	white circle	n/a	n/a	n/a	recovery	False	True
7348.503740000001	0.24935999999888736	trials	visual	white circle	n/a	n/a	n/a	recovery	False	True
7352.45705	0.24935999999979686	trials	visual	white circle	n/a	n/a	n/a	recovery	False	True
7356.67727	0.2493399999975736	trials	visual	white circle	n/a	n/a	n/a	recovery	False	True
7361.247759999998	0.2493400000012116	trials	visual	white circle	n/a	n/a	n/a	recovery	False	True
7365.31782	0.2493399999993926	trials	visual	white circle	n/a	n/a	n/a	recovery	True	True
7369.25447	0.26598999999987427	trials	visual	white circle	n/a	n/a	n/a	recovery	False	True
7373.55807	0.24932999999964522	trials	visual	white circle	n/a	n/a	n/a	recovery	False	True
7378.19528	0.2493400000003021	trials	visual	white circle	n/a	n/a	n/a	recovery	False	True
7382.181959999999	0.24931000000105996	trials	visual	white circle	n/a	n/a	n/a	recovery	False	True
7386.55225	0.24935000000004948	trials	visual	white circle	n/a	n/a	n/a	recovery	False	True
7391.22286	0.2493400000003021	trials	visual	white circle	n/a	n/a	n/a	recovery	False	True
7395.24287	0.24935000000004948	trials	visual	white circle	n/a	n/a	n/a	recovery	False	True
7399.83005	0.24935999999888736	trials	visual	white circle	n/a	n/a	n/a	recovery	False	True
7404.06693	0.24935000000004948	trials	visual	white circle	n/a	n/a	n/a	recovery	False	True
7408.43725	0.24935999999979686	trials	visual	white circle	n/a	n/a	n/a	recovery	False	True
7412.60743	0.26598999999987427	trials	visual	white circle	n/a	n/a	n/a	recovery	False	True
7416.39391	0.2493400000003021	trials	visual	white circle	n/a	n/a	n/a	recovery	False	True
7420.66417	0.24932999999964522	trials	visual	white circle	n/a	n/a	n/a	recovery	False	True
7425.2179700000015	0.2493399999975736	trials	visual	white circle	n/a	n/a	n/a	recovery	False	True
7429.47155	0.24932999999964522	trials	visual	white circle	n/a	n/a	n/a	recovery	False	True
7433.47488	0.24935000000004948	trials	visual	white circle	n/a	n/a	n/a	recovery	False	True
7437.32812	0.2493399999975736	trials	visual	white circle	n/a	n/a	n/a	recovery	False	True
7441.948659999999	0.2493300000023737	trials	visual	white circle	n/a	n/a	n/a	recovery	False	True
7446.419059999998	0.2493300000032832	trials	visual	white circle	n/a	n/a	n/a	recovery	True	True
7450.589209999999	0.2493400000012116	trials	visual	white circle	n/a	n/a	n/a	recovery	True	True
7455.04294	0.2493399999993926	trials	visual	white circle	n/a	n/a	n/a	recovery	True	True
7459.76358	0.2493400000003021	trials	visual	white circle	n/a	n/a	n/a	recovery	True	True
7507.02053	0.0003999999998995918	trials	electrical	biphasic	20	MOs	deep	recovery	True	True
7510.55355	0.0004000000008090865	trials	electrical	biphasic	10	MOs	deep	recovery	True	True
7514.61518	0.0003999999998995918	trials	electrical	biphasic	20	MOs	deep	recovery	True	True
7518.99746	0.0003999999980806024	trials	electrical	biphasic	40	MOs	deep	recovery	True	True
7523.16707	0.0003999999998995918	trials	electrical	biphasic	40	MOs	deep	recovery	True	True
7526.85793	0.0003999999998995918	trials	electrical	biphasic	40	MOs	deep	recovery	True	True
7530.72728	0.0003999999998995918	trials	electrical	biphasic	40	MOs	deep	recovery	True	True
7534.68842	0.0003999999998995918	trials	electrical	biphasic	10	MOs	deep	recovery	True	True
7539.17049	0.0003999999998995918	trials	electrical	biphasic	10	MOs	deep	recovery	True	True
7542.82732	0.0003999999998995918	trials	electrical	biphasic	10	MOs	deep	recovery	True	True
7547.18326	0.0003999999998995918	trials	electrical	biphasic	40	MOs	deep	recovery	True	True
7551.32845	0.0003999999998995918	trials	electrical	biphasic	40	MOs	deep	recovery	True	True
7555.205159999998	0.0004000000008090865	trials	electrical	biphasic	20	MOs	deep	recovery	True	True
7558.8965	0.0003999999998995918	trials	electrical	biphasic	10	MOs	deep	recovery	True	True
7562.82518	0.0003999999998995918	trials	electrical	biphasic	20	MOs	deep	recovery	True	True
7566.807629999998	0.0004000000017185812	trials	electrical	biphasic	40	MOs	deep	recovery	True	True
7570.42867	0.0003999999998995918	trials	electrical	biphasic	10	MOs	deep	recovery	False	True
7574.5186	0.0003999999998995918	trials	electrical	biphasic	40	MOs	deep	recovery	False	True
7578.2452	0.0003999999998995918	trials	electrical	biphasic	20	MOs	deep	recovery	False	True
7582.13025	0.0003999999998995918	trials	electrical	biphasic	40	MOs	deep	recovery	False	True
7586.21365	0.0003999999998995918	trials	electrical	biphasic	40	MOs	deep	recovery	False	True
7589.96588	0.0003999999998995918	trials	electrical	biphasic	10	MOs	deep	recovery	True	True
7593.756740000002	0.0003999999998995918	trials	electrical	biphasic	20	MOs	deep	recovery	True	True
7597.87427	0.0003999999998995918	trials	electrical	biphasic	10	MOs	deep	recovery	True	True
7601.63997	0.0003999999998995918	trials	electrical	biphasic	20	MOs	deep	recovery	True	True
7605.964779999998	0.0004000000017185812	trials	electrical	biphasic	40	MOs	deep	recovery	True	True
7610.44787	0.0003999999998995918	trials	electrical	biphasic	10	MOs	deep	recovery	True	True
7614.67853	0.0003999999998995918	trials	electrical	biphasic	20	MOs	deep	recovery	False	True
7618.52284	0.0004000000008090865	trials	electrical	biphasic	40	MOs	deep	recovery	False	True
7622.60733	0.0003999999998995918	trials	electrical	biphasic	20	MOs	deep	recovery	False	True
7626.215509999999	0.0003999999998995918	trials	electrical	biphasic	40	MOs	deep	recovery	False	True
7630.6222400000015	0.0003999999980806024	trials	electrical	biphasic	10	MOs	deep	recovery	False	True
7635.00232	0.0004000000008090865	trials	electrical	biphasic	10	MOs	deep	recovery	True	True
7639.32051	0.0003999999980806024	trials	electrical	biphasic	40	MOs	deep	recovery	True	True
7643.08166	0.0003999999998995918	trials	electrical	biphasic	40	MOs	deep	recovery	False	True
7647.17644	0.0004000000008090865	trials	electrical	biphasic	20	MOs	deep	recovery	True	True
7650.69938	0.0003999999998995918	trials	electrical	biphasic	40	MOs	deep	recovery	True	True
7654.62507	0.0003999999998995918	trials	electrical	biphasic	20	MOs	deep	recovery	True	True
7658.438209999998	0.0003999999998995918	trials	electrical	biphasic	20	MOs	deep	recovery	False	True
7662.10012	0.0003999999998995918	trials	electrical	biphasic	20	MOs	deep	recovery	True	True
7665.7793	0.0003999999998995918	trials	electrical	biphasic	10	MOs	deep	recovery	True	True
7669.7026	0.00040999999873747583	trials	electrical	biphasic	20	MOs	deep	recovery	True	True
7673.29725	0.0004000000008090865	trials	electrical	biphasic	10	MOs	deep	recovery	True	True
7677.39619	0.0003999999998995918	trials	electrical	biphasic	40	MOs	deep	recovery	True	True
7681.36754	0.0004000000008090865	trials	electrical	biphasic	10	MOs	deep	recovery	True	True
7685.56391	0.0003999999998995918	trials	electrical	biphasic	20	MOs	deep	recovery	False	True
7689.7642099999985	0.0003999999998995918	trials	electrical	biphasic	40	MOs	deep	recovery	False	True
7693.903179999998	0.0004000000017185812	trials	electrical	biphasic	20	MOs	deep	recovery	False	True
7697.4372	0.0003999999998995918	trials	electrical	biphasic	40	MOs	deep	recovery	True	True
7701.0064200000015	0.0003999999980806024	trials	electrical	biphasic	10	MOs	deep	recovery	False	True
7704.82645	0.0004000000008090865	trials	electrical	biphasic	10	MOs	deep	recovery	False	True
7708.85773	0.0003999999998995918	trials	electrical	biphasic	20	MOs	deep	recovery	False	True
7713.0126	0.0004000000008090865	trials	electrical	biphasic	20	MOs	deep	recovery	False	True
7716.92064	0.0003999999998995918	trials	electrical	biphasic	10	MOs	deep	recovery	False	True
7721.24105	0.0004000000008090865	trials	electrical	biphasic	40	MOs	deep	recovery	False	True
7725.45984	0.0003999999998995918	trials	electrical	biphasic	10	MOs	deep	recovery	True	True
7729.9289	0.0003999999998995918	trials	electrical	biphasic	10	MOs	deep	recovery	True	True
7733.96067	0.0003999999998995918	trials	electrical	biphasic	10	MOs	deep	recovery	True	True
7737.78623	0.0003999999998995918	trials	electrical	biphasic	10	MOs	deep	recovery	True	True
7741.39227	0.0003999999998995918	trials	electrical	biphasic	10	MOs	deep	recovery	True	True
7745.5036599999985	0.0003999999998995918	trials	electrical	biphasic	40	MOs	deep	recovery	True	True
7749.78289	0.0003999999998995918	trials	electrical	biphasic	40	MOs	deep	recovery	True	True
7753.706770000002	0.0003999999998995918	trials	electrical	biphasic	20	MOs	deep	recovery	False	True
7757.298009999998	0.0004000000008090865	trials	electrical	biphasic	20	MOs	deep	recovery	False	True
7761.064920000002	0.0003999999998995918	trials	electrical	biphasic	40	MOs	deep	recovery	True	True
7764.719	0.0003999999998995918	trials	electrical	biphasic	10	MOs	deep	recovery	True	True
7768.50042	0.0003999999998995918	trials	electrical	biphasic	40	MOs	deep	recovery	True	True
7772.44092	0.0003999999998995918	trials	electrical	biphasic	40	MOs	deep	recovery	True	True
7776.46849	0.0004000000008090865	trials	electrical	biphasic	20	MOs	deep	recovery	True	True
7780.426329999998	0.0004000000017185812	trials	electrical	biphasic	40	MOs	deep	recovery	True	True
7784.802140000002	0.0003999999998995918	trials	electrical	biphasic	20	MOs	deep	recovery	True	True
7788.82062	0.0003999999998995918	trials	electrical	biphasic	20	MOs	deep	recovery	True	True
7793.26467	0.0004000000008090865	trials	electrical	biphasic	20	MOs	deep	recovery	True	True
7797.402790000001	0.00040999999873747583	trials	electrical	biphasic	10	MOs	deep	recovery	True	True
7801.86092	0.0003999999998995918	trials	electrical	biphasic	20	MOs	deep	recovery	True	True
7805.602040000002	0.0003999999998995918	trials	electrical	biphasic	20	MOs	deep	recovery	True	True
7809.778590000001	0.0004000000008090865	trials	electrical	biphasic	10	MOs	deep	recovery	False	True
7813.56807	0.0003999999998995918	trials	electrical	biphasic	40	MOs	deep	recovery	False	True
7817.7403	0.0003999999998995918	trials	electrical	biphasic	40	MOs	deep	recovery	False	True
7821.93586	0.0003999999980806024	trials	electrical	biphasic	20	MOs	deep	recovery	False	True
7825.50428	0.0003999999998995918	trials	electrical	biphasic	20	MOs	deep	recovery	True	True
7829.2595	0.0003999999998995918	trials	electrical	biphasic	10	MOs	deep	recovery	True	True
7832.98397	0.0003999999998995918	trials	electrical	biphasic	20	MOs	deep	recovery	True	True
7837.15223	0.0003999999998995918	trials	electrical	biphasic	20	MOs	deep	recovery	True	True
7841.49706	0.0003999999998995918	trials	electrical	biphasic	10	MOs	deep	recovery	False	True
7845.34194	0.0003999999998995918	trials	electrical	biphasic	20	MOs	deep	recovery	True	True
7849.62288	0.0003999999998995918	trials	electrical	biphasic	40	MOs	deep	recovery	True	True
7853.79865	0.0003999999998995918	trials	electrical	biphasic	20	MOs	deep	recovery	True	True
7857.30579	0.0003999999998995918	trials	electrical	biphasic	40	MOs	deep	recovery	True	True
7861.40839	0.0004000000008090865	trials	electrical	biphasic	20	MOs	deep	recovery	True	True
7865.2956	0.0003999999980806024	trials	electrical	biphasic	40	MOs	deep	recovery	True	True
7869.71202	0.0004000000017185812	trials	electrical	biphasic	20	MOs	deep	recovery	False	True
7873.2136	0.0003999999998995918	trials	electrical	biphasic	20	MOs	deep	recovery	True	True
7877.17646	0.0003999999998995918	trials	electrical	biphasic	10	MOs	deep	recovery	True	True
7881.101229999998	0.0004000000017185812	trials	electrical	biphasic	10	MOs	deep	recovery	True	True
7885.06257	0.0003999999998995918	trials	electrical	biphasic	10	MOs	deep	recovery	False	True
7889.33315	0.0003999999998995918	trials	electrical	biphasic	10	MOs	deep	recovery	True	True
7893.156059999998	0.0003999999998995918	trials	electrical	biphasic	10	MOs	deep	recovery	False	True
7897.4412200000015	0.0003999999980806024	trials	electrical	biphasic	20	MOs	deep	recovery	False	True
7901.413	0.0004000000008090865	trials	electrical	biphasic	20	MOs	deep	recovery	True	True
7904.94918	0.0003999999980806024	trials	electrical	biphasic	40	MOs	deep	recovery	True	True
7908.62548	0.0003999999998995918	trials	electrical	biphasic	20	MOs	deep	recovery	True	True
7912.84767	0.0003999999998995918	trials	electrical	biphasic	40	MOs	deep	recovery	False	True
7916.82157	0.0003999999998995918	trials	electrical	biphasic	10	MOs	deep	recovery	False	True
7920.474709999998	0.0004000000008090865	trials	electrical	biphasic	20	MOs	deep	recovery	False	True
7924.31625	0.0003999999998995918	trials	electrical	biphasic	40	MOs	deep	recovery	False	True
7928.4240599999985	0.0003999999998995918	trials	electrical	biphasic	10	MOs	deep	recovery	True	True
7932.11622	0.0004000000017185812	trials	electrical	biphasic	10	MOs	deep	recovery	True	True
7936.355059999999	0.0004000000008090865	trials	electrical	biphasic	10	MOs	deep	recovery	False	True
7940.09834	0.0004000000008090865	trials	electrical	biphasic	10	MOs	deep	recovery	False	True
7944.51619	0.0003999999998995918	trials	electrical	biphasic	40	MOs	deep	recovery	False	True
7948.28567	0.0003999999998995918	trials	electrical	biphasic	20	MOs	deep	recovery	False	True
7952.551590000001	0.0003999999998995918	trials	electrical	biphasic	20	MOs	deep	recovery	True	True
7956.24067	0.0003999999998995918	trials	electrical	biphasic	20	MOs	deep	recovery	True	True
7960.028590000001	0.0004000000008090865	trials	electrical	biphasic	40	MOs	deep	recovery	True	True
7963.620129999998	0.0004000000017185812	trials	electrical	biphasic	20	MOs	deep	recovery	True	True
7967.69675	0.0003999999998995918	trials	electrical	biphasic	20	MOs	deep	recovery	False	True
7971.880540000001	0.0003999999998995918	trials	electrical	biphasic	10	MOs	deep	recovery	False	True
7975.927559999999	0.0003999999998995918	trials	electrical	biphasic	10	MOs	deep	recovery	False	True
7979.8537	0.0003999999998995918	trials	electrical	biphasic	20	MOs	deep	recovery	False	True
7983.998559999999	0.0003999999998995918	trials	electrical	biphasic	40	MOs	deep	recovery	False	True
7988.14661	0.0003999999998995918	trials	electrical	biphasic	40	MOs	deep	recovery	False	True
7992.32605	0.0003999999998995918	trials	electrical	biphasic	10	MOs	deep	recovery	False	True
7996.46225	0.0004000000008090865	trials	electrical	biphasic	20	MOs	deep	recovery	False	True
8000.907859999998	0.0003999999998995918	trials	electrical	biphasic	40	MOs	deep	recovery	False	True
8004.61722	0.0003999999998995918	trials	electrical	biphasic	10	MOs	deep	recovery	False	True
8008.82692	0.0003999999998995918	trials	electrical	biphasic	10	MOs	deep	recovery	False	True
8012.56358	0.0003999999998995918	trials	electrical	biphasic	20	MOs	deep	recovery	False	True
8016.1834	0.0003999999998995918	trials	electrical	biphasic	20	MOs	deep	recovery	True	True
8020.29112	0.0004000000017185812	trials	electrical	biphasic	10	MOs	deep	recovery	True	True
8024.24168	0.0003999999998995918	trials	electrical	biphasic	20	MOs	deep	recovery	True	True
8028.20083	0.0003999999998995918	trials	electrical	biphasic	40	MOs	deep	recovery	True	True
8032.363190000001	0.0003999999998995918	trials	electrical	biphasic	20	MOs	deep	recovery	True	True
8036.633890000001	0.0003999999998995918	trials	electrical	biphasic	20	MOs	deep	recovery	True	True
8040.48453	0.0003999999998995918	trials	electrical	biphasic	40	MOs	deep	recovery	False	True
8044.646970000002	0.0003999999998995918	trials	electrical	biphasic	20	MOs	deep	recovery	False	True
8048.56356	0.0003999999980806024	trials	electrical	biphasic	10	MOs	deep	recovery	False	True
8052.9059	0.0003999999998995918	trials	electrical	biphasic	10	MOs	deep	recovery	False	True
8057.239240000001	0.0004000000008090865	trials	electrical	biphasic	20	MOs	deep	recovery	False	True
8060.9961	0.0003999999998995918	trials	electrical	biphasic	40	MOs	deep	recovery	False	True
8065.109979999998	0.0004000000017185812	trials	electrical	biphasic	10	MOs	deep	recovery	False	True
8069.19265	0.0003999999998995918	trials	electrical	biphasic	40	MOs	deep	recovery	True	True
8073.23381	0.0003999999998995918	trials	electrical	biphasic	40	MOs	deep	recovery	True	True
8077.60417	0.0004000000008090865	trials	electrical	biphasic	20	MOs	deep	recovery	False	True
8081.36937	0.0003999999998995918	trials	electrical	biphasic	20	MOs	deep	recovery	True	True
8085.187870000002	0.0003999999998995918	trials	electrical	biphasic	20	MOs	deep	recovery	True	True
8088.80751	0.0003999999980806024	trials	electrical	biphasic	20	MOs	deep	recovery	True	True
8093.24775	0.0003999999998995918	trials	electrical	biphasic	40	MOs	deep	recovery	True	True
8097.39374	0.0003999999998995918	trials	electrical	biphasic	20	MOs	deep	recovery	False	True
8101.37362	0.0003999999998995918	trials	electrical	biphasic	40	MOs	deep	recovery	False	True
8105.513359999999	0.0004000000008090865	trials	electrical	biphasic	10	MOs	deep	recovery	False	True
8109.5585	0.0003999999998995918	trials	electrical	biphasic	40	MOs	deep	recovery	False	True
8113.70624	0.0003999999998995918	trials	electrical	biphasic	20	MOs	deep	recovery	False	True
8117.750540000001	0.0003999999998995918	trials	electrical	biphasic	20	MOs	deep	recovery	False	True
8121.972009999998	0.0004000000008090865	trials	electrical	biphasic	20	MOs	deep	recovery	False	True
8125.99493	0.0003999999998995918	trials	electrical	biphasic	40	MOs	deep	recovery	False	True
8130.48905	0.0003999999998995918	trials	electrical	biphasic	40	MOs	deep	recovery	False	True
8134.20815	0.0003999999998995918	trials	electrical	biphasic	20	MOs	deep	recovery	False	True
8137.81437	0.0003999999998995918	trials	electrical	biphasic	20	MOs	deep	recovery	False	True
8141.42449	0.0003999999998995918	trials	electrical	biphasic	10	MOs	deep	recovery	False	True
8144.988509999999	0.0003999999998995918	trials	electrical	biphasic	20	MOs	deep	recovery	False	True
8148.893509999999	0.0004000000008090865	trials	electrical	biphasic	10	MOs	deep	recovery	False	True
8152.842309999999	0.0003999999998995918	trials	electrical	biphasic	10	MOs	deep	recovery	False	True
8156.70855	0.0003999999998995918	trials	electrical	biphasic	20	MOs	deep	recovery	False	True
8160.9724700000015	0.0003999999980806024	trials	electrical	biphasic	10	MOs	deep	recovery	False	True
8165.10079	0.0003999999998995918	trials	electrical	biphasic	20	MOs	deep	recovery	False	True
8169.37319	0.0003999999998995918	trials	electrical	biphasic	40	MOs	deep	recovery	False	True
8173.806479999998	0.0004000000017185812	trials	electrical	biphasic	40	MOs	deep	recovery	True	True
8178.279640000002	0.0003999999998995918	trials	electrical	biphasic	10	MOs	deep	recovery	True	True
8181.97208	0.0003999999989900971	trials	electrical	biphasic	20	MOs	deep	recovery	False	True
8185.6113799999985	0.0003999999998995918	trials	electrical	biphasic	40	MOs	deep	recovery	False	True
8189.8080599999985	0.0003999999998995918	trials	electrical	biphasic	10	MOs	deep	recovery	True	True
8193.4023	0.0004000000008090865	trials	electrical	biphasic	40	MOs	deep	recovery	True	True
8197.42812	0.0003999999989900971	trials	electrical	biphasic	10	MOs	deep	recovery	True	True
8201.45888	0.0003999999989900971	trials	electrical	biphasic	20	MOs	deep	recovery	False	True
8205.820440000001	0.0003999999989900971	trials	electrical	biphasic	40	MOs	deep	recovery	False	True
8209.80572	0.0004000000008090865	trials	electrical	biphasic	40	MOs	deep	recovery	False	True
8213.6996	0.0004000000008090865	trials	electrical	biphasic	20	MOs	deep	recovery	False	True
8217.87147	0.0004000000008090865	trials	electrical	biphasic	40	MOs	deep	recovery	False	True
8222.11315	0.0004000000008090865	trials	electrical	biphasic	10	MOs	deep	recovery	False	True
8226.13363	0.0003999999989900971	trials	electrical	biphasic	40	MOs	deep	recovery	False	True
8229.98177	0.0004000000008090865	trials	electrical	biphasic	20	MOs	deep	recovery	False	True
8233.63219	0.0004000000008090865	trials	electrical	biphasic	40	MOs	deep	recovery	False	True
8237.71871	0.0004000000008090865	trials	electrical	biphasic	10	MOs	deep	recovery	False	True
8241.48127	0.0004000000008090865	trials	electrical	biphasic	40	MOs	deep	recovery	False	True
8245.02615	0.0004000000008090865	trials	electrical	biphasic	40	MOs	deep	recovery	False	True
8249.281509999999	0.0004000000008090865	trials	electrical	biphasic	10	MOs	deep	recovery	False	True
8253.02471	0.0003999999989900971	trials	electrical	biphasic	20	MOs	deep	recovery	False	True
8256.96753	0.0003999999989900971	trials	electrical	biphasic	20	MOs	deep	recovery	False	True
8261.15575	0.0004000000008090865	trials	electrical	biphasic	20	MOs	deep	recovery	False	True
8265.01539	0.0004000000008090865	trials	electrical	biphasic	20	MOs	deep	recovery	False	True
8269.25215	0.0003999999989900971	trials	electrical	biphasic	40	MOs	deep	recovery	False	True
8273.14727	0.0004000000008090865	trials	electrical	biphasic	40	MOs	deep	recovery	False	True
8277.33111	0.0004000000008090865	trials	electrical	biphasic	40	MOs	deep	recovery	False	True
8281.53557	0.0004000000008090865	trials	electrical	biphasic	40	MOs	deep	recovery	False	True
8285.478290000001	0.0003999999989900971	trials	electrical	biphasic	10	MOs	deep	recovery	False	True
8288.998290000001	0.0003999999989900971	trials	electrical	biphasic	10	MOs	deep	recovery	False	True
8292.82957	0.0004000000008090865	trials	electrical	biphasic	20	MOs	deep	recovery	False	True
8296.75429	0.0003999999989900971	trials	electrical	biphasic	10	MOs	deep	recovery	False	True
8300.52499	0.0004000000008090865	trials	electrical	biphasic	40	MOs	deep	recovery	True	True
8304.22247	0.0003999999989900971	trials	electrical	biphasic	40	MOs	deep	recovery	True	True
8308.544609999999	0.0004000000008090865	trials	electrical	biphasic	10	MOs	deep	recovery	True	True
8312.47495	0.0004000000008090865	trials	electrical	biphasic	20	MOs	deep	recovery	True	True
8316.86315	0.0004000000008090865	trials	electrical	biphasic	10	MOs	deep	recovery	False	True
8320.75475	0.0004000000008090865	trials	electrical	biphasic	40	MOs	deep	recovery	False	True
8325.024290000001	0.0003999999989900971	trials	electrical	biphasic	10	MOs	deep	recovery	False	True
8328.92151	0.0003999999989900971	trials	electrical	biphasic	20	MOs	deep	recovery	False	True
8333.230459999999	0.0004000000008090865	trials	electrical	biphasic	20	MOs	deep	recovery	False	True
8337.48596	0.0003999999989900971	trials	electrical	biphasic	10	MOs	deep	recovery	False	True
8341.36378	0.0004000000008090865	trials	electrical	biphasic	10	MOs	deep	recovery	True	True
8345.08022	0.0004000000008090865	trials	electrical	biphasic	20	MOs	deep	recovery	True	True
8349.37104	0.0004000000008090865	trials	electrical	biphasic	40	MOs	deep	recovery	True	True
8353.820759999999	0.0004000000008090865	trials	electrical	biphasic	40	MOs	deep	recovery	True	True
8357.64874	0.0004000000008090865	trials	electrical	biphasic	20	MOs	deep	recovery	True	True
8361.82042	0.0004000000008090865	trials	electrical	biphasic	10	MOs	deep	recovery	False	True
8365.759479999999	0.0004000000008090865	trials	electrical	biphasic	10	MOs	deep	recovery	False	True
8370.0934	0.0004000000008090865	trials	electrical	biphasic	20	MOs	deep	recovery	False	True
8374.36268	0.0003999999989900971	trials	electrical	biphasic	20	MOs	deep	recovery	False	True
8378.030359999999	0.0004000000008090865	trials	electrical	biphasic	10	MOs	deep	recovery	False	True
8382.392759999999	0.0004000000008090865	trials	electrical	biphasic	20	MOs	deep	recovery	False	True
8386.88307	0.0004000000008090865	trials	electrical	biphasic	40	MOs	deep	recovery	False	True
8390.89791	0.0003999999989900971	trials	electrical	biphasic	10	MOs	deep	recovery	False	True
8395.28261	0.0003999999989900971	trials	electrical	biphasic	40	MOs	deep	recovery	True	True
8399.37105	0.0004000000008090865	trials	electrical	biphasic	20	MOs	deep	recovery	True	True
8403.02623	0.0004000000008090865	trials	electrical	biphasic	20	MOs	deep	recovery	True	True
8406.726509999999	0.0004000000008090865	trials	electrical	biphasic	40	MOs	deep	recovery	False	True
8410.633890000001	0.0003999999989900971	trials	electrical	biphasic	20	MOs	deep	recovery	True	True
8414.88301	0.0003999999989900971	trials	electrical	biphasic	40	MOs	deep	recovery	True	True
8419.209009999999	0.0004000000008090865	trials	electrical	biphasic	10	MOs	deep	recovery	False	True
8423.49939	0.0003999999989900971	trials	electrical	biphasic	20	MOs	deep	recovery	True	True
8427.31833	0.0003999999989900971	trials	electrical	biphasic	10	MOs	deep	recovery	True	True
8431.352809999997	0.0004000000026280759	trials	electrical	biphasic	20	MOs	deep	recovery	False	True
8434.94319	0.0004000000008090865	trials	electrical	biphasic	40	MOs	deep	recovery	True	True
8438.55531	0.0003999999989900971	trials	electrical	biphasic	20	MOs	deep	recovery	True	True
8442.19203	0.0003999999989900971	trials	electrical	biphasic	40	MOs	deep	recovery	True	True
8446.37111	0.0003999999989900971	trials	electrical	biphasic	10	MOs	deep	recovery	True	True
8450.36671	0.0003999999989900971	trials	electrical	biphasic	10	MOs	deep	recovery	True	True
8454.05685	0.0003999999989900971	trials	electrical	biphasic	10	MOs	deep	recovery	True	True
8458.05227	0.0004000000008090865	trials	electrical	biphasic	10	MOs	deep	recovery	True	True
8461.70028	0.0004000000008090865	trials	electrical	biphasic	40	MOs	deep	recovery	True	True
8465.25568	0.0003999999989900971	trials	electrical	biphasic	40	MOs	deep	recovery	False	True
8469.60682	0.0003999999989900971	trials	electrical	biphasic	40	MOs	deep	recovery	False	True
8473.6678	0.0004000000008090865	trials	electrical	biphasic	40	MOs	deep	recovery	False	True
8478.097829999999	0.0004000000008090865	trials	electrical	biphasic	10	MOs	deep	recovery	True	True
8482.294909999999	0.0004000000008090865	trials	electrical	biphasic	40	MOs	deep	recovery	True	True
8486.37813	0.0004000000008090865	trials	electrical	biphasic	10	MOs	deep	recovery	True	True
8490.69395	0.0003999999989900971	trials	electrical	biphasic	40	MOs	deep	recovery	True	True
8495.073390000001	0.0003999999989900971	trials	electrical	biphasic	40	MOs	deep	recovery	False	True
8499.56273	0.0004000000008090865	trials	electrical	biphasic	20	MOs	deep	recovery	False	True
8503.06367	0.0004000000008090865	trials	electrical	biphasic	10	MOs	deep	recovery	False	True
8507.42953	0.0004000000008090865	trials	electrical	biphasic	10	MOs	deep	recovery	False	True
8511.54251	0.0004000000008090865	trials	electrical	biphasic	40	MOs	deep	recovery	False	True
8516.0329	0.0003999999989900971	trials	electrical	biphasic	40	MOs	deep	recovery	False	True
8520.061	0.0004000000008090865	trials	electrical	biphasic	10	MOs	deep	recovery	False	True
8524.04094	0.0003999999989900971	trials	electrical	biphasic	40	MOs	deep	recovery	False	True
8528.3427	0.0004000000008090865	trials	electrical	biphasic	10	MOs	deep	recovery	False	True
8532.07096	0.0004000000008090865	trials	electrical	biphasic	10	MOs	deep	recovery	False	True
8536.06948	0.0003999999989900971	trials	electrical	biphasic	20	MOs	deep	recovery	False	True
8540.47076	0.0003999999989900971	trials	electrical	biphasic	40	MOs	deep	recovery	False	True
8544.54584	0.0004000000008090865	trials	electrical	biphasic	40	MOs	deep	recovery	False	True
8548.891440000001	0.0003999999989900971	trials	electrical	biphasic	40	MOs	deep	recovery	False	True
8553.1305	0.0004000000008090865	trials	electrical	biphasic	40	MOs	deep	recovery	False	True
8557.2169	0.0004000000008090865	trials	electrical	biphasic	40	MOs	deep	recovery	False	True
8560.96406	0.0003999999989900971	trials	electrical	biphasic	20	MOs	deep	recovery	False	True
8565.1309	0.0003999999989900971	trials	electrical	biphasic	40	MOs	deep	recovery	False	True
8568.7148	0.0004000000008090865	trials	electrical	biphasic	10	MOs	deep	recovery	False	True
8572.84118	0.0004000000008090865	trials	electrical	biphasic	40	MOs	deep	recovery	False	True
8577.002540000001	0.0003999999989900971	trials	electrical	biphasic	20	MOs	deep	recovery	False	True
8581.23272	0.0004000000008090865	trials	electrical	biphasic	10	MOs	deep	recovery	False	True
8585.62391	0.0003999999989900971	trials	electrical	biphasic	10	MOs	deep	recovery	False	True
8590.10663	0.0003999999989900971	trials	electrical	biphasic	10	MOs	deep	recovery	False	True
8594.37607	0.0004000000008090865	trials	electrical	biphasic	10	MOs	deep	recovery	False	True
8598.45793	0.0003999999989900971	trials	electrical	biphasic	10	MOs	deep	recovery	False	True
8602.88667	0.0004000000008090865	trials	electrical	biphasic	10	MOs	deep	recovery	False	True
8606.967190000001	0.0003999999989900971	trials	electrical	biphasic	10	MOs	deep	recovery	False	True
8610.48459	0.0004000000008090865	trials	electrical	biphasic	20	MOs	deep	recovery	False	True
8614.10587	0.0004000000008090865	trials	electrical	biphasic	20	MOs	deep	recovery	True	True
8618.469009999999	0.0004000000008090865	trials	electrical	biphasic	40	MOs	deep	recovery	True	True
8622.45373	0.0004000000008090865	trials	electrical	biphasic	10	MOs	deep	recovery	True	True
8626.799009999999	0.0004000000008090865	trials	electrical	biphasic	20	MOs	deep	recovery	True	True
8630.508829999999	0.0004000000008090865	trials	electrical	biphasic	20	MOs	deep	recovery	True	True
8634.56155	0.0003999999989900971	trials	electrical	biphasic	10	MOs	deep	recovery	True	True
8638.69185	0.0004000000008090865	trials	electrical	biphasic	10	MOs	deep	recovery	True	True
8642.22427	0.0003999999989900971	trials	electrical	biphasic	20	MOs	deep	recovery	True	True
8646.339409999999	0.0004000000008090865	trials	electrical	biphasic	10	MOs	deep	recovery	True	True
8650.20225	0.0003999999989900971	trials	electrical	biphasic	40	MOs	deep	recovery	True	True
8653.752209999999	0.0004000000008090865	trials	electrical	biphasic	20	MOs	deep	recovery	False	True
8657.742209999999	0.0004000000008090865	trials	electrical	biphasic	10	MOs	deep	recovery	False	True
8661.435140000001	0.0003999999989900971	trials	electrical	biphasic	40	MOs	deep	recovery	False	True
8665.058640000001	0.0003999999989900971	trials	electrical	biphasic	40	MOs	deep	recovery	False	True
8668.76456	0.0003999999989900971	trials	electrical	biphasic	40	MOs	deep	recovery	False	True
8672.4115	0.0003999999989900971	trials	electrical	biphasic	40	MOs	deep	recovery	False	True
8676.101	0.0003999999989900971	trials	electrical	biphasic	20	MOs	deep	recovery	False	True
8679.64407	0.0004000000008090865	trials	electrical	biphasic	10	MOs	deep	recovery	False	True
8683.7797	0.0004000000008090865	trials	electrical	biphasic	10	MOs	deep	recovery	False	True
8687.56197	0.0003999999989900971	trials	electrical	biphasic	20	MOs	deep	recovery	False	True
8691.60099	0.0003999999989900971	trials	electrical	biphasic	40	MOs	deep	recovery	False	True
8695.79658	0.0003999999989900971	trials	electrical	biphasic	20	MOs	deep	recovery	False	True
8699.79612	0.0003999999989900971	trials	electrical	biphasic	40	MOs	deep	recovery	False	True
8703.83234	0.0003999999989900971	trials	electrical	biphasic	20	MOs	deep	recovery	False	True
8707.77793	0.00041000000055646524	trials	electrical	biphasic	10	MOs	deep	recovery	False	True
8711.40229	0.0004000000008090865	trials	electrical	biphasic	40	MOs	deep	recovery	False	True
8715.39307	0.0004000000008090865	trials	electrical	biphasic	10	MOs	deep	recovery	False	True
8719.746490000001	0.0003999999989900971	trials	electrical	biphasic	10	MOs	deep	recovery	False	True
8724.120840000001	0.0003999999989900971	trials	electrical	biphasic	40	MOs	deep	recovery	False	True
8727.89156	0.0003999999989900971	trials	electrical	biphasic	10	MOs	deep	recovery	False	True
8731.60043	0.0003999999989900971	trials	electrical	biphasic	20	MOs	deep	recovery	False	True
8735.66583	0.0003999999989900971	trials	electrical	biphasic	10	MOs	deep	recovery	False	True
8739.80657	0.0003999999989900971	trials	electrical	biphasic	20	MOs	deep	recovery	False	True
8743.72401	0.0003999999989900971	trials	electrical	biphasic	40	MOs	deep	recovery	False	True
8747.430409999999	0.0004000000008090865	trials	electrical	biphasic	20	MOs	deep	recovery	False	True
8751.878770000001	0.0003999999989900971	trials	electrical	biphasic	20	MOs	deep	recovery	False	True
8755.46127	0.0004000000008090865	trials	electrical	biphasic	20	MOs	deep	recovery	False	True
8759.06739	0.0004000000008090865	trials	electrical	biphasic	40	MOs	deep	recovery	True	True
8762.70985	0.0004000000008090865	trials	electrical	biphasic	40	MOs	deep	recovery	True	True
8766.37673	0.0003999999989900971	trials	electrical	biphasic	10	MOs	deep	recovery	True	True
8770.498109999999	0.0004000000008090865	trials	electrical	biphasic	40	MOs	deep	recovery	True	True
8774.57225	0.0004000000008090865	trials	electrical	biphasic	20	MOs	deep	recovery	False	True
8778.12475	0.0003999999989900971	trials	electrical	biphasic	20	MOs	deep	recovery	False	True
8782.55637	0.0004000000008090865	trials	electrical	biphasic	40	MOs	deep	recovery	True	True
8786.78545	0.0004000000008090865	trials	electrical	biphasic	40	MOs	deep	recovery	True	True
8791.02371	0.0004000000008090865	trials	electrical	biphasic	20	MOs	deep	recovery	False	True
8794.587529999999	0.0004000000008090865	trials	electrical	biphasic	10	MOs	deep	recovery	False	True
8798.948390000001	0.0003999999989900971	trials	electrical	biphasic	20	MOs	deep	recovery	False	True
8803.38321	0.0003999999989900971	trials	electrical	biphasic	40	MOs	deep	recovery	False	True
8807.86803	0.0004000000008090865	trials	electrical	biphasic	10	MOs	deep	recovery	True	True
8812.2274	0.0004000000008090865	trials	electrical	biphasic	10	MOs	deep	recovery	True	True
8816.51338	0.0003999999989900971	trials	electrical	biphasic	10	MOs	deep	recovery	True	True
8820.52718	0.0004000000008090865	trials	electrical	biphasic	10	MOs	deep	recovery	False	True
8824.2052	0.0003999999989900971	trials	electrical	biphasic	40	MOs	deep	recovery	False	True
8828.1042	0.0004000000008090865	trials	electrical	biphasic	20	MOs	deep	recovery	False	True
8831.73855	0.0004000000008090865	trials	electrical	biphasic	40	MOs	deep	recovery	False	True
8835.26987	0.0004000000008090865	trials	electrical	biphasic	10	MOs	deep	recovery	False	True
8839.709429999999	0.0004000000008090865	trials	electrical	biphasic	20	MOs	deep	recovery	False	True
8843.51115	0.0003999999989900971	trials	electrical	biphasic	10	MOs	deep	recovery	True	True
8847.30711	0.0003999999989900971	trials	electrical	biphasic	10	MOs	deep	recovery	True	True
8851.14047	0.0004000000008090865	trials	electrical	biphasic	20	MOs	deep	recovery	True	True
8855.10795	0.0004000000008090865	trials	electrical	biphasic	20	MOs	deep	recovery	True	True
8859.25657	0.0004000000008090865	trials	electrical	biphasic	40	MOs	deep	recovery	True	True
8862.78221	0.0004000000008090865	trials	electrical	biphasic	20	MOs	deep	recovery	True	True
8867.124829999999	0.0004000000008090865	trials	electrical	biphasic	10	MOs	deep	recovery	True	True
8871.184290000001	0.0003999999989900971	trials	electrical	biphasic	40	MOs	deep	recovery	True	True
8875.53881	0.0003999999989900971	trials	electrical	biphasic	20	MOs	deep	recovery	True	True
8879.38711	0.0003999999989900971	trials	electrical	biphasic	10	MOs	deep	recovery	False	True
8883.33355	0.0004000000008090865	trials	electrical	biphasic	10	MOs	deep	recovery	False	True
8886.88821	0.0004000000008090865	trials	electrical	biphasic	10	MOs	deep	recovery	False	True
8890.56573	0.0003999999989900971	trials	electrical	biphasic	10	MOs	deep	recovery	False	True
8894.72895	0.0003999999989900971	trials	electrical	biphasic	10	MOs	deep	recovery	False	True
8898.56019	0.0004000000008090865	trials	electrical	biphasic	20	MOs	deep	recovery	False	True
8902.95909	0.0004000000008090865	trials	electrical	biphasic	40	MOs	deep	recovery	False	True
8906.57767	0.0003999999989900971	trials	electrical	biphasic	10	MOs	deep	recovery	True	True
8911.066509999999	0.0004000000008090865	trials	electrical	biphasic	10	MOs	deep	recovery	True	True
8915.106909999999	0.0004000000008090865	trials	electrical	biphasic	40	MOs	deep	recovery	True	True
8919.31425	0.0004000000008090865	trials	electrical	biphasic	40	MOs	deep	recovery	True	True
8923.81417	0.0004000000008090865	trials	electrical	biphasic	20	MOs	deep	recovery	False	True
8927.602429999999	0.0004000000008090865	trials	electrical	biphasic	40	MOs	deep	recovery	False	True
8931.51737	0.0004000000008090865	trials	electrical	biphasic	40	MOs	deep	recovery	False	True
8935.48263	0.0003999999989900971	trials	electrical	biphasic	40	MOs	deep	recovery	False	True
8939.74701	0.0004000000008090865	trials	electrical	biphasic	10	MOs	deep	recovery	False	True
8944.06563	0.00041000000055646524	trials	electrical	biphasic	40	MOs	deep	recovery	False	True
