onset	duration	nwb_table	stimulus_type	stimulus_description	estim_current	estim_target_region	estim_target_depth	behavioral_epoch	is_running	is_valid
312.13284	0.0004000000000132786	trials	electrical	biphasic	40	MOs	deep	awake	True	True
315.66586	0.0004000000000132786	trials	electrical	biphasic	20	MOs	deep	awake	False	True
319.72749	0.0004000000000132786	trials	electrical	biphasic	40	MOs	deep	awake	False	True
324.10977	0.00040999999998803105	trials	electrical	biphasic	60	MOs	deep	awake	False	True
328.27938	0.0004000000000132786	trials	electrical	biphasic	60	MOs	deep	awake	False	True
331.97024	0.0004000000000132786	trials	electrical	biphasic	60	MOs	deep	awake	False	True
335.83959	0.0004000000000132786	trials	electrical	biphasic	60	MOs	deep	awake	False	True
339.80073	0.0004000000000132786	trials	electrical	biphasic	20	MOs	deep	awake	False	True
344.2828	0.0004000000000132786	trials	electrical	biphasic	20	MOs	deep	awake	False	True
347.93962	0.0004000000000132786	trials	electrical	biphasic	20	MOs	deep	awake	False	True
352.29557	0.0004000000000132786	trials	electrical	biphasic	60	MOs	deep	awake	False	True
356.44076	0.0004000000000132786	trials	electrical	biphasic	60	MOs	deep	awake	False	True
360.31746	0.0004000000000132786	trials	electrical	biphasic	40	MOs	deep	awake	False	True
364.0088	0.0004000000000132786	trials	electrical	biphasic	20	MOs	deep	awake	False	True
367.93749	0.0003999999999564352	trials	electrical	biphasic	40	MOs	deep	awake	False	True
371.91993	0.0003999999999564352	trials	electrical	biphasic	60	MOs	deep	awake	False	True
375.54098	0.0004000000000132786	trials	electrical	biphasic	20	MOs	deep	awake	False	True
379.6309	0.0004000000000132786	trials	electrical	biphasic	60	MOs	deep	awake	False	True
383.35751	0.0004000000000132786	trials	electrical	biphasic	40	MOs	deep	awake	False	True
387.24255	0.0004000000000132786	trials	electrical	biphasic	60	MOs	deep	awake	False	True
391.32596	0.0004000000000132786	trials	electrical	biphasic	60	MOs	deep	awake	False	True
395.07818	0.0004000000000132786	trials	electrical	biphasic	20	MOs	deep	awake	False	True
398.86904	0.0004000000000132786	trials	electrical	biphasic	40	MOs	deep	awake	False	True
402.98657	0.0004000000000132786	trials	electrical	biphasic	20	MOs	deep	awake	False	True
406.75227	0.0004000000000132786	trials	electrical	biphasic	40	MOs	deep	awake	False	True
411.07708	0.0003999999999564352	trials	electrical	biphasic	60	MOs	deep	awake	False	True
415.56017	0.0003999999999564352	trials	electrical	biphasic	20	MOs	deep	awake	False	True
419.79083	0.0003999999999564352	trials	electrical	biphasic	40	MOs	deep	awake	False	True
423.63514	0.00040000000012696546	trials	electrical	biphasic	60	MOs	deep	awake	False	True
427.71962	0.0003999999999564352	trials	electrical	biphasic	40	MOs	deep	awake	False	True
431.32781	0.0004000000000132786	trials	electrical	biphasic	60	MOs	deep	awake	False	True
435.73453	0.0004000000000132786	trials	electrical	biphasic	20	MOs	deep	awake	False	True
440.11462	0.0004000000000132786	trials	electrical	biphasic	20	MOs	deep	awake	False	True
444.43281	0.0003999999999564352	trials	electrical	biphasic	60	MOs	deep	awake	False	True
448.19395	0.0004000000000132786	trials	electrical	biphasic	60	MOs	deep	awake	False	True
452.28874	0.0003999999999564352	trials	electrical	biphasic	40	MOs	deep	awake	False	True
455.81168	0.0003999999999564352	trials	electrical	biphasic	60	MOs	deep	awake	False	True
459.73736	0.0003999999999564352	trials	electrical	biphasic	40	MOs	deep	awake	False	True
463.55051	0.0004000000000132786	trials	electrical	biphasic	40	MOs	deep	awake	True	True
467.21241	0.0004000000000132786	trials	electrical	biphasic	40	MOs	deep	awake	True	False
470.89159000000006	0.0003999999999564352	trials	electrical	biphasic	20	MOs	deep	awake	False	True
474.8149	0.0003999999999564352	trials	electrical	biphasic	40	MOs	deep	awake	True	True
478.4095400000001	0.0003999999999564352	trials	electrical	biphasic	20	MOs	deep	awake	True	True
482.50849000000005	0.0004000000000132786	trials	electrical	biphasic	60	MOs	deep	awake	True	True
486.47983	0.0004000000000132786	trials	electrical	biphasic	20	MOs	deep	awake	True	True
490.6762	0.0004000000000132786	trials	electrical	biphasic	40	MOs	deep	awake	True	False
494.8765	0.0003999999999564352	trials	electrical	biphasic	60	MOs	deep	awake	True	True
499.01547	0.0004000000000132786	trials	electrical	biphasic	40	MOs	deep	awake	True	True
502.5494900000001	0.0003999999999564352	trials	electrical	biphasic	60	MOs	deep	awake	True	True
506.11871	0.0003999999999564352	trials	electrical	biphasic	20	MOs	deep	awake	True	True
509.93874000000005	0.0003999999999564352	trials	electrical	biphasic	20	MOs	deep	awake	True	True
513.97002	0.0004000000000132786	trials	electrical	biphasic	40	MOs	deep	awake	True	False
518.12489	0.00040000000012696546	trials	electrical	biphasic	40	MOs	deep	awake	False	True
522.03293	0.0004000000000132786	trials	electrical	biphasic	20	MOs	deep	awake	False	True
526.35334	0.0004000000000132786	trials	electrical	biphasic	60	MOs	deep	awake	False	True
530.57213	0.0004000000000132786	trials	electrical	biphasic	20	MOs	deep	awake	False	True
535.04119	0.0004000000000132786	trials	electrical	biphasic	20	MOs	deep	awake	False	True
539.07296	0.0004000000000132786	trials	electrical	biphasic	20	MOs	deep	awake	False	True
542.89852	0.0004000000000132786	trials	electrical	biphasic	20	MOs	deep	awake	False	True
546.5045700000002	0.0004000000000132786	trials	electrical	biphasic	20	MOs	deep	awake	False	True
550.61595	0.0004000000000132786	trials	electrical	biphasic	60	MOs	deep	awake	False	True
554.89518	0.0004000000000132786	trials	electrical	biphasic	60	MOs	deep	awake	True	True
558.8190599999998	0.0004000000000132786	trials	electrical	biphasic	40	MOs	deep	awake	True	True
562.41031	0.0004000000000132786	trials	electrical	biphasic	40	MOs	deep	awake	True	True
566.17721	0.0004000000000132786	trials	electrical	biphasic	60	MOs	deep	awake	True	True
569.8312900000002	0.00039999999978590495	trials	electrical	biphasic	20	MOs	deep	awake	True	True
573.61272	0.0004000000000132786	trials	electrical	biphasic	60	MOs	deep	awake	True	False
577.55322	0.0004000000000132786	trials	electrical	biphasic	60	MOs	deep	awake	True	False
581.5807900000002	0.00039999999978590495	trials	electrical	biphasic	40	MOs	deep	awake	True	True
585.53863	0.0004000000000132786	trials	electrical	biphasic	60	MOs	deep	awake	True	False
589.91444	0.0004000000000132786	trials	electrical	biphasic	40	MOs	deep	awake	True	True
593.93292	0.0004000000000132786	trials	electrical	biphasic	40	MOs	deep	awake	False	True
598.37697	0.0004000000000132786	trials	electrical	biphasic	40	MOs	deep	awake	False	True
602.5151	0.0004000000000132786	trials	electrical	biphasic	20	MOs	deep	awake	False	True
606.97322	0.0004000000000132786	trials	electrical	biphasic	40	MOs	deep	awake	False	True
610.71435	0.0004000000000132786	trials	electrical	biphasic	40	MOs	deep	awake	False	True
614.89089	0.0004000000000132786	trials	electrical	biphasic	20	MOs	deep	awake	False	True
618.68038	0.0004000000000132786	trials	electrical	biphasic	60	MOs	deep	awake	False	True
622.8526	0.00040000000012696546	trials	electrical	biphasic	60	MOs	deep	awake	False	True
627.04817	0.0004000000000132786	trials	electrical	biphasic	40	MOs	deep	awake	False	True
630.6165900000002	0.00039999999978590495	trials	electrical	biphasic	40	MOs	deep	awake	False	True
634.3718200000002	0.00039999999978590495	trials	electrical	biphasic	20	MOs	deep	awake	False	True
638.09628	0.0004000000000132786	trials	electrical	biphasic	40	MOs	deep	awake	False	True
642.26454	0.00040999999998803105	trials	electrical	biphasic	40	MOs	deep	awake	False	True
646.60937	0.0004000000000132786	trials	electrical	biphasic	20	MOs	deep	awake	False	True
650.45426	0.0004000000000132786	trials	electrical	biphasic	40	MOs	deep	awake	False	True
654.7352	0.0004000000000132786	trials	electrical	biphasic	60	MOs	deep	awake	False	True
658.91097	0.0004000000000132786	trials	electrical	biphasic	40	MOs	deep	awake	False	True
662.41811	0.0004000000000132786	trials	electrical	biphasic	60	MOs	deep	awake	False	True
666.52072	0.0004000000000132786	trials	electrical	biphasic	40	MOs	deep	awake	False	True
670.40792	0.0004000000000132786	trials	electrical	biphasic	60	MOs	deep	awake	False	True
674.82435	0.0004000000000132786	trials	electrical	biphasic	40	MOs	deep	awake	False	True
678.32593	0.0004000000000132786	trials	electrical	biphasic	40	MOs	deep	awake	False	True
682.2887900000002	0.0004099999998743442	trials	electrical	biphasic	20	MOs	deep	awake	False	True
686.2135599999998	0.0004000000000132786	trials	electrical	biphasic	20	MOs	deep	awake	False	True
690.1749	0.0004000000000132786	trials	electrical	biphasic	20	MOs	deep	awake	False	True
694.4454900000002	0.0004000000000132786	trials	electrical	biphasic	20	MOs	deep	awake	False	True
698.2683900000002	0.0004000000000132786	trials	electrical	biphasic	20	MOs	deep	awake	False	True
702.55356	0.0004000000000132786	trials	electrical	biphasic	40	MOs	deep	awake	False	True
706.52535	0.0004000000000132786	trials	electrical	biphasic	40	MOs	deep	awake	False	True
710.06153	0.0004000000000132786	trials	electrical	biphasic	60	MOs	deep	awake	False	True
713.73783	0.00039999999978590495	trials	electrical	biphasic	40	MOs	deep	awake	False	True
717.96002	0.0004000000000132786	trials	electrical	biphasic	60	MOs	deep	awake	False	True
721.9339200000002	0.0004000000000132786	trials	electrical	biphasic	20	MOs	deep	awake	False	True
725.58707	0.0004000000000132786	trials	electrical	biphasic	40	MOs	deep	awake	False	True
729.4286099999998	0.00040000000012696546	trials	electrical	biphasic	60	MOs	deep	awake	False	True
733.53642	0.0004000000000132786	trials	electrical	biphasic	20	MOs	deep	awake	False	True
737.22858	0.0004000000000132786	trials	electrical	biphasic	20	MOs	deep	awake	False	True
741.4674200000002	0.0004000000000132786	trials	electrical	biphasic	20	MOs	deep	awake	False	True
745.21071	0.0004000000000132786	trials	electrical	biphasic	20	MOs	deep	awake	False	True
749.62856	0.0004000000000132786	trials	electrical	biphasic	60	MOs	deep	awake	False	True
753.39804	0.0004000000000132786	trials	electrical	biphasic	40	MOs	deep	awake	False	True
757.6639700000002	0.00039999999978590495	trials	electrical	biphasic	40	MOs	deep	awake	False	True
761.35305	0.0003999999998995918	trials	electrical	biphasic	40	MOs	deep	awake	False	True
765.14097	0.0004000000000132786	trials	electrical	biphasic	60	MOs	deep	awake	False	True
768.73252	0.0004000000000132786	trials	electrical	biphasic	40	MOs	deep	awake	False	True
772.8091400000002	0.0004000000000132786	trials	electrical	biphasic	40	MOs	deep	awake	False	True
776.99293	0.0004000000000132786	trials	electrical	biphasic	20	MOs	deep	awake	False	True
781.03995	0.0004000000000132786	trials	electrical	biphasic	20	MOs	deep	awake	False	True
784.9661	0.0004000000000132786	trials	electrical	biphasic	40	MOs	deep	awake	False	True
789.11096	0.0004000000000132786	trials	electrical	biphasic	60	MOs	deep	awake	False	True
793.25901	0.0004000000000132786	trials	electrical	biphasic	60	MOs	deep	awake	False	True
797.43845	0.0004000000000132786	trials	electrical	biphasic	20	MOs	deep	awake	False	True
801.57466	0.0004000000000132786	trials	electrical	biphasic	40	MOs	deep	awake	False	True
806.02027	0.0004000000000132786	trials	electrical	biphasic	60	MOs	deep	awake	False	True
809.7296299999998	0.0004000000000132786	trials	electrical	biphasic	20	MOs	deep	awake	False	True
813.93934	0.0004000000000132786	trials	electrical	biphasic	20	MOs	deep	awake	False	True
817.676	0.0003999999998995918	trials	electrical	biphasic	40	MOs	deep	awake	False	True
821.29582	0.00040000000012696546	trials	electrical	biphasic	40	MOs	deep	awake	False	True
825.40355	0.0004000000000132786	trials	electrical	biphasic	20	MOs	deep	awake	False	True
829.35411	0.0004000000000132786	trials	electrical	biphasic	40	MOs	deep	awake	False	True
833.31326	0.00039999999978590495	trials	electrical	biphasic	60	MOs	deep	awake	False	True
837.47562	0.00040000000012696546	trials	electrical	biphasic	40	MOs	deep	awake	False	True
841.7463300000002	0.0004000000000132786	trials	electrical	biphasic	40	MOs	deep	awake	False	True
845.59698	0.0004000000000132786	trials	electrical	biphasic	60	MOs	deep	awake	False	True
849.75942	0.0003999999998995918	trials	electrical	biphasic	40	MOs	deep	awake	False	True
853.67601	0.00039999999978590495	trials	electrical	biphasic	20	MOs	deep	awake	False	True
858.01835	0.0003999999998995918	trials	electrical	biphasic	20	MOs	deep	awake	False	True
862.3517	0.0003999999998995918	trials	electrical	biphasic	40	MOs	deep	awake	False	True
866.10856	0.00039999999978590495	trials	electrical	biphasic	60	MOs	deep	awake	False	True
870.22245	0.0004000000000132786	trials	electrical	biphasic	20	MOs	deep	awake	False	True
874.30511	0.0004099999998743442	trials	electrical	biphasic	60	MOs	deep	awake	False	True
878.3462800000002	0.0003999999998995918	trials	electrical	biphasic	60	MOs	deep	awake	False	True
882.71665	0.0004000000000132786	trials	electrical	biphasic	40	MOs	deep	awake	False	True
886.48185	0.0004000000000132786	trials	electrical	biphasic	40	MOs	deep	awake	False	True
890.30035	0.0004000000000132786	trials	electrical	biphasic	40	MOs	deep	awake	False	True
893.92	0.0004000000000132786	trials	electrical	biphasic	40	MOs	deep	awake	True	True
898.36025	0.0004000000000132786	trials	electrical	biphasic	60	MOs	deep	awake	True	True
902.50623	0.0004000000000132786	trials	electrical	biphasic	40	MOs	deep	awake	True	True
906.48612	0.0004000000000132786	trials	electrical	biphasic	60	MOs	deep	awake	True	True
910.62586	0.0004000000000132786	trials	electrical	biphasic	20	MOs	deep	awake	True	True
914.67101	0.0004000000000132786	trials	electrical	biphasic	60	MOs	deep	awake	True	True
918.81875	0.0004000000000132786	trials	electrical	biphasic	40	MOs	deep	awake	True	True
922.86306	0.0004000000000132786	trials	electrical	biphasic	40	MOs	deep	awake	True	False
927.08452	0.0004000000000132786	trials	electrical	biphasic	40	MOs	deep	awake	True	True
931.10745	0.0004000000000132786	trials	electrical	biphasic	60	MOs	deep	awake	False	True
935.60158	0.0004000000000132786	trials	electrical	biphasic	60	MOs	deep	awake	True	True
939.32068	0.0004000000000132786	trials	electrical	biphasic	40	MOs	deep	awake	True	True
942.9269	0.0003999999998995918	trials	electrical	biphasic	40	MOs	deep	awake	True	True
946.53703	0.0004000000000132786	trials	electrical	biphasic	20	MOs	deep	awake	False	True
950.10105	0.0004000000000132786	trials	electrical	biphasic	40	MOs	deep	awake	False	True
954.00605	0.0004000000000132786	trials	electrical	biphasic	20	MOs	deep	awake	False	True
957.95486	0.0003999999998995918	trials	electrical	biphasic	20	MOs	deep	awake	True	True
961.8211	0.0004000000000132786	trials	electrical	biphasic	40	MOs	deep	awake	False	True
966.08503	0.0004000000000132786	trials	electrical	biphasic	20	MOs	deep	awake	False	True
970.21335	0.0004000000000132786	trials	electrical	biphasic	40	MOs	deep	awake	False	True
974.48576	0.0004000000000132786	trials	electrical	biphasic	60	MOs	deep	awake	False	True
978.91905	0.0004000000000132786	trials	electrical	biphasic	60	MOs	deep	awake	False	True
983.39222	0.0004000000000132786	trials	electrical	biphasic	20	MOs	deep	awake	False	True
987.08466	0.0004000000000132786	trials	electrical	biphasic	40	MOs	deep	awake	False	True
990.72396	0.0004000000000132786	trials	electrical	biphasic	60	MOs	deep	awake	False	True
994.92065	0.0004000000000132786	trials	electrical	biphasic	20	MOs	deep	awake	False	True
998.51489	0.0004000000000132786	trials	electrical	biphasic	60	MOs	deep	awake	False	True
1002.54072	0.0004000000000132786	trials	electrical	biphasic	20	MOs	deep	awake	False	True
1006.57148	0.0004000000000132786	trials	electrical	biphasic	40	MOs	deep	awake	False	True
1010.93305	0.0004000000000132786	trials	electrical	biphasic	60	MOs	deep	awake	False	True
1014.91833	0.0004000000000132786	trials	electrical	biphasic	60	MOs	deep	awake	False	True
1018.81222	0.0004000000000132786	trials	electrical	biphasic	40	MOs	deep	awake	False	True
1022.98408	0.0004000000000132786	trials	electrical	biphasic	60	MOs	deep	awake	False	True
1027.22577	0.0003999999998995918	trials	electrical	biphasic	20	MOs	deep	awake	False	True
1031.24626	0.00040000000012696546	trials	electrical	biphasic	60	MOs	deep	awake	False	True
1035.0944	0.00040000000012696546	trials	electrical	biphasic	40	MOs	deep	awake	False	True
1038.74482	0.00040000000012696546	trials	electrical	biphasic	60	MOs	deep	awake	False	True
1042.83135	0.00040000000012696546	trials	electrical	biphasic	20	MOs	deep	awake	False	True
1046.59391	0.0003999999998995918	trials	electrical	biphasic	60	MOs	deep	awake	False	True
1050.13879	0.00040000000012696546	trials	electrical	biphasic	60	MOs	deep	awake	False	True
1054.39416	0.0003999999998995918	trials	electrical	biphasic	20	MOs	deep	awake	False	True
1058.13736	0.00040000000012696546	trials	electrical	biphasic	40	MOs	deep	awake	True	True
1062.08019	0.00040000000012696546	trials	electrical	biphasic	40	MOs	deep	awake	True	True
1066.26841	0.00040000000012696546	trials	electrical	biphasic	40	MOs	deep	awake	True	True
1070.12806	0.0003999999998995918	trials	electrical	biphasic	40	MOs	deep	awake	False	True
1074.36482	0.0004100000001017179	trials	electrical	biphasic	60	MOs	deep	awake	False	True
1078.25995	0.00040000000012696546	trials	electrical	biphasic	60	MOs	deep	awake	False	True
1082.4438	0.0003999999998995918	trials	electrical	biphasic	60	MOs	deep	awake	False	True
1086.64826	0.00040000000012696546	trials	electrical	biphasic	60	MOs	deep	awake	False	True
1090.59099	0.00040000000012696546	trials	electrical	biphasic	20	MOs	deep	awake	False	True
1094.11099	0.00040000000012696546	trials	electrical	biphasic	20	MOs	deep	awake	False	True
1097.94227	0.0003999999998995918	trials	electrical	biphasic	40	MOs	deep	awake	False	True
1101.867	0.00040000000012696546	trials	electrical	biphasic	20	MOs	deep	awake	False	True
1105.6377	0.0003999999998995918	trials	electrical	biphasic	60	MOs	deep	awake	False	True
1109.33518	0.00040000000035433914	trials	electrical	biphasic	60	MOs	deep	awake	False	True
1113.65733	0.0003999999998995918	trials	electrical	biphasic	20	MOs	deep	awake	False	True
1117.58767	0.00040000000012696546	trials	electrical	biphasic	40	MOs	deep	awake	False	True
1121.97588	0.00040000000012696546	trials	electrical	biphasic	20	MOs	deep	awake	False	True
1125.86749	0.0003999999998995918	trials	electrical	biphasic	60	MOs	deep	awake	False	True
1130.13703	0.0003999999998995918	trials	electrical	biphasic	20	MOs	deep	awake	False	True
1134.03426	0.00040000000012696546	trials	electrical	biphasic	40	MOs	deep	awake	False	True
1138.3432	0.0003999999998995918	trials	electrical	biphasic	40	MOs	deep	awake	False	True
1142.59871	0.00040000000012696546	trials	electrical	biphasic	20	MOs	deep	awake	False	True
1146.47653	0.00040000000012696546	trials	electrical	biphasic	20	MOs	deep	awake	False	True
1150.19298	0.00040000000035433914	trials	electrical	biphasic	40	MOs	deep	awake	True	True
1154.4838	0.00040000000012696546	trials	electrical	biphasic	60	MOs	deep	awake	True	True
1158.93353	0.0003999999998995918	trials	electrical	biphasic	60	MOs	deep	awake	True	False
1162.76152	0.0003999999998995918	trials	electrical	biphasic	40	MOs	deep	awake	True	True
1166.9332	0.00040000000012696546	trials	electrical	biphasic	20	MOs	deep	awake	True	False
1170.8722699999996	0.00040000000035433914	trials	electrical	biphasic	20	MOs	deep	awake	True	False
1175.20619	0.0003999999998995918	trials	electrical	biphasic	40	MOs	deep	awake	True	True
1179.47548	0.0003999999998995918	trials	electrical	biphasic	40	MOs	deep	awake	False	True
1183.14316	0.0003999999998995918	trials	electrical	biphasic	20	MOs	deep	awake	True	True
1187.50557	0.0003999999998995918	trials	electrical	biphasic	40	MOs	deep	awake	True	True
1191.9958800000004	0.0003999999996722181	trials	electrical	biphasic	60	MOs	deep	awake	True	True
1196.01072	0.0003999999998995918	trials	electrical	biphasic	20	MOs	deep	awake	False	True
1200.39543	0.00040000000035433914	trials	electrical	biphasic	60	MOs	deep	awake	False	True
1204.48388	0.0003999999998995918	trials	electrical	biphasic	40	MOs	deep	awake	False	True
1208.13906	0.00040000000012696546	trials	electrical	biphasic	40	MOs	deep	awake	False	True
1211.83934	0.0003999999998995918	trials	electrical	biphasic	60	MOs	deep	awake	False	False
1215.74673	0.0003999999998995918	trials	electrical	biphasic	40	MOs	deep	awake	False	True
1219.99585	0.0003999999998995918	trials	electrical	biphasic	60	MOs	deep	awake	False	False
1224.32186	0.0003999999998995918	trials	electrical	biphasic	20	MOs	deep	awake	False	True
1228.61225	0.00040000000012696546	trials	electrical	biphasic	40	MOs	deep	awake	False	True
1232.43119	0.0003999999998995918	trials	electrical	biphasic	20	MOs	deep	awake	False	True
1236.46568	0.0003999999998995918	trials	electrical	biphasic	40	MOs	deep	awake	False	True
1240.05606	0.00040000000012696546	trials	electrical	biphasic	60	MOs	deep	awake	False	True
1243.66818	0.00040000000012696546	trials	electrical	biphasic	40	MOs	deep	awake	False	True
1247.3049	0.0003999999998995918	trials	electrical	biphasic	60	MOs	deep	awake	False	True
1251.48399	0.00040000000012696546	trials	electrical	biphasic	20	MOs	deep	awake	False	True
1255.47959	0.00040000000012696546	trials	electrical	biphasic	20	MOs	deep	awake	False	True
1259.16974	0.0003999999998995918	trials	electrical	biphasic	20	MOs	deep	awake	False	True
1263.16516	0.0003999999998995918	trials	electrical	biphasic	20	MOs	deep	awake	False	True
1266.81318	0.0003999999998995918	trials	electrical	biphasic	60	MOs	deep	awake	False	True
1270.36859	0.0003999999998995918	trials	electrical	biphasic	60	MOs	deep	awake	False	True
1274.71973	0.00040000000035433914	trials	electrical	biphasic	60	MOs	deep	awake	False	True
1278.78072	0.00040000000012696546	trials	electrical	biphasic	60	MOs	deep	awake	False	True
1283.21075	0.00040000000012696546	trials	electrical	biphasic	20	MOs	deep	awake	False	True
1287.40783	0.0003999999998995918	trials	electrical	biphasic	60	MOs	deep	awake	False	True
1291.49106	0.0003999999998995918	trials	electrical	biphasic	20	MOs	deep	awake	False	True
1295.80689	0.0003999999998995918	trials	electrical	biphasic	60	MOs	deep	awake	False	True
1300.18633	0.0003999999998995918	trials	electrical	biphasic	60	MOs	deep	awake	False	True
1304.67568	0.00040000000035433914	trials	electrical	biphasic	40	MOs	deep	awake	False	True
1308.17662	0.00040000000012696546	trials	electrical	biphasic	20	MOs	deep	awake	False	True
1312.54249	0.0003999999998995918	trials	electrical	biphasic	20	MOs	deep	awake	False	True
1316.65548	0.00040000000012696546	trials	electrical	biphasic	60	MOs	deep	awake	False	True
1321.14586	0.0003999999998995918	trials	electrical	biphasic	60	MOs	deep	awake	False	True
1325.1739699999996	0.00040000000035433914	trials	electrical	biphasic	20	MOs	deep	awake	False	True
1329.15391	0.0003999999998995918	trials	electrical	biphasic	60	MOs	deep	awake	False	True
1333.45568	0.00040000000035433914	trials	electrical	biphasic	20	MOs	deep	awake	False	True
1337.18394	0.00040000000012696546	trials	electrical	biphasic	20	MOs	deep	awake	False	True
1341.18247	0.00040000000012696546	trials	electrical	biphasic	40	MOs	deep	awake	False	True
1345.58376	0.00040000000012696546	trials	electrical	biphasic	60	MOs	deep	awake	False	True
1349.65884	0.0003999999998995918	trials	electrical	biphasic	60	MOs	deep	awake	False	True
1354.00445	0.00040000000012696546	trials	electrical	biphasic	60	MOs	deep	awake	False	True
1358.24351	0.0003999999998995918	trials	electrical	biphasic	60	MOs	deep	awake	False	True
1362.32992	0.00040000000012696546	trials	electrical	biphasic	60	MOs	deep	awake	False	True
1366.07708	0.00040000000035433914	trials	electrical	biphasic	40	MOs	deep	awake	False	True
1370.24393	0.0003999999998995918	trials	electrical	biphasic	60	MOs	deep	awake	False	True
1373.8278300000004	0.0003999999996722181	trials	electrical	biphasic	20	MOs	deep	awake	False	True
1377.95422	0.0003999999998995918	trials	electrical	biphasic	60	MOs	deep	awake	True	True
1382.11558	0.00040000000012696546	trials	electrical	biphasic	40	MOs	deep	awake	True	True
1386.34577	0.00040000000012696546	trials	electrical	biphasic	20	MOs	deep	awake	True	False
1390.73696	0.00040000000012696546	trials	electrical	biphasic	20	MOs	deep	awake	True	False
1395.2196800000004	0.0003999999996722181	trials	electrical	biphasic	20	MOs	deep	awake	True	False
1399.4891300000004	0.0003999999996722181	trials	electrical	biphasic	20	MOs	deep	awake	True	True
1403.571	0.00040000000012696546	trials	electrical	biphasic	20	MOs	deep	awake	True	False
1407.99974	0.00040000000012696546	trials	electrical	biphasic	20	MOs	deep	awake	True	False
1412.08027	0.0003999999996722181	trials	electrical	biphasic	20	MOs	deep	awake	True	True
1415.59767	0.0003999999998995918	trials	electrical	biphasic	40	MOs	deep	awake	True	True
1419.21895	0.00040000000012696546	trials	electrical	biphasic	40	MOs	deep	awake	True	False
1423.5821	0.0003999999998995918	trials	electrical	biphasic	60	MOs	deep	awake	True	True
1427.56683	0.00040000000012696546	trials	electrical	biphasic	20	MOs	deep	awake	True	False
1431.91211	0.00040000000012696546	trials	electrical	biphasic	40	MOs	deep	awake	False	True
1435.62194	0.0003999999998995918	trials	electrical	biphasic	40	MOs	deep	awake	False	True
1439.67466	0.00040000000012696546	trials	electrical	biphasic	20	MOs	deep	awake	False	True
1443.80497	0.00040000000012696546	trials	electrical	biphasic	20	MOs	deep	awake	False	True
1447.33739	0.00040000000012696546	trials	electrical	biphasic	40	MOs	deep	awake	False	True
1451.45253	0.00040000000035433914	trials	electrical	biphasic	20	MOs	deep	awake	False	True
1455.31538	0.0003999999998995918	trials	electrical	biphasic	60	MOs	deep	awake	False	True
1458.86534	0.0003999999998995918	trials	electrical	biphasic	40	MOs	deep	awake	False	True
1462.85535	0.0003999999998995918	trials	electrical	biphasic	20	MOs	deep	awake	False	True
1466.54829	0.00040000000012696546	trials	electrical	biphasic	60	MOs	deep	awake	False	True
1470.17179	0.0003999999998995918	trials	electrical	biphasic	60	MOs	deep	awake	False	True
1473.87771	0.00040000000012696546	trials	electrical	biphasic	60	MOs	deep	awake	False	True
1477.52466	0.0003999999998995918	trials	electrical	biphasic	60	MOs	deep	awake	False	True
1481.21416	0.0003999999998995918	trials	electrical	biphasic	40	MOs	deep	awake	False	True
1484.75724	0.00040000000012696546	trials	electrical	biphasic	20	MOs	deep	awake	False	True
1488.89287	0.00040000000012696546	trials	electrical	biphasic	20	MOs	deep	awake	False	True
1492.67515	0.0003999999998995918	trials	electrical	biphasic	40	MOs	deep	awake	False	True
1496.7141800000004	0.0003999999996722181	trials	electrical	biphasic	60	MOs	deep	awake	False	True
1500.90976	0.0003999999998995918	trials	electrical	biphasic	40	MOs	deep	awake	False	True
1504.90931	0.0003999999998995918	trials	electrical	biphasic	60	MOs	deep	awake	False	True
1508.94553	0.00040000000012696546	trials	electrical	biphasic	40	MOs	deep	awake	False	True
1512.89114	0.00040000000012696546	trials	electrical	biphasic	20	MOs	deep	awake	False	True
1516.5155	0.00040000000012696546	trials	electrical	biphasic	60	MOs	deep	awake	False	True
1520.50628	0.0004099999998743442	trials	electrical	biphasic	20	MOs	deep	awake	False	True
1524.85971	0.0003999999996722181	trials	electrical	biphasic	20	MOs	deep	awake	False	True
1529.23406	0.0003999999998995918	trials	electrical	biphasic	60	MOs	deep	awake	False	True
1533.00478	0.00040000000012696546	trials	electrical	biphasic	20	MOs	deep	awake	False	True
1536.71367	0.0003999999998995918	trials	electrical	biphasic	40	MOs	deep	awake	False	True
1540.7790699999996	0.00040000000035433914	trials	electrical	biphasic	20	MOs	deep	awake	False	True
1544.9198199999996	0.00040000000035433914	trials	electrical	biphasic	40	MOs	deep	awake	False	True
1548.83726	0.0003999999998995918	trials	electrical	biphasic	60	MOs	deep	awake	False	True
1552.54366	0.0003999999998995918	trials	electrical	biphasic	40	MOs	deep	awake	True	True
1556.99203	0.0003999999998995918	trials	electrical	biphasic	40	MOs	deep	awake	False	True
1560.57453	0.0003999999998995918	trials	electrical	biphasic	40	MOs	deep	awake	False	True
1564.18066	0.0003999999998995918	trials	electrical	biphasic	60	MOs	deep	awake	True	False
1567.82312	0.0003999999998995918	trials	electrical	biphasic	60	MOs	deep	awake	True	False
1571.49	0.0003999999998995918	trials	electrical	biphasic	20	MOs	deep	awake	True	True
1575.61139	0.0003999999998995918	trials	electrical	biphasic	60	MOs	deep	awake	True	True
1579.68553	0.00040000000012696546	trials	electrical	biphasic	40	MOs	deep	awake	True	False
1583.23804	0.00040000000012696546	trials	electrical	biphasic	40	MOs	deep	awake	True	True
1587.66966	0.0003999999998995918	trials	electrical	biphasic	60	MOs	deep	awake	True	True
1591.89875	0.0003999999998995918	trials	electrical	biphasic	60	MOs	deep	awake	True	False
1596.13702	0.00040000000012696546	trials	electrical	biphasic	40	MOs	deep	awake	True	True
1599.70084	0.00040000000012696546	trials	electrical	biphasic	20	MOs	deep	awake	True	True
1604.0617	0.00040000000012696546	trials	electrical	biphasic	40	MOs	deep	awake	True	False
1608.49653	0.00040000000012696546	trials	electrical	biphasic	60	MOs	deep	awake	False	True
1612.98136	0.0003999999998995918	trials	electrical	biphasic	20	MOs	deep	awake	False	True
1617.34073	0.00040000000012696546	trials	electrical	biphasic	20	MOs	deep	awake	True	True
1621.62671	0.0003999999998995918	trials	electrical	biphasic	20	MOs	deep	awake	False	True
1625.64052	0.0003999999996722181	trials	electrical	biphasic	20	MOs	deep	awake	False	True
1629.31854	0.00040000000012696546	trials	electrical	biphasic	60	MOs	deep	awake	False	True
1633.21755	0.0003999999998995918	trials	electrical	biphasic	40	MOs	deep	awake	False	True
1636.85191	0.0003999999998995918	trials	electrical	biphasic	60	MOs	deep	awake	False	True
1640.38323	0.00040000000012696546	trials	electrical	biphasic	20	MOs	deep	awake	False	True
1644.8228	0.00040000000012696546	trials	electrical	biphasic	40	MOs	deep	awake	False	True
1648.6245199999996	0.00040000000035433914	trials	electrical	biphasic	20	MOs	deep	awake	False	True
1652.42049	0.00040000000012696546	trials	electrical	biphasic	20	MOs	deep	awake	False	True
1656.25385	0.0003999999998995918	trials	electrical	biphasic	40	MOs	deep	awake	False	True
1660.22133	0.0003999999998995918	trials	electrical	biphasic	40	MOs	deep	awake	False	True
1664.36996	0.0003999999998995918	trials	electrical	biphasic	60	MOs	deep	awake	False	True
1667.8956	0.0003999999998995918	trials	electrical	biphasic	40	MOs	deep	awake	False	True
1672.2382300000004	0.0003999999996722181	trials	electrical	biphasic	20	MOs	deep	awake	False	True
1676.29769	0.0003999999998995918	trials	electrical	biphasic	60	MOs	deep	awake	False	True
1680.65222	0.0003999999996722181	trials	electrical	biphasic	40	MOs	deep	awake	False	True
1684.5005199999996	0.00040000000035433914	trials	electrical	biphasic	20	MOs	deep	awake	False	True
1688.44697	0.00040000000012696546	trials	electrical	biphasic	20	MOs	deep	awake	False	True
1692.00163	0.00040000000012696546	trials	electrical	biphasic	20	MOs	deep	awake	False	True
1695.67915	0.00040000000012696546	trials	electrical	biphasic	20	MOs	deep	awake	False	True
1699.84238	0.00040000000035433914	trials	electrical	biphasic	20	MOs	deep	awake	False	True
1703.67362	0.0003999999998995918	trials	electrical	biphasic	40	MOs	deep	awake	False	True
1708.07253	0.00040000000012696546	trials	electrical	biphasic	60	MOs	deep	awake	True	True
1711.6911100000002	0.0003999999998995918	trials	electrical	biphasic	20	MOs	deep	awake	True	True
1716.1799600000004	0.0003999999996722181	trials	electrical	biphasic	20	MOs	deep	awake	True	True
1720.22037	0.0003999999998995918	trials	electrical	biphasic	60	MOs	deep	awake	True	True
1724.4277100000004	0.0003999999996722181	trials	electrical	biphasic	60	MOs	deep	awake	True	False
1728.92764	0.0003999999996722181	trials	electrical	biphasic	40	MOs	deep	awake	True	False
1732.7159	0.00040000000012696546	trials	electrical	biphasic	60	MOs	deep	awake	True	False
1736.63085	0.0003999999998995918	trials	electrical	biphasic	60	MOs	deep	awake	True	True
1740.5961100000004	0.0003999999996722181	trials	electrical	biphasic	60	MOs	deep	awake	True	True
1744.8605	0.0003999999998995918	trials	electrical	biphasic	20	MOs	deep	awake	False	True
1749.17913	0.00040000000012696546	trials	electrical	biphasic	60	MOs	deep	awake	False	True
1903.524293488601	290.3600000000001	epochs								
2193.894293488601	3416.4300000000003	epochs								
2563.91507	0.0003999999998995918	trials	electrical	biphasic	40	MOs	deep	isoflurane	False	True
2567.44809	0.00040000000035433914	trials	electrical	biphasic	20	MOs	deep	isoflurane	False	True
2571.50972	0.0003999999998995918	trials	electrical	biphasic	40	MOs	deep	isoflurane	False	True
2575.8920000000007	0.00039999999944484443	trials	electrical	biphasic	60	MOs	deep	isoflurane	False	True
2580.06161	0.0003999999998995918	trials	electrical	biphasic	60	MOs	deep	isoflurane	False	True
2583.75247	0.0003999999998995918	trials	electrical	biphasic	60	MOs	deep	isoflurane	False	True
2587.62181	0.0003999999998995918	trials	electrical	biphasic	60	MOs	deep	isoflurane	False	True
2591.58296	0.0003999999998995918	trials	electrical	biphasic	20	MOs	deep	isoflurane	False	True
2596.06502	0.0004100000001017179	trials	electrical	biphasic	20	MOs	deep	isoflurane	False	True
2599.72185	0.0003999999998995918	trials	electrical	biphasic	20	MOs	deep	isoflurane	False	True
2604.07779	0.00040000000035433914	trials	electrical	biphasic	60	MOs	deep	isoflurane	False	True
2608.22298	0.0003999999998995918	trials	electrical	biphasic	60	MOs	deep	isoflurane	False	True
2612.0996800000007	0.00039999999944484443	trials	electrical	biphasic	40	MOs	deep	isoflurane	False	True
2615.79102	0.0003999999998995918	trials	electrical	biphasic	20	MOs	deep	isoflurane	False	True
2619.7197	0.0003999999998995918	trials	electrical	biphasic	40	MOs	deep	isoflurane	False	True
2623.70215	0.0003999999998995918	trials	electrical	biphasic	60	MOs	deep	isoflurane	False	True
2627.32319	0.0003999999998995918	trials	electrical	biphasic	20	MOs	deep	isoflurane	False	True
2631.41311	0.0004000000008090865	trials	electrical	biphasic	60	MOs	deep	isoflurane	False	True
2635.13971	0.0004000000008090865	trials	electrical	biphasic	40	MOs	deep	isoflurane	False	True
2639.02476	0.00040000000035433914	trials	electrical	biphasic	60	MOs	deep	isoflurane	False	True
2643.10816	0.0003999999998995918	trials	electrical	biphasic	60	MOs	deep	isoflurane	False	True
2646.86038	0.0003999999998995918	trials	electrical	biphasic	20	MOs	deep	isoflurane	False	True
2650.65124	0.0003999999998995918	trials	electrical	biphasic	40	MOs	deep	isoflurane	False	True
2654.76876	0.0004100000001017179	trials	electrical	biphasic	20	MOs	deep	isoflurane	False	True
2658.53447	0.0003999999998995918	trials	electrical	biphasic	40	MOs	deep	isoflurane	False	True
2662.85927	0.0003999999998995918	trials	electrical	biphasic	60	MOs	deep	isoflurane	False	True
2667.34236	0.0003999999998995918	trials	electrical	biphasic	20	MOs	deep	isoflurane	False	True
2671.57302	0.00040000000035433914	trials	electrical	biphasic	40	MOs	deep	isoflurane	False	True
2675.41732	0.0003999999998995918	trials	electrical	biphasic	60	MOs	deep	isoflurane	False	True
2679.5018	0.0003999999998995918	trials	electrical	biphasic	40	MOs	deep	isoflurane	False	True
2683.10998	0.0003999999998995918	trials	electrical	biphasic	60	MOs	deep	isoflurane	False	True
2687.516710000001	0.0003999999989900971	trials	electrical	biphasic	20	MOs	deep	isoflurane	False	True
2691.89679	0.00040000000035433914	trials	electrical	biphasic	20	MOs	deep	isoflurane	False	True
2696.21498	0.0003999999998995918	trials	electrical	biphasic	60	MOs	deep	isoflurane	False	True
2699.97612	0.00040000000035433914	trials	electrical	biphasic	60	MOs	deep	isoflurane	False	True
2704.0709	0.0003999999998995918	trials	electrical	biphasic	40	MOs	deep	isoflurane	False	True
2707.59384	0.0003999999998995918	trials	electrical	biphasic	60	MOs	deep	isoflurane	False	True
2711.51952	0.00040000000035433914	trials	electrical	biphasic	40	MOs	deep	isoflurane	False	True
2715.33266	0.0003999999998995918	trials	electrical	biphasic	40	MOs	deep	isoflurane	False	True
2718.99456	0.0003999999998995918	trials	electrical	biphasic	40	MOs	deep	isoflurane	False	True
2722.67374	0.0003999999998995918	trials	electrical	biphasic	20	MOs	deep	isoflurane	False	True
2726.59704	0.0003999999998995918	trials	electrical	biphasic	40	MOs	deep	isoflurane	False	True
2730.19168	0.0004000000008090865	trials	electrical	biphasic	20	MOs	deep	isoflurane	False	True
2734.29062	0.0003999999998995918	trials	electrical	biphasic	60	MOs	deep	isoflurane	False	True
2738.2619600000007	0.00039999999944484443	trials	electrical	biphasic	20	MOs	deep	isoflurane	False	True
2742.45833	0.0004000000008090865	trials	electrical	biphasic	40	MOs	deep	isoflurane	False	True
2746.65863	0.0004000000008090865	trials	electrical	biphasic	60	MOs	deep	isoflurane	False	True
2750.79759	0.0003999999998995918	trials	electrical	biphasic	40	MOs	deep	isoflurane	False	True
2754.33161	0.0003999999998995918	trials	electrical	biphasic	60	MOs	deep	isoflurane	False	True
2757.90083	0.0003999999998995918	trials	electrical	biphasic	20	MOs	deep	isoflurane	False	True
2761.72085	0.0003999999998995918	trials	electrical	biphasic	20	MOs	deep	isoflurane	False	True
2765.75213	0.00040000000035433914	trials	electrical	biphasic	40	MOs	deep	isoflurane	False	True
2769.90699	0.0003999999998995918	trials	electrical	biphasic	40	MOs	deep	isoflurane	False	True
2773.81503	0.0003999999998995918	trials	electrical	biphasic	20	MOs	deep	isoflurane	False	True
2778.13544	0.0003999999998995918	trials	electrical	biphasic	60	MOs	deep	isoflurane	False	True
2782.35422	0.0003999999998995918	trials	electrical	biphasic	20	MOs	deep	isoflurane	False	True
2786.82328	0.0003999999998995918	trials	electrical	biphasic	20	MOs	deep	isoflurane	False	True
2790.85504	0.0003999999998995918	trials	electrical	biphasic	20	MOs	deep	isoflurane	False	True
2794.6806	0.0003999999998995918	trials	electrical	biphasic	20	MOs	deep	isoflurane	False	True
2798.28664	0.00040000000035433914	trials	electrical	biphasic	20	MOs	deep	isoflurane	False	True
2802.39802	0.0003999999998995918	trials	electrical	biphasic	60	MOs	deep	isoflurane	False	True
2806.67724	0.0003999999998995918	trials	electrical	biphasic	60	MOs	deep	isoflurane	False	True
2810.60112	0.00040000000035433914	trials	electrical	biphasic	40	MOs	deep	isoflurane	False	True
2814.19236	0.0004000000008090865	trials	electrical	biphasic	40	MOs	deep	isoflurane	False	True
2817.95926	0.0003999999998995918	trials	electrical	biphasic	60	MOs	deep	isoflurane	False	True
2821.61334	0.0003999999998995918	trials	electrical	biphasic	20	MOs	deep	isoflurane	False	True
2825.39476	0.0003999999998995918	trials	electrical	biphasic	60	MOs	deep	isoflurane	False	True
2829.3352600000007	0.00039999999944484443	trials	electrical	biphasic	60	MOs	deep	isoflurane	False	True
2833.36282	0.00040000000035433914	trials	electrical	biphasic	40	MOs	deep	isoflurane	False	True
2837.3206600000008	0.00039999999944484443	trials	electrical	biphasic	60	MOs	deep	isoflurane	False	True
2841.69646	0.0003999999998995918	trials	electrical	biphasic	40	MOs	deep	isoflurane	False	True
2845.71494	0.00040000000035433914	trials	electrical	biphasic	40	MOs	deep	isoflurane	False	True
2850.15898	0.0003999999998995918	trials	electrical	biphasic	40	MOs	deep	isoflurane	False	True
2854.29711	0.0004000000008090865	trials	electrical	biphasic	20	MOs	deep	isoflurane	False	True
2858.75523	0.0003999999998995918	trials	electrical	biphasic	40	MOs	deep	isoflurane	False	True
2862.49635	0.0003999999998995918	trials	electrical	biphasic	40	MOs	deep	isoflurane	False	True
2866.67289	0.00040000000035433914	trials	electrical	biphasic	20	MOs	deep	isoflurane	False	True
2870.46237	0.0003999999998995918	trials	electrical	biphasic	60	MOs	deep	isoflurane	False	True
2874.63459	0.0003999999998995918	trials	electrical	biphasic	60	MOs	deep	isoflurane	False	True
2878.83015	0.00040000000035433914	trials	electrical	biphasic	40	MOs	deep	isoflurane	False	True
2882.39857	0.00040000000035433914	trials	electrical	biphasic	40	MOs	deep	isoflurane	False	True
2886.15378	0.0003999999998995918	trials	electrical	biphasic	20	MOs	deep	isoflurane	False	True
2889.87824	0.0003999999998995918	trials	electrical	biphasic	40	MOs	deep	isoflurane	False	True
2894.0465	0.0003999999998995918	trials	electrical	biphasic	40	MOs	deep	isoflurane	False	True
2898.39132	0.0003999999998995918	trials	electrical	biphasic	20	MOs	deep	isoflurane	False	True
2902.2362	0.00040000000035433914	trials	electrical	biphasic	40	MOs	deep	isoflurane	False	True
2906.51714	0.0003999999998995918	trials	electrical	biphasic	60	MOs	deep	isoflurane	False	True
2910.69291	0.0003999999998995918	trials	electrical	biphasic	40	MOs	deep	isoflurane	False	True
2914.20004	0.0003999999998995918	trials	electrical	biphasic	60	MOs	deep	isoflurane	False	True
2918.30264	0.0003999999998995918	trials	electrical	biphasic	40	MOs	deep	isoflurane	False	True
2922.18984	0.0003999999998995918	trials	electrical	biphasic	60	MOs	deep	isoflurane	False	True
2926.60626	0.0004000000008090865	trials	electrical	biphasic	40	MOs	deep	isoflurane	False	True
2930.10784	0.0003999999998995918	trials	electrical	biphasic	40	MOs	deep	isoflurane	False	True
2934.0707	0.0003999999998995918	trials	electrical	biphasic	20	MOs	deep	isoflurane	False	True
2937.99546	0.0003999999998995918	trials	electrical	biphasic	20	MOs	deep	isoflurane	False	True
2941.9568	0.0003999999998995918	trials	electrical	biphasic	20	MOs	deep	isoflurane	False	True
2946.2273800000007	0.00039999999944484443	trials	electrical	biphasic	20	MOs	deep	isoflurane	False	True
2950.05028	0.0004000000008090865	trials	electrical	biphasic	20	MOs	deep	isoflurane	False	True
2954.33544	0.00040000000035433914	trials	electrical	biphasic	40	MOs	deep	isoflurane	False	True
2958.30722	0.0003999999998995918	trials	electrical	biphasic	40	MOs	deep	isoflurane	False	True
2961.84339	0.0003999999998995918	trials	electrical	biphasic	60	MOs	deep	isoflurane	False	True
2965.51969	0.0003999999998995918	trials	electrical	biphasic	40	MOs	deep	isoflurane	False	True
2969.74187	0.00040000000035433914	trials	electrical	biphasic	60	MOs	deep	isoflurane	False	True
2973.71577	0.00040000000035433914	trials	electrical	biphasic	20	MOs	deep	isoflurane	False	True
2977.36891	0.0003999999998995918	trials	electrical	biphasic	40	MOs	deep	isoflurane	False	True
2981.21045	0.0003999999998995918	trials	electrical	biphasic	60	MOs	deep	isoflurane	False	True
2985.31825	0.00040000000035433914	trials	electrical	biphasic	20	MOs	deep	isoflurane	False	True
2989.0104	0.0003999999998995918	trials	electrical	biphasic	20	MOs	deep	isoflurane	False	True
2993.24924	0.0003999999998995918	trials	electrical	biphasic	20	MOs	deep	isoflurane	False	True
2996.99252	0.00040000000035433914	trials	electrical	biphasic	20	MOs	deep	isoflurane	False	True
3001.4103600000008	0.00039999999944484443	trials	electrical	biphasic	60	MOs	deep	isoflurane	False	True
3005.17984	0.00040000000035433914	trials	electrical	biphasic	40	MOs	deep	isoflurane	False	True
3009.44576	0.0003999999998995918	trials	electrical	biphasic	40	MOs	deep	isoflurane	False	True
3013.13484	0.0003999999998995918	trials	electrical	biphasic	40	MOs	deep	isoflurane	False	True
3016.92276	0.0004000000008090865	trials	electrical	biphasic	60	MOs	deep	isoflurane	False	True
3020.51429	0.0003999999998995918	trials	electrical	biphasic	40	MOs	deep	isoflurane	False	True
3024.590910000001	0.0003999999989900971	trials	electrical	biphasic	40	MOs	deep	isoflurane	False	True
3028.77469	0.0003999999998995918	trials	electrical	biphasic	20	MOs	deep	isoflurane	False	True
3032.82171	0.0003999999998995918	trials	electrical	biphasic	20	MOs	deep	isoflurane	False	True
3036.74785	0.0003999999998995918	trials	electrical	biphasic	40	MOs	deep	isoflurane	False	True
3040.89271	0.0003999999998995918	trials	electrical	biphasic	60	MOs	deep	isoflurane	False	True
3045.04075	0.0003999999998995918	trials	electrical	biphasic	60	MOs	deep	isoflurane	False	True
3049.22019	0.0003999999998995918	trials	electrical	biphasic	20	MOs	deep	isoflurane	False	True
3053.35639	0.0003999999998995918	trials	electrical	biphasic	40	MOs	deep	isoflurane	False	True
3057.80199	0.0003999999998995918	trials	electrical	biphasic	60	MOs	deep	isoflurane	False	True
3061.51135	0.0003999999998995918	trials	electrical	biphasic	20	MOs	deep	isoflurane	False	True
3065.72105	0.0003999999998995918	trials	electrical	biphasic	20	MOs	deep	isoflurane	False	True
3069.45771	0.0003999999998995918	trials	electrical	biphasic	40	MOs	deep	isoflurane	False	True
3073.07752	0.00040000000035433914	trials	electrical	biphasic	40	MOs	deep	isoflurane	False	True
3077.18524	0.00040000000035433914	trials	electrical	biphasic	20	MOs	deep	isoflurane	False	True
3081.1358	0.0003999999998995918	trials	electrical	biphasic	40	MOs	deep	isoflurane	False	True
3085.09494	0.0003999999998995918	trials	electrical	biphasic	60	MOs	deep	isoflurane	False	True
3089.2573	0.0003999999998995918	trials	electrical	biphasic	40	MOs	deep	isoflurane	False	True
3093.528	0.00040000000035433914	trials	electrical	biphasic	40	MOs	deep	isoflurane	False	True
3097.37864	0.0003999999998995918	trials	electrical	biphasic	60	MOs	deep	isoflurane	False	True
3101.54108	0.0003999999998995918	trials	electrical	biphasic	40	MOs	deep	isoflurane	False	True
3105.45765	0.00040000000035433914	trials	electrical	biphasic	20	MOs	deep	isoflurane	False	True
3109.79999	0.0003999999998995918	trials	electrical	biphasic	20	MOs	deep	isoflurane	False	True
3114.13333	0.0003999999998995918	trials	electrical	biphasic	40	MOs	deep	isoflurane	False	True
3117.89019	0.0003999999998995918	trials	electrical	biphasic	60	MOs	deep	isoflurane	False	True
3122.00407	0.0003999999998995918	trials	electrical	biphasic	20	MOs	deep	isoflurane	False	True
3126.08673	0.0003999999998995918	trials	electrical	biphasic	60	MOs	deep	isoflurane	False	True
3130.12789	0.0003999999998995918	trials	electrical	biphasic	60	MOs	deep	isoflurane	False	True
3134.49825	0.0003999999998995918	trials	electrical	biphasic	40	MOs	deep	isoflurane	False	True
3138.26345	0.0003999999998995918	trials	electrical	biphasic	40	MOs	deep	isoflurane	False	True
3142.08194	0.0003999999998995918	trials	electrical	biphasic	40	MOs	deep	isoflurane	False	True
3145.70158	0.0004000000008090865	trials	electrical	biphasic	40	MOs	deep	isoflurane	False	True
3150.14182	0.00040000000035433914	trials	electrical	biphasic	60	MOs	deep	isoflurane	False	True
3154.2878	0.0003999999998995918	trials	electrical	biphasic	40	MOs	deep	isoflurane	False	True
3158.26768	0.0004000000008090865	trials	electrical	biphasic	60	MOs	deep	isoflurane	False	True
3162.40742	0.0003999999998995918	trials	electrical	biphasic	20	MOs	deep	isoflurane	False	True
3166.45256	0.0003999999998995918	trials	electrical	biphasic	60	MOs	deep	isoflurane	False	True
3170.6003	0.0003999999998995918	trials	electrical	biphasic	40	MOs	deep	isoflurane	False	True
3174.64459	0.0003999999998995918	trials	electrical	biphasic	40	MOs	deep	isoflurane	False	True
3178.86605	0.0003999999998995918	trials	electrical	biphasic	40	MOs	deep	isoflurane	False	True
3182.88897	0.0003999999998995918	trials	electrical	biphasic	60	MOs	deep	isoflurane	False	True
3187.38309	0.00040000000035433914	trials	electrical	biphasic	60	MOs	deep	isoflurane	False	True
3191.10219	0.0003999999998995918	trials	electrical	biphasic	40	MOs	deep	isoflurane	False	True
3194.70841	0.0003999999998995918	trials	electrical	biphasic	40	MOs	deep	isoflurane	False	True
3198.31852	0.00040000000035433914	trials	electrical	biphasic	20	MOs	deep	isoflurane	False	True
3201.88254	0.0003999999998995918	trials	electrical	biphasic	40	MOs	deep	isoflurane	False	True
3205.78754	0.00040000000035433914	trials	electrical	biphasic	20	MOs	deep	isoflurane	False	True
3209.73634	0.0003999999998995918	trials	electrical	biphasic	20	MOs	deep	isoflurane	False	True
3213.60257	0.0003999999998995918	trials	electrical	biphasic	40	MOs	deep	isoflurane	False	True
3217.86649	0.0003999999998995918	trials	electrical	biphasic	20	MOs	deep	isoflurane	False	True
3221.99481	0.0003999999998995918	trials	electrical	biphasic	40	MOs	deep	isoflurane	False	True
3226.26721	0.0004000000008090865	trials	electrical	biphasic	60	MOs	deep	isoflurane	False	True
3230.70049	0.0003999999998995918	trials	electrical	biphasic	60	MOs	deep	isoflurane	False	True
3235.17365	0.0003999999998995918	trials	electrical	biphasic	20	MOs	deep	isoflurane	False	True
3238.86609	0.0003999999998995918	trials	electrical	biphasic	40	MOs	deep	isoflurane	False	True
3242.50539	0.00040000000035433914	trials	electrical	biphasic	60	MOs	deep	isoflurane	False	True
3246.70206	0.0003999999998995918	trials	electrical	biphasic	20	MOs	deep	isoflurane	False	True
3250.2963	0.0003999999998995918	trials	electrical	biphasic	60	MOs	deep	isoflurane	False	True
3254.32212	0.00040000000035433914	trials	electrical	biphasic	20	MOs	deep	isoflurane	False	True
3258.35288	0.0004000000008090865	trials	electrical	biphasic	40	MOs	deep	isoflurane	False	True
3262.71444	0.0003999999998995918	trials	electrical	biphasic	60	MOs	deep	isoflurane	False	True
3266.69972	0.0003999999998995918	trials	electrical	biphasic	60	MOs	deep	isoflurane	False	True
3270.59359	0.0003999999998995918	trials	electrical	biphasic	40	MOs	deep	isoflurane	False	True
3274.76545	0.0003999999998995918	trials	electrical	biphasic	60	MOs	deep	isoflurane	False	True
3279.00713	0.0003999999998995918	trials	electrical	biphasic	20	MOs	deep	isoflurane	False	True
3283.02761	0.0003999999998995918	trials	electrical	biphasic	60	MOs	deep	isoflurane	False	True
3286.87575	0.0003999999998995918	trials	electrical	biphasic	40	MOs	deep	isoflurane	False	True
3290.52617	0.0003999999998995918	trials	electrical	biphasic	60	MOs	deep	isoflurane	False	True
3294.61268	0.0003999999998995918	trials	electrical	biphasic	20	MOs	deep	isoflurane	False	True
3298.37524	0.00040000000035433914	trials	electrical	biphasic	60	MOs	deep	isoflurane	False	True
3301.92012	0.0003999999998995918	trials	electrical	biphasic	60	MOs	deep	isoflurane	False	True
3306.17548	0.0003999999998995918	trials	electrical	biphasic	20	MOs	deep	isoflurane	False	True
3309.91867	0.0003999999998995918	trials	electrical	biphasic	40	MOs	deep	isoflurane	False	True
3313.86149	0.00040000000035433914	trials	electrical	biphasic	40	MOs	deep	isoflurane	False	True
3318.04971	0.00040000000035433914	trials	electrical	biphasic	40	MOs	deep	isoflurane	False	True
3321.90935	0.0003999999998995918	trials	electrical	biphasic	40	MOs	deep	isoflurane	False	True
3326.14611	0.0003999999998995918	trials	electrical	biphasic	60	MOs	deep	isoflurane	False	True
3330.0412300000007	0.00039999999944484443	trials	electrical	biphasic	60	MOs	deep	isoflurane	False	True
3334.22507	0.0003999999998995918	trials	electrical	biphasic	60	MOs	deep	isoflurane	False	True
3338.42952	0.0003999999998995918	trials	electrical	biphasic	60	MOs	deep	isoflurane	False	True
3342.37224	0.0003999999998995918	trials	electrical	biphasic	20	MOs	deep	isoflurane	False	True
3345.89224	0.0003999999998995918	trials	electrical	biphasic	20	MOs	deep	isoflurane	False	True
3349.72352	0.0003999999998995918	trials	electrical	biphasic	40	MOs	deep	isoflurane	False	True
3353.64823	0.00040000000035433914	trials	electrical	biphasic	20	MOs	deep	isoflurane	False	True
3357.41893	0.00040000000035433914	trials	electrical	biphasic	60	MOs	deep	isoflurane	False	True
3361.11641	0.0003999999998995918	trials	electrical	biphasic	60	MOs	deep	isoflurane	False	True
3365.43855	0.00040000000035433914	trials	electrical	biphasic	20	MOs	deep	isoflurane	False	True
3369.3688799999995	0.00041000000055646524	trials	electrical	biphasic	40	MOs	deep	isoflurane	False	True
3373.75708	0.00040000000035433914	trials	electrical	biphasic	20	MOs	deep	isoflurane	False	True
3377.64868	0.00040000000035433914	trials	electrical	biphasic	60	MOs	deep	isoflurane	False	True
3381.9182200000005	0.00040000000035433914	trials	electrical	biphasic	20	MOs	deep	isoflurane	False	True
3385.81544	0.00040000000035433914	trials	electrical	biphasic	40	MOs	deep	isoflurane	False	True
3390.12438	0.0003999999998995918	trials	electrical	biphasic	40	MOs	deep	isoflurane	False	True
3394.3798799999995	0.00040000000035433914	trials	electrical	biphasic	20	MOs	deep	isoflurane	False	True
3398.2577	0.0003999999998995918	trials	electrical	biphasic	20	MOs	deep	isoflurane	False	True
3401.97413	0.00039999999944484443	trials	electrical	biphasic	40	MOs	deep	isoflurane	False	True
3406.26495	0.0003999999998995918	trials	electrical	biphasic	60	MOs	deep	isoflurane	False	True
3410.7146700000008	0.00039999999944484443	trials	electrical	biphasic	60	MOs	deep	isoflurane	False	True
3414.54265	0.00040000000035433914	trials	electrical	biphasic	40	MOs	deep	isoflurane	False	True
3418.71433	0.00040000000035433914	trials	electrical	biphasic	20	MOs	deep	isoflurane	False	True
3422.65339	0.0003999999998995918	trials	electrical	biphasic	20	MOs	deep	isoflurane	False	True
3426.98731	0.0004000000008090865	trials	electrical	biphasic	40	MOs	deep	isoflurane	False	True
3431.25658	0.0003999999998995918	trials	electrical	biphasic	40	MOs	deep	isoflurane	False	True
3434.92426	0.00040000000035433914	trials	electrical	biphasic	20	MOs	deep	isoflurane	False	True
3439.28666	0.0003999999998995918	trials	electrical	biphasic	40	MOs	deep	isoflurane	False	True
3443.77696	0.0003999999998995918	trials	electrical	biphasic	60	MOs	deep	isoflurane	False	True
3447.7918	0.0003999999998995918	trials	electrical	biphasic	20	MOs	deep	isoflurane	False	True
3452.1765	0.0003999999998995918	trials	electrical	biphasic	60	MOs	deep	isoflurane	False	True
3456.26494	0.0003999999998995918	trials	electrical	biphasic	40	MOs	deep	isoflurane	False	True
3459.92011	0.0003999999998995918	trials	electrical	biphasic	40	MOs	deep	isoflurane	False	True
3463.62039	0.0003999999998995918	trials	electrical	biphasic	60	MOs	deep	isoflurane	False	True
3467.52777	0.00040000000035433914	trials	electrical	biphasic	40	MOs	deep	isoflurane	False	True
3471.77689	0.0003999999998995918	trials	electrical	biphasic	60	MOs	deep	isoflurane	False	True
3476.10289	0.0003999999998995918	trials	electrical	biphasic	20	MOs	deep	isoflurane	False	True
3480.3932700000005	0.0003999999998995918	trials	electrical	biphasic	40	MOs	deep	isoflurane	False	True
3484.2122	0.0003999999998995918	trials	electrical	biphasic	20	MOs	deep	isoflurane	False	True
3488.24668	0.0003999999998995918	trials	electrical	biphasic	40	MOs	deep	isoflurane	False	True
3491.8370600000007	0.00039999999944484443	trials	electrical	biphasic	60	MOs	deep	isoflurane	False	True
3495.449170000001	0.00039999999944484443	trials	electrical	biphasic	40	MOs	deep	isoflurane	False	True
3499.08589	0.00040000000035433914	trials	electrical	biphasic	60	MOs	deep	isoflurane	False	True
3503.26497	0.0003999999998995918	trials	electrical	biphasic	20	MOs	deep	isoflurane	False	True
3507.260570000001	0.0003999999998995918	trials	electrical	biphasic	20	MOs	deep	isoflurane	False	True
3510.9507	0.0004100000001017179	trials	electrical	biphasic	20	MOs	deep	isoflurane	False	True
3514.9461200000005	0.0003999999998995918	trials	electrical	biphasic	20	MOs	deep	isoflurane	False	True
3518.59414	0.0003999999998995918	trials	electrical	biphasic	60	MOs	deep	isoflurane	False	True
3522.14954	0.0003999999998995918	trials	electrical	biphasic	60	MOs	deep	isoflurane	False	True
3526.50068	0.00039999999944484443	trials	electrical	biphasic	60	MOs	deep	isoflurane	False	True
3530.56165	0.0003999999998995918	trials	electrical	biphasic	60	MOs	deep	isoflurane	False	True
3534.991670000001	0.0003999999989900971	trials	electrical	biphasic	20	MOs	deep	isoflurane	False	True
3539.18875	0.00040000000035433914	trials	electrical	biphasic	60	MOs	deep	isoflurane	False	True
3543.27197	0.00040000000035433914	trials	electrical	biphasic	20	MOs	deep	isoflurane	False	True
3547.58779	0.0003999999998995918	trials	electrical	biphasic	60	MOs	deep	isoflurane	False	True
3551.96723	0.0003999999998995918	trials	electrical	biphasic	60	MOs	deep	isoflurane	False	True
3556.4565700000007	0.00039999999944484443	trials	electrical	biphasic	40	MOs	deep	isoflurane	False	True
3559.95751	0.0003999999998995918	trials	electrical	biphasic	20	MOs	deep	isoflurane	False	True
3564.3233700000005	0.0003999999998995918	trials	electrical	biphasic	20	MOs	deep	isoflurane	False	True
3568.43634	0.0003999999998995918	trials	electrical	biphasic	60	MOs	deep	isoflurane	False	True
3572.9267200000004	0.00040999999964697054	trials	electrical	biphasic	60	MOs	deep	isoflurane	False	True
3576.954820000001	0.0003999999998995918	trials	electrical	biphasic	20	MOs	deep	isoflurane	False	True
3580.93476	0.0003999999998995918	trials	electrical	biphasic	60	MOs	deep	isoflurane	False	True
3585.236520000001	0.0003999999998995918	trials	electrical	biphasic	20	MOs	deep	isoflurane	False	True
3588.96478	0.00040000000035433914	trials	electrical	biphasic	20	MOs	deep	isoflurane	False	True
3592.9633	0.0003999999998995918	trials	electrical	biphasic	40	MOs	deep	isoflurane	False	True
3597.3645799999995	0.00040000000035433914	trials	electrical	biphasic	60	MOs	deep	isoflurane	False	True
3601.43965	0.00040000000035433914	trials	electrical	biphasic	60	MOs	deep	isoflurane	False	True
3605.78525	0.0003999999998995918	trials	electrical	biphasic	60	MOs	deep	isoflurane	False	True
3610.02431	0.00040000000035433914	trials	electrical	biphasic	60	MOs	deep	isoflurane	False	True
3614.11071	0.0003999999998995918	trials	electrical	biphasic	60	MOs	deep	isoflurane	False	True
3617.85787	0.00040000000035433914	trials	electrical	biphasic	40	MOs	deep	isoflurane	False	True
3622.02471	0.0003999999998995918	trials	electrical	biphasic	60	MOs	deep	isoflurane	False	True
3625.6086	0.0003999999998995918	trials	electrical	biphasic	20	MOs	deep	isoflurane	False	True
3629.73498	0.0003999999998995918	trials	electrical	biphasic	60	MOs	deep	isoflurane	False	True
3633.89634	0.00040000000035433914	trials	electrical	biphasic	40	MOs	deep	isoflurane	False	True
3638.12652	0.00040000000035433914	trials	electrical	biphasic	20	MOs	deep	isoflurane	False	True
3642.5177	0.0003999999998995918	trials	electrical	biphasic	20	MOs	deep	isoflurane	False	True
3647.00042	0.00040000000035433914	trials	electrical	biphasic	20	MOs	deep	isoflurane	False	True
3651.26986	0.0003999999998995918	trials	electrical	biphasic	20	MOs	deep	isoflurane	False	True
3655.35172	0.00040000000126383384	trials	electrical	biphasic	20	MOs	deep	isoflurane	False	True
3659.78046	0.0003999999998995918	trials	electrical	biphasic	20	MOs	deep	isoflurane	False	True
3663.86098	0.0003999999998995918	trials	electrical	biphasic	20	MOs	deep	isoflurane	False	True
3667.37837	0.0003999999998995918	trials	electrical	biphasic	40	MOs	deep	isoflurane	False	True
3670.99965	0.0003999999998995918	trials	electrical	biphasic	40	MOs	deep	isoflurane	False	True
3675.36279	0.0003999999998995918	trials	electrical	biphasic	60	MOs	deep	isoflurane	False	True
3679.34751	0.0003999999998995918	trials	electrical	biphasic	20	MOs	deep	isoflurane	False	True
3683.69279	0.0003999999998995918	trials	electrical	biphasic	40	MOs	deep	isoflurane	False	True
3687.4026	0.0003999999998995918	trials	electrical	biphasic	40	MOs	deep	isoflurane	False	True
3691.4553200000014	0.00039999999853534973	trials	electrical	biphasic	20	MOs	deep	isoflurane	False	True
3695.58562	0.00040000000035433914	trials	electrical	biphasic	20	MOs	deep	isoflurane	False	True
3699.11804	0.00040000000035433914	trials	electrical	biphasic	40	MOs	deep	isoflurane	False	True
3703.23317	0.0004100000001017179	trials	electrical	biphasic	20	MOs	deep	isoflurane	False	True
3707.09601	0.0003999999998995918	trials	electrical	biphasic	60	MOs	deep	isoflurane	False	True
3710.6459700000014	0.00039999999853534973	trials	electrical	biphasic	40	MOs	deep	isoflurane	False	True
3714.63597	0.00040000000035433914	trials	electrical	biphasic	20	MOs	deep	isoflurane	False	True
3718.3289	0.0003999999998995918	trials	electrical	biphasic	60	MOs	deep	isoflurane	False	True
3721.9524	0.0003999999998995918	trials	electrical	biphasic	60	MOs	deep	isoflurane	False	True
3725.658320000002	0.0003999999980806024	trials	electrical	biphasic	60	MOs	deep	isoflurane	False	True
3729.30525	0.0003999999998995918	trials	electrical	biphasic	60	MOs	deep	isoflurane	False	True
3732.99475	0.00040000000035433914	trials	electrical	biphasic	40	MOs	deep	isoflurane	False	True
3736.53783	0.0003999999998995918	trials	electrical	biphasic	20	MOs	deep	isoflurane	False	True
3740.67345	0.00040000000035433914	trials	electrical	biphasic	20	MOs	deep	isoflurane	False	True
3744.45572	0.0003999999998995918	trials	electrical	biphasic	40	MOs	deep	isoflurane	False	True
3748.49474	0.0003999999998995918	trials	electrical	biphasic	60	MOs	deep	isoflurane	False	True
3752.69032	0.00040000000126383384	trials	electrical	biphasic	40	MOs	deep	isoflurane	False	True
3756.68986	0.0003999999998995918	trials	electrical	biphasic	60	MOs	deep	isoflurane	False	True
3760.72608	0.0003999999998995918	trials	electrical	biphasic	40	MOs	deep	isoflurane	False	True
3764.67167	0.0003999999998995918	trials	electrical	biphasic	20	MOs	deep	isoflurane	False	True
3768.29603	0.0003999999998995918	trials	electrical	biphasic	60	MOs	deep	isoflurane	False	True
3772.28681	0.0003999999998995918	trials	electrical	biphasic	20	MOs	deep	isoflurane	False	True
3776.64023	0.0003999999998995918	trials	electrical	biphasic	20	MOs	deep	isoflurane	False	True
3781.01457	0.00040000000035433914	trials	electrical	biphasic	60	MOs	deep	isoflurane	False	True
3784.78529	0.00040000000035433914	trials	electrical	biphasic	20	MOs	deep	isoflurane	False	True
3788.49416	0.0003999999998995918	trials	electrical	biphasic	40	MOs	deep	isoflurane	False	True
3792.55956	0.0003999999998995918	trials	electrical	biphasic	20	MOs	deep	isoflurane	False	True
3796.7003	0.0003999999998995918	trials	electrical	biphasic	40	MOs	deep	isoflurane	False	True
3800.61774	0.0003999999998995918	trials	electrical	biphasic	60	MOs	deep	isoflurane	False	True
3804.32414	0.0003999999998995918	trials	electrical	biphasic	40	MOs	deep	isoflurane	False	True
3808.7725	0.0003999999998995918	trials	electrical	biphasic	40	MOs	deep	isoflurane	False	True
3812.35499	0.00040000000035433914	trials	electrical	biphasic	40	MOs	deep	isoflurane	False	True
3815.96111	0.0003999999998995918	trials	electrical	biphasic	60	MOs	deep	isoflurane	False	True
3819.60357	0.0003999999998995918	trials	electrical	biphasic	60	MOs	deep	isoflurane	False	True
3823.27044	0.00040000000035433914	trials	electrical	biphasic	20	MOs	deep	isoflurane	False	True
3827.39182	0.00040000000035433914	trials	electrical	biphasic	60	MOs	deep	isoflurane	False	True
3831.46596	0.0003999999998995918	trials	electrical	biphasic	40	MOs	deep	isoflurane	False	True
3835.01846	0.00040000000035433914	trials	electrical	biphasic	40	MOs	deep	isoflurane	False	True
3839.45008	0.0003999999998995918	trials	electrical	biphasic	60	MOs	deep	isoflurane	False	True
3843.67916	0.0003999999998995918	trials	electrical	biphasic	60	MOs	deep	isoflurane	False	True
3847.91742	0.0003999999998995918	trials	electrical	biphasic	40	MOs	deep	isoflurane	False	True
3851.48123	0.00040000000035433914	trials	electrical	biphasic	20	MOs	deep	isoflurane	False	True
3855.84209	0.0003999999998995918	trials	electrical	biphasic	40	MOs	deep	isoflurane	False	True
3860.27691	0.0003999999998995918	trials	electrical	biphasic	60	MOs	deep	isoflurane	False	True
3864.76173	0.0003999999998995918	trials	electrical	biphasic	20	MOs	deep	isoflurane	False	True
3869.12109	0.0003999999998995918	trials	electrical	biphasic	20	MOs	deep	isoflurane	False	True
3873.40707	0.0003999999998995918	trials	electrical	biphasic	20	MOs	deep	isoflurane	False	True
3877.42087	0.0003999999998995918	trials	electrical	biphasic	20	MOs	deep	isoflurane	False	True
3881.09889	0.0003999999998995918	trials	electrical	biphasic	60	MOs	deep	isoflurane	False	True
3884.99788	0.0004100000001017179	trials	electrical	biphasic	40	MOs	deep	isoflurane	False	True
3888.63224	0.0003999999998995918	trials	electrical	biphasic	60	MOs	deep	isoflurane	False	True
3892.16356	0.0003999999998995918	trials	electrical	biphasic	20	MOs	deep	isoflurane	False	True
3896.60312	0.0003999999998995918	trials	electrical	biphasic	40	MOs	deep	isoflurane	False	True
3900.40484	0.0003999999998995918	trials	electrical	biphasic	20	MOs	deep	isoflurane	False	True
3904.20079	0.00040000000035433914	trials	electrical	biphasic	20	MOs	deep	isoflurane	False	True
3908.03415	0.0003999999998995918	trials	electrical	biphasic	40	MOs	deep	isoflurane	False	True
3912.00163	0.0003999999998995918	trials	electrical	biphasic	40	MOs	deep	isoflurane	False	True
3916.15025	0.0003999999998995918	trials	electrical	biphasic	60	MOs	deep	isoflurane	False	True
3919.67588	0.00040000000035433914	trials	electrical	biphasic	40	MOs	deep	isoflurane	False	True
3924.0185	0.0003999999998995918	trials	electrical	biphasic	20	MOs	deep	isoflurane	False	True
3928.07796	0.0003999999998995918	trials	electrical	biphasic	60	MOs	deep	isoflurane	False	True
3932.43248	0.0003999999998995918	trials	electrical	biphasic	40	MOs	deep	isoflurane	False	True
3936.28078	0.0003999999998995918	trials	electrical	biphasic	20	MOs	deep	isoflurane	False	True
3940.22722	0.0003999999998995918	trials	electrical	biphasic	20	MOs	deep	isoflurane	False	True
3943.78187	0.0004100000001017179	trials	electrical	biphasic	20	MOs	deep	isoflurane	False	True
3947.45939	0.0003999999998995918	trials	electrical	biphasic	20	MOs	deep	isoflurane	False	True
3951.62261	0.0003999999998995918	trials	electrical	biphasic	20	MOs	deep	isoflurane	False	True
3955.45385	0.0003999999998995918	trials	electrical	biphasic	40	MOs	deep	isoflurane	False	True
3959.85275	0.0003999999998995918	trials	electrical	biphasic	60	MOs	deep	isoflurane	False	True
3963.47133	0.00040000000035433914	trials	electrical	biphasic	20	MOs	deep	isoflurane	False	True
3967.96017	0.00040000000035433914	trials	electrical	biphasic	20	MOs	deep	isoflurane	False	True
3972.00056	0.0003999999998995918	trials	electrical	biphasic	60	MOs	deep	isoflurane	False	True
3976.2079	0.0003999999998995918	trials	electrical	biphasic	60	MOs	deep	isoflurane	False	True
3980.70782	0.0003999999998995918	trials	electrical	biphasic	40	MOs	deep	isoflurane	False	True
3984.49608	0.0003999999998995918	trials	electrical	biphasic	60	MOs	deep	isoflurane	False	True
3988.411020000002	0.0003999999980806024	trials	electrical	biphasic	60	MOs	deep	isoflurane	False	True
3992.37628	0.0003999999998995918	trials	electrical	biphasic	60	MOs	deep	isoflurane	False	True
3996.64066	0.0003999999998995918	trials	electrical	biphasic	20	MOs	deep	isoflurane	False	True
4000.95928	0.0003999999998995918	trials	electrical	biphasic	60	MOs	deep	isoflurane	False	True
4151.89398	0.0003999999998995918	trials	electrical	biphasic	40	MOs	deep	isoflurane	False	False
4155.42699	0.0003999999998995918	trials	electrical	biphasic	20	MOs	deep	isoflurane	False	False
4159.48861	0.0003999999998995918	trials	electrical	biphasic	40	MOs	deep	isoflurane	False	False
4163.87089	0.0003999999998995918	trials	electrical	biphasic	60	MOs	deep	isoflurane	False	False
4168.040489999999	0.0004000000008090865	trials	electrical	biphasic	60	MOs	deep	isoflurane	False	False
4171.73135	0.0003999999998995918	trials	electrical	biphasic	60	MOs	deep	isoflurane	False	False
4175.60069	0.0003999999998995918	trials	electrical	biphasic	60	MOs	deep	isoflurane	False	False
4179.56183	0.0004000000008090865	trials	electrical	biphasic	20	MOs	deep	isoflurane	False	False
4184.04389	0.0003999999998995918	trials	electrical	biphasic	20	MOs	deep	isoflurane	False	False
4187.70071	0.0003999999998995918	trials	electrical	biphasic	20	MOs	deep	isoflurane	False	False
4192.05665	0.0003999999998995918	trials	electrical	biphasic	60	MOs	deep	isoflurane	False	False
4196.20182	0.00040999999964697054	trials	electrical	biphasic	60	MOs	deep	isoflurane	False	False
4200.07852	0.0003999999998995918	trials	electrical	biphasic	40	MOs	deep	isoflurane	False	False
4203.76986	0.0003999999998995918	trials	electrical	biphasic	20	MOs	deep	isoflurane	False	False
4207.698539999999	0.0004000000008090865	trials	electrical	biphasic	40	MOs	deep	isoflurane	False	False
4211.68098	0.0003999999998995918	trials	electrical	biphasic	60	MOs	deep	isoflurane	False	False
4215.30201	0.0003999999998995918	trials	electrical	biphasic	20	MOs	deep	isoflurane	False	False
4219.39193	0.0003999999998995918	trials	electrical	biphasic	60	MOs	deep	isoflurane	False	False
4223.11853	0.0003999999998995918	trials	electrical	biphasic	40	MOs	deep	isoflurane	False	False
4227.00357	0.0004000000017185812	trials	electrical	biphasic	60	MOs	deep	isoflurane	False	False
4231.08697	0.0003999999998995918	trials	electrical	biphasic	60	MOs	deep	isoflurane	False	False
4234.83919	0.0003999999998995918	trials	electrical	biphasic	20	MOs	deep	isoflurane	False	False
4238.63004	0.0003999999998995918	trials	electrical	biphasic	40	MOs	deep	isoflurane	False	False
4242.74756	0.0004000000017185812	trials	electrical	biphasic	20	MOs	deep	isoflurane	False	False
4246.51326	0.0004000000017185812	trials	electrical	biphasic	40	MOs	deep	isoflurane	False	False
4250.83806	0.0003999999998995918	trials	electrical	biphasic	60	MOs	deep	isoflurane	False	False
4255.32114	0.0003999999998995918	trials	electrical	biphasic	20	MOs	deep	isoflurane	False	False
4259.5518	0.0003999999998995918	trials	electrical	biphasic	40	MOs	deep	isoflurane	False	False
4263.3961	0.0003999999998995918	trials	electrical	biphasic	60	MOs	deep	isoflurane	False	False
4267.48058	0.0003999999980806024	trials	electrical	biphasic	40	MOs	deep	isoflurane	False	False
4271.0887600000015	0.0003999999989900971	trials	electrical	biphasic	60	MOs	deep	isoflurane	False	False
4275.49548	0.0004000000008090865	trials	electrical	biphasic	20	MOs	deep	isoflurane	False	False
4279.87556	0.0003999999998995918	trials	electrical	biphasic	20	MOs	deep	isoflurane	False	False
4284.19374	0.0003999999998995918	trials	electrical	biphasic	60	MOs	deep	isoflurane	False	False
4287.954870000001	0.00040999999873747583	trials	electrical	biphasic	60	MOs	deep	isoflurane	False	False
4292.04965	0.0003999999998995918	trials	electrical	biphasic	40	MOs	deep	isoflurane	False	False
4295.57259	0.0003999999998995918	trials	electrical	biphasic	60	MOs	deep	isoflurane	False	False
4299.49827	0.0003999999998995918	trials	electrical	biphasic	40	MOs	deep	isoflurane	False	False
4303.31141	0.0003999999998995918	trials	electrical	biphasic	40	MOs	deep	isoflurane	False	False
4306.9733	0.0003999999998995918	trials	electrical	biphasic	40	MOs	deep	isoflurane	False	False
4310.65248	0.0003999999998995918	trials	electrical	biphasic	20	MOs	deep	isoflurane	False	False
4314.57578	0.0003999999998995918	trials	electrical	biphasic	40	MOs	deep	isoflurane	False	False
4318.17042	0.0003999999998995918	trials	electrical	biphasic	20	MOs	deep	isoflurane	False	False
4322.26936	0.0003999999998995918	trials	electrical	biphasic	60	MOs	deep	isoflurane	False	False
4326.24069	0.0004000000008090865	trials	electrical	biphasic	20	MOs	deep	isoflurane	False	False
4330.43705	0.0003999999998995918	trials	electrical	biphasic	40	MOs	deep	isoflurane	False	False
4334.63735	0.0003999999998995918	trials	electrical	biphasic	60	MOs	deep	isoflurane	False	False
4338.77631	0.0003999999998995918	trials	electrical	biphasic	40	MOs	deep	isoflurane	False	False
4342.310329999998	0.0004000000017185812	trials	electrical	biphasic	60	MOs	deep	isoflurane	False	False
4345.87955	0.0003999999998995918	trials	electrical	biphasic	20	MOs	deep	isoflurane	False	False
4349.69956	0.0003999999998995918	trials	electrical	biphasic	20	MOs	deep	isoflurane	False	False
4353.73084	0.0003999999998995918	trials	electrical	biphasic	40	MOs	deep	isoflurane	False	False
4357.8857	0.0003999999998995918	trials	electrical	biphasic	40	MOs	deep	isoflurane	False	False
4361.79374	0.0003999999998995918	trials	electrical	biphasic	20	MOs	deep	isoflurane	False	False
4366.11414	0.0003999999998995918	trials	electrical	biphasic	60	MOs	deep	isoflurane	False	False
4370.332920000002	0.0003999999998995918	trials	electrical	biphasic	20	MOs	deep	isoflurane	False	False
4374.801979999998	0.0004000000017185812	trials	electrical	biphasic	20	MOs	deep	isoflurane	False	False
4378.83374	0.0003999999998995918	trials	electrical	biphasic	20	MOs	deep	isoflurane	False	False
4382.6593	0.0003999999998995918	trials	electrical	biphasic	20	MOs	deep	isoflurane	False	False
4386.26534	0.0003999999998995918	trials	electrical	biphasic	20	MOs	deep	isoflurane	False	False
4390.37672	0.0003999999998995918	trials	electrical	biphasic	60	MOs	deep	isoflurane	False	False
4394.65594	0.0003999999998995918	trials	electrical	biphasic	60	MOs	deep	isoflurane	False	False
4398.57982	0.0004000000017185812	trials	electrical	biphasic	40	MOs	deep	isoflurane	False	False
4402.17105	0.0003999999998995918	trials	electrical	biphasic	40	MOs	deep	isoflurane	False	False
4405.93795	0.0004000000008090865	trials	electrical	biphasic	60	MOs	deep	isoflurane	False	False
4409.59203	0.0003999999998995918	trials	electrical	biphasic	20	MOs	deep	isoflurane	False	False
4413.37345	0.0003999999998995918	trials	electrical	biphasic	60	MOs	deep	isoflurane	False	False
4417.31394	0.0003999999998995918	trials	electrical	biphasic	60	MOs	deep	isoflurane	False	False
4421.3415	0.0003999999998995918	trials	electrical	biphasic	40	MOs	deep	isoflurane	False	False
4425.29934	0.0004000000008090865	trials	electrical	biphasic	60	MOs	deep	isoflurane	False	False
4429.67514	0.0003999999998995918	trials	electrical	biphasic	40	MOs	deep	isoflurane	False	False
4433.69362	0.0003999999998995918	trials	electrical	biphasic	40	MOs	deep	isoflurane	False	False
4438.13766	0.0003999999998995918	trials	electrical	biphasic	40	MOs	deep	isoflurane	False	False
4442.27578	0.0003999999998995918	trials	electrical	biphasic	20	MOs	deep	isoflurane	False	False
4446.7339	0.0003999999998995918	trials	electrical	biphasic	40	MOs	deep	isoflurane	False	False
4450.47502	0.0004000000017185812	trials	electrical	biphasic	40	MOs	deep	isoflurane	False	False
4454.65156	0.0003999999998995918	trials	electrical	biphasic	20	MOs	deep	isoflurane	False	False
4458.44104	0.0003999999998995918	trials	electrical	biphasic	60	MOs	deep	isoflurane	False	False
4462.61326	0.0003999999998995918	trials	electrical	biphasic	60	MOs	deep	isoflurane	False	False
4466.80882	0.0003999999998995918	trials	electrical	biphasic	40	MOs	deep	isoflurane	False	False
4470.37724	0.0003999999998995918	trials	electrical	biphasic	40	MOs	deep	isoflurane	False	False
4474.13245	0.0003999999998995918	trials	electrical	biphasic	20	MOs	deep	isoflurane	False	False
4477.85691	0.0003999999998995918	trials	electrical	biphasic	40	MOs	deep	isoflurane	False	False
4482.02517	0.0004000000017185812	trials	electrical	biphasic	40	MOs	deep	isoflurane	False	False
4486.36999	0.0003999999998995918	trials	electrical	biphasic	20	MOs	deep	isoflurane	False	False
4490.214870000002	0.0003999999998995918	trials	electrical	biphasic	40	MOs	deep	isoflurane	False	False
4494.49581	0.0003999999998995918	trials	electrical	biphasic	60	MOs	deep	isoflurane	False	False
4498.67157	0.0003999999998995918	trials	electrical	biphasic	40	MOs	deep	isoflurane	False	False
4502.17871	0.0003999999998995918	trials	electrical	biphasic	60	MOs	deep	isoflurane	False	False
4506.28131	0.0003999999998995918	trials	electrical	biphasic	40	MOs	deep	isoflurane	False	False
4510.16851	0.0003999999998995918	trials	electrical	biphasic	60	MOs	deep	isoflurane	False	False
4514.58493	0.0003999999998995918	trials	electrical	biphasic	40	MOs	deep	isoflurane	False	False
4518.0865	0.0003999999998995918	trials	electrical	biphasic	40	MOs	deep	isoflurane	False	False
4522.04936	0.0003999999998995918	trials	electrical	biphasic	20	MOs	deep	isoflurane	False	False
4525.97412	0.0004000000017185812	trials	electrical	biphasic	20	MOs	deep	isoflurane	False	False
4529.9354600000015	0.0003999999998995918	trials	electrical	biphasic	20	MOs	deep	isoflurane	False	False
4534.20604	0.0003999999998995918	trials	electrical	biphasic	20	MOs	deep	isoflurane	False	False
4538.02894	0.0003999999998995918	trials	electrical	biphasic	20	MOs	deep	isoflurane	False	False
4542.3141	0.0004000000008090865	trials	electrical	biphasic	40	MOs	deep	isoflurane	False	False
4546.285879999999	0.0003999999989900971	trials	electrical	biphasic	40	MOs	deep	isoflurane	False	False
4549.82205	0.0003999999998995918	trials	electrical	biphasic	60	MOs	deep	isoflurane	False	False
4553.49835	0.0003999999998995918	trials	electrical	biphasic	40	MOs	deep	isoflurane	False	False
4557.72053	0.0004000000008090865	trials	electrical	biphasic	60	MOs	deep	isoflurane	False	False
4561.69443	0.0004000000008090865	trials	electrical	biphasic	20	MOs	deep	isoflurane	False	False
4565.34757	0.0004000000017185812	trials	electrical	biphasic	40	MOs	deep	isoflurane	False	False
4569.18911	0.0003999999998995918	trials	electrical	biphasic	60	MOs	deep	isoflurane	False	False
4573.29691	0.0003999999998995918	trials	electrical	biphasic	20	MOs	deep	isoflurane	False	False
4576.989070000001	0.0003999999989900971	trials	electrical	biphasic	20	MOs	deep	isoflurane	False	False
4581.227910000001	0.0003999999989900971	trials	electrical	biphasic	20	MOs	deep	isoflurane	False	False
4584.97119	0.0003999999998995918	trials	electrical	biphasic	20	MOs	deep	isoflurane	False	False
4589.389029999999	0.0003999999989900971	trials	electrical	biphasic	60	MOs	deep	isoflurane	False	False
4593.15851	0.0003999999998995918	trials	electrical	biphasic	40	MOs	deep	isoflurane	False	False
4597.42443	0.0003999999998995918	trials	electrical	biphasic	40	MOs	deep	isoflurane	False	False
4601.11351	0.0003999999998995918	trials	electrical	biphasic	40	MOs	deep	isoflurane	False	False
4604.90142	0.0003999999998995918	trials	electrical	biphasic	60	MOs	deep	isoflurane	False	False
4608.492960000001	0.0003999999989900971	trials	electrical	biphasic	40	MOs	deep	isoflurane	False	False
4612.569579999999	0.0003999999989900971	trials	electrical	biphasic	40	MOs	deep	isoflurane	False	False
4616.75336	0.0004000000017185812	trials	electrical	biphasic	20	MOs	deep	isoflurane	False	False
4620.80038	0.0003999999998995918	trials	electrical	biphasic	20	MOs	deep	isoflurane	False	False
4624.72652	0.0003999999998995918	trials	electrical	biphasic	40	MOs	deep	isoflurane	False	False
4628.87139	0.0003999999998995918	trials	electrical	biphasic	60	MOs	deep	isoflurane	False	False
4633.019429999999	0.0003999999989900971	trials	electrical	biphasic	60	MOs	deep	isoflurane	False	False
4637.19887	0.0003999999998995918	trials	electrical	biphasic	20	MOs	deep	isoflurane	False	False
4641.33507	0.0003999999998995918	trials	electrical	biphasic	40	MOs	deep	isoflurane	False	False
4645.78067	0.0003999999998995918	trials	electrical	biphasic	60	MOs	deep	isoflurane	False	False
4649.49003	0.0003999999998995918	trials	electrical	biphasic	20	MOs	deep	isoflurane	False	False
4653.699729999998	0.0003999999998995918	trials	electrical	biphasic	20	MOs	deep	isoflurane	False	False
4657.43639	0.0003999999998995918	trials	electrical	biphasic	40	MOs	deep	isoflurane	False	False
4661.05621	0.0004000000017185812	trials	electrical	biphasic	40	MOs	deep	isoflurane	False	False
4665.16393	0.0003999999998995918	trials	electrical	biphasic	20	MOs	deep	isoflurane	False	False
4669.1145	0.0003999999998995918	trials	electrical	biphasic	40	MOs	deep	isoflurane	False	False
4673.07364	0.0004000000008090865	trials	electrical	biphasic	60	MOs	deep	isoflurane	False	False
4677.236	0.0003999999998995918	trials	electrical	biphasic	40	MOs	deep	isoflurane	False	False
4681.5067	0.0003999999998995918	trials	electrical	biphasic	40	MOs	deep	isoflurane	False	False
4685.35734	0.0004000000008090865	trials	electrical	biphasic	60	MOs	deep	isoflurane	False	False
4689.51978	0.0004000000008090865	trials	electrical	biphasic	40	MOs	deep	isoflurane	False	False
4693.43636	0.0004000000017185812	trials	electrical	biphasic	20	MOs	deep	isoflurane	False	False
4697.778710000001	0.0003999999989900971	trials	electrical	biphasic	20	MOs	deep	isoflurane	False	False
4702.11205	0.0003999999998995918	trials	electrical	biphasic	40	MOs	deep	isoflurane	False	False
4705.86891	0.0003999999998995918	trials	electrical	biphasic	60	MOs	deep	isoflurane	False	False
4709.98279	0.0003999999998995918	trials	electrical	biphasic	20	MOs	deep	isoflurane	False	False
4714.06546	0.0003999999998995918	trials	electrical	biphasic	60	MOs	deep	isoflurane	False	False
4718.106620000001	0.0003999999989900971	trials	electrical	biphasic	60	MOs	deep	isoflurane	False	False
4722.47698	0.0003999999980806024	trials	electrical	biphasic	40	MOs	deep	isoflurane	False	False
4726.242179999998	0.0004000000017185812	trials	electrical	biphasic	40	MOs	deep	isoflurane	False	False
4730.06068	0.0004000000008090865	trials	electrical	biphasic	40	MOs	deep	isoflurane	False	False
4733.68032	0.0003999999998995918	trials	electrical	biphasic	40	MOs	deep	isoflurane	False	False
4738.12057	0.0003999999998995918	trials	electrical	biphasic	60	MOs	deep	isoflurane	False	False
4742.26655	0.0003999999998995918	trials	electrical	biphasic	40	MOs	deep	isoflurane	False	False
4746.24643	0.0003999999998995918	trials	electrical	biphasic	60	MOs	deep	isoflurane	False	False
4750.38618	0.0003999999989900971	trials	electrical	biphasic	20	MOs	deep	isoflurane	False	False
4754.4313200000015	0.0003999999998995918	trials	electrical	biphasic	60	MOs	deep	isoflurane	False	False
4758.57906	0.0003999999998995918	trials	electrical	biphasic	40	MOs	deep	isoflurane	False	False
4762.623360000001	0.0003999999989900971	trials	electrical	biphasic	40	MOs	deep	isoflurane	False	False
4766.84483	0.0003999999998995918	trials	electrical	biphasic	40	MOs	deep	isoflurane	False	False
4770.86775	0.0003999999998995918	trials	electrical	biphasic	60	MOs	deep	isoflurane	False	False
4775.36188	0.0003999999989900971	trials	electrical	biphasic	60	MOs	deep	isoflurane	False	False
4779.08098	0.0003999999998995918	trials	electrical	biphasic	40	MOs	deep	isoflurane	False	False
4782.6872	0.0003999999998995918	trials	electrical	biphasic	40	MOs	deep	isoflurane	False	False
4786.2973200000015	0.0003999999998995918	trials	electrical	biphasic	20	MOs	deep	isoflurane	False	False
4789.86134	0.0003999999998995918	trials	electrical	biphasic	40	MOs	deep	isoflurane	False	False
4793.76634	0.0003999999998995918	trials	electrical	biphasic	20	MOs	deep	isoflurane	False	False
4797.71514	0.0003999999998995918	trials	electrical	biphasic	20	MOs	deep	isoflurane	False	False
4801.58138	0.0004000000008090865	trials	electrical	biphasic	40	MOs	deep	isoflurane	False	False
4805.84531	0.0004000000017185812	trials	electrical	biphasic	20	MOs	deep	isoflurane	False	False
4809.97363	0.0003999999989900971	trials	electrical	biphasic	40	MOs	deep	isoflurane	False	False
4814.24604	0.0003999999998995918	trials	electrical	biphasic	60	MOs	deep	isoflurane	False	False
4818.67932	0.0003999999998995918	trials	electrical	biphasic	60	MOs	deep	isoflurane	False	False
4823.15249	0.0003999999998995918	trials	electrical	biphasic	20	MOs	deep	isoflurane	False	False
4826.844929999998	0.0004000000017185812	trials	electrical	biphasic	40	MOs	deep	isoflurane	False	False
4830.48423	0.0003999999998995918	trials	electrical	biphasic	60	MOs	deep	isoflurane	False	False
4834.680920000002	0.0003999999998995918	trials	electrical	biphasic	20	MOs	deep	isoflurane	False	False
4838.27516	0.0003999999998995918	trials	electrical	biphasic	60	MOs	deep	isoflurane	False	False
4842.30098	0.0003999999998995918	trials	electrical	biphasic	20	MOs	deep	isoflurane	False	False
4846.33174	0.0004000000008090865	trials	electrical	biphasic	40	MOs	deep	isoflurane	False	False
4850.6933100000015	0.0003999999998995918	trials	electrical	biphasic	60	MOs	deep	isoflurane	False	False
4854.67859	0.0003999999989900971	trials	electrical	biphasic	60	MOs	deep	isoflurane	False	False
4858.57247	0.0003999999998995918	trials	electrical	biphasic	40	MOs	deep	isoflurane	False	False
4862.74434	0.0003999999998995918	trials	electrical	biphasic	60	MOs	deep	isoflurane	False	False
4866.98602	0.0003999999998995918	trials	electrical	biphasic	20	MOs	deep	isoflurane	False	False
4871.00651	0.0003999999998995918	trials	electrical	biphasic	60	MOs	deep	isoflurane	False	False
4874.85465	0.0003999999998995918	trials	electrical	biphasic	40	MOs	deep	isoflurane	False	False
4878.50507	0.0003999999998995918	trials	electrical	biphasic	60	MOs	deep	isoflurane	False	False
4882.5916	0.0004000000017185812	trials	electrical	biphasic	20	MOs	deep	isoflurane	False	False
4886.35416	0.0003999999998995918	trials	electrical	biphasic	60	MOs	deep	isoflurane	False	False
4889.89904	0.0003999999998995918	trials	electrical	biphasic	60	MOs	deep	isoflurane	False	False
4894.1544	0.0003999999998995918	trials	electrical	biphasic	20	MOs	deep	isoflurane	False	False
4897.89761	0.0003999999998995918	trials	electrical	biphasic	40	MOs	deep	isoflurane	False	False
4901.840429999998	0.0004000000017185812	trials	electrical	biphasic	40	MOs	deep	isoflurane	False	False
4906.02865	0.0003999999998995918	trials	electrical	biphasic	40	MOs	deep	isoflurane	False	False
4909.8883	0.0004000000008090865	trials	electrical	biphasic	40	MOs	deep	isoflurane	False	False
4914.12506	0.0003999999998995918	trials	electrical	biphasic	60	MOs	deep	isoflurane	False	False
4918.02019	0.0003999999998995918	trials	electrical	biphasic	60	MOs	deep	isoflurane	False	False
4922.20403	0.0003999999998995918	trials	electrical	biphasic	60	MOs	deep	isoflurane	False	False
4926.4085	0.0004000000008090865	trials	electrical	biphasic	60	MOs	deep	isoflurane	False	False
4930.351220000001	0.0003999999989900971	trials	electrical	biphasic	20	MOs	deep	isoflurane	False	False
4933.87122	0.0003999999998995918	trials	electrical	biphasic	20	MOs	deep	isoflurane	False	False
4937.7025	0.0003999999998995918	trials	electrical	biphasic	40	MOs	deep	isoflurane	False	False
4941.62723	0.0003999999998995918	trials	electrical	biphasic	20	MOs	deep	isoflurane	False	False
4945.39793	0.0003999999998995918	trials	electrical	biphasic	60	MOs	deep	isoflurane	False	False
4949.09541	0.0003999999998995918	trials	electrical	biphasic	60	MOs	deep	isoflurane	False	False
4953.41756	0.0003999999998995918	trials	electrical	biphasic	20	MOs	deep	isoflurane	False	False
4957.3479	0.0003999999998995918	trials	electrical	biphasic	40	MOs	deep	isoflurane	False	False
4961.73611	0.0003999999998995918	trials	electrical	biphasic	20	MOs	deep	isoflurane	False	False
4965.62771	0.0004000000017185812	trials	electrical	biphasic	60	MOs	deep	isoflurane	False	False
4969.89726	0.0004000000017185812	trials	electrical	biphasic	20	MOs	deep	isoflurane	False	False
4973.79448	0.0004000000008090865	trials	electrical	biphasic	40	MOs	deep	isoflurane	False	False
4978.10343	0.0003999999998995918	trials	electrical	biphasic	40	MOs	deep	isoflurane	False	False
4982.358929999999	0.00041000000055646524	trials	electrical	biphasic	20	MOs	deep	isoflurane	False	False
4986.23676	0.0004000000017185812	trials	electrical	biphasic	20	MOs	deep	isoflurane	False	False
4989.9532	0.0003999999998995918	trials	electrical	biphasic	40	MOs	deep	isoflurane	False	False
4994.24403	0.0003999999998995918	trials	electrical	biphasic	60	MOs	deep	isoflurane	False	False
4998.69375	0.0003999999998995918	trials	electrical	biphasic	60	MOs	deep	isoflurane	False	False
5002.52174	0.0003999999998995918	trials	electrical	biphasic	40	MOs	deep	isoflurane	False	False
5006.693420000001	0.0003999999989900971	trials	electrical	biphasic	20	MOs	deep	isoflurane	False	False
5010.63249	0.0003999999998995918	trials	electrical	biphasic	20	MOs	deep	isoflurane	False	False
5014.96641	0.0003999999998995918	trials	electrical	biphasic	40	MOs	deep	isoflurane	False	False
5019.2357	0.0003999999998995918	trials	electrical	biphasic	40	MOs	deep	isoflurane	False	False
5022.90338	0.0003999999998995918	trials	electrical	biphasic	20	MOs	deep	isoflurane	False	False
5027.26579	0.0003999999998995918	trials	electrical	biphasic	40	MOs	deep	isoflurane	False	False
5031.7561	0.0004000000008090865	trials	electrical	biphasic	60	MOs	deep	isoflurane	False	False
5035.770939999999	0.0004000000008090865	trials	electrical	biphasic	20	MOs	deep	isoflurane	False	False
5040.15565	0.0003999999998995918	trials	electrical	biphasic	60	MOs	deep	isoflurane	False	False
5044.24409	0.0003999999998995918	trials	electrical	biphasic	40	MOs	deep	isoflurane	False	False
5047.89928	0.0004000000008090865	trials	electrical	biphasic	40	MOs	deep	isoflurane	False	False
5051.5995600000015	0.0003999999998995918	trials	electrical	biphasic	60	MOs	deep	isoflurane	False	False
5055.50694	0.0003999999998995918	trials	electrical	biphasic	40	MOs	deep	isoflurane	False	False
5059.75607	0.0003999999998995918	trials	electrical	biphasic	60	MOs	deep	isoflurane	False	False
5064.08208	0.0003999999998995918	trials	electrical	biphasic	20	MOs	deep	isoflurane	False	False
5068.372460000001	0.0003999999989900971	trials	electrical	biphasic	40	MOs	deep	isoflurane	False	False
5072.19141	0.0003999999998995918	trials	electrical	biphasic	20	MOs	deep	isoflurane	False	False
5076.22589	0.0003999999998995918	trials	electrical	biphasic	40	MOs	deep	isoflurane	False	False
5079.81627	0.0003999999998995918	trials	electrical	biphasic	60	MOs	deep	isoflurane	False	False
5083.4284	0.0003999999998995918	trials	electrical	biphasic	40	MOs	deep	isoflurane	False	False
5087.06512	0.0003999999998995918	trials	electrical	biphasic	60	MOs	deep	isoflurane	False	False
5091.24421	0.0003999999998995918	trials	electrical	biphasic	20	MOs	deep	isoflurane	False	False
5095.23981	0.0003999999998995918	trials	electrical	biphasic	20	MOs	deep	isoflurane	False	False
5098.92995	0.0003999999998995918	trials	electrical	biphasic	20	MOs	deep	isoflurane	False	False
5102.92538	0.0003999999998995918	trials	electrical	biphasic	20	MOs	deep	isoflurane	False	False
5106.5734	0.0003999999998995918	trials	electrical	biphasic	60	MOs	deep	isoflurane	False	False
5110.1288	0.0003999999998995918	trials	electrical	biphasic	60	MOs	deep	isoflurane	False	False
5114.47995	0.0003999999998995918	trials	electrical	biphasic	60	MOs	deep	isoflurane	False	False
5118.54094	0.0003999999998995918	trials	electrical	biphasic	60	MOs	deep	isoflurane	False	False
5122.9709600000015	0.0003999999998995918	trials	electrical	biphasic	20	MOs	deep	isoflurane	False	False
5127.16805	0.0003999999998995918	trials	electrical	biphasic	60	MOs	deep	isoflurane	False	False
5131.25128	0.0003999999989900971	trials	electrical	biphasic	20	MOs	deep	isoflurane	False	False
5135.5671	0.0003999999998995918	trials	electrical	biphasic	60	MOs	deep	isoflurane	False	False
5139.94655	0.0003999999998995918	trials	electrical	biphasic	60	MOs	deep	isoflurane	False	False
5144.4359	0.0003999999998995918	trials	electrical	biphasic	40	MOs	deep	isoflurane	False	False
5147.93684	0.0003999999998995918	trials	electrical	biphasic	20	MOs	deep	isoflurane	False	False
5152.30271	0.0003999999998995918	trials	electrical	biphasic	20	MOs	deep	isoflurane	False	False
5156.41569	0.0003999999998995918	trials	electrical	biphasic	60	MOs	deep	isoflurane	False	False
5160.90608	0.0003999999998995918	trials	electrical	biphasic	60	MOs	deep	isoflurane	False	False
5164.93419	0.0003999999998995918	trials	electrical	biphasic	20	MOs	deep	isoflurane	False	False
5168.91413	0.0003999999998995918	trials	electrical	biphasic	60	MOs	deep	isoflurane	False	False
5173.2159	0.0003999999998995918	trials	electrical	biphasic	20	MOs	deep	isoflurane	False	False
5176.94416	0.0003999999998995918	trials	electrical	biphasic	20	MOs	deep	isoflurane	False	False
5180.94269	0.0003999999998995918	trials	electrical	biphasic	40	MOs	deep	isoflurane	False	False
5185.34398	0.0003999999998995918	trials	electrical	biphasic	60	MOs	deep	isoflurane	False	False
5189.41906	0.0003999999998995918	trials	electrical	biphasic	60	MOs	deep	isoflurane	False	False
5193.764670000001	0.0003999999989900971	trials	electrical	biphasic	60	MOs	deep	isoflurane	False	False
5198.00374	0.0003999999998995918	trials	electrical	biphasic	60	MOs	deep	isoflurane	False	False
5202.09014	0.0003999999998995918	trials	electrical	biphasic	60	MOs	deep	isoflurane	False	False
5205.83731	0.0003999999998995918	trials	electrical	biphasic	40	MOs	deep	isoflurane	False	False
5210.00415	0.0003999999998995918	trials	electrical	biphasic	60	MOs	deep	isoflurane	False	False
5213.58805	0.0003999999998995918	trials	electrical	biphasic	20	MOs	deep	isoflurane	False	False
5217.71444	0.0003999999998995918	trials	electrical	biphasic	60	MOs	deep	isoflurane	False	False
5221.875810000001	0.0003999999989900971	trials	electrical	biphasic	40	MOs	deep	isoflurane	False	False
5226.10599	0.0003999999998995918	trials	electrical	biphasic	20	MOs	deep	isoflurane	False	False
5230.497179999999	0.0003999999989900971	trials	electrical	biphasic	20	MOs	deep	isoflurane	False	False
5234.97991	0.0003999999998995918	trials	electrical	biphasic	20	MOs	deep	isoflurane	False	False
5239.24936	0.0003999999998995918	trials	electrical	biphasic	20	MOs	deep	isoflurane	False	False
5243.33122	0.0003999999998995918	trials	electrical	biphasic	20	MOs	deep	isoflurane	False	False
5247.75997	0.0003999999998995918	trials	electrical	biphasic	20	MOs	deep	isoflurane	False	False
5251.8405	0.0003999999998995918	trials	electrical	biphasic	20	MOs	deep	isoflurane	False	False
5255.3579	0.0003999999998995918	trials	electrical	biphasic	40	MOs	deep	isoflurane	False	False
5258.979179999998	0.0003999999998995918	trials	electrical	biphasic	40	MOs	deep	isoflurane	False	False
5263.34233	0.0003999999989900971	trials	electrical	biphasic	60	MOs	deep	isoflurane	False	False
5267.327060000001	0.0003999999989900971	trials	electrical	biphasic	20	MOs	deep	isoflurane	False	False
5271.67234	0.0003999999998995918	trials	electrical	biphasic	40	MOs	deep	isoflurane	False	False
5275.38217	0.0004000000017185812	trials	electrical	biphasic	40	MOs	deep	isoflurane	False	False
5279.43489	0.0003999999989900971	trials	electrical	biphasic	20	MOs	deep	isoflurane	False	False
5283.5652	0.0003999999998995918	trials	electrical	biphasic	20	MOs	deep	isoflurane	False	False
5287.097620000001	0.0003999999989900971	trials	electrical	biphasic	40	MOs	deep	isoflurane	False	False
5291.21277	0.0003999999998995918	trials	electrical	biphasic	20	MOs	deep	isoflurane	False	False
5295.07561	0.0003999999998995918	trials	electrical	biphasic	60	MOs	deep	isoflurane	False	False
5298.62558	0.0003999999998995918	trials	electrical	biphasic	40	MOs	deep	isoflurane	False	False
5302.61558	0.0003999999998995918	trials	electrical	biphasic	20	MOs	deep	isoflurane	False	False
5306.308520000001	0.0003999999989900971	trials	electrical	biphasic	60	MOs	deep	isoflurane	False	False
5309.93203	0.0003999999998995918	trials	electrical	biphasic	60	MOs	deep	isoflurane	False	False
5313.63795	0.0003999999998995918	trials	electrical	biphasic	60	MOs	deep	isoflurane	False	False
5317.28489	0.0003999999998995918	trials	electrical	biphasic	60	MOs	deep	isoflurane	False	False
5320.9744	0.0003999999998995918	trials	electrical	biphasic	40	MOs	deep	isoflurane	False	False
5324.51748	0.0003999999989900971	trials	electrical	biphasic	20	MOs	deep	isoflurane	False	False
5328.65311	0.0003999999998995918	trials	electrical	biphasic	20	MOs	deep	isoflurane	False	False
5332.43539	0.0004000000008090865	trials	electrical	biphasic	40	MOs	deep	isoflurane	False	False
5336.474420000001	0.0003999999989900971	trials	electrical	biphasic	60	MOs	deep	isoflurane	False	False
5340.67	0.0003999999998995918	trials	electrical	biphasic	40	MOs	deep	isoflurane	False	False
5344.66955	0.0004000000008090865	trials	electrical	biphasic	60	MOs	deep	isoflurane	False	False
5348.705779999998	0.0004000000017185812	trials	electrical	biphasic	40	MOs	deep	isoflurane	False	False
5352.651379999998	0.0004000000017185812	trials	electrical	biphasic	20	MOs	deep	isoflurane	False	False
5356.27574	0.0003999999998995918	trials	electrical	biphasic	60	MOs	deep	isoflurane	False	False
5360.26653	0.0003999999998995918	trials	electrical	biphasic	20	MOs	deep	isoflurane	False	False
5364.61996	0.0003999999998995918	trials	electrical	biphasic	20	MOs	deep	isoflurane	False	False
5368.99431	0.0003999999998995918	trials	electrical	biphasic	60	MOs	deep	isoflurane	False	False
5372.76503	0.0004000000008090865	trials	electrical	biphasic	20	MOs	deep	isoflurane	False	False
5376.47391	0.0004000000017185812	trials	electrical	biphasic	40	MOs	deep	isoflurane	False	False
5380.53932	0.0004000000017185812	trials	electrical	biphasic	20	MOs	deep	isoflurane	False	False
5384.68007	0.0003999999998995918	trials	electrical	biphasic	40	MOs	deep	isoflurane	False	False
5388.597510000001	0.0003999999989900971	trials	electrical	biphasic	60	MOs	deep	isoflurane	False	False
5392.30392	0.0003999999998995918	trials	electrical	biphasic	40	MOs	deep	isoflurane	False	False
5396.75228	0.0003999999998995918	trials	electrical	biphasic	40	MOs	deep	isoflurane	False	False
5400.33479	0.0003999999998995918	trials	electrical	biphasic	40	MOs	deep	isoflurane	False	False
5403.94091	0.0003999999998995918	trials	electrical	biphasic	60	MOs	deep	isoflurane	False	False
5407.58337	0.0003999999998995918	trials	electrical	biphasic	60	MOs	deep	isoflurane	False	False
5411.25026	0.0003999999998995918	trials	electrical	biphasic	20	MOs	deep	isoflurane	False	False
5415.37164	0.0003999999998995918	trials	electrical	biphasic	60	MOs	deep	isoflurane	False	False
5419.44579	0.0003999999998995918	trials	electrical	biphasic	40	MOs	deep	isoflurane	False	False
5422.99829	0.0003999999989900971	trials	electrical	biphasic	40	MOs	deep	isoflurane	False	False
5427.429920000001	0.0003999999989900971	trials	electrical	biphasic	60	MOs	deep	isoflurane	False	False
5431.65901	0.0003999999998995918	trials	electrical	biphasic	60	MOs	deep	isoflurane	False	False
5435.89728	0.0003999999998995918	trials	electrical	biphasic	40	MOs	deep	isoflurane	False	False
5439.4611	0.0003999999998995918	trials	electrical	biphasic	20	MOs	deep	isoflurane	False	False
5443.82197	0.0003999999998995918	trials	electrical	biphasic	40	MOs	deep	isoflurane	False	False
5448.2568	0.0003999999998995918	trials	electrical	biphasic	60	MOs	deep	isoflurane	False	False
5452.741620000002	0.00040999999782798113	trials	electrical	biphasic	20	MOs	deep	isoflurane	False	False
5457.10099	0.0003999999998995918	trials	electrical	biphasic	20	MOs	deep	isoflurane	False	False
5461.386979999998	0.0004000000017185812	trials	electrical	biphasic	20	MOs	deep	isoflurane	False	False
5465.40079	0.0003999999998995918	trials	electrical	biphasic	20	MOs	deep	isoflurane	False	False
5469.07881	0.0003999999998995918	trials	electrical	biphasic	60	MOs	deep	isoflurane	False	False
5472.97782	0.0003999999998995918	trials	electrical	biphasic	40	MOs	deep	isoflurane	False	False
5476.61218	0.0003999999998995918	trials	electrical	biphasic	60	MOs	deep	isoflurane	False	False
5480.1435	0.0003999999998995918	trials	electrical	biphasic	20	MOs	deep	isoflurane	False	False
5484.5830700000015	0.0003999999998995918	trials	electrical	biphasic	40	MOs	deep	isoflurane	False	False
5488.3848	0.0003999999998995918	trials	electrical	biphasic	20	MOs	deep	isoflurane	False	False
5492.18076	0.0003999999998995918	trials	electrical	biphasic	20	MOs	deep	isoflurane	False	False
5496.014120000002	0.0003999999998995918	trials	electrical	biphasic	40	MOs	deep	isoflurane	False	False
5499.98161	0.0003999999998995918	trials	electrical	biphasic	40	MOs	deep	isoflurane	False	False
5504.13024	0.0003999999989900971	trials	electrical	biphasic	60	MOs	deep	isoflurane	False	False
5507.655879999998	0.0004000000017185812	trials	electrical	biphasic	40	MOs	deep	isoflurane	False	False
5511.99851	0.0003999999998995918	trials	electrical	biphasic	20	MOs	deep	isoflurane	False	False
5516.057970000002	0.0003999999998995918	trials	electrical	biphasic	60	MOs	deep	isoflurane	False	False
5520.4125	0.0003999999998995918	trials	electrical	biphasic	40	MOs	deep	isoflurane	False	False
5524.26081	0.0004000000017185812	trials	electrical	biphasic	20	MOs	deep	isoflurane	False	False
5528.20725	0.0003999999998995918	trials	electrical	biphasic	20	MOs	deep	isoflurane	False	False
5531.76192	0.0004000000017185812	trials	electrical	biphasic	20	MOs	deep	isoflurane	False	False
5535.43944	0.0003999999998995918	trials	electrical	biphasic	20	MOs	deep	isoflurane	False	False
5539.60267	0.0003999999998995918	trials	electrical	biphasic	20	MOs	deep	isoflurane	False	False
5543.43391	0.0004000000017185812	trials	electrical	biphasic	40	MOs	deep	isoflurane	False	False
5547.832820000001	0.0003999999989900971	trials	electrical	biphasic	60	MOs	deep	isoflurane	False	False
5551.4514	0.0003999999998995918	trials	electrical	biphasic	20	MOs	deep	isoflurane	False	False
5555.94025	0.0003999999998995918	trials	electrical	biphasic	20	MOs	deep	isoflurane	False	False
5559.98066	0.0003999999998995918	trials	electrical	biphasic	60	MOs	deep	isoflurane	False	False
5564.18801	0.0003999999998995918	trials	electrical	biphasic	60	MOs	deep	isoflurane	False	False
5568.68793	0.0003999999998995918	trials	electrical	biphasic	40	MOs	deep	isoflurane	False	False
5572.4762	0.0003999999998995918	trials	electrical	biphasic	60	MOs	deep	isoflurane	False	False
5576.39114	0.0003999999998995918	trials	electrical	biphasic	60	MOs	deep	isoflurane	False	False
5580.35641	0.0003999999998995918	trials	electrical	biphasic	60	MOs	deep	isoflurane	False	False
5584.6208	0.0003999999998995918	trials	electrical	biphasic	20	MOs	deep	isoflurane	False	False
5588.939429999999	0.0003999999989900971	trials	electrical	biphasic	60	MOs	deep	isoflurane	False	False
7116.153659999999	0.0004000000008090865	trials	electrical	biphasic	40	MOs	deep	recovery	True	False
7119.68668	0.0003999999998995918	trials	electrical	biphasic	20	MOs	deep	recovery	True	False
7123.748309999999	0.0004000000008090865	trials	electrical	biphasic	40	MOs	deep	recovery	True	False
7128.130590000002	0.0003999999998995918	trials	electrical	biphasic	60	MOs	deep	recovery	True	False
7132.3002	0.0003999999998995918	trials	electrical	biphasic	60	MOs	deep	recovery	True	False
7135.991059999999	0.0003999999989900971	trials	electrical	biphasic	60	MOs	deep	recovery	True	False
7139.860409999998	0.0004000000008090865	trials	electrical	biphasic	60	MOs	deep	recovery	True	False
7143.82155	0.0003999999998995918	trials	electrical	biphasic	20	MOs	deep	recovery	True	False
7148.3036200000015	0.0003999999998995918	trials	electrical	biphasic	20	MOs	deep	recovery	True	False
7151.960440000002	0.0003999999998995918	trials	electrical	biphasic	20	MOs	deep	recovery	True	False
7156.316390000001	0.0004000000008090865	trials	electrical	biphasic	60	MOs	deep	recovery	True	False
7160.46157	0.0003999999998995918	trials	electrical	biphasic	60	MOs	deep	recovery	True	False
7164.33828	0.0003999999998995918	trials	electrical	biphasic	40	MOs	deep	recovery	True	False
7168.02962	0.0003999999998995918	trials	electrical	biphasic	20	MOs	deep	recovery	True	False
7171.9583	0.0003999999998995918	trials	electrical	biphasic	40	MOs	deep	recovery	True	False
7175.94075	0.0003999999998995918	trials	electrical	biphasic	60	MOs	deep	recovery	True	False
7179.561790000002	0.0003999999998995918	trials	electrical	biphasic	20	MOs	deep	recovery	True	False
7183.651720000002	0.0003999999998995918	trials	electrical	biphasic	60	MOs	deep	recovery	True	False
7187.378320000002	0.0003999999998995918	trials	electrical	biphasic	40	MOs	deep	recovery	True	False
7191.263359999999	0.0004000000008090865	trials	electrical	biphasic	60	MOs	deep	recovery	True	False
7195.34677	0.0003999999998995918	trials	electrical	biphasic	60	MOs	deep	recovery	True	False
7199.09899	0.0003999999998995918	trials	electrical	biphasic	20	MOs	deep	recovery	True	False
7202.889859999998	0.0004000000008090865	trials	electrical	biphasic	40	MOs	deep	recovery	True	False
7207.00738	0.0003999999998995918	trials	electrical	biphasic	20	MOs	deep	recovery	True	False
7210.7730900000015	0.0003999999980806024	trials	electrical	biphasic	40	MOs	deep	recovery	True	False
7215.097890000001	0.0003999999998995918	trials	electrical	biphasic	60	MOs	deep	recovery	True	False
7219.58098	0.0003999999998995918	trials	electrical	biphasic	20	MOs	deep	recovery	True	False
7223.81165	0.0004000000008090865	trials	electrical	biphasic	40	MOs	deep	recovery	True	False
7227.65595	0.0003999999998995918	trials	electrical	biphasic	60	MOs	deep	recovery	True	False
7231.74044	0.0004000000008090865	trials	electrical	biphasic	40	MOs	deep	recovery	True	False
7235.348620000002	0.0003999999998995918	trials	electrical	biphasic	60	MOs	deep	recovery	True	False
7239.7553400000015	0.00040999999873747583	trials	electrical	biphasic	20	MOs	deep	recovery	True	False
7244.135429999998	0.0003999999998995918	trials	electrical	biphasic	20	MOs	deep	recovery	True	False
7248.45362	0.0003999999998995918	trials	electrical	biphasic	60	MOs	deep	recovery	True	False
7252.21476	0.0003999999998995918	trials	electrical	biphasic	60	MOs	deep	recovery	True	False
7256.30955	0.0003999999998995918	trials	electrical	biphasic	40	MOs	deep	recovery	True	False
7259.832490000002	0.0003999999998995918	trials	electrical	biphasic	60	MOs	deep	recovery	True	False
7263.75817	0.0003999999998995918	trials	electrical	biphasic	40	MOs	deep	recovery	True	False
7267.57132	0.0003999999998995918	trials	electrical	biphasic	40	MOs	deep	recovery	True	False
7271.23322	0.0003999999998995918	trials	electrical	biphasic	40	MOs	deep	recovery	True	False
7274.9124	0.0003999999998995918	trials	electrical	biphasic	20	MOs	deep	recovery	True	False
7278.8357099999985	0.0003999999998995918	trials	electrical	biphasic	40	MOs	deep	recovery	True	False
7282.43035	0.0004000000008090865	trials	electrical	biphasic	20	MOs	deep	recovery	True	False
7286.52929	0.0003999999998995918	trials	electrical	biphasic	60	MOs	deep	recovery	True	False
7290.50064	0.0004000000008090865	trials	electrical	biphasic	20	MOs	deep	recovery	True	False
7294.696999999999	0.00041000000055646524	trials	electrical	biphasic	40	MOs	deep	recovery	True	False
7298.8973099999985	0.0003999999998995918	trials	electrical	biphasic	60	MOs	deep	recovery	True	False
7303.036279999998	0.0003999999998995918	trials	electrical	biphasic	40	MOs	deep	recovery	True	False
7306.5703	0.0003999999998995918	trials	electrical	biphasic	60	MOs	deep	recovery	True	False
7310.1395200000015	0.0003999999980806024	trials	electrical	biphasic	20	MOs	deep	recovery	True	False
7313.959540000002	0.0003999999998995918	trials	electrical	biphasic	20	MOs	deep	recovery	True	False
7317.99083	0.0003999999998995918	trials	electrical	biphasic	40	MOs	deep	recovery	True	False
7322.14569	0.0003999999998995918	trials	electrical	biphasic	40	MOs	deep	recovery	True	False
7326.05374	0.0003999999998995918	trials	electrical	biphasic	20	MOs	deep	recovery	True	False
7330.37415	0.0004000000008090865	trials	electrical	biphasic	60	MOs	deep	recovery	True	False
7334.59293	0.0003999999998995918	trials	electrical	biphasic	20	MOs	deep	recovery	True	False
7339.062	0.0003999999998995918	trials	electrical	biphasic	20	MOs	deep	recovery	True	False
7343.09376	0.0003999999998995918	trials	electrical	biphasic	20	MOs	deep	recovery	True	False
7346.91933	0.0003999999998995918	trials	electrical	biphasic	20	MOs	deep	recovery	True	False
7350.52537	0.0003999999998995918	trials	electrical	biphasic	20	MOs	deep	recovery	True	False
7354.6367599999985	0.0003999999998995918	trials	electrical	biphasic	60	MOs	deep	recovery	True	False
7358.91598	0.0003999999998995918	trials	electrical	biphasic	60	MOs	deep	recovery	True	False
7362.839870000002	0.0003999999998995918	trials	electrical	biphasic	40	MOs	deep	recovery	True	False
7366.431109999998	0.0004000000008090865	trials	electrical	biphasic	40	MOs	deep	recovery	False	False
7370.198009999999	0.0003999999998995918	trials	electrical	biphasic	60	MOs	deep	recovery	False	False
7373.85209	0.0003999999998995918	trials	electrical	biphasic	20	MOs	deep	recovery	True	False
7377.63352	0.0003999999998995918	trials	electrical	biphasic	60	MOs	deep	recovery	True	False
7381.57402	0.0003999999998995918	trials	electrical	biphasic	60	MOs	deep	recovery	True	False
7385.60159	0.0004000000008090865	trials	electrical	biphasic	40	MOs	deep	recovery	True	False
7389.559429999998	0.0004000000017185812	trials	electrical	biphasic	60	MOs	deep	recovery	True	False
7393.935240000002	0.0003999999998995918	trials	electrical	biphasic	40	MOs	deep	recovery	True	False
7397.95372	0.0003999999998995918	trials	electrical	biphasic	40	MOs	deep	recovery	True	False
7402.39777	0.0004000000008090865	trials	electrical	biphasic	40	MOs	deep	recovery	False	False
7406.5359	0.0003999999998995918	trials	electrical	biphasic	20	MOs	deep	recovery	True	False
7410.99402	0.0003999999998995918	trials	electrical	biphasic	40	MOs	deep	recovery	True	False
7414.73515	0.0003999999998995918	trials	electrical	biphasic	40	MOs	deep	recovery	True	False
7418.911690000001	0.0004000000008090865	trials	electrical	biphasic	20	MOs	deep	recovery	False	False
7422.70118	0.0003999999998995918	trials	electrical	biphasic	60	MOs	deep	recovery	True	False
7426.8734	0.0003999999998995918	trials	electrical	biphasic	60	MOs	deep	recovery	True	False
7431.06897	0.0003999999998995918	trials	electrical	biphasic	40	MOs	deep	recovery	True	False
7434.637390000001	0.0004000000008090865	trials	electrical	biphasic	40	MOs	deep	recovery	True	False
7438.392609999999	0.0004000000008090865	trials	electrical	biphasic	20	MOs	deep	recovery	True	False
7442.11708	0.0003999999998995918	trials	electrical	biphasic	40	MOs	deep	recovery	True	False
7446.28534	0.0003999999998995918	trials	electrical	biphasic	40	MOs	deep	recovery	True	False
7450.63017	0.0003999999998995918	trials	electrical	biphasic	20	MOs	deep	recovery	True	False
7454.47505	0.0003999999998995918	trials	electrical	biphasic	40	MOs	deep	recovery	False	False
7458.7559999999985	0.0004000000017185812	trials	electrical	biphasic	60	MOs	deep	recovery	False	False
7462.93177	0.0003999999998995918	trials	electrical	biphasic	40	MOs	deep	recovery	True	False
7466.43891	0.0003999999998995918	trials	electrical	biphasic	60	MOs	deep	recovery	True	False
7470.541509999999	0.0003999999998995918	trials	electrical	biphasic	40	MOs	deep	recovery	False	False
7474.42872	0.0004000000017185812	trials	electrical	biphasic	60	MOs	deep	recovery	True	False
7478.84514	0.0003999999998995918	trials	electrical	biphasic	40	MOs	deep	recovery	True	False
7482.346729999998	0.0004000000017185812	trials	electrical	biphasic	40	MOs	deep	recovery	True	False
7486.309590000002	0.0003999999998995918	trials	electrical	biphasic	20	MOs	deep	recovery	True	False
7490.234359999998	0.0004000000008090865	trials	electrical	biphasic	20	MOs	deep	recovery	True	False
7494.1957	0.0003999999998995918	trials	electrical	biphasic	20	MOs	deep	recovery	True	False
7498.46629	0.0003999999998995918	trials	electrical	biphasic	20	MOs	deep	recovery	True	False
7502.28919	0.0003999999998995918	trials	electrical	biphasic	20	MOs	deep	recovery	True	False
7506.57436	0.0003999999980806024	trials	electrical	biphasic	40	MOs	deep	recovery	True	False
7510.54614	0.0003999999998995918	trials	electrical	biphasic	40	MOs	deep	recovery	True	False
7514.08232	0.0003999999998995918	trials	electrical	biphasic	60	MOs	deep	recovery	True	False
7517.758629999998	0.0003999999998995918	trials	electrical	biphasic	40	MOs	deep	recovery	True	False
7521.980809999999	0.0003999999998995918	trials	electrical	biphasic	60	MOs	deep	recovery	True	False
7525.9547200000015	0.0003999999980806024	trials	electrical	biphasic	20	MOs	deep	recovery	False	False
7529.607859999999	0.0003999999998995918	trials	electrical	biphasic	40	MOs	deep	recovery	True	False
7533.4494	0.0003999999998995918	trials	electrical	biphasic	60	MOs	deep	recovery	True	False
7537.557209999999	0.0004000000008090865	trials	electrical	biphasic	20	MOs	deep	recovery	True	False
7541.24937	0.0003999999998995918	trials	electrical	biphasic	20	MOs	deep	recovery	False	False
7545.48822	0.0003999999998995918	trials	electrical	biphasic	20	MOs	deep	recovery	True	False
7549.2315	0.0003999999998995918	trials	electrical	biphasic	20	MOs	deep	recovery	False	False
7553.64935	0.0003999999998995918	trials	electrical	biphasic	60	MOs	deep	recovery	True	False
7557.41883	0.0003999999980806024	trials	electrical	biphasic	40	MOs	deep	recovery	True	False
7561.684759999999	0.0003999999998995918	trials	electrical	biphasic	40	MOs	deep	recovery	True	False
7565.37384	0.0004000000008090865	trials	electrical	biphasic	40	MOs	deep	recovery	False	False
7569.161759999999	0.0004000000008090865	trials	electrical	biphasic	60	MOs	deep	recovery	False	False
7572.753309999999	0.0003999999998995918	trials	electrical	biphasic	40	MOs	deep	recovery	True	False
7576.82993	0.0003999999998995918	trials	electrical	biphasic	40	MOs	deep	recovery	True	False
7581.01372	0.0004000000017185812	trials	electrical	biphasic	20	MOs	deep	recovery	True	False
7585.060740000001	0.0004000000008090865	trials	electrical	biphasic	20	MOs	deep	recovery	True	False
7588.986890000001	0.0003999999998995918	trials	electrical	biphasic	40	MOs	deep	recovery	True	False
7593.13175	0.0004000000008090865	trials	electrical	biphasic	60	MOs	deep	recovery	True	False
7597.2798	0.0003999999998995918	trials	electrical	biphasic	60	MOs	deep	recovery	True	False
7601.459240000001	0.0003999999998995918	trials	electrical	biphasic	20	MOs	deep	recovery	False	False
7605.59545	0.0003999999998995918	trials	electrical	biphasic	40	MOs	deep	recovery	True	False
7610.04106	0.0003999999980806024	trials	electrical	biphasic	60	MOs	deep	recovery	True	False
7613.75042	0.0003999999998995918	trials	electrical	biphasic	20	MOs	deep	recovery	True	False
7617.960129999998	0.0004000000008090865	trials	electrical	biphasic	20	MOs	deep	recovery	False	False
7621.696790000001	0.0003999999998995918	trials	electrical	biphasic	40	MOs	deep	recovery	False	False
7625.31661	0.0003999999998995918	trials	electrical	biphasic	40	MOs	deep	recovery	False	False
7629.42434	0.0004000000008090865	trials	electrical	biphasic	20	MOs	deep	recovery	True	False
7633.3749	0.0003999999998995918	trials	electrical	biphasic	40	MOs	deep	recovery	True	False
7637.33405	0.0003999999998995918	trials	electrical	biphasic	60	MOs	deep	recovery	True	False
7641.49641	0.0003999999998995918	trials	electrical	biphasic	40	MOs	deep	recovery	True	False
7645.76712	0.0003999999998995918	trials	electrical	biphasic	40	MOs	deep	recovery	True	False
7649.617759999999	0.0003999999998995918	trials	electrical	biphasic	60	MOs	deep	recovery	False	False
7653.780209999999	0.0004000000008090865	trials	electrical	biphasic	40	MOs	deep	recovery	False	False
7657.696790000001	0.0003999999998995918	trials	electrical	biphasic	20	MOs	deep	recovery	True	False
7662.039140000001	0.0004000000008090865	trials	electrical	biphasic	20	MOs	deep	recovery	True	False
7666.372490000002	0.0003999999998995918	trials	electrical	biphasic	40	MOs	deep	recovery	False	False
7670.12935	0.0003999999998995918	trials	electrical	biphasic	60	MOs	deep	recovery	True	False
7674.243240000002	0.0003999999998995918	trials	electrical	biphasic	20	MOs	deep	recovery	True	False
7678.3259	0.0003999999998995918	trials	electrical	biphasic	60	MOs	deep	recovery	True	False
7682.36707	0.0003999999998995918	trials	electrical	biphasic	60	MOs	deep	recovery	True	False
7686.73743	0.0003999999998995918	trials	electrical	biphasic	40	MOs	deep	recovery	True	False
7690.5026400000015	0.0003999999980806024	trials	electrical	biphasic	40	MOs	deep	recovery	True	False
7694.321140000001	0.0003999999998995918	trials	electrical	biphasic	40	MOs	deep	recovery	True	False
7697.94078	0.0003999999998995918	trials	electrical	biphasic	40	MOs	deep	recovery	False	False
7702.38103	0.0003999999989900971	trials	electrical	biphasic	60	MOs	deep	recovery	False	False
7706.52702	0.0003999999998995918	trials	electrical	biphasic	40	MOs	deep	recovery	True	False
7710.5069	0.0003999999998995918	trials	electrical	biphasic	60	MOs	deep	recovery	True	False
7714.64665	0.0003999999998995918	trials	electrical	biphasic	20	MOs	deep	recovery	True	False
7718.691790000002	0.0003999999998995918	trials	electrical	biphasic	60	MOs	deep	recovery	True	False
7722.839540000001	0.0004000000008090865	trials	electrical	biphasic	40	MOs	deep	recovery	False	False
7726.88384	0.0003999999998995918	trials	electrical	biphasic	40	MOs	deep	recovery	False	False
7731.105309999999	0.0004000000008090865	trials	electrical	biphasic	40	MOs	deep	recovery	True	False
7735.128229999998	0.0003999999998995918	trials	electrical	biphasic	60	MOs	deep	recovery	True	False
7739.6223599999985	0.0003999999998995918	trials	electrical	biphasic	60	MOs	deep	recovery	True	False
7743.34146	0.0003999999980806024	trials	electrical	biphasic	40	MOs	deep	recovery	True	False
7746.947690000001	0.0003999999998995918	trials	electrical	biphasic	40	MOs	deep	recovery	False	False
7750.557809999998	0.0003999999998995918	trials	electrical	biphasic	20	MOs	deep	recovery	True	False
7754.12183	0.0003999999998995918	trials	electrical	biphasic	40	MOs	deep	recovery	True	False
7758.02683	0.0003999999998995918	trials	electrical	biphasic	20	MOs	deep	recovery	False	False
7761.9756400000015	0.0003999999980806024	trials	electrical	biphasic	20	MOs	deep	recovery	True	False
7765.84188	0.0003999999998995918	trials	electrical	biphasic	40	MOs	deep	recovery	False	False
7770.105809999999	0.0003999999998995918	trials	electrical	biphasic	20	MOs	deep	recovery	False	False
7774.23414	0.0004000000008090865	trials	electrical	biphasic	40	MOs	deep	recovery	False	False
7778.50654	0.0003999999998995918	trials	electrical	biphasic	60	MOs	deep	recovery	True	False
7782.939829999998	0.0004000000017185812	trials	electrical	biphasic	60	MOs	deep	recovery	True	False
7787.413	0.0004000000008090865	trials	electrical	biphasic	20	MOs	deep	recovery	False	False
7791.10544	0.0003999999998995918	trials	electrical	biphasic	40	MOs	deep	recovery	False	False
7794.744740000001	0.0003999999998995918	trials	electrical	biphasic	60	MOs	deep	recovery	False	False
7798.94143	0.0003999999998995918	trials	electrical	biphasic	20	MOs	deep	recovery	False	False
7802.53567	0.0003999999998995918	trials	electrical	biphasic	60	MOs	deep	recovery	False	False
7806.5615	0.0003999999998995918	trials	electrical	biphasic	20	MOs	deep	recovery	False	False
7810.5922599999985	0.0003999999998995918	trials	electrical	biphasic	40	MOs	deep	recovery	False	False
7814.953829999998	0.0004000000008090865	trials	electrical	biphasic	60	MOs	deep	recovery	False	False
7818.939109999998	0.0003999999998995918	trials	electrical	biphasic	60	MOs	deep	recovery	False	False
7822.833	0.0004000000008090865	trials	electrical	biphasic	40	MOs	deep	recovery	True	False
7827.004859999999	0.0003999999998995918	trials	electrical	biphasic	60	MOs	deep	recovery	True	False
7831.24655	0.0003999999998995918	trials	electrical	biphasic	20	MOs	deep	recovery	False	False
7835.26703	0.0003999999998995918	trials	electrical	biphasic	60	MOs	deep	recovery	True	False
7839.11518	0.0003999999998995918	trials	electrical	biphasic	40	MOs	deep	recovery	True	False
7842.7656	0.0003999999998995918	trials	electrical	biphasic	60	MOs	deep	recovery	True	False
7846.852129999998	0.0004000000017185812	trials	electrical	biphasic	20	MOs	deep	recovery	True	False
7850.61469	0.0003999999998995918	trials	electrical	biphasic	60	MOs	deep	recovery	True	False
7854.159570000002	0.0003999999998995918	trials	electrical	biphasic	60	MOs	deep	recovery	True	False
7858.4149400000015	0.0003999999980806024	trials	electrical	biphasic	20	MOs	deep	recovery	True	False
7862.15814	0.0004000000008090865	trials	electrical	biphasic	40	MOs	deep	recovery	True	False
7866.10096	0.0003999999998995918	trials	electrical	biphasic	40	MOs	deep	recovery	True	False
7870.28919	0.0003999999998995918	trials	electrical	biphasic	40	MOs	deep	recovery	True	False
7874.14883	0.0003999999998995918	trials	electrical	biphasic	40	MOs	deep	recovery	True	False
7878.3856	0.0003999999980806024	trials	electrical	biphasic	60	MOs	deep	recovery	False	False
7882.280720000002	0.0003999999998995918	trials	electrical	biphasic	60	MOs	deep	recovery	True	False
7886.46457	0.0003999999998995918	trials	electrical	biphasic	60	MOs	deep	recovery	False	False
7890.669040000002	0.0003999999998995918	trials	electrical	biphasic	60	MOs	deep	recovery	False	False
7894.61176	0.0003999999998995918	trials	electrical	biphasic	20	MOs	deep	recovery	False	False
7898.131759999998	0.0004000000008090865	trials	electrical	biphasic	20	MOs	deep	recovery	False	False
7901.96305	0.0003999999998995918	trials	electrical	biphasic	40	MOs	deep	recovery	False	False
7905.88777	0.0003999999998995918	trials	electrical	biphasic	20	MOs	deep	recovery	False	False
7909.65847	0.0003999999998995918	trials	electrical	biphasic	60	MOs	deep	recovery	False	False
7913.355959999999	0.0004000000008090865	trials	electrical	biphasic	60	MOs	deep	recovery	False	False
7917.6781	0.0003999999998995918	trials	electrical	biphasic	20	MOs	deep	recovery	False	False
7921.60845	0.0003999999998995918	trials	electrical	biphasic	40	MOs	deep	recovery	True	False
7925.99666	0.0003999999998995918	trials	electrical	biphasic	20	MOs	deep	recovery	True	False
7929.88826	0.0003999999998995918	trials	electrical	biphasic	60	MOs	deep	recovery	True	False
7934.15781	0.0003999999998995918	trials	electrical	biphasic	20	MOs	deep	recovery	False	False
7938.055029999998	0.0004000000008090865	trials	electrical	biphasic	40	MOs	deep	recovery	False	False
7942.36398	0.0003999999998995918	trials	electrical	biphasic	40	MOs	deep	recovery	True	False
7946.6194799999985	0.0003999999998995918	trials	electrical	biphasic	20	MOs	deep	recovery	True	False
7950.49731	0.0003999999998995918	trials	electrical	biphasic	20	MOs	deep	recovery	True	False
7954.21375	0.0003999999998995918	trials	electrical	biphasic	40	MOs	deep	recovery	False	False
7958.50458	0.0003999999998995918	trials	electrical	biphasic	60	MOs	deep	recovery	False	False
7962.9543	0.0003999999998995918	trials	electrical	biphasic	60	MOs	deep	recovery	True	False
7966.782290000001	0.0003999999998995918	trials	electrical	biphasic	40	MOs	deep	recovery	True	False
7970.95397	0.0004000000008090865	trials	electrical	biphasic	20	MOs	deep	recovery	True	False
7974.893040000001	0.0004000000008090865	trials	electrical	biphasic	20	MOs	deep	recovery	True	False
7979.2269700000015	0.0003999999980806024	trials	electrical	biphasic	40	MOs	deep	recovery	False	False
7983.49625	0.0003999999998995918	trials	electrical	biphasic	40	MOs	deep	recovery	True	False
7987.16393	0.00041000000055646524	trials	electrical	biphasic	20	MOs	deep	recovery	True	False
7991.52634	0.0003999999998995918	trials	electrical	biphasic	40	MOs	deep	recovery	True	False
7996.01665	0.0004000000008090865	trials	electrical	biphasic	60	MOs	deep	recovery	True	False
8000.03149	0.00040999999964697054	trials	electrical	biphasic	20	MOs	deep	recovery	True	False
8004.4162	0.0003999999998995918	trials	electrical	biphasic	60	MOs	deep	recovery	True	False
8008.50465	0.0003999999998995918	trials	electrical	biphasic	40	MOs	deep	recovery	False	False
8012.15983	0.0003999999980806024	trials	electrical	biphasic	40	MOs	deep	recovery	False	False
8015.86011	0.0003999999980806024	trials	electrical	biphasic	60	MOs	deep	recovery	True	False
8019.7675	0.0003999999998995918	trials	electrical	biphasic	40	MOs	deep	recovery	False	False
8024.01662	0.0003999999998995918	trials	electrical	biphasic	60	MOs	deep	recovery	False	False
8028.34263	0.0003999999998995918	trials	electrical	biphasic	20	MOs	deep	recovery	False	False
8032.63302	0.0003999999998995918	trials	electrical	biphasic	40	MOs	deep	recovery	False	False
8036.4519599999985	0.0003999999998995918	trials	electrical	biphasic	20	MOs	deep	recovery	True	False
8040.48645	0.0003999999998995918	trials	electrical	biphasic	40	MOs	deep	recovery	True	False
8044.07683	0.0003999999998995918	trials	electrical	biphasic	60	MOs	deep	recovery	True	False
8047.68895	0.0003999999998995918	trials	electrical	biphasic	40	MOs	deep	recovery	True	False
8051.32567	0.0003999999998995918	trials	electrical	biphasic	60	MOs	deep	recovery	True	False
8055.50476	0.0003999999998995918	trials	electrical	biphasic	20	MOs	deep	recovery	False	False
8059.500359999999	0.0003999999998995918	trials	electrical	biphasic	20	MOs	deep	recovery	True	False
8063.1905099999985	0.0003999999998995918	trials	electrical	biphasic	20	MOs	deep	recovery	True	False
8067.18593	0.0003999999980806024	trials	electrical	biphasic	20	MOs	deep	recovery	True	False
8070.83395	0.0003999999998995918	trials	electrical	biphasic	60	MOs	deep	recovery	True	False
8074.389359999999	0.0003999999998995918	trials	electrical	biphasic	60	MOs	deep	recovery	False	False
8078.7405	0.0003999999998995918	trials	electrical	biphasic	60	MOs	deep	recovery	True	False
8082.801490000002	0.0003999999998995918	trials	electrical	biphasic	60	MOs	deep	recovery	False	False
8087.23152	0.0003999999998995918	trials	electrical	biphasic	20	MOs	deep	recovery	True	False
8091.4286	0.0003999999998995918	trials	electrical	biphasic	60	MOs	deep	recovery	True	False
8095.511829999998	0.0004000000008090865	trials	electrical	biphasic	20	MOs	deep	recovery	False	False
8099.827659999999	0.0004000000008090865	trials	electrical	biphasic	60	MOs	deep	recovery	True	False
8104.2071	0.0004000000008090865	trials	electrical	biphasic	60	MOs	deep	recovery	True	False
8108.69645	0.0003999999998995918	trials	electrical	biphasic	40	MOs	deep	recovery	True	False
8112.19739	0.0003999999998995918	trials	electrical	biphasic	20	MOs	deep	recovery	False	False
8116.563259999999	0.0004000000008090865	trials	electrical	biphasic	20	MOs	deep	recovery	False	False
8120.67625	0.0003999999998995918	trials	electrical	biphasic	60	MOs	deep	recovery	True	False
8125.16663	0.0003999999998995918	trials	electrical	biphasic	60	MOs	deep	recovery	True	False
8129.194740000001	0.0004000000008090865	trials	electrical	biphasic	20	MOs	deep	recovery	True	False
8133.17468	0.0003999999998995918	trials	electrical	biphasic	60	MOs	deep	recovery	True	False
8137.47645	0.0003999999998995918	trials	electrical	biphasic	20	MOs	deep	recovery	False	False
8141.204709999999	0.0003999999998995918	trials	electrical	biphasic	20	MOs	deep	recovery	True	False
8145.203240000002	0.0003999999998995918	trials	electrical	biphasic	40	MOs	deep	recovery	False	False
8149.60453	0.0003999999980806024	trials	electrical	biphasic	60	MOs	deep	recovery	False	False
8153.679609999999	0.0003999999998995918	trials	electrical	biphasic	60	MOs	deep	recovery	False	False
8158.02522	0.0003999999998995918	trials	electrical	biphasic	60	MOs	deep	recovery	False	False
8162.2642799999985	0.0003999999998995918	trials	electrical	biphasic	60	MOs	deep	recovery	False	False
8166.35069	0.0004000000008090865	trials	electrical	biphasic	60	MOs	deep	recovery	True	False
8170.09785	0.0003999999998995918	trials	electrical	biphasic	40	MOs	deep	recovery	True	False
8174.2647	0.0003999999998995918	trials	electrical	biphasic	60	MOs	deep	recovery	True	False
8177.8486	0.0003999999998995918	trials	electrical	biphasic	20	MOs	deep	recovery	True	False
8181.9749900000015	0.0003999999980806024	trials	electrical	biphasic	60	MOs	deep	recovery	False	False
8186.13635	0.0003999999998995918	trials	electrical	biphasic	40	MOs	deep	recovery	False	False
8190.366540000001	0.0003999999998995918	trials	electrical	biphasic	20	MOs	deep	recovery	True	False
8194.75773	0.0004000000008090865	trials	electrical	biphasic	20	MOs	deep	recovery	True	False
8199.240459999999	0.0004000000008090865	trials	electrical	biphasic	20	MOs	deep	recovery	True	False
8203.5099	0.0004000000008090865	trials	electrical	biphasic	20	MOs	deep	recovery	True	False
8207.59177	0.0003999999989900971	trials	electrical	biphasic	20	MOs	deep	recovery	True	False
8212.02051	0.00041000000055646524	trials	electrical	biphasic	20	MOs	deep	recovery	True	False
8216.101040000001	0.0003999999989900971	trials	electrical	biphasic	20	MOs	deep	recovery	False	False
8219.61844	0.0004000000008090865	trials	electrical	biphasic	40	MOs	deep	recovery	True	False
8223.23972	0.00041000000055646524	trials	electrical	biphasic	40	MOs	deep	recovery	True	False
8227.60287	0.0003999999989900971	trials	electrical	biphasic	60	MOs	deep	recovery	True	False
8231.5876	0.0003999999989900971	trials	electrical	biphasic	20	MOs	deep	recovery	False	False
8235.93288	0.0003999999989900971	trials	electrical	biphasic	40	MOs	deep	recovery	False	False
8239.64271	0.0003999999989900971	trials	electrical	biphasic	40	MOs	deep	recovery	False	False
8243.69543	0.0004000000008090865	trials	electrical	biphasic	20	MOs	deep	recovery	False	False
8247.82574	0.0004000000008090865	trials	electrical	biphasic	20	MOs	deep	recovery	False	False
8251.35816	0.0003999999989900971	trials	electrical	biphasic	40	MOs	deep	recovery	False	False
8255.47331	0.0004000000008090865	trials	electrical	biphasic	20	MOs	deep	recovery	False	False
8259.33615	0.0004000000008090865	trials	electrical	biphasic	60	MOs	deep	recovery	True	False
8262.88611	0.0004000000008090865	trials	electrical	biphasic	40	MOs	deep	recovery	False	False
8266.87612	0.0003999999989900971	trials	electrical	biphasic	20	MOs	deep	recovery	False	False
8270.56906	0.0003999999989900971	trials	electrical	biphasic	60	MOs	deep	recovery	False	False
8274.19256	0.0004000000008090865	trials	electrical	biphasic	60	MOs	deep	recovery	False	False
8277.898490000001	0.0003999999989900971	trials	electrical	biphasic	60	MOs	deep	recovery	False	False
8281.54543	0.0003999999989900971	trials	electrical	biphasic	60	MOs	deep	recovery	False	False
8285.23493	0.0003999999989900971	trials	electrical	biphasic	40	MOs	deep	recovery	True	False
8288.77801	0.0003999999989900971	trials	electrical	biphasic	20	MOs	deep	recovery	True	False
8292.91364	0.0004000000008090865	trials	electrical	biphasic	20	MOs	deep	recovery	True	False
8296.69592	0.0004000000008090865	trials	electrical	biphasic	40	MOs	deep	recovery	True	False
8300.73495	0.0004000000008090865	trials	electrical	biphasic	60	MOs	deep	recovery	True	False
8304.93053	0.0004000000008090865	trials	electrical	biphasic	40	MOs	deep	recovery	False	False
8308.93008	0.0003999999989900971	trials	electrical	biphasic	60	MOs	deep	recovery	True	False
8312.9663	0.0004000000008090865	trials	electrical	biphasic	40	MOs	deep	recovery	True	False
8316.911909999999	0.0004000000008090865	trials	electrical	biphasic	20	MOs	deep	recovery	True	False
8320.53627	0.0003999999989900971	trials	electrical	biphasic	60	MOs	deep	recovery	False	False
8324.527059999999	0.0004000000008090865	trials	electrical	biphasic	20	MOs	deep	recovery	False	False
8328.88048	0.0003999999989900971	trials	electrical	biphasic	20	MOs	deep	recovery	False	False
8333.25483	0.0003999999989900971	trials	electrical	biphasic	60	MOs	deep	recovery	True	False
8337.02555	0.00040999999873747583	trials	electrical	biphasic	20	MOs	deep	recovery	True	False
8340.73444	0.0004000000008090865	trials	electrical	biphasic	40	MOs	deep	recovery	True	False
8344.799840000001	0.0003999999989900971	trials	electrical	biphasic	20	MOs	deep	recovery	True	False
8348.94059	0.0004000000008090865	trials	electrical	biphasic	40	MOs	deep	recovery	False	False
8352.85803	0.0004000000008090865	trials	electrical	biphasic	60	MOs	deep	recovery	True	False
8356.56444	0.0004000000008090865	trials	electrical	biphasic	40	MOs	deep	recovery	True	False
8361.0128	0.0003999999989900971	trials	electrical	biphasic	40	MOs	deep	recovery	True	False
8364.595309999999	0.0004000000008090865	trials	electrical	biphasic	40	MOs	deep	recovery	False	False
8368.20143	0.0004000000008090865	trials	electrical	biphasic	60	MOs	deep	recovery	False	False
8371.84389	0.0004000000008090865	trials	electrical	biphasic	60	MOs	deep	recovery	False	False
8375.51078	0.0003999999989900971	trials	electrical	biphasic	20	MOs	deep	recovery	False	False
8379.63216	0.0004000000008090865	trials	electrical	biphasic	60	MOs	deep	recovery	False	False
8383.70631	0.0003999999989900971	trials	electrical	biphasic	40	MOs	deep	recovery	False	False
8387.25881	0.0004000000008090865	trials	electrical	biphasic	40	MOs	deep	recovery	False	False
8391.69044	0.0004000000008090865	trials	electrical	biphasic	60	MOs	deep	recovery	False	False
8395.91952	0.0004000000008090865	trials	electrical	biphasic	60	MOs	deep	recovery	False	False
8400.157790000001	0.0003999999989900971	trials	electrical	biphasic	40	MOs	deep	recovery	False	False
8403.721609999999	0.0004000000008090865	trials	electrical	biphasic	20	MOs	deep	recovery	False	False
8408.08248	0.0004000000008090865	trials	electrical	biphasic	40	MOs	deep	recovery	True	False
8412.51731	0.0004000000008090865	trials	electrical	biphasic	60	MOs	deep	recovery	False	False
8417.002129999999	0.0004000000008090865	trials	electrical	biphasic	20	MOs	deep	recovery	False	False
8421.3615	0.0003999999989900971	trials	electrical	biphasic	20	MOs	deep	recovery	False	False
8425.647490000001	0.0003999999989900971	trials	electrical	biphasic	20	MOs	deep	recovery	False	False
8429.66129	0.0004000000008090865	trials	electrical	biphasic	20	MOs	deep	recovery	False	False
8433.339320000001	0.0003999999989900971	trials	electrical	biphasic	60	MOs	deep	recovery	False	False
8437.23832	0.0004000000008090865	trials	electrical	biphasic	40	MOs	deep	recovery	False	False
8440.87268	0.0003999999989900971	trials	electrical	biphasic	60	MOs	deep	recovery	False	False
8444.40401	0.0003999999989900971	trials	electrical	biphasic	20	MOs	deep	recovery	False	False
8448.84357	0.0003999999989900971	trials	electrical	biphasic	40	MOs	deep	recovery	False	False
8452.6453	0.0003999999989900971	trials	electrical	biphasic	20	MOs	deep	recovery	False	False
8456.44126	0.0003999999989900971	trials	electrical	biphasic	20	MOs	deep	recovery	False	False
8460.27463	0.0003999999989900971	trials	electrical	biphasic	40	MOs	deep	recovery	False	False
8464.24211	0.0004000000008090865	trials	electrical	biphasic	40	MOs	deep	recovery	False	False
8468.39074	0.0003999999989900971	trials	electrical	biphasic	60	MOs	deep	recovery	False	False
8471.91638	0.0003999999989900971	trials	electrical	biphasic	40	MOs	deep	recovery	False	False
8476.259	0.00040999999873747583	trials	electrical	biphasic	20	MOs	deep	recovery	False	False
8480.31847	0.0004000000008090865	trials	electrical	biphasic	60	MOs	deep	recovery	False	False
8484.673	0.0003999999989900971	trials	electrical	biphasic	40	MOs	deep	recovery	False	False
8488.5213	0.0003999999989900971	trials	electrical	biphasic	20	MOs	deep	recovery	False	False
8492.46775	0.0004000000008090865	trials	electrical	biphasic	20	MOs	deep	recovery	True	False
8496.02241	0.0003999999989900971	trials	electrical	biphasic	20	MOs	deep	recovery	True	False
8499.699929999999	0.0004000000008090865	trials	electrical	biphasic	20	MOs	deep	recovery	True	False
8503.863159999999	0.0004000000008090865	trials	electrical	biphasic	20	MOs	deep	recovery	True	False
8507.6944	0.0003999999989900971	trials	electrical	biphasic	40	MOs	deep	recovery	True	False
8512.09331	0.0003999999989900971	trials	electrical	biphasic	60	MOs	deep	recovery	False	False
8515.71189	0.0004000000008090865	trials	electrical	biphasic	20	MOs	deep	recovery	False	False
8520.20074	0.0004000000008090865	trials	electrical	biphasic	20	MOs	deep	recovery	False	False
8524.24114	0.0004000000008090865	trials	electrical	biphasic	60	MOs	deep	recovery	False	False
8528.44849	0.0004000000008090865	trials	electrical	biphasic	60	MOs	deep	recovery	False	False
8532.94842	0.0003999999989900971	trials	electrical	biphasic	40	MOs	deep	recovery	False	False
8536.73668	0.0003999999989900971	trials	electrical	biphasic	60	MOs	deep	recovery	False	False
8540.65163	0.0003999999989900971	trials	electrical	biphasic	60	MOs	deep	recovery	False	False
8544.616890000001	0.0003999999989900971	trials	electrical	biphasic	60	MOs	deep	recovery	False	False
8548.88128	0.0004000000008090865	trials	electrical	biphasic	20	MOs	deep	recovery	False	False
8553.1999	0.0004000000008090865	trials	electrical	biphasic	60	MOs	deep	recovery	False	False
