onset	duration	nwb_table	stimulus_type	stimulus_description	estim_current	estim_target_region	estim_target_depth	behavioral_epoch	is_running	is_valid
313.21234	0.0004000000000132786	trials	electrical	biphasic	30	MOs	deep	awake	False	True
317.12436	0.00040000000007012204	trials	electrical	biphasic	10	MOs	deep	awake	False	True
321.22743	0.0003999999999564352	trials	electrical	biphasic	10	MOs	deep	awake	False	True
325.47838	0.0003999999999564352	trials	electrical	biphasic	50	MOs	deep	awake	False	True
329.56234	0.0004000000000132786	trials	electrical	biphasic	50	MOs	deep	awake	False	True
333.61457	0.0004000000000132786	trials	electrical	biphasic	50	MOs	deep	awake	False	True
337.69858	0.0004000000000132786	trials	electrical	biphasic	30	MOs	deep	awake	False	True
341.71082	0.0004000000000132786	trials	electrical	biphasic	50	MOs	deep	awake	False	True
345.29385	0.0003999999999564352	trials	electrical	biphasic	50	MOs	deep	awake	False	True
349.51386	0.00040000000007012204	trials	electrical	biphasic	30	MOs	deep	awake	False	True
354.01045	0.0004000000000132786	trials	electrical	biphasic	30	MOs	deep	awake	False	True
357.86541	0.0004000000000132786	trials	electrical	biphasic	50	MOs	deep	awake	False	True
362.3371	0.0003999999999564352	trials	electrical	biphasic	50	MOs	deep	awake	True	True
366.18397	0.0004000000000132786	trials	electrical	biphasic	10	MOs	deep	awake	True	True
370.57094	0.0004000000000132786	trials	electrical	biphasic	10	MOs	deep	awake	True	True
374.52606	0.0004000000000132786	trials	electrical	biphasic	10	MOs	deep	awake	True	True
378.43991	0.0004000000000132786	trials	electrical	biphasic	10	MOs	deep	awake	True	True
382.15807	0.0004000000000132786	trials	electrical	biphasic	10	MOs	deep	awake	True	True
385.78416	0.0004000000000132786	trials	electrical	biphasic	30	MOs	deep	awake	True	True
389.5935	0.0004000000000132786	trials	electrical	biphasic	50	MOs	deep	awake	True	True
393.82003	0.0004000000000132786	trials	electrical	biphasic	10	MOs	deep	awake	False	True
398.10334	0.0004000000000132786	trials	electrical	biphasic	10	MOs	deep	awake	False	True
402.29755	0.0004000000000132786	trials	electrical	biphasic	50	MOs	deep	awake	False	True
405.80777	0.0004000000000132786	trials	electrical	biphasic	50	MOs	deep	awake	True	True
410.15142	0.0004000000000132786	trials	electrical	biphasic	10	MOs	deep	awake	True	True
414.57419	0.0004000000000132786	trials	electrical	biphasic	10	MOs	deep	awake	True	True
418.84558	0.0004000000000132786	trials	electrical	biphasic	30	MOs	deep	awake	True	True
422.38866	0.0003999999999564352	trials	electrical	biphasic	30	MOs	deep	awake	True	True
426.26727	0.0004000000000132786	trials	electrical	biphasic	10	MOs	deep	awake	True	True
430.47203	0.0003999999999564352	trials	electrical	biphasic	10	MOs	deep	awake	True	True
434.70198	0.0004000000000132786	trials	electrical	biphasic	10	MOs	deep	awake	False	True
438.42669000000006	0.0003999999999564352	trials	electrical	biphasic	50	MOs	deep	awake	False	True
442.19617	0.0004000000000132786	trials	electrical	biphasic	50	MOs	deep	awake	False	True
446.36964000000006	0.0003999999999564352	trials	electrical	biphasic	10	MOs	deep	awake	True	True
450.34756	0.0004000000000132786	trials	electrical	biphasic	10	MOs	deep	awake	True	True
454.47171	0.0004000000000132786	trials	electrical	biphasic	10	MOs	deep	awake	True	True
458.20858	0.0004000000000132786	trials	electrical	biphasic	30	MOs	deep	awake	True	True
461.88612	0.0004000000000132786	trials	electrical	biphasic	10	MOs	deep	awake	True	True
466.21619	0.00040000000007012204	trials	electrical	biphasic	30	MOs	deep	awake	True	True
470.48354000000006	0.0003999999999564352	trials	electrical	biphasic	30	MOs	deep	awake	False	True
474.91845	0.0004000000000132786	trials	electrical	biphasic	10	MOs	deep	awake	False	True
478.52675	0.0004000000000132786	trials	electrical	biphasic	10	MOs	deep	awake	False	True
482.2094	0.0003999999999564352	trials	electrical	biphasic	10	MOs	deep	awake	False	True
485.80892	0.0004000000000132786	trials	electrical	biphasic	10	MOs	deep	awake	False	True
489.79911	0.0004000000000132786	trials	electrical	biphasic	10	MOs	deep	awake	False	True
493.49277	0.0004000000000132786	trials	electrical	biphasic	30	MOs	deep	awake	False	True
497.8891	0.0004000000000132786	trials	electrical	biphasic	50	MOs	deep	awake	True	True
501.48862	0.0003999999999564352	trials	electrical	biphasic	30	MOs	deep	awake	True	True
505.03321	0.0004000000000132786	trials	electrical	biphasic	10	MOs	deep	awake	True	True
509.09093	0.0004000000000132786	trials	electrical	biphasic	30	MOs	deep	awake	False	True
513.3638599999998	0.00040000000012696546	trials	electrical	biphasic	10	MOs	deep	awake	False	True
517.17623	0.00039999999978590495	trials	electrical	biphasic	30	MOs	deep	awake	False	True
520.85563	0.0004000000000132786	trials	electrical	biphasic	10	MOs	deep	awake	False	True
524.69502	0.0004000000000132786	trials	electrical	biphasic	50	MOs	deep	awake	False	True
528.40558	0.0004000000000132786	trials	electrical	biphasic	30	MOs	deep	awake	False	True
532.41617	0.0004000000000132786	trials	electrical	biphasic	30	MOs	deep	awake	False	True
536.82296	0.0004000000000132786	trials	electrical	biphasic	30	MOs	deep	awake	False	True
540.9523	0.0004000000000132786	trials	electrical	biphasic	10	MOs	deep	awake	False	True
544.55427	0.0004000000000132786	trials	electrical	biphasic	30	MOs	deep	awake	False	True
548.44555	0.0004000000000132786	trials	electrical	biphasic	10	MOs	deep	awake	False	True
552.0006	0.0004000000000132786	trials	electrical	biphasic	10	MOs	deep	awake	False	True
556.0023	0.0004000000000132786	trials	electrical	biphasic	30	MOs	deep	awake	False	True
559.93445	0.0004000000000132786	trials	electrical	biphasic	50	MOs	deep	awake	False	True
564.43244	0.0004000000000132786	trials	electrical	biphasic	30	MOs	deep	awake	False	True
568.74447	0.0004000000000132786	trials	electrical	biphasic	50	MOs	deep	awake	False	True
572.73055	0.0004000000000132786	trials	electrical	biphasic	10	MOs	deep	awake	False	True
577.12542	0.0004000000000132786	trials	electrical	biphasic	30	MOs	deep	awake	True	True
580.7633900000002	0.0004000000000132786	trials	electrical	biphasic	30	MOs	deep	awake	True	True
584.6538099999998	0.0004000000000132786	trials	electrical	biphasic	30	MOs	deep	awake	True	True
589.0816	0.0004000000000132786	trials	electrical	biphasic	50	MOs	deep	awake	True	True
593.4995299999998	0.00040000000012696546	trials	electrical	biphasic	30	MOs	deep	awake	False	True
597.7135400000002	0.0004000000000132786	trials	electrical	biphasic	30	MOs	deep	awake	False	True
601.83231	0.00039999999978590495	trials	electrical	biphasic	30	MOs	deep	awake	False	True
605.67601	0.00039999999978590495	trials	electrical	biphasic	30	MOs	deep	awake	False	True
610.1124599999997	0.0004000000002406523	trials	electrical	biphasic	30	MOs	deep	awake	False	True
613.73766	0.0004000000000132786	trials	electrical	biphasic	10	MOs	deep	awake	False	True
617.96867	0.0004000000000132786	trials	electrical	biphasic	50	MOs	deep	awake	False	True
622.11558	0.0004000000000132786	trials	electrical	biphasic	10	MOs	deep	awake	False	True
626.44917	0.0004000000000132786	trials	electrical	biphasic	50	MOs	deep	awake	False	True
630.3478700000003	0.0003999999998995918	trials	electrical	biphasic	50	MOs	deep	awake	True	True
634.59812	0.0004000000000132786	trials	electrical	biphasic	50	MOs	deep	awake	True	True
638.93377	0.0004000000000132786	trials	electrical	biphasic	50	MOs	deep	awake	False	True
642.75666	0.00039999999978590495	trials	electrical	biphasic	10	MOs	deep	awake	False	True
646.80934	0.0004000000000132786	trials	electrical	biphasic	30	MOs	deep	awake	False	True
651.28889	0.0004000000000132786	trials	electrical	biphasic	30	MOs	deep	awake	False	True
655.33862	0.0004000000000132786	trials	electrical	biphasic	30	MOs	deep	awake	False	True
659.16946	0.0004000000000132786	trials	electrical	biphasic	10	MOs	deep	awake	False	True
663.28937	0.0004000000000132786	trials	electrical	biphasic	10	MOs	deep	awake	False	True
667.15044	0.0004000000000132786	trials	electrical	biphasic	10	MOs	deep	awake	False	True
671.40738	0.0004000000000132786	trials	electrical	biphasic	10	MOs	deep	awake	False	True
675.3217099999998	0.00040000000012696546	trials	electrical	biphasic	30	MOs	deep	awake	False	True
679.31448	0.0004000000000132786	trials	electrical	biphasic	30	MOs	deep	awake	False	True
683.50964	0.0004000000000132786	trials	electrical	biphasic	10	MOs	deep	awake	False	True
687.98281	0.0004000000000132786	trials	electrical	biphasic	30	MOs	deep	awake	False	True
691.811	0.0004000000000132786	trials	electrical	biphasic	50	MOs	deep	awake	False	True
696.14923	0.0004000000000132786	trials	electrical	biphasic	50	MOs	deep	awake	True	True
700.38873	0.0004000000000132786	trials	electrical	biphasic	50	MOs	deep	awake	False	True
704.84334	0.0004000000000132786	trials	electrical	biphasic	50	MOs	deep	awake	False	True
708.3756900000003	0.0004000000000132786	trials	electrical	biphasic	50	MOs	deep	awake	False	True
712.23297	0.0004000000000132786	trials	electrical	biphasic	10	MOs	deep	awake	False	True
716.3960599999997	0.0004000000000132786	trials	electrical	biphasic	10	MOs	deep	awake	False	True
720.1779799999997	0.0004000000002406523	trials	electrical	biphasic	10	MOs	deep	awake	False	True
723.9087900000003	0.0004000000000132786	trials	electrical	biphasic	30	MOs	deep	awake	False	True
728.12034	0.0004000000002406523	trials	electrical	biphasic	10	MOs	deep	awake	True	True
732.24534	0.0004000000002406523	trials	electrical	biphasic	50	MOs	deep	awake	True	True
736.33637	0.0004000000000132786	trials	electrical	biphasic	50	MOs	deep	awake	True	True
740.49724	0.0004000000000132786	trials	electrical	biphasic	30	MOs	deep	awake	True	True
744.04522	0.0004000000000132786	trials	electrical	biphasic	50	MOs	deep	awake	False	True
747.8944299999997	0.0004000000002406523	trials	electrical	biphasic	50	MOs	deep	awake	False	True
751.8461900000003	0.0003999999996722181	trials	electrical	biphasic	30	MOs	deep	awake	False	True
755.58752	0.0004000000000132786	trials	electrical	biphasic	50	MOs	deep	awake	False	True
759.8029799999997	0.0004000000002406523	trials	electrical	biphasic	30	MOs	deep	awake	False	True
764.1595900000003	0.0003999999996722181	trials	electrical	biphasic	30	MOs	deep	awake	False	True
767.94152	0.0004000000000132786	trials	electrical	biphasic	50	MOs	deep	awake	False	True
772.17301	0.0004000000000132786	trials	electrical	biphasic	10	MOs	deep	awake	False	True
775.81119	0.0004000000000132786	trials	electrical	biphasic	30	MOs	deep	awake	True	True
780.1483400000003	0.0004000000000132786	trials	electrical	biphasic	30	MOs	deep	awake	True	True
783.7873599999997	0.0004000000000132786	trials	electrical	biphasic	10	MOs	deep	awake	True	True
787.87599	0.0004000000000132786	trials	electrical	biphasic	10	MOs	deep	awake	False	True
791.74257	0.0004000000000132786	trials	electrical	biphasic	30	MOs	deep	awake	True	True
796.04976	0.0004000000000132786	trials	electrical	biphasic	50	MOs	deep	awake	True	True
800.05397	0.0004000000002406523	trials	electrical	biphasic	10	MOs	deep	awake	True	True
804.044	0.0004000000000132786	trials	electrical	biphasic	10	MOs	deep	awake	True	True
808.4214599999997	0.0004000000000132786	trials	electrical	biphasic	30	MOs	deep	awake	True	True
812.27503	0.0004000000000132786	trials	electrical	biphasic	10	MOs	deep	awake	True	True
816.2249	0.0003999999998995918	trials	electrical	biphasic	10	MOs	deep	awake	True	True
820.68886	0.0004000000000132786	trials	electrical	biphasic	30	MOs	deep	awake	True	True
824.23159	0.0004000000000132786	trials	electrical	biphasic	30	MOs	deep	awake	True	True
828.70498	0.0004000000000132786	trials	electrical	biphasic	30	MOs	deep	awake	True	True
832.3946	0.0004000000000132786	trials	electrical	biphasic	50	MOs	deep	awake	True	True
836.56215	0.0004000000000132786	trials	electrical	biphasic	30	MOs	deep	awake	False	True
840.64902	0.0004000000000132786	trials	electrical	biphasic	30	MOs	deep	awake	False	True
844.82456	0.0003999999996722181	trials	electrical	biphasic	50	MOs	deep	awake	False	True
848.68601	0.0003999999996722181	trials	electrical	biphasic	10	MOs	deep	awake	False	True
852.8067199999997	0.0004000000000132786	trials	electrical	biphasic	10	MOs	deep	awake	False	True
857.1183	0.0004000000000132786	trials	electrical	biphasic	30	MOs	deep	awake	True	True
860.6379900000003	0.0004000000000132786	trials	electrical	biphasic	10	MOs	deep	awake	True	True
864.22229	0.0004000000002406523	trials	electrical	biphasic	50	MOs	deep	awake	True	True
868.6975199999997	0.0004000000002406523	trials	electrical	biphasic	10	MOs	deep	awake	True	True
872.84931	0.0004000000000132786	trials	electrical	biphasic	10	MOs	deep	awake	True	True
876.58097	0.0003999999998995918	trials	electrical	biphasic	50	MOs	deep	awake	True	True
880.4849	0.0004000000000132786	trials	electrical	biphasic	30	MOs	deep	awake	False	True
884.10734	0.0004000000000132786	trials	electrical	biphasic	50	MOs	deep	awake	False	True
887.8762	0.00040999999964697054	trials	electrical	biphasic	50	MOs	deep	awake	False	True
891.63447	0.0004000000000132786	trials	electrical	biphasic	30	MOs	deep	awake	False	True
895.46655	0.0004000000000132786	trials	electrical	biphasic	10	MOs	deep	awake	False	True
899.1192199999997	0.0004000000000132786	trials	electrical	biphasic	10	MOs	deep	awake	False	True
902.96764	0.0004000000000132786	trials	electrical	biphasic	10	MOs	deep	awake	False	True
906.58973	0.0004000000000132786	trials	electrical	biphasic	10	MOs	deep	awake	False	True
910.97432	0.0004000000000132786	trials	electrical	biphasic	50	MOs	deep	awake	False	True
914.56902	0.0004000000000132786	trials	electrical	biphasic	50	MOs	deep	awake	False	True
918.99949	0.0004000000000132786	trials	electrical	biphasic	30	MOs	deep	awake	False	True
922.89893	0.0004000000000132786	trials	electrical	biphasic	50	MOs	deep	awake	False	True
926.44676	0.0004000000000132786	trials	electrical	biphasic	50	MOs	deep	awake	False	True
930.28956	0.0003999999998995918	trials	electrical	biphasic	50	MOs	deep	awake	False	True
934.52595	0.0004000000000132786	trials	electrical	biphasic	10	MOs	deep	awake	False	True
938.82106	0.0004000000000132786	trials	electrical	biphasic	50	MOs	deep	awake	False	True
942.86639	0.0004000000000132786	trials	electrical	biphasic	30	MOs	deep	awake	False	True
947.05303	0.0004000000000132786	trials	electrical	biphasic	10	MOs	deep	awake	False	True
951.4471	0.0004000000000132786	trials	electrical	biphasic	30	MOs	deep	awake	False	True
955.00232	0.0003999999998995918	trials	electrical	biphasic	50	MOs	deep	awake	False	True
958.80641	0.0004000000000132786	trials	electrical	biphasic	30	MOs	deep	awake	False	True
962.35303	0.0004000000000132786	trials	electrical	biphasic	30	MOs	deep	awake	False	True
966.04894	0.0004000000000132786	trials	electrical	biphasic	10	MOs	deep	awake	False	True
970.26952	0.0003999999998995918	trials	electrical	biphasic	50	MOs	deep	awake	False	True
974.49171	0.0004000000000132786	trials	electrical	biphasic	50	MOs	deep	awake	False	True
978.86994	0.0004000000000132786	trials	electrical	biphasic	50	MOs	deep	awake	False	True
982.95281	0.0004000000000132786	trials	electrical	biphasic	50	MOs	deep	awake	False	True
986.52391	0.0004000000000132786	trials	electrical	biphasic	30	MOs	deep	awake	False	True
990.94708	0.0004000000000132786	trials	electrical	biphasic	30	MOs	deep	awake	False	True
995.24789	0.0004000000000132786	trials	electrical	biphasic	30	MOs	deep	awake	False	True
999.03425	0.0004000000000132786	trials	electrical	biphasic	30	MOs	deep	awake	False	True
1003.07834	0.0004000000000132786	trials	electrical	biphasic	30	MOs	deep	awake	False	True
1007.56355	0.0004000000000132786	trials	electrical	biphasic	30	MOs	deep	awake	False	True
1011.77966	0.0004000000000132786	trials	electrical	biphasic	30	MOs	deep	awake	False	True
1016.11906	0.0004000000000132786	trials	electrical	biphasic	50	MOs	deep	awake	False	True
1020.05275	0.0004000000000132786	trials	electrical	biphasic	10	MOs	deep	awake	False	True
1024.0238	0.00040000000012696546	trials	electrical	biphasic	50	MOs	deep	awake	False	True
1028.08494	0.00040000000012696546	trials	electrical	biphasic	50	MOs	deep	awake	False	True
1031.85447	0.0003999999998995918	trials	electrical	biphasic	30	MOs	deep	awake	False	True
1036.10391	0.0004099999998743442	trials	electrical	biphasic	30	MOs	deep	awake	False	True
1040.1082199999996	0.00040000000035433914	trials	electrical	biphasic	10	MOs	deep	awake	False	True
1044.2554699999996	0.00040000000035433914	trials	electrical	biphasic	30	MOs	deep	awake	False	True
1048.06363	0.0003999999998995918	trials	electrical	biphasic	30	MOs	deep	awake	False	True
1051.70278	0.0003999999998995918	trials	electrical	biphasic	10	MOs	deep	awake	False	True
1055.6787800000004	0.0003999999996722181	trials	electrical	biphasic	10	MOs	deep	awake	False	True
1059.5416699999996	0.00040000000035433914	trials	electrical	biphasic	10	MOs	deep	awake	False	True
1063.8302199999996	0.00040000000035433914	trials	electrical	biphasic	30	MOs	deep	awake	False	True
1068.11094	0.0003999999998995918	trials	electrical	biphasic	10	MOs	deep	awake	True	True
1072.27989	0.00040000000035433914	trials	electrical	biphasic	50	MOs	deep	awake	True	True
1075.91381	0.0004099999998743442	trials	electrical	biphasic	30	MOs	deep	awake	False	True
1079.4358	0.00040000000012696546	trials	electrical	biphasic	10	MOs	deep	awake	False	True
1083.49606	0.00040000000012696546	trials	electrical	biphasic	50	MOs	deep	awake	False	True
1087.29731	0.00040000000012696546	trials	electrical	biphasic	10	MOs	deep	awake	False	True
1091.73716	0.00040000000012696546	trials	electrical	biphasic	50	MOs	deep	awake	False	True
1096.21849	0.00040000000012696546	trials	electrical	biphasic	50	MOs	deep	awake	True	True
1100.00553	0.00040000000012696546	trials	electrical	biphasic	30	MOs	deep	awake	True	True
1104.30678	0.00040000000012696546	trials	electrical	biphasic	10	MOs	deep	awake	True	True
1108.70333	0.00040000000035433914	trials	electrical	biphasic	30	MOs	deep	awake	True	True
1112.80128	0.00040000000012696546	trials	electrical	biphasic	10	MOs	deep	awake	True	True
1117.18572	0.0003999999996722181	trials	electrical	biphasic	50	MOs	deep	awake	False	True
1121.62989	0.00040000000012696546	trials	electrical	biphasic	50	MOs	deep	awake	False	True
1125.67948	0.0003999999998995918	trials	electrical	biphasic	30	MOs	deep	awake	True	True
1129.90829	0.0003999999998995918	trials	electrical	biphasic	50	MOs	deep	awake	True	True
1133.98547	0.0003999999998995918	trials	electrical	biphasic	10	MOs	deep	awake	True	True
1137.51176	0.0003999999998995918	trials	electrical	biphasic	10	MOs	deep	awake	True	True
1141.45872	0.0003999999998995918	trials	electrical	biphasic	30	MOs	deep	awake	True	True
1145.60545	0.0003999999998995918	trials	electrical	biphasic	10	MOs	deep	awake	True	True
1149.62708	0.00040000000012696546	trials	electrical	biphasic	30	MOs	deep	awake	False	True
1153.49982	0.0003999999998995918	trials	electrical	biphasic	30	MOs	deep	awake	False	True
1157.93739	0.0003999999998995918	trials	electrical	biphasic	10	MOs	deep	awake	False	True
1162.26736	0.0003999999998995918	trials	electrical	biphasic	50	MOs	deep	awake	False	True
1166.6168699999996	0.00040000000035433914	trials	electrical	biphasic	50	MOs	deep	awake	False	True
1170.48983	0.00040000000012696546	trials	electrical	biphasic	50	MOs	deep	awake	False	True
1174.58344	0.0003999999998995918	trials	electrical	biphasic	10	MOs	deep	awake	False	True
1178.9564300000004	0.0003999999996722181	trials	electrical	biphasic	10	MOs	deep	awake	False	True
1183.39036	0.0003999999998995918	trials	electrical	biphasic	30	MOs	deep	awake	False	True
1187.55924	0.0003999999998995918	trials	electrical	biphasic	10	MOs	deep	awake	False	True
1191.26645	0.0003999999998995918	trials	electrical	biphasic	10	MOs	deep	awake	False	True
1195.42073	0.00040000000035433914	trials	electrical	biphasic	30	MOs	deep	awake	False	True
1198.9932199999996	0.00040000000035433914	trials	electrical	biphasic	50	MOs	deep	awake	False	True
1202.90036	0.0003999999998995918	trials	electrical	biphasic	10	MOs	deep	awake	False	True
1207.06773	0.00040000000012696546	trials	electrical	biphasic	30	MOs	deep	awake	False	True
1211.50188	0.00040000000035433914	trials	electrical	biphasic	50	MOs	deep	awake	False	True
1215.81327	0.0003999999998995918	trials	electrical	biphasic	50	MOs	deep	awake	False	True
1219.79823	0.0003999999998995918	trials	electrical	biphasic	30	MOs	deep	awake	False	True
1224.0554	0.00040000000012696546	trials	electrical	biphasic	30	MOs	deep	awake	False	True
1227.9728699999996	0.00040000000035433914	trials	electrical	biphasic	50	MOs	deep	awake	False	True
1232.44508	0.00040000000012696546	trials	electrical	biphasic	50	MOs	deep	awake	False	True
1236.93348	0.00040000000012696546	trials	electrical	biphasic	10	MOs	deep	awake	False	True
1241.29805	0.0003999999998995918	trials	electrical	biphasic	50	MOs	deep	awake	False	True
1245.18736	0.00040000000012696546	trials	electrical	biphasic	30	MOs	deep	awake	False	True
1249.14252	0.0003999999998995918	trials	electrical	biphasic	50	MOs	deep	awake	False	True
1252.88963	0.00040000000012696546	trials	electrical	biphasic	50	MOs	deep	awake	False	True
1257.17448	0.00040000000012696546	trials	electrical	biphasic	10	MOs	deep	awake	False	True
1261.55774	0.0004100000001017179	trials	electrical	biphasic	10	MOs	deep	awake	False	True
1265.97189	0.0003999999998995918	trials	electrical	biphasic	50	MOs	deep	awake	False	True
1270.0306	0.0003999999998995918	trials	electrical	biphasic	50	MOs	deep	awake	False	True
1274.12989	0.00040000000012696546	trials	electrical	biphasic	30	MOs	deep	awake	False	True
1277.77919	0.00040000000012696546	trials	electrical	biphasic	50	MOs	deep	awake	False	True
1282.17934	0.00040000000012696546	trials	electrical	biphasic	10	MOs	deep	awake	False	True
1286.13017	0.00040000000012696546	trials	electrical	biphasic	30	MOs	deep	awake	False	True
1289.83627	0.0003999999998995918	trials	electrical	biphasic	30	MOs	deep	awake	False	True
1294.23636	0.0003999999998995918	trials	electrical	biphasic	50	MOs	deep	awake	False	True
1298.49937	0.0003999999998995918	trials	electrical	biphasic	50	MOs	deep	awake	False	True
1302.8822699999996	0.00040000000035433914	trials	electrical	biphasic	30	MOs	deep	awake	False	True
1306.66766	0.0003999999998995918	trials	electrical	biphasic	10	MOs	deep	awake	False	True
1310.84131	0.0003999999998995918	trials	electrical	biphasic	50	MOs	deep	awake	False	True
1315.00601	0.0003999999998995918	trials	electrical	biphasic	30	MOs	deep	awake	False	True
1318.62926	0.00040000000012696546	trials	electrical	biphasic	10	MOs	deep	awake	False	True
1322.537	0.0003999999998995918	trials	electrical	biphasic	50	MOs	deep	awake	False	True
1326.31271	0.00040000000012696546	trials	electrical	biphasic	30	MOs	deep	awake	False	True
1330.52981	0.0003999999998995918	trials	electrical	biphasic	50	MOs	deep	awake	False	True
1334.31362	0.00040000000012696546	trials	electrical	biphasic	30	MOs	deep	awake	False	True
1338.71025	0.0003999999998995918	trials	electrical	biphasic	10	MOs	deep	awake	False	True
1343.03726	0.0003999999998995918	trials	electrical	biphasic	50	MOs	deep	awake	False	True
1346.9277	0.00040000000012696546	trials	electrical	biphasic	30	MOs	deep	awake	False	True
1350.92603	0.0003999999998995918	trials	electrical	biphasic	10	MOs	deep	awake	False	True
1355.12125	0.00040000000012696546	trials	electrical	biphasic	30	MOs	deep	awake	False	True
1359.45604	0.0003999999998995918	trials	electrical	biphasic	10	MOs	deep	awake	False	True
1363.56611	0.00040000000012696546	trials	electrical	biphasic	30	MOs	deep	awake	False	True
1367.64128	0.00040000000035433914	trials	electrical	biphasic	30	MOs	deep	awake	False	True
1371.46774	0.0003999999998995918	trials	electrical	biphasic	30	MOs	deep	awake	False	True
1375.42459	0.0003999999998995918	trials	electrical	biphasic	30	MOs	deep	awake	False	True
1379.63881	0.00040000000012696546	trials	electrical	biphasic	30	MOs	deep	awake	False	True
1384.02364	0.00040000000012696546	trials	electrical	biphasic	10	MOs	deep	awake	True	True
1388.24493	0.0003999999998995918	trials	electrical	biphasic	50	MOs	deep	awake	True	True
1391.76397	0.00040000000012696546	trials	electrical	biphasic	10	MOs	deep	awake	True	True
1395.93918	0.0003999999998995918	trials	electrical	biphasic	30	MOs	deep	awake	True	True
1399.87811	0.0003999999998995918	trials	electrical	biphasic	50	MOs	deep	awake	True	True
1403.81635	0.0003999999998995918	trials	electrical	biphasic	50	MOs	deep	awake	True	True
1407.43382	0.00040000000012696546	trials	electrical	biphasic	10	MOs	deep	awake	False	True
1411.74892	0.0003999999998995918	trials	electrical	biphasic	50	MOs	deep	awake	False	True
1415.57421	0.0003999999998995918	trials	electrical	biphasic	10	MOs	deep	awake	False	True
1419.32085	0.0003999999998995918	trials	electrical	biphasic	10	MOs	deep	awake	False	True
1423.164	0.0003999999998995918	trials	electrical	biphasic	10	MOs	deep	awake	False	True
1427.04012	0.00040000000012696546	trials	electrical	biphasic	10	MOs	deep	awake	False	True
1431.08711	0.00040000000012696546	trials	electrical	biphasic	30	MOs	deep	awake	False	True
1435.14946	0.0003999999998995918	trials	electrical	biphasic	10	MOs	deep	awake	False	True
1439.0457	0.00040000000012696546	trials	electrical	biphasic	30	MOs	deep	awake	False	True
1442.94427	0.00040000000012696546	trials	electrical	biphasic	30	MOs	deep	awake	False	True
1446.96005	0.00040000000012696546	trials	electrical	biphasic	10	MOs	deep	awake	True	True
1451.11802	0.00040000000012696546	trials	electrical	biphasic	50	MOs	deep	awake	True	True
1455.56937	0.00039999999944484443	trials	electrical	biphasic	10	MOs	deep	awake	True	True
1459.79214	0.0003999999998995918	trials	electrical	biphasic	50	MOs	deep	awake	True	True
1463.69264	0.00040000000012696546	trials	electrical	biphasic	10	MOs	deep	awake	True	True
1468.02495	0.0003999999998995918	trials	electrical	biphasic	50	MOs	deep	awake	True	True
1471.65971	0.00040000000012696546	trials	electrical	biphasic	30	MOs	deep	awake	False	True
1475.2206	0.0003999999998995918	trials	electrical	biphasic	30	MOs	deep	awake	False	True
1478.80526	0.0003999999998995918	trials	electrical	biphasic	30	MOs	deep	awake	False	True
1482.4695800000006	0.00039999999944484443	trials	electrical	biphasic	10	MOs	deep	awake	False	True
1486.29423	0.00040000000012696546	trials	electrical	biphasic	30	MOs	deep	awake	False	True
1490.09637	0.00040000000012696546	trials	electrical	biphasic	50	MOs	deep	awake	False	True
1493.60848	0.0003999999998995918	trials	electrical	biphasic	50	MOs	deep	awake	False	True
1497.6488	0.00040000000012696546	trials	electrical	biphasic	30	MOs	deep	awake	False	True
1501.24461	0.00040000000012696546	trials	electrical	biphasic	10	MOs	deep	awake	True	True
1504.89155	0.0003999999998995918	trials	electrical	biphasic	30	MOs	deep	awake	True	True
1509.0231199999994	0.0004000000005817128	trials	electrical	biphasic	10	MOs	deep	awake	False	True
1513.38287	0.00040000000012696546	trials	electrical	biphasic	10	MOs	deep	awake	False	True
1517.85751	0.0003999999998995918	trials	electrical	biphasic	10	MOs	deep	awake	False	True
1521.9287800000006	0.00039999999944484443	trials	electrical	biphasic	10	MOs	deep	awake	False	True
1526.42607	0.00040000000012696546	trials	electrical	biphasic	50	MOs	deep	awake	False	True
1530.48004	0.00040000000012696546	trials	electrical	biphasic	30	MOs	deep	awake	False	True
1534.4959199999994	0.0004000000005817128	trials	electrical	biphasic	50	MOs	deep	awake	False	True
1538.32703	0.00040000000012696546	trials	electrical	biphasic	10	MOs	deep	awake	False	True
1542.25745	0.0003999999998995918	trials	electrical	biphasic	50	MOs	deep	awake	False	True
1546.24968	0.00040000000012696546	trials	electrical	biphasic	30	MOs	deep	awake	False	True
1549.82114	0.0003999999998995918	trials	electrical	biphasic	10	MOs	deep	awake	False	True
1554.20931	0.00040000000012696546	trials	electrical	biphasic	10	MOs	deep	awake	False	True
1557.77437	0.0003999999998995918	trials	electrical	biphasic	50	MOs	deep	awake	False	True
1561.71098	0.0003999999998995918	trials	electrical	biphasic	50	MOs	deep	awake	False	True
1566.03805	0.0003999999998995918	trials	electrical	biphasic	50	MOs	deep	awake	False	True
1569.93301	0.00040000000012696546	trials	electrical	biphasic	50	MOs	deep	awake	False	True
1574.04692	0.0003999999998995918	trials	electrical	biphasic	50	MOs	deep	awake	False	True
1578.36599	0.0003999999998995918	trials	electrical	biphasic	50	MOs	deep	awake	False	True
1582.75266	0.0003999999998995918	trials	electrical	biphasic	50	MOs	deep	awake	False	True
1587.18421	0.00040000000012696546	trials	electrical	biphasic	30	MOs	deep	awake	False	True
1590.87541	0.0003999999998995918	trials	electrical	biphasic	10	MOs	deep	awake	False	True
1594.63441	0.00040000000012696546	trials	electrical	biphasic	30	MOs	deep	awake	False	True
1599.0327	0.00040000000012696546	trials	electrical	biphasic	50	MOs	deep	awake	False	True
1603.12649	0.0003999999998995918	trials	electrical	biphasic	50	MOs	deep	awake	True	True
1607.13076	0.0003999999998995918	trials	electrical	biphasic	50	MOs	deep	awake	False	True
1611.244	0.00040000000012696546	trials	electrical	biphasic	10	MOs	deep	awake	False	True
1615.56385	0.0003999999998995918	trials	electrical	biphasic	30	MOs	deep	awake	False	True
1619.59616	0.0003999999998995918	trials	electrical	biphasic	50	MOs	deep	awake	False	True
1623.29866	0.00040000000012696546	trials	electrical	biphasic	10	MOs	deep	awake	False	True
1627.25299	0.00040000000012696546	trials	electrical	biphasic	30	MOs	deep	awake	False	True
1631.18133	0.00040000000012696546	trials	electrical	biphasic	30	MOs	deep	awake	False	True
1635.64782	0.00040000000012696546	trials	electrical	biphasic	10	MOs	deep	awake	False	True
1639.76831	0.00040000000012696546	trials	electrical	biphasic	10	MOs	deep	awake	False	True
1643.96414	0.0003999999998995918	trials	electrical	biphasic	50	MOs	deep	awake	False	True
1648.18472	0.00040000000012696546	trials	electrical	biphasic	10	MOs	deep	awake	False	True
1652.03205	0.0003999999998995918	trials	electrical	biphasic	10	MOs	deep	awake	False	True
1656.04947	0.00039999999944484443	trials	electrical	biphasic	50	MOs	deep	awake	False	True
1660.1066	0.00040000000012696546	trials	electrical	biphasic	10	MOs	deep	awake	False	True
1663.76352	0.00040000000012696546	trials	electrical	biphasic	30	MOs	deep	awake	False	True
1667.82601	0.0003999999998995918	trials	electrical	biphasic	50	MOs	deep	awake	False	True
1672.02124	0.0003999999998995918	trials	electrical	biphasic	50	MOs	deep	awake	False	True
1675.94812	0.0003999999998995918	trials	electrical	biphasic	50	MOs	deep	awake	False	True
1680.28483	0.0004000000005817128	trials	electrical	biphasic	50	MOs	deep	awake	False	True
1684.5166399999994	0.0004000000005817128	trials	electrical	biphasic	30	MOs	deep	awake	False	True
1688.3771	0.00040000000012696546	trials	electrical	biphasic	30	MOs	deep	awake	False	True
1692.33175	0.0003999999998995918	trials	electrical	biphasic	50	MOs	deep	awake	False	True
1696.21858	0.00040000000012696546	trials	electrical	biphasic	50	MOs	deep	awake	False	True
1700.49456	0.00040000000012696546	trials	electrical	biphasic	10	MOs	deep	awake	False	True
1704.7292699999994	0.0004000000005817128	trials	electrical	biphasic	50	MOs	deep	awake	False	True
1708.65998	0.00040000000012696546	trials	electrical	biphasic	50	MOs	deep	awake	False	True
1712.85416	0.00040000000012696546	trials	electrical	biphasic	30	MOs	deep	awake	False	True
1717.2998100000002	0.0003999999998995918	trials	electrical	biphasic	30	MOs	deep	awake	False	True
1721.58448	0.00040000000012696546	trials	electrical	biphasic	50	MOs	deep	awake	False	True
1725.79049	0.0003999999996722181	trials	electrical	biphasic	30	MOs	deep	awake	False	True
1729.40025	0.00040000000012696546	trials	electrical	biphasic	10	MOs	deep	awake	False	True
1733.29062	0.0003999999998995918	trials	electrical	biphasic	30	MOs	deep	awake	False	True
1737.3819399999998	0.00040000000035433914	trials	electrical	biphasic	50	MOs	deep	awake	False	True
1741.34175	0.0003999999998995918	trials	electrical	biphasic	50	MOs	deep	awake	False	True
1744.89251	0.0004000000008090865	trials	electrical	biphasic	30	MOs	deep	awake	False	True
1748.62161	0.00040000000012696546	trials	electrical	biphasic	50	MOs	deep	awake	False	True
1752.95622	0.0003999999998995918	trials	electrical	biphasic	50	MOs	deep	awake	False	True
1756.47229	0.00039999999944484443	trials	electrical	biphasic	10	MOs	deep	awake	False	True
1760.83643	0.0003999999998995918	trials	electrical	biphasic	50	MOs	deep	awake	False	True
1886.77121	0.24948999999992338	trials	visual	white circle	n/a	n/a	n/a	awake	True	True
1891.07483	0.24947999999994863	trials	visual	white circle	n/a	n/a	n/a	awake	True	True
1895.39509	0.2495000000001255	trials	visual	white circle	n/a	n/a	n/a	awake	True	True
1899.43182	0.24947999999994863	trials	visual	white circle	n/a	n/a	n/a	awake	True	True
1903.35176	0.24945000000002437	trials	visual	white circle	n/a	n/a	n/a	awake	True	True
1907.55525	0.24947000000020125	trials	visual	white circle	n/a	n/a	n/a	awake	False	True
1911.60866	0.24945999999999913	trials	visual	white circle	n/a	n/a	n/a	awake	False	True
1915.92893	0.24947999999994863	trials	visual	white circle	n/a	n/a	n/a	awake	False	True
1919.69874	0.24948999999992338	trials	visual	white circle	n/a	n/a	n/a	awake	False	False
1923.50193	0.24949000000015076	trials	visual	white circle	n/a	n/a	n/a	awake	False	True
1927.77217	0.24949000000015076	trials	visual	white circle	n/a	n/a	n/a	awake	False	True
1932.40936	0.24946999999997388	trials	visual	white circle	n/a	n/a	n/a	awake	False	True
1936.46275	0.24945999999999913	trials	visual	white circle	n/a	n/a	n/a	awake	False	True
1940.93315	0.24946999999997388	trials	visual	white circle	n/a	n/a	n/a	awake	True	True
1945.63708	0.24948999999992338	trials	visual	white circle	n/a	n/a	n/a	awake	False	True
1950.29094	0.2495099999998729	trials	visual	white circle	n/a	n/a	n/a	awake	False	True
1954.04406	0.2495000000001255	trials	visual	white circle	n/a	n/a	n/a	awake	False	True
1958.48113	0.24945000000002437	trials	visual	white circle	n/a	n/a	n/a	awake	False	True
1962.45108	0.24948999999992338	trials	visual	white circle	n/a	n/a	n/a	awake	False	True
1967.02161	0.24944000000004962	trials	visual	white circle	n/a	n/a	n/a	awake	False	True
1970.99157	0.24945000000002437	trials	visual	white circle	n/a	n/a	n/a	awake	False	True
1974.96154	0.24945999999999913	trials	visual	white circle	n/a	n/a	n/a	awake	False	True
1978.748	0.2495099999998729	trials	visual	white circle	n/a	n/a	n/a	awake	False	True
1982.78472	0.24949999999989814	trials	visual	white circle	n/a	n/a	n/a	awake	False	True
1986.57124	0.24947999999994863	trials	visual	white circle	n/a	n/a	n/a	awake	False	True
1990.80808	0.24949999999989814	trials	visual	white circle	n/a	n/a	n/a	awake	False	True
1995.54541	0.24946999999997388	trials	visual	white circle	n/a	n/a	n/a	awake	False	True
1999.41531	0.24945999999999913	trials	visual	white circle	n/a	n/a	n/a	awake	False	True
2003.71889	0.24948999999992338	trials	visual	white circle	n/a	n/a	n/a	awake	False	True
2008.33939	0.24949999999989814	trials	visual	white circle	n/a	n/a	n/a	awake	True	True
2013.02666	0.24946999999997388	trials	visual	white circle	n/a	n/a	n/a	awake	True	True
2016.79648	0.24948999999992338	trials	visual	white circle	n/a	n/a	n/a	awake	False	True
2020.91659	0.2495099999998729	trials	visual	white circle	n/a	n/a	n/a	awake	True	True
2025.45371	0.24951000000010026	trials	visual	white circle	n/a	n/a	n/a	awake	False	True
2029.77401	0.24947999999994863	trials	visual	white circle	n/a	n/a	n/a	awake	False	True
2033.66058	0.24948999999992338	trials	visual	white circle	n/a	n/a	n/a	awake	False	True
2037.9642	0.24945999999999913	trials	visual	white circle	n/a	n/a	n/a	awake	False	True
2042.15101	0.26616999999987456	trials	visual	white circle	n/a	n/a	n/a	awake	False	True
2045.9542	0.249480000000176	trials	visual	white circle	n/a	n/a	n/a	awake	False	True
2050.27449	0.24945000000025175	trials	visual	white circle	n/a	n/a	n/a	awake	False	True
2054.67814	0.24949999999989814	trials	visual	white circle	n/a	n/a	n/a	awake	False	True
2059.31539	0.24945999999999913	trials	visual	white circle	n/a	n/a	n/a	awake	False	True
2063.28537	0.24945999999999913	trials	visual	white circle	n/a	n/a	n/a	awake	False	True
2067.27204	0.24943000000030224	trials	visual	white circle	n/a	n/a	n/a	awake	False	True
2071.42548	0.24949999999989814	trials	visual	white circle	n/a	n/a	n/a	awake	False	True
2076.02935	0.24950000000035288	trials	visual	white circle	n/a	n/a	n/a	awake	False	True
2079.9492800000007	0.24946999999929176	trials	visual	white circle	n/a	n/a	n/a	awake	False	True
2083.96931	0.24950000000080763	trials	visual	white circle	n/a	n/a	n/a	awake	False	True
2088.42307	0.24947000000020125	trials	visual	white circle	n/a	n/a	n/a	awake	False	True
2093.01024	0.249449999999797	trials	visual	white circle	n/a	n/a	n/a	awake	False	True
2097.31382	0.24947999999994863	trials	visual	white circle	n/a	n/a	n/a	awake	False	True
2101.46727	0.24951999999984764	trials	visual	white circle	n/a	n/a	n/a	awake	False	True
2105.2538	0.24947000000020125	trials	visual	white circle	n/a	n/a	n/a	awake	False	True
2109.79091	0.249489999999696	trials	visual	white circle	n/a	n/a	n/a	awake	False	True
2113.62747	0.24949000000015076	trials	visual	white circle	n/a	n/a	n/a	awake	False	True
2118.04783	0.24949999999989814	trials	visual	white circle	n/a	n/a	n/a	awake	False	True
2122.08453	0.24951999999984764	trials	visual	white circle	n/a	n/a	n/a	awake	False	True
2126.27138	0.24949999999989814	trials	visual	white circle	n/a	n/a	n/a	awake	False	True
2130.05789	0.24947999999994863	trials	visual	white circle	n/a	n/a	n/a	awake	False	True
2134.47825	0.249489999999696	trials	visual	white circle	n/a	n/a	n/a	awake	True	True
2139.08209	0.24947999999994863	trials	visual	white circle	n/a	n/a	n/a	awake	False	True
2143.61923	0.24949000000015076	trials	visual	white circle	n/a	n/a	n/a	awake	False	True
2148.10631	0.249489999999696	trials	visual	white circle	n/a	n/a	n/a	awake	False	True
2152.14304	0.24947000000020125	trials	visual	white circle	n/a	n/a	n/a	awake	False	True
2156.63012	0.24950000000035288	trials	visual	white circle	n/a	n/a	n/a	awake	False	True
2160.63347	0.24949999999989814	trials	visual	white circle	n/a	n/a	n/a	awake	False	True
2164.87035	0.24949999999989814	trials	visual	white circle	n/a	n/a	n/a	awake	False	True
2169.52423	0.24951999999984764	trials	visual	white circle	n/a	n/a	n/a	awake	False	True
2173.87789	0.249489999999696	trials	visual	white circle	n/a	n/a	n/a	awake	False	True
2178.08141	0.24949000000015076	trials	visual	white circle	n/a	n/a	n/a	awake	False	True
2182.10144	0.24949000000015076	trials	visual	white circle	n/a	n/a	n/a	awake	False	True
2186.57185	0.24950000000035288	trials	visual	white circle	n/a	n/a	n/a	awake	False	True
2191.0423100000007	0.24940999999944324	trials	visual	white circle	n/a	n/a	n/a	awake	False	True
2195.02893	0.24947000000020125	trials	visual	white circle	n/a	n/a	n/a	awake	False	True
2198.89885	0.24947999999994863	trials	visual	white circle	n/a	n/a	n/a	awake	False	True
2202.81882	0.24945000000025175	trials	visual	white circle	n/a	n/a	n/a	awake	False	True
2207.0056600000007	0.24941999999919062	trials	visual	white circle	n/a	n/a	n/a	awake	False	True
2211.00897	0.24947999999994863	trials	visual	white circle	n/a	n/a	n/a	awake	False	True
2214.77881	0.24948000000040338	trials	visual	white circle	n/a	n/a	n/a	awake	False	True
2218.5652800000007	0.24950999999919077	trials	visual	white circle	n/a	n/a	n/a	awake	False	True
2222.38515	0.24951000000010026	trials	visual	white circle	n/a	n/a	n/a	awake	False	True
2226.97236	0.2494699999997465	trials	visual	white circle	n/a	n/a	n/a	awake	False	True
2230.75887	0.24942000000010012	trials	visual	white circle	n/a	n/a	n/a	awake	False	True
2235.37935	0.249510000000555	trials	visual	white circle	n/a	n/a	n/a	awake	False	True
2239.4828	0.249489999999696	trials	visual	white circle	n/a	n/a	n/a	awake	False	True
2243.43612	0.24949000000015076	trials	visual	white circle	n/a	n/a	n/a	awake	False	True
2247.30602	0.24949000000015076	trials	visual	white circle	n/a	n/a	n/a	awake	False	True
2251.2093	0.24949999999989814	trials	visual	white circle	n/a	n/a	n/a	awake	False	True
2255.7464	0.24951999999984764	trials	visual	white circle	n/a	n/a	n/a	awake	False	True
2259.76645	0.249489999999696	trials	visual	white circle	n/a	n/a	n/a	awake	False	True
2263.75313	0.24949999999989814	trials	visual	white circle	n/a	n/a	n/a	awake	False	True
2268.30692	0.24951999999984764	trials	visual	white circle	n/a	n/a	n/a	awake	False	True
2272.46042	0.24951000000010026	trials	visual	white circle	n/a	n/a	n/a	awake	False	True
2277.1143	0.24951999999984764	trials	visual	white circle	n/a	n/a	n/a	awake	False	True
2281.08429	0.2495200000003024	trials	visual	white circle	n/a	n/a	n/a	awake	False	True
2285.28784	0.24945999999999913	trials	visual	white circle	n/a	n/a	n/a	awake	False	True
2289.85833	0.24949000000015076	trials	visual	white circle	n/a	n/a	n/a	awake	False	True
2293.94506	0.24950000000080763	trials	visual	white circle	n/a	n/a	n/a	awake	False	True
2297.88169	0.24951999999984764	trials	visual	white circle	n/a	n/a	n/a	awake	False	True
2302.1853	0.24951999999984764	trials	visual	white circle	n/a	n/a	n/a	awake	False	True
2306.80584	0.24947000000020125	trials	visual	white circle	n/a	n/a	n/a	awake	False	True
2310.8092	0.24947999999994863	trials	visual	white circle	n/a	n/a	n/a	awake	False	True
2315.17952	0.2494900000006055	trials	visual	white circle	n/a	n/a	n/a	awake	False	True
2319.85009	0.24953000000004977	trials	visual	white circle	n/a	n/a	n/a	awake	False	True
2323.85343	0.24951999999984764	trials	visual	white circle	n/a	n/a	n/a	awake	False	True
2328.44062	0.24950000000035288	trials	visual	white circle	n/a	n/a	n/a	awake	False	True
2332.6775	0.2495200000003024	trials	visual	white circle	n/a	n/a	n/a	awake	False	True
2337.0478	0.24953000000004977	trials	visual	white circle	n/a	n/a	n/a	awake	False	True
2341.25135	0.24949999999989814	trials	visual	white circle	n/a	n/a	n/a	awake	False	True
2345.02118	0.249489999999696	trials	visual	white circle	n/a	n/a	n/a	awake	False	True
2349.27471	0.24953999999979715	trials	visual	white circle	n/a	n/a	n/a	awake	False	True
2353.82856	0.24949000000015076	trials	visual	white circle	n/a	n/a	n/a	awake	False	True
2358.0821100000007	0.2494999999994434	trials	visual	white circle	n/a	n/a	n/a	awake	False	True
2362.10215	0.24947999999994863	trials	visual	white circle	n/a	n/a	n/a	awake	False	True
2365.93869	0.24947999999994863	trials	visual	white circle	n/a	n/a	n/a	awake	False	True
2370.57591	0.24949000000015076	trials	visual	white circle	n/a	n/a	n/a	awake	False	True
2375.02963	0.24949000000015076	trials	visual	white circle	n/a	n/a	n/a	awake	False	True
2379.19978	0.24953000000004977	trials	visual	white circle	n/a	n/a	n/a	awake	False	True
2383.65351	0.24951000000010026	trials	visual	white circle	n/a	n/a	n/a	awake	False	True
2388.37412	0.24951999999984764	trials	visual	white circle	n/a	n/a	n/a	awake	False	True
2415.3479168542267	239.9699999999998	epochs								
2655.3279168542267	2295.74	epochs								
2909.96797	0.0003999999998995918	trials	electrical	biphasic	30	MOs	deep	isoflurane	False	True
2913.87999	0.0003999999998995918	trials	electrical	biphasic	10	MOs	deep	isoflurane	False	True
2917.98306	0.0003999999998995918	trials	electrical	biphasic	10	MOs	deep	isoflurane	False	True
2922.2340000000013	0.00039999999853534973	trials	electrical	biphasic	50	MOs	deep	isoflurane	False	True
2926.317960000001	0.0003999999989900971	trials	electrical	biphasic	50	MOs	deep	isoflurane	False	True
2930.37018	0.0003999999998995918	trials	electrical	biphasic	50	MOs	deep	isoflurane	False	True
2934.45418	0.0003999999998995918	trials	electrical	biphasic	30	MOs	deep	isoflurane	False	True
2938.46642	0.0003999999998995918	trials	electrical	biphasic	50	MOs	deep	isoflurane	False	True
2942.04944	0.00040000000035433914	trials	electrical	biphasic	50	MOs	deep	isoflurane	False	True
2946.26944	0.0003999999998995918	trials	electrical	biphasic	30	MOs	deep	isoflurane	False	True
2950.76603	0.00040000000035433914	trials	electrical	biphasic	30	MOs	deep	isoflurane	False	True
2954.62099	0.0003999999998995918	trials	electrical	biphasic	50	MOs	deep	isoflurane	False	True
2959.09267	0.0003999999998995918	trials	electrical	biphasic	50	MOs	deep	isoflurane	False	True
2962.93953	0.0003999999998995918	trials	electrical	biphasic	10	MOs	deep	isoflurane	False	True
2967.32649	0.0003999999998995918	trials	electrical	biphasic	10	MOs	deep	isoflurane	False	True
2971.28161	0.00040000000126383384	trials	electrical	biphasic	10	MOs	deep	isoflurane	False	True
2975.19545	0.0003999999998995918	trials	electrical	biphasic	10	MOs	deep	isoflurane	False	True
2978.91361	0.0003999999998995918	trials	electrical	biphasic	10	MOs	deep	isoflurane	False	True
2982.53969	0.0003999999998995918	trials	electrical	biphasic	30	MOs	deep	isoflurane	False	True
2986.34903	0.00040000000035433914	trials	electrical	biphasic	50	MOs	deep	isoflurane	False	True
2990.57555	0.0003999999998995918	trials	electrical	biphasic	10	MOs	deep	isoflurane	False	True
2994.858860000001	0.0003999999989900971	trials	electrical	biphasic	10	MOs	deep	isoflurane	False	True
2999.05306	0.0003999999998995918	trials	electrical	biphasic	50	MOs	deep	isoflurane	False	True
3002.56328	0.00040000000035433914	trials	electrical	biphasic	50	MOs	deep	isoflurane	False	True
3006.90692	0.0003999999998995918	trials	electrical	biphasic	10	MOs	deep	isoflurane	False	True
3011.329680000001	0.0003999999989900971	trials	electrical	biphasic	10	MOs	deep	isoflurane	False	True
3015.60106	0.00040000000126383384	trials	electrical	biphasic	30	MOs	deep	isoflurane	False	True
3019.14414	0.0003999999998995918	trials	electrical	biphasic	30	MOs	deep	isoflurane	False	True
3023.02274	0.0003999999998995918	trials	electrical	biphasic	10	MOs	deep	isoflurane	False	True
3027.2275	0.0003999999998995918	trials	electrical	biphasic	10	MOs	deep	isoflurane	False	True
3031.45745	0.0003999999998995918	trials	electrical	biphasic	10	MOs	deep	isoflurane	False	True
3035.18215	0.0003999999998995918	trials	electrical	biphasic	50	MOs	deep	isoflurane	False	True
3038.95163	0.0003999999998995918	trials	electrical	biphasic	50	MOs	deep	isoflurane	False	True
3043.12509	0.0003999999998995918	trials	electrical	biphasic	10	MOs	deep	isoflurane	False	True
3047.103010000001	0.0003999999989900971	trials	electrical	biphasic	10	MOs	deep	isoflurane	False	True
3051.22715	0.0003999999998995918	trials	electrical	biphasic	10	MOs	deep	isoflurane	False	True
3054.96401	0.0003999999998995918	trials	electrical	biphasic	30	MOs	deep	isoflurane	False	True
3058.64155	0.00040000000035433914	trials	electrical	biphasic	10	MOs	deep	isoflurane	False	True
3062.97161	0.0003999999998995918	trials	electrical	biphasic	30	MOs	deep	isoflurane	False	True
3067.23895	0.0003999999998995918	trials	electrical	biphasic	30	MOs	deep	isoflurane	False	True
3071.673860000001	0.0003999999989900971	trials	electrical	biphasic	10	MOs	deep	isoflurane	False	True
3075.28215	0.0003999999998995918	trials	electrical	biphasic	10	MOs	deep	isoflurane	False	True
3078.96479	0.0003999999998995918	trials	electrical	biphasic	10	MOs	deep	isoflurane	False	True
3082.56431	0.0003999999998995918	trials	electrical	biphasic	10	MOs	deep	isoflurane	False	True
3086.55449	0.0003999999998995918	trials	electrical	biphasic	10	MOs	deep	isoflurane	False	True
3090.24815	0.0003999999998995918	trials	electrical	biphasic	30	MOs	deep	isoflurane	False	True
3094.64448	0.00040000000126383384	trials	electrical	biphasic	50	MOs	deep	isoflurane	False	True
3098.24399	0.0003999999998995918	trials	electrical	biphasic	30	MOs	deep	isoflurane	False	True
3101.78857	0.0003999999998995918	trials	electrical	biphasic	10	MOs	deep	isoflurane	False	True
3105.84629	0.0003999999998995918	trials	electrical	biphasic	30	MOs	deep	isoflurane	False	True
3110.11922	0.0003999999998995918	trials	electrical	biphasic	10	MOs	deep	isoflurane	False	True
3113.93158	0.00040000000126383384	trials	electrical	biphasic	30	MOs	deep	isoflurane	False	True
3117.61097	0.0003999999998995918	trials	electrical	biphasic	10	MOs	deep	isoflurane	False	True
3121.45035	0.0003999999998995918	trials	electrical	biphasic	50	MOs	deep	isoflurane	False	True
3125.16091	0.0003999999998995918	trials	electrical	biphasic	30	MOs	deep	isoflurane	False	True
3129.17149	0.0003999999998995918	trials	electrical	biphasic	30	MOs	deep	isoflurane	False	True
3133.57828	0.0003999999998995918	trials	electrical	biphasic	30	MOs	deep	isoflurane	False	True
3137.70762	0.0003999999998995918	trials	electrical	biphasic	10	MOs	deep	isoflurane	False	True
3141.30958	0.0003999999998995918	trials	electrical	biphasic	30	MOs	deep	isoflurane	False	True
3145.2008600000013	0.0003999999998995918	trials	electrical	biphasic	10	MOs	deep	isoflurane	False	True
3148.7559	0.0003999999998995918	trials	electrical	biphasic	10	MOs	deep	isoflurane	False	True
3152.7576	0.0003999999998995918	trials	electrical	biphasic	30	MOs	deep	isoflurane	False	True
3156.68974	0.00040000000035433914	trials	electrical	biphasic	50	MOs	deep	isoflurane	False	True
3161.18772	0.0003999999998995918	trials	electrical	biphasic	30	MOs	deep	isoflurane	False	True
3165.49974	0.0003999999998995918	trials	electrical	biphasic	50	MOs	deep	isoflurane	False	True
3169.48582	0.0003999999998995918	trials	electrical	biphasic	10	MOs	deep	isoflurane	False	True
3173.88069	0.0003999999998995918	trials	electrical	biphasic	30	MOs	deep	isoflurane	False	True
3177.51865	0.0003999999998995918	trials	electrical	biphasic	30	MOs	deep	isoflurane	False	True
3181.40907	0.0003999999998995918	trials	electrical	biphasic	30	MOs	deep	isoflurane	False	True
3185.83685	0.0003999999998995918	trials	electrical	biphasic	50	MOs	deep	isoflurane	False	True
3190.25477	0.0003999999998995918	trials	electrical	biphasic	30	MOs	deep	isoflurane	False	True
3194.46877	0.0003999999998995918	trials	electrical	biphasic	30	MOs	deep	isoflurane	False	True
3198.58754	0.0003999999998995918	trials	electrical	biphasic	30	MOs	deep	isoflurane	False	True
3202.43124	0.0003999999998995918	trials	electrical	biphasic	30	MOs	deep	isoflurane	False	True
3206.867680000001	0.0003999999989900971	trials	electrical	biphasic	30	MOs	deep	isoflurane	False	True
3210.49288	0.00040000000035433914	trials	electrical	biphasic	10	MOs	deep	isoflurane	False	True
3214.72388	0.0003999999998995918	trials	electrical	biphasic	50	MOs	deep	isoflurane	False	True
3218.87078	0.0003999999998995918	trials	electrical	biphasic	10	MOs	deep	isoflurane	False	True
3223.20436	0.0003999999998995918	trials	electrical	biphasic	50	MOs	deep	isoflurane	False	True
3227.1030600000013	0.0003999999998995918	trials	electrical	biphasic	50	MOs	deep	isoflurane	False	True
3231.35331	0.0004000000008090865	trials	electrical	biphasic	50	MOs	deep	isoflurane	False	True
3235.68895	0.0003999999998995918	trials	electrical	biphasic	50	MOs	deep	isoflurane	False	True
3239.51183	0.00040000000126383384	trials	electrical	biphasic	10	MOs	deep	isoflurane	False	True
3243.56451	0.0003999999998995918	trials	electrical	biphasic	30	MOs	deep	isoflurane	False	True
3248.04405	0.0003999999998995918	trials	electrical	biphasic	30	MOs	deep	isoflurane	False	True
3252.09377	0.0003999999998995918	trials	electrical	biphasic	30	MOs	deep	isoflurane	False	True
3255.92461	0.0003999999998995918	trials	electrical	biphasic	10	MOs	deep	isoflurane	False	True
3260.04452	0.0003999999998995918	trials	electrical	biphasic	10	MOs	deep	isoflurane	False	True
3263.90558	0.0003999999998995918	trials	electrical	biphasic	10	MOs	deep	isoflurane	False	True
3268.16252	0.00040000000035433914	trials	electrical	biphasic	10	MOs	deep	isoflurane	False	True
3272.07684	0.0003999999998995918	trials	electrical	biphasic	30	MOs	deep	isoflurane	False	True
3276.0696	0.00040000000035433914	trials	electrical	biphasic	30	MOs	deep	isoflurane	False	True
3280.26476	0.0003999999998995918	trials	electrical	biphasic	10	MOs	deep	isoflurane	False	True
3284.73792	0.0003999999998995918	trials	electrical	biphasic	30	MOs	deep	isoflurane	False	True
3288.5661	0.0003999999998995918	trials	electrical	biphasic	50	MOs	deep	isoflurane	False	True
3292.904330000001	0.0003999999989900971	trials	electrical	biphasic	50	MOs	deep	isoflurane	False	True
3297.14383	0.0003999999998995918	trials	electrical	biphasic	50	MOs	deep	isoflurane	False	True
3301.59843	0.0003999999998995918	trials	electrical	biphasic	50	MOs	deep	isoflurane	False	True
3305.13077	0.0003999999998995918	trials	electrical	biphasic	50	MOs	deep	isoflurane	False	True
3308.98805	0.0003999999998995918	trials	electrical	biphasic	10	MOs	deep	isoflurane	False	True
3313.15113	0.0003999999998995918	trials	electrical	biphasic	10	MOs	deep	isoflurane	False	True
3316.93305	0.0003999999998995918	trials	electrical	biphasic	10	MOs	deep	isoflurane	False	True
3320.66385	0.0003999999998995918	trials	electrical	biphasic	30	MOs	deep	isoflurane	False	True
3324.87539	0.0003999999998995918	trials	electrical	biphasic	10	MOs	deep	isoflurane	False	True
3329.0004	0.0003999999998995918	trials	electrical	biphasic	50	MOs	deep	isoflurane	False	True
3333.09142	0.0003999999998995918	trials	electrical	biphasic	50	MOs	deep	isoflurane	False	True
3337.25228	0.0003999999998995918	trials	electrical	biphasic	30	MOs	deep	isoflurane	False	True
3340.80026	0.0004000000008090865	trials	electrical	biphasic	50	MOs	deep	isoflurane	False	True
3344.64946	0.0003999999998995918	trials	electrical	biphasic	50	MOs	deep	isoflurane	False	True
3348.60122	0.0003999999998995918	trials	electrical	biphasic	30	MOs	deep	isoflurane	False	True
3352.34254	0.0003999999998995918	trials	electrical	biphasic	50	MOs	deep	isoflurane	False	True
3356.558	0.0003999999998995918	trials	electrical	biphasic	30	MOs	deep	isoflurane	False	True
3360.9146	0.0003999999998995918	trials	electrical	biphasic	30	MOs	deep	isoflurane	False	True
3364.6965200000004	0.00040000000035433914	trials	electrical	biphasic	50	MOs	deep	isoflurane	False	True
3368.928	0.0003999999998995918	trials	electrical	biphasic	10	MOs	deep	isoflurane	False	True
3372.56618	0.00040000000035433914	trials	electrical	biphasic	30	MOs	deep	isoflurane	False	True
3376.90333	0.00039999999944484443	trials	electrical	biphasic	30	MOs	deep	isoflurane	False	True
3380.54234	0.0003999999998995918	trials	electrical	biphasic	10	MOs	deep	isoflurane	False	True
3384.63097	0.00040000000035433914	trials	electrical	biphasic	10	MOs	deep	isoflurane	False	True
3388.49755	0.0003999999998995918	trials	electrical	biphasic	30	MOs	deep	isoflurane	False	True
3392.80473	0.00040000000035433914	trials	electrical	biphasic	50	MOs	deep	isoflurane	False	True
3396.80893	0.0003999999998995918	trials	electrical	biphasic	10	MOs	deep	isoflurane	False	True
3400.79895	0.0003999999998995918	trials	electrical	biphasic	10	MOs	deep	isoflurane	False	True
3405.17641	0.0003999999998995918	trials	electrical	biphasic	30	MOs	deep	isoflurane	False	True
3409.0299700000005	0.0003999999998995918	trials	electrical	biphasic	10	MOs	deep	isoflurane	False	True
3412.97983	0.0003999999998995918	trials	electrical	biphasic	10	MOs	deep	isoflurane	False	True
3417.4438	0.0003999999998995918	trials	electrical	biphasic	30	MOs	deep	isoflurane	False	True
3420.9865200000013	0.0003999999998995918	trials	electrical	biphasic	30	MOs	deep	isoflurane	False	True
3425.4599	0.00040000000035433914	trials	electrical	biphasic	30	MOs	deep	isoflurane	False	True
3429.1495200000004	0.0004000000008090865	trials	electrical	biphasic	50	MOs	deep	isoflurane	False	True
3433.317060000001	0.0003999999989900971	trials	electrical	biphasic	30	MOs	deep	isoflurane	False	True
3437.40392	0.0003999999998995918	trials	electrical	biphasic	30	MOs	deep	isoflurane	False	True
3441.57946	0.00040000000126383384	trials	electrical	biphasic	50	MOs	deep	isoflurane	False	True
3445.4409	0.0003999999998995918	trials	electrical	biphasic	10	MOs	deep	isoflurane	False	True
3449.56161	0.0003999999998995918	trials	electrical	biphasic	10	MOs	deep	isoflurane	False	True
3453.87319	0.00040000000035433914	trials	electrical	biphasic	30	MOs	deep	isoflurane	False	True
3457.39287	0.00040000000035433914	trials	electrical	biphasic	10	MOs	deep	isoflurane	False	True
3460.97717	0.00040000000035433914	trials	electrical	biphasic	50	MOs	deep	isoflurane	False	True
3465.45239	0.0003999999998995918	trials	electrical	biphasic	10	MOs	deep	isoflurane	False	True
3469.6041700000005	0.0003999999998995918	trials	electrical	biphasic	10	MOs	deep	isoflurane	False	True
3473.3358299999995	0.00040000000035433914	trials	electrical	biphasic	50	MOs	deep	isoflurane	False	True
3477.23975	0.0003999999998995918	trials	electrical	biphasic	30	MOs	deep	isoflurane	False	True
3480.86219	0.00040000000035433914	trials	electrical	biphasic	50	MOs	deep	isoflurane	False	True
3484.63105	0.0003999999998995918	trials	electrical	biphasic	50	MOs	deep	isoflurane	False	True
3488.38931	0.0003999999998995918	trials	electrical	biphasic	30	MOs	deep	isoflurane	False	True
3492.22139	0.0003999999998995918	trials	electrical	biphasic	10	MOs	deep	isoflurane	False	True
3495.87405	0.0003999999998995918	trials	electrical	biphasic	10	MOs	deep	isoflurane	False	True
3499.72247	0.00040000000035433914	trials	electrical	biphasic	10	MOs	deep	isoflurane	False	True
3503.34455	0.00040000000035433914	trials	electrical	biphasic	10	MOs	deep	isoflurane	False	True
3507.72913	0.0003999999998995918	trials	electrical	biphasic	50	MOs	deep	isoflurane	False	True
3511.32383	0.00040000000035433914	trials	electrical	biphasic	50	MOs	deep	isoflurane	False	True
3515.75429	0.00040000000035433914	trials	electrical	biphasic	30	MOs	deep	isoflurane	False	True
3519.6537299999995	0.00040000000035433914	trials	electrical	biphasic	50	MOs	deep	isoflurane	False	True
3523.20155	0.0003999999998995918	trials	electrical	biphasic	50	MOs	deep	isoflurane	False	True
3527.04435	0.0003999999998995918	trials	electrical	biphasic	50	MOs	deep	isoflurane	False	True
3531.2807299999995	0.00040000000035433914	trials	electrical	biphasic	10	MOs	deep	isoflurane	False	True
3535.57584	0.0003999999998995918	trials	electrical	biphasic	50	MOs	deep	isoflurane	False	True
3539.62116	0.0003999999998995918	trials	electrical	biphasic	30	MOs	deep	isoflurane	False	True
3543.8078	0.0003999999998995918	trials	electrical	biphasic	10	MOs	deep	isoflurane	False	True
3548.20186	0.0003999999998995918	trials	electrical	biphasic	30	MOs	deep	isoflurane	False	True
3551.75708	0.00040000000035433914	trials	electrical	biphasic	50	MOs	deep	isoflurane	False	True
3555.56116	0.0003999999998995918	trials	electrical	biphasic	30	MOs	deep	isoflurane	False	True
3559.10778	0.00040000000035433914	trials	electrical	biphasic	30	MOs	deep	isoflurane	False	True
3562.8036799999995	0.00040000000035433914	trials	electrical	biphasic	10	MOs	deep	isoflurane	False	True
3567.02426	0.0003999999998995918	trials	electrical	biphasic	50	MOs	deep	isoflurane	False	True
3571.24644	0.0003999999998995918	trials	electrical	biphasic	50	MOs	deep	isoflurane	False	True
3575.62467	0.00040000000035433914	trials	electrical	biphasic	50	MOs	deep	isoflurane	False	True
3579.70753	0.0003999999998995918	trials	electrical	biphasic	50	MOs	deep	isoflurane	False	True
3583.27863	0.00040000000035433914	trials	electrical	biphasic	30	MOs	deep	isoflurane	False	True
3587.70179	0.0003999999998995918	trials	electrical	biphasic	30	MOs	deep	isoflurane	False	True
3592.00259	0.0003999999998995918	trials	electrical	biphasic	30	MOs	deep	isoflurane	False	True
3595.78895	0.0003999999998995918	trials	electrical	biphasic	30	MOs	deep	isoflurane	False	True
3599.83303	0.00040000000035433914	trials	electrical	biphasic	30	MOs	deep	isoflurane	False	True
3604.31824	0.0003999999998995918	trials	electrical	biphasic	30	MOs	deep	isoflurane	False	True
3608.53434	0.0003999999998995918	trials	electrical	biphasic	30	MOs	deep	isoflurane	False	True
3612.87374	0.0003999999998995918	trials	electrical	biphasic	50	MOs	deep	isoflurane	False	True
3616.80742	0.0003999999998995918	trials	electrical	biphasic	10	MOs	deep	isoflurane	False	True
3620.77846	0.0003999999998995918	trials	electrical	biphasic	50	MOs	deep	isoflurane	False	True
3624.8396	0.00040000000035433914	trials	electrical	biphasic	50	MOs	deep	isoflurane	False	True
3628.60912	0.0003999999998995918	trials	electrical	biphasic	30	MOs	deep	isoflurane	False	True
3632.85857	0.00040000000035433914	trials	electrical	biphasic	30	MOs	deep	isoflurane	False	True
3636.86287	0.0003999999998995918	trials	electrical	biphasic	10	MOs	deep	isoflurane	False	True
3641.01011	0.0003999999998995918	trials	electrical	biphasic	30	MOs	deep	isoflurane	False	True
3644.81827	0.0003999999998995918	trials	electrical	biphasic	30	MOs	deep	isoflurane	False	True
3648.45741	0.0003999999998995918	trials	electrical	biphasic	10	MOs	deep	isoflurane	False	True
3652.43341	0.0003999999998995918	trials	electrical	biphasic	10	MOs	deep	isoflurane	False	True
3656.29629	0.0003999999998995918	trials	electrical	biphasic	10	MOs	deep	isoflurane	False	True
3660.58483	0.00040000000035433914	trials	electrical	biphasic	30	MOs	deep	isoflurane	False	True
3664.86555	0.0003999999998995918	trials	electrical	biphasic	10	MOs	deep	isoflurane	False	True
3669.0345	0.0003999999998995918	trials	electrical	biphasic	50	MOs	deep	isoflurane	False	True
3672.66842	0.0003999999998995918	trials	electrical	biphasic	30	MOs	deep	isoflurane	False	True
3676.19039	0.0003999999998995918	trials	electrical	biphasic	10	MOs	deep	isoflurane	False	True
3680.25066	0.0003999999998995918	trials	electrical	biphasic	50	MOs	deep	isoflurane	False	True
3684.0519	0.0003999999998995918	trials	electrical	biphasic	10	MOs	deep	isoflurane	False	True
3688.49174	0.0003999999998995918	trials	electrical	biphasic	50	MOs	deep	isoflurane	False	True
3692.97306	0.00040000000035433914	trials	electrical	biphasic	50	MOs	deep	isoflurane	False	True
3696.7601	0.0003999999998995918	trials	electrical	biphasic	30	MOs	deep	isoflurane	False	True
3701.06134	0.00040999999964697054	trials	electrical	biphasic	10	MOs	deep	isoflurane	False	True
3705.45789	0.0003999999998995918	trials	electrical	biphasic	30	MOs	deep	isoflurane	False	True
3709.55583	0.00040000000035433914	trials	electrical	biphasic	10	MOs	deep	isoflurane	False	True
3713.9402700000014	0.00039999999853534973	trials	electrical	biphasic	50	MOs	deep	isoflurane	False	True
3718.38444	0.00040000000035433914	trials	electrical	biphasic	50	MOs	deep	isoflurane	False	True
3722.43402	0.00040000000126383384	trials	electrical	biphasic	30	MOs	deep	isoflurane	False	True
3726.6628200000014	0.00039999999853534973	trials	electrical	biphasic	50	MOs	deep	isoflurane	False	True
3730.74	0.00040000000035433914	trials	electrical	biphasic	10	MOs	deep	isoflurane	False	True
3734.26628	0.00040000000035433914	trials	electrical	biphasic	10	MOs	deep	isoflurane	False	True
3738.21324	0.0003999999998995918	trials	electrical	biphasic	30	MOs	deep	isoflurane	False	True
3742.35996	0.00040000000035433914	trials	electrical	biphasic	10	MOs	deep	isoflurane	False	True
3746.38158	0.0003999999998995918	trials	electrical	biphasic	30	MOs	deep	isoflurane	False	True
3750.254320000002	0.0003999999980806024	trials	electrical	biphasic	30	MOs	deep	isoflurane	False	True
3754.69189	0.0003999999998995918	trials	electrical	biphasic	10	MOs	deep	isoflurane	False	True
3759.02185	0.0003999999998995918	trials	electrical	biphasic	50	MOs	deep	isoflurane	False	True
3763.37135	0.0003999999998995918	trials	electrical	biphasic	50	MOs	deep	isoflurane	False	True
3767.24431	0.0003999999998995918	trials	electrical	biphasic	50	MOs	deep	isoflurane	False	True
3771.33791	0.00040999999964697054	trials	electrical	biphasic	10	MOs	deep	isoflurane	False	True
3775.7109	0.0003999999998995918	trials	electrical	biphasic	10	MOs	deep	isoflurane	False	True
3780.14482	0.0003999999998995918	trials	electrical	biphasic	30	MOs	deep	isoflurane	False	True
3784.3137	0.0003999999998995918	trials	electrical	biphasic	10	MOs	deep	isoflurane	False	True
3788.0209	0.0003999999998995918	trials	electrical	biphasic	10	MOs	deep	isoflurane	False	True
3792.17518	0.0003999999998995918	trials	electrical	biphasic	30	MOs	deep	isoflurane	False	True
3795.74766	0.0003999999998995918	trials	electrical	biphasic	50	MOs	deep	isoflurane	False	True
3799.6548	0.00040000000035433914	trials	electrical	biphasic	10	MOs	deep	isoflurane	False	True
3803.82217	0.0003999999998995918	trials	electrical	biphasic	30	MOs	deep	isoflurane	False	True
3808.25631	0.0003999999998995918	trials	electrical	biphasic	50	MOs	deep	isoflurane	False	True
3812.56769	0.00040000000035433914	trials	electrical	biphasic	50	MOs	deep	isoflurane	False	True
3816.55265	0.0003999999998995918	trials	electrical	biphasic	30	MOs	deep	isoflurane	False	True
3820.80982	0.0003999999998995918	trials	electrical	biphasic	30	MOs	deep	isoflurane	False	True
3824.72728	0.0003999999998995918	trials	electrical	biphasic	50	MOs	deep	isoflurane	False	True
3829.19948	0.0003999999998995918	trials	electrical	biphasic	50	MOs	deep	isoflurane	False	True
3833.68788	0.0003999999998995918	trials	electrical	biphasic	10	MOs	deep	isoflurane	False	True
3838.05245	0.0003999999998995918	trials	electrical	biphasic	50	MOs	deep	isoflurane	False	True
3841.94175	0.0003999999998995918	trials	electrical	biphasic	30	MOs	deep	isoflurane	False	True
3845.89691	0.0003999999998995918	trials	electrical	biphasic	50	MOs	deep	isoflurane	False	True
3849.64401	0.0003999999998995918	trials	electrical	biphasic	50	MOs	deep	isoflurane	False	True
3853.92885	0.00040000000035433914	trials	electrical	biphasic	10	MOs	deep	isoflurane	False	True
3858.31211	0.00040000000035433914	trials	electrical	biphasic	10	MOs	deep	isoflurane	False	True
3862.72626	0.0003999999998995918	trials	electrical	biphasic	50	MOs	deep	isoflurane	False	True
3866.78496	0.0003999999998995918	trials	electrical	biphasic	50	MOs	deep	isoflurane	False	True
3870.88424	0.00040000000035433914	trials	electrical	biphasic	30	MOs	deep	isoflurane	False	True
3874.53354	0.0003999999998995918	trials	electrical	biphasic	50	MOs	deep	isoflurane	False	True
3878.93368	0.0003999999998995918	trials	electrical	biphasic	10	MOs	deep	isoflurane	False	True
3882.8845	0.0003999999998995918	trials	electrical	biphasic	30	MOs	deep	isoflurane	False	True
3886.5906	0.0003999999998995918	trials	electrical	biphasic	30	MOs	deep	isoflurane	False	True
3890.99069	0.0003999999998995918	trials	electrical	biphasic	50	MOs	deep	isoflurane	False	True
3895.25369	0.0003999999998995918	trials	electrical	biphasic	50	MOs	deep	isoflurane	False	True
3899.63659	0.0003999999998995918	trials	electrical	biphasic	30	MOs	deep	isoflurane	False	True
3903.42197	0.0003999999998995918	trials	electrical	biphasic	10	MOs	deep	isoflurane	False	True
3907.59561	0.00040000000035433914	trials	electrical	biphasic	50	MOs	deep	isoflurane	False	True
3911.76031	0.0003999999998995918	trials	electrical	biphasic	30	MOs	deep	isoflurane	False	True
3915.38355	0.0003999999998995918	trials	electrical	biphasic	10	MOs	deep	isoflurane	False	True
3919.29129	0.0003999999998995918	trials	electrical	biphasic	50	MOs	deep	isoflurane	False	True
3923.06699	0.00040000000035433914	trials	electrical	biphasic	30	MOs	deep	isoflurane	False	True
3927.2841	0.00040000000035433914	trials	electrical	biphasic	50	MOs	deep	isoflurane	False	True
3931.0679	0.0003999999998995918	trials	electrical	biphasic	30	MOs	deep	isoflurane	False	True
3935.46452	0.0003999999998995918	trials	electrical	biphasic	10	MOs	deep	isoflurane	False	True
3939.79152	0.0003999999998995918	trials	electrical	biphasic	50	MOs	deep	isoflurane	False	True
3943.68196	0.0003999999998995918	trials	electrical	biphasic	30	MOs	deep	isoflurane	False	True
3947.68028	0.0003999999998995918	trials	electrical	biphasic	10	MOs	deep	isoflurane	False	True
3951.87551	0.00040000000035433914	trials	electrical	biphasic	30	MOs	deep	isoflurane	False	True
3956.21029	0.0003999999998995918	trials	electrical	biphasic	10	MOs	deep	isoflurane	False	True
3960.32035	0.0003999999998995918	trials	electrical	biphasic	30	MOs	deep	isoflurane	False	True
3964.39551	0.00040000000035433914	trials	electrical	biphasic	30	MOs	deep	isoflurane	False	True
3968.2219700000014	0.00039999999853534973	trials	electrical	biphasic	30	MOs	deep	isoflurane	False	True
3972.17881	0.0003999999998995918	trials	electrical	biphasic	30	MOs	deep	isoflurane	False	True
3976.39304	0.0003999999998995918	trials	electrical	biphasic	30	MOs	deep	isoflurane	False	True
3980.77786	0.0003999999998995918	trials	electrical	biphasic	10	MOs	deep	isoflurane	False	True
3984.99914	0.0003999999998995918	trials	electrical	biphasic	50	MOs	deep	isoflurane	False	True
3988.51818	0.0003999999998995918	trials	electrical	biphasic	10	MOs	deep	isoflurane	False	True
3992.69338	0.0003999999998995918	trials	electrical	biphasic	30	MOs	deep	isoflurane	False	True
3996.6323	0.0003999999998995918	trials	electrical	biphasic	50	MOs	deep	isoflurane	False	True
4000.57054	0.0003999999998995918	trials	electrical	biphasic	50	MOs	deep	isoflurane	False	True
4004.188	0.0003999999998995918	trials	electrical	biphasic	10	MOs	deep	isoflurane	False	True
4008.50311	0.0003999999998995918	trials	electrical	biphasic	50	MOs	deep	isoflurane	False	True
4012.32839	0.0003999999998995918	trials	electrical	biphasic	10	MOs	deep	isoflurane	False	True
4016.07503	0.0003999999998995918	trials	electrical	biphasic	10	MOs	deep	isoflurane	False	True
4019.91817	0.0003999999998995918	trials	electrical	biphasic	10	MOs	deep	isoflurane	False	True
4023.79429	0.00040000000035433914	trials	electrical	biphasic	10	MOs	deep	isoflurane	False	True
4027.84127	0.0003999999998995918	trials	electrical	biphasic	30	MOs	deep	isoflurane	False	True
4031.90361	0.00040000000035433914	trials	electrical	biphasic	10	MOs	deep	isoflurane	False	True
4035.79985	0.0003999999998995918	trials	electrical	biphasic	30	MOs	deep	isoflurane	False	True
4039.69841	0.0003999999998995918	trials	electrical	biphasic	30	MOs	deep	isoflurane	False	True
4043.71419	0.0003999999998995918	trials	electrical	biphasic	10	MOs	deep	isoflurane	False	True
4047.87215	0.0003999999998995918	trials	electrical	biphasic	50	MOs	deep	isoflurane	False	True
4052.3235	0.0003999999998995918	trials	electrical	biphasic	10	MOs	deep	isoflurane	False	True
4056.54626	0.0003999999998995918	trials	electrical	biphasic	50	MOs	deep	isoflurane	False	True
4060.44676	0.00040000000035433914	trials	electrical	biphasic	10	MOs	deep	isoflurane	False	True
4064.77906	0.00040000000035433914	trials	electrical	biphasic	50	MOs	deep	isoflurane	False	True
4068.41382	0.0003999999998995918	trials	electrical	biphasic	30	MOs	deep	isoflurane	False	True
4071.9747	0.0003999999998995918	trials	electrical	biphasic	30	MOs	deep	isoflurane	False	True
4075.55936	0.0003999999998995918	trials	electrical	biphasic	30	MOs	deep	isoflurane	False	True
4079.22368	0.0003999999998995918	trials	electrical	biphasic	10	MOs	deep	isoflurane	False	True
4083.04832	0.0003999999998995918	trials	electrical	biphasic	30	MOs	deep	isoflurane	False	True
4086.85046	0.0003999999998995918	trials	electrical	biphasic	50	MOs	deep	isoflurane	False	True
4090.36256	0.0003999999998995918	trials	electrical	biphasic	50	MOs	deep	isoflurane	False	True
4094.40288	0.0003999999998995918	trials	electrical	biphasic	30	MOs	deep	isoflurane	False	True
4097.99868	0.0003999999998995918	trials	electrical	biphasic	10	MOs	deep	isoflurane	False	True
4101.64562	0.0003999999998995918	trials	electrical	biphasic	30	MOs	deep	isoflurane	False	True
4105.77718	0.0003999999998995918	trials	electrical	biphasic	10	MOs	deep	isoflurane	False	True
4110.13692	0.0004000000017185812	trials	electrical	biphasic	10	MOs	deep	isoflurane	False	True
4114.61157	0.0003999999998995918	trials	electrical	biphasic	10	MOs	deep	isoflurane	False	True
4118.68283	0.0003999999998995918	trials	electrical	biphasic	10	MOs	deep	isoflurane	False	True
4123.18011	0.0003999999998995918	trials	electrical	biphasic	50	MOs	deep	isoflurane	False	True
4127.23407	0.0003999999998995918	trials	electrical	biphasic	30	MOs	deep	isoflurane	False	True
4131.24996	0.0003999999998995918	trials	electrical	biphasic	50	MOs	deep	isoflurane	False	True
4135.08106	0.0003999999998995918	trials	electrical	biphasic	10	MOs	deep	isoflurane	False	True
4139.01148	0.0003999999998995918	trials	electrical	biphasic	50	MOs	deep	isoflurane	False	True
4143.0037	0.0003999999998995918	trials	electrical	biphasic	30	MOs	deep	isoflurane	False	True
4146.57516	0.0003999999998995918	trials	electrical	biphasic	10	MOs	deep	isoflurane	False	True
4150.963320000002	0.0003999999998995918	trials	electrical	biphasic	10	MOs	deep	isoflurane	False	True
4154.52838	0.0003999999998995918	trials	electrical	biphasic	50	MOs	deep	isoflurane	False	True
4158.46498	0.0003999999998995918	trials	electrical	biphasic	50	MOs	deep	isoflurane	False	True
4162.79204	0.0003999999998995918	trials	electrical	biphasic	50	MOs	deep	isoflurane	False	True
4166.687	0.0003999999998995918	trials	electrical	biphasic	50	MOs	deep	isoflurane	False	True
4170.80091	0.0003999999998995918	trials	electrical	biphasic	50	MOs	deep	isoflurane	False	True
4175.119970000002	0.0003999999998995918	trials	electrical	biphasic	50	MOs	deep	isoflurane	False	True
4179.50663	0.0003999999998995918	trials	electrical	biphasic	50	MOs	deep	isoflurane	False	True
4183.93817	0.00040999999964697054	trials	electrical	biphasic	30	MOs	deep	isoflurane	False	True
4187.6293700000015	0.0003999999998995918	trials	electrical	biphasic	10	MOs	deep	isoflurane	False	True
4191.3883700000015	0.0003999999998995918	trials	electrical	biphasic	30	MOs	deep	isoflurane	False	True
4195.78666	0.0004000000017185812	trials	electrical	biphasic	50	MOs	deep	isoflurane	False	True
4199.88044	0.0003999999998995918	trials	electrical	biphasic	50	MOs	deep	isoflurane	False	True
4203.8847	0.0004000000008090865	trials	electrical	biphasic	50	MOs	deep	isoflurane	False	True
4207.99794	0.0003999999998995918	trials	electrical	biphasic	10	MOs	deep	isoflurane	False	True
4212.31779	0.0003999999998995918	trials	electrical	biphasic	30	MOs	deep	isoflurane	False	True
4216.35009	0.0003999999998995918	trials	electrical	biphasic	50	MOs	deep	isoflurane	False	True
4220.05259	0.0003999999998995918	trials	electrical	biphasic	10	MOs	deep	isoflurane	False	True
4224.00691	0.0003999999998995918	trials	electrical	biphasic	30	MOs	deep	isoflurane	False	True
4227.93525	0.0003999999998995918	trials	electrical	biphasic	30	MOs	deep	isoflurane	False	True
4232.40173	0.0004000000008090865	trials	electrical	biphasic	10	MOs	deep	isoflurane	False	True
4236.52221	0.0003999999998995918	trials	electrical	biphasic	10	MOs	deep	isoflurane	False	True
4240.71804	0.0003999999998995918	trials	electrical	biphasic	50	MOs	deep	isoflurane	False	True
4244.93862	0.0004000000017185812	trials	electrical	biphasic	10	MOs	deep	isoflurane	False	True
4248.78594	0.0003999999998995918	trials	electrical	biphasic	10	MOs	deep	isoflurane	False	True
4252.80336	0.0003999999998995918	trials	electrical	biphasic	50	MOs	deep	isoflurane	False	True
4256.860479999999	0.0003999999989900971	trials	electrical	biphasic	10	MOs	deep	isoflurane	False	True
4260.5174	0.0003999999998995918	trials	electrical	biphasic	30	MOs	deep	isoflurane	False	True
4264.579879999998	0.0004000000017185812	trials	electrical	biphasic	50	MOs	deep	isoflurane	False	True
4268.775110000001	0.0003999999989900971	trials	electrical	biphasic	50	MOs	deep	isoflurane	False	True
4272.70199	0.0004000000008090865	trials	electrical	biphasic	50	MOs	deep	isoflurane	False	True
4277.038689999999	0.0004000000008090865	trials	electrical	biphasic	50	MOs	deep	isoflurane	False	True
4281.27049	0.0003999999998995918	trials	electrical	biphasic	30	MOs	deep	isoflurane	False	True
4285.13095	0.0003999999998995918	trials	electrical	biphasic	30	MOs	deep	isoflurane	False	True
4289.08559	0.0003999999998995918	trials	electrical	biphasic	50	MOs	deep	isoflurane	False	True
4292.97241	0.0003999999998995918	trials	electrical	biphasic	50	MOs	deep	isoflurane	False	True
4297.2484	0.0003999999998995918	trials	electrical	biphasic	10	MOs	deep	isoflurane	False	True
4301.4831	0.0003999999998995918	trials	electrical	biphasic	50	MOs	deep	isoflurane	False	True
4305.4138	0.0003999999998995918	trials	electrical	biphasic	50	MOs	deep	isoflurane	False	True
4309.60798	0.0003999999998995918	trials	electrical	biphasic	30	MOs	deep	isoflurane	False	True
4314.053629999999	0.0003999999989900971	trials	electrical	biphasic	30	MOs	deep	isoflurane	False	True
4318.33829	0.0003999999998995918	trials	electrical	biphasic	50	MOs	deep	isoflurane	False	True
4322.54429	0.0003999999998995918	trials	electrical	biphasic	30	MOs	deep	isoflurane	False	True
4326.15405	0.0003999999998995918	trials	electrical	biphasic	10	MOs	deep	isoflurane	False	True
4330.04441	0.0003999999998995918	trials	electrical	biphasic	30	MOs	deep	isoflurane	False	True
4334.13573	0.0003999999998995918	trials	electrical	biphasic	50	MOs	deep	isoflurane	False	True
4338.09554	0.0003999999998995918	trials	electrical	biphasic	50	MOs	deep	isoflurane	False	True
4341.64629	0.0003999999998995918	trials	electrical	biphasic	30	MOs	deep	isoflurane	False	True
4345.37539	0.0003999999998995918	trials	electrical	biphasic	50	MOs	deep	isoflurane	False	True
4349.71	0.0003999999998995918	trials	electrical	biphasic	50	MOs	deep	isoflurane	False	True
4353.22606	0.0003999999998995918	trials	electrical	biphasic	10	MOs	deep	isoflurane	False	True
4357.5902	0.0004000000008090865	trials	electrical	biphasic	50	MOs	deep	isoflurane	False	True
4436.86675	0.24956999999994878	trials	visual	white circle	n/a	n/a	n/a	isoflurane	False	True
4441.17036	0.24955000000136351	trials	visual	white circle	n/a	n/a	n/a	isoflurane	False	True
4445.49061	0.2495600000002014	trials	visual	white circle	n/a	n/a	n/a	isoflurane	False	True
4449.51065	0.26622000000133994	trials	visual	white circle	n/a	n/a	n/a	isoflurane	False	True
4453.44722	0.2496000000001004	trials	visual	white circle	n/a	n/a	n/a	isoflurane	False	True
4457.65078	0.24953000000004977	trials	visual	white circle	n/a	n/a	n/a	isoflurane	False	True
4461.70416	0.2495600000002014	trials	visual	white circle	n/a	n/a	n/a	isoflurane	False	True
4466.0244	0.2495600000002014	trials	visual	white circle	n/a	n/a	n/a	isoflurane	False	True
4469.79423	0.2495599999992919	trials	visual	white circle	n/a	n/a	n/a	isoflurane	False	True
4473.58073	0.2662400000017442	trials	visual	white circle	n/a	n/a	n/a	isoflurane	False	True
4477.86764	0.24953000000004977	trials	visual	white circle	n/a	n/a	n/a	isoflurane	False	True
4482.48819	0.26622000000133994	trials	visual	white circle	n/a	n/a	n/a	isoflurane	False	True
4486.54157	0.2662399999999252	trials	visual	white circle	n/a	n/a	n/a	isoflurane	False	True
4491.02863	0.24956999999994878	trials	visual	white circle	n/a	n/a	n/a	isoflurane	False	True
4495.73257	0.24956999999994878	trials	visual	white circle	n/a	n/a	n/a	isoflurane	False	True
4500.38645	0.2495600000002014	trials	visual	white circle	n/a	n/a	n/a	isoflurane	False	True
4504.1396	0.2495599999992919	trials	visual	white circle	n/a	n/a	n/a	isoflurane	False	True
4508.57663	0.24957000000085827	trials	visual	white circle	n/a	n/a	n/a	isoflurane	False	True
4512.5466	0.24957000000176777	trials	visual	white circle	n/a	n/a	n/a	isoflurane	False	True
4517.1171	0.24957999999969616	trials	visual	white circle	n/a	n/a	n/a	isoflurane	False	True
4521.0871	0.24954000000070664	trials	visual	white circle	n/a	n/a	n/a	isoflurane	False	True
4525.0571	0.24955000000045402	trials	visual	white circle	n/a	n/a	n/a	isoflurane	False	True
4528.84357	0.24956999999994878	trials	visual	white circle	n/a	n/a	n/a	isoflurane	False	True
4532.880310000001	0.24953999999888765	trials	visual	white circle	n/a	n/a	n/a	isoflurane	False	True
4536.6501	0.2662300000001778	trials	visual	white circle	n/a	n/a	n/a	isoflurane	False	True
4540.90366	0.2495600000002014	trials	visual	white circle	n/a	n/a	n/a	isoflurane	False	True
4545.64096	0.24955000000045402	trials	visual	white circle	n/a	n/a	n/a	isoflurane	False	True
4549.51086	0.2495600000011109	trials	visual	white circle	n/a	n/a	n/a	isoflurane	False	True
4553.831120000002	0.24958999999853404	trials	visual	white circle	n/a	n/a	n/a	isoflurane	False	True
4558.45168	0.24953999999979715	trials	visual	white circle	n/a	n/a	n/a	isoflurane	False	True
4563.12222	0.24959000000126252	trials	visual	white circle	n/a	n/a	n/a	isoflurane	False	True
4566.89207	0.24955000000045402	trials	visual	white circle	n/a	n/a	n/a	isoflurane	False	True
4571.01217	0.24956999999994878	trials	visual	white circle	n/a	n/a	n/a	isoflurane	False	True
4575.5493	0.24957999999969616	trials	visual	white circle	n/a	n/a	n/a	isoflurane	False	True
4579.86956	0.24957999999969616	trials	visual	white circle	n/a	n/a	n/a	isoflurane	False	True
4583.75619	0.2495200000003024	trials	visual	white circle	n/a	n/a	n/a	isoflurane	False	True
4588.05976	0.24957999999969616	trials	visual	white circle	n/a	n/a	n/a	isoflurane	False	True
4592.2466	0.26625999999941996	trials	visual	white circle	n/a	n/a	n/a	isoflurane	False	True
4596.049770000001	0.2495599999983824	trials	visual	white circle	n/a	n/a	n/a	isoflurane	False	True
4600.37006	0.2495600000002014	trials	visual	white circle	n/a	n/a	n/a	isoflurane	False	True
4604.77376	0.24956999999994878	trials	visual	white circle	n/a	n/a	n/a	isoflurane	False	True
4609.41096	0.2495600000002014	trials	visual	white circle	n/a	n/a	n/a	isoflurane	False	True
4613.38096	0.24953999999979715	trials	visual	white circle	n/a	n/a	n/a	isoflurane	False	True
4617.36763	0.24954999999863503	trials	visual	white circle	n/a	n/a	n/a	isoflurane	False	True
4621.5211100000015	0.24954999999863503	trials	visual	white circle	n/a	n/a	n/a	isoflurane	False	True
4626.12496	0.24953999999979715	trials	visual	white circle	n/a	n/a	n/a	isoflurane	False	True
4630.0449	0.2495600000002014	trials	visual	white circle	n/a	n/a	n/a	isoflurane	False	True
4634.064920000002	0.2495599999983824	trials	visual	white circle	n/a	n/a	n/a	isoflurane	False	True
4638.51866	0.24956999999994878	trials	visual	white circle	n/a	n/a	n/a	isoflurane	False	True
4643.10581	0.24956999999994878	trials	visual	white circle	n/a	n/a	n/a	isoflurane	False	True
4647.40943	0.24957000000176777	trials	visual	white circle	n/a	n/a	n/a	isoflurane	False	True
4651.5629	0.24957999999969616	trials	visual	white circle	n/a	n/a	n/a	isoflurane	False	True
4655.34941	0.2495600000002014	trials	visual	white circle	n/a	n/a	n/a	isoflurane	False	True
4659.8865	0.24959000000035303	trials	visual	white circle	n/a	n/a	n/a	isoflurane	False	True
4663.73976	0.24954999999954453	trials	visual	white circle	n/a	n/a	n/a	isoflurane	False	True
4668.14344	0.2495600000002014	trials	visual	white circle	n/a	n/a	n/a	isoflurane	False	True
4672.18015	0.2495600000002014	trials	visual	white circle	n/a	n/a	n/a	isoflurane	False	True
4676.36701	0.2495600000002014	trials	visual	white circle	n/a	n/a	n/a	isoflurane	False	True
4680.15349	0.24959000000035303	trials	visual	white circle	n/a	n/a	n/a	isoflurane	False	True
4684.55718	0.2662300000001778	trials	visual	white circle	n/a	n/a	n/a	isoflurane	False	True
4689.1777	0.24957999999969616	trials	visual	white circle	n/a	n/a	n/a	isoflurane	False	True
4693.71485	0.24956999999994878	trials	visual	white circle	n/a	n/a	n/a	isoflurane	False	True
4698.201929999998	0.24957000000176777	trials	visual	white circle	n/a	n/a	n/a	isoflurane	False	True
4702.23864	0.24958000000060565	trials	visual	white circle	n/a	n/a	n/a	isoflurane	False	True
4706.72575	0.24957000000176777	trials	visual	white circle	n/a	n/a	n/a	isoflurane	False	True
4710.72908	0.24956999999994878	trials	visual	white circle	n/a	n/a	n/a	isoflurane	False	True
4714.96595	0.24958000000060565	trials	visual	white circle	n/a	n/a	n/a	isoflurane	False	True
4719.61987	0.24956999999994878	trials	visual	white circle	n/a	n/a	n/a	isoflurane	False	True
4723.99019	0.2495599999992919	trials	visual	white circle	n/a	n/a	n/a	isoflurane	False	True
4728.17703	0.24956999999994878	trials	visual	white circle	n/a	n/a	n/a	isoflurane	False	True
4732.19706	0.24958999999944353	trials	visual	white circle	n/a	n/a	n/a	isoflurane	False	True
4736.66748	0.24957999999969616	trials	visual	white circle	n/a	n/a	n/a	isoflurane	False	True
4741.137879999998	0.24958000000151515	trials	visual	white circle	n/a	n/a	n/a	isoflurane	False	True
4745.12455	0.24956999999994878	trials	visual	white circle	n/a	n/a	n/a	isoflurane	False	True
4748.99446	0.2495600000002014	trials	visual	white circle	n/a	n/a	n/a	isoflurane	False	True
4752.9144	0.24957999999878666	trials	visual	white circle	n/a	n/a	n/a	isoflurane	False	True
4757.10124	0.24958000000151515	trials	visual	white circle	n/a	n/a	n/a	isoflurane	False	True
4761.1046	0.24957000000176777	trials	visual	white circle	n/a	n/a	n/a	isoflurane	False	True
4764.87442	0.24956999999994878	trials	visual	white circle	n/a	n/a	n/a	isoflurane	False	True
4768.6609	0.2496000000001004	trials	visual	white circle	n/a	n/a	n/a	isoflurane	False	True
4772.4808	0.24956999999994878	trials	visual	white circle	n/a	n/a	n/a	isoflurane	False	True
4777.05126	0.26626999999825784	trials	visual	white circle	n/a	n/a	n/a	isoflurane	False	True
4780.854460000001	0.24957999999878666	trials	visual	white circle	n/a	n/a	n/a	isoflurane	False	True
4785.47501	0.24956999999994878	trials	visual	white circle	n/a	n/a	n/a	isoflurane	False	True
4789.57841	0.2496000000001004	trials	visual	white circle	n/a	n/a	n/a	isoflurane	False	True
4793.5484	0.2496000000001004	trials	visual	white circle	n/a	n/a	n/a	isoflurane	False	True
4797.40165	0.24957000000176777	trials	visual	white circle	n/a	n/a	n/a	isoflurane	False	True
4801.30491	0.24961000000166678	trials	visual	white circle	n/a	n/a	n/a	isoflurane	False	True
4805.84204	0.24957999999969616	trials	visual	white circle	n/a	n/a	n/a	isoflurane	False	True
4809.86208	0.2495600000002014	trials	visual	white circle	n/a	n/a	n/a	isoflurane	False	True
4813.848739999999	0.24959000000035303	trials	visual	white circle	n/a	n/a	n/a	isoflurane	False	True
4818.40255	0.24959000000035303	trials	visual	white circle	n/a	n/a	n/a	isoflurane	False	True
4822.55605	0.2496000000001004	trials	visual	white circle	n/a	n/a	n/a	isoflurane	False	True
4827.20995	0.24956999999994878	trials	visual	white circle	n/a	n/a	n/a	isoflurane	False	True
4831.179920000001	0.24958999999853404	trials	visual	white circle	n/a	n/a	n/a	isoflurane	False	True
4835.38345	0.24956999999994878	trials	visual	white circle	n/a	n/a	n/a	isoflurane	False	True
4839.953939999999	0.24959000000035303	trials	visual	white circle	n/a	n/a	n/a	isoflurane	False	True
4844.04069	0.24958999999853404	trials	visual	white circle	n/a	n/a	n/a	isoflurane	False	True
4847.9773	0.2496000000001004	trials	visual	white circle	n/a	n/a	n/a	isoflurane	False	True
4852.28093	0.24958000000151515	trials	visual	white circle	n/a	n/a	n/a	isoflurane	False	True
4856.90146	0.24959000000035303	trials	visual	white circle	n/a	n/a	n/a	isoflurane	False	True
4860.9048	0.24958999999944353	trials	visual	white circle	n/a	n/a	n/a	isoflurane	False	True
4865.27514	0.24959000000035303	trials	visual	white circle	n/a	n/a	n/a	isoflurane	False	True
4869.9457	0.2496000000001004	trials	visual	white circle	n/a	n/a	n/a	isoflurane	False	True
4873.9490700000015	0.24958999999853404	trials	visual	white circle	n/a	n/a	n/a	isoflurane	False	True
4878.53626	0.24956999999994878	trials	visual	white circle	n/a	n/a	n/a	isoflurane	False	True
4882.77315	0.2495600000002014	trials	visual	white circle	n/a	n/a	n/a	isoflurane	False	True
4887.14346	0.24958999999944353	trials	visual	white circle	n/a	n/a	n/a	isoflurane	False	True
4891.34699	0.2495600000002014	trials	visual	white circle	n/a	n/a	n/a	isoflurane	False	True
4895.1168	0.24958000000060565	trials	visual	white circle	n/a	n/a	n/a	isoflurane	False	True
4899.37036	0.24959000000035303	trials	visual	white circle	n/a	n/a	n/a	isoflurane	False	True
4903.92418	0.24958000000151515	trials	visual	white circle	n/a	n/a	n/a	isoflurane	False	True
4908.177729999999	0.24959000000217202	trials	visual	white circle	n/a	n/a	n/a	isoflurane	False	True
4912.19778	0.24956999999994878	trials	visual	white circle	n/a	n/a	n/a	isoflurane	False	True
4916.034320000002	0.24957999999878666	trials	visual	white circle	n/a	n/a	n/a	isoflurane	False	True
4920.67153	0.24959000000035303	trials	visual	white circle	n/a	n/a	n/a	isoflurane	False	True
4925.12526	0.24956999999994878	trials	visual	white circle	n/a	n/a	n/a	isoflurane	False	True
4929.29541	0.2496000000001004	trials	visual	white circle	n/a	n/a	n/a	isoflurane	False	True
4933.74914	0.2496000000001004	trials	visual	white circle	n/a	n/a	n/a	isoflurane	False	True
4938.46976	0.2496000000001004	trials	visual	white circle	n/a	n/a	n/a	isoflurane	False	True
4957.40053	0.0003999999998995918	trials	electrical	biphasic	30	MOs	deep	recovery	False	True
4961.31255	0.0003999999998995918	trials	electrical	biphasic	10	MOs	deep	recovery	False	True
4965.41561	0.0003999999998995918	trials	electrical	biphasic	10	MOs	deep	recovery	False	True
4969.6665600000015	0.0003999999998995918	trials	electrical	biphasic	50	MOs	deep	recovery	False	True
4973.750520000001	0.0003999999989900971	trials	electrical	biphasic	50	MOs	deep	recovery	False	True
4977.80274	0.0003999999998995918	trials	electrical	biphasic	50	MOs	deep	recovery	False	True
4981.88674	0.0003999999998995918	trials	electrical	biphasic	30	MOs	deep	recovery	False	True
4985.89898	0.0003999999998995918	trials	electrical	biphasic	50	MOs	deep	recovery	False	True
4989.482	0.0003999999998995918	trials	electrical	biphasic	50	MOs	deep	recovery	False	True
4993.702	0.0003999999998995918	trials	electrical	biphasic	30	MOs	deep	recovery	False	True
4998.19859	0.0003999999998995918	trials	electrical	biphasic	30	MOs	deep	recovery	False	True
5002.05355	0.0004000000008090865	trials	electrical	biphasic	50	MOs	deep	recovery	False	True
5006.525229999998	0.0004000000017185812	trials	electrical	biphasic	50	MOs	deep	recovery	False	True
5010.37209	0.0003999999998995918	trials	electrical	biphasic	10	MOs	deep	recovery	False	True
5014.75905	0.0003999999998995918	trials	electrical	biphasic	10	MOs	deep	recovery	False	True
5018.71417	0.0003999999998995918	trials	electrical	biphasic	10	MOs	deep	recovery	False	True
5022.62801	0.0003999999998995918	trials	electrical	biphasic	10	MOs	deep	recovery	False	True
5026.346170000002	0.0003999999998995918	trials	electrical	biphasic	10	MOs	deep	recovery	False	True
5029.97225	0.0003999999998995918	trials	electrical	biphasic	30	MOs	deep	recovery	False	True
5033.78159	0.0004000000008090865	trials	electrical	biphasic	50	MOs	deep	recovery	False	True
5038.00811	0.0004000000017185812	trials	electrical	biphasic	10	MOs	deep	recovery	False	True
5042.291420000001	0.0003999999989900971	trials	electrical	biphasic	10	MOs	deep	recovery	False	True
5046.48562	0.0003999999998995918	trials	electrical	biphasic	50	MOs	deep	recovery	False	True
5049.99584	0.0004000000008090865	trials	electrical	biphasic	50	MOs	deep	recovery	False	True
5054.33948	0.0004000000008090865	trials	electrical	biphasic	10	MOs	deep	recovery	False	True
5058.76224	0.0003999999998995918	trials	electrical	biphasic	10	MOs	deep	recovery	False	True
5063.03363	0.0003999999998995918	trials	electrical	biphasic	30	MOs	deep	recovery	False	True
5066.5767	0.0004000000008090865	trials	electrical	biphasic	30	MOs	deep	recovery	False	True
5070.4553	0.0004000000008090865	trials	electrical	biphasic	10	MOs	deep	recovery	False	True
5074.66007	0.0004000000017185812	trials	electrical	biphasic	10	MOs	deep	recovery	False	True
5078.89001	0.0003999999998995918	trials	electrical	biphasic	10	MOs	deep	recovery	False	True
5082.61471	0.0003999999998995918	trials	electrical	biphasic	50	MOs	deep	recovery	False	True
5086.38419	0.0003999999998995918	trials	electrical	biphasic	50	MOs	deep	recovery	False	True
5090.55765	0.0003999999998995918	trials	electrical	biphasic	10	MOs	deep	recovery	False	True
5094.53557	0.0003999999998995918	trials	electrical	biphasic	10	MOs	deep	recovery	False	True
5098.65971	0.0003999999998995918	trials	electrical	biphasic	10	MOs	deep	recovery	False	True
5102.39657	0.0004000000017185812	trials	electrical	biphasic	30	MOs	deep	recovery	False	True
5106.074110000001	0.0003999999989900971	trials	electrical	biphasic	10	MOs	deep	recovery	False	True
5110.404170000002	0.0003999999998995918	trials	electrical	biphasic	30	MOs	deep	recovery	False	True
5114.67152	0.0004000000017185812	trials	electrical	biphasic	30	MOs	deep	recovery	False	True
5119.10642	0.0003999999998995918	trials	electrical	biphasic	10	MOs	deep	recovery	False	True
5122.71472	0.0004000000017185812	trials	electrical	biphasic	10	MOs	deep	recovery	False	True
5126.39736	0.0003999999998995918	trials	electrical	biphasic	10	MOs	deep	recovery	False	True
5129.99688	0.0003999999998995918	trials	electrical	biphasic	10	MOs	deep	recovery	False	True
5133.98706	0.0003999999998995918	trials	electrical	biphasic	10	MOs	deep	recovery	False	True
5137.68072	0.0003999999998995918	trials	electrical	biphasic	30	MOs	deep	recovery	False	True
5142.07704	0.0003999999998995918	trials	electrical	biphasic	50	MOs	deep	recovery	False	True
5145.67656	0.0003999999998995918	trials	electrical	biphasic	30	MOs	deep	recovery	False	True
5149.22114	0.0003999999998995918	trials	electrical	biphasic	10	MOs	deep	recovery	False	True
5153.27886	0.0003999999998995918	trials	electrical	biphasic	30	MOs	deep	recovery	False	True
5157.55178	0.0003999999998995918	trials	electrical	biphasic	10	MOs	deep	recovery	False	True
5161.36414	0.0003999999998995918	trials	electrical	biphasic	30	MOs	deep	recovery	False	True
5165.04354	0.0003999999998995918	trials	electrical	biphasic	10	MOs	deep	recovery	False	True
5168.88292	0.0003999999998995918	trials	electrical	biphasic	50	MOs	deep	recovery	False	True
5172.59348	0.0003999999989900971	trials	electrical	biphasic	30	MOs	deep	recovery	False	True
5176.6040600000015	0.0003999999998995918	trials	electrical	biphasic	30	MOs	deep	recovery	False	True
5181.01085	0.0003999999998995918	trials	electrical	biphasic	30	MOs	deep	recovery	False	True
5185.14019	0.0003999999998995918	trials	electrical	biphasic	10	MOs	deep	recovery	False	True
5188.74215	0.0003999999998995918	trials	electrical	biphasic	30	MOs	deep	recovery	False	True
5192.63343	0.0003999999998995918	trials	electrical	biphasic	10	MOs	deep	recovery	False	True
5196.18847	0.0003999999998995918	trials	electrical	biphasic	10	MOs	deep	recovery	False	True
5200.19017	0.0004000000017185812	trials	electrical	biphasic	30	MOs	deep	recovery	False	True
5204.12231	0.0004000000017185812	trials	electrical	biphasic	50	MOs	deep	recovery	False	True
5208.62029	0.0003999999998995918	trials	electrical	biphasic	30	MOs	deep	recovery	False	True
5212.93231	0.00041000000146595994	trials	electrical	biphasic	50	MOs	deep	recovery	False	True
5216.9184	0.0004000000008090865	trials	electrical	biphasic	10	MOs	deep	recovery	False	True
5221.31326	0.0003999999998995918	trials	electrical	biphasic	30	MOs	deep	recovery	False	True
5224.95122	0.0004000000017185812	trials	electrical	biphasic	30	MOs	deep	recovery	False	True
5228.84164	0.0004000000008090865	trials	electrical	biphasic	30	MOs	deep	recovery	False	True
5233.269420000001	0.0003999999989900971	trials	electrical	biphasic	50	MOs	deep	recovery	False	True
5237.68735	0.0003999999998995918	trials	electrical	biphasic	30	MOs	deep	recovery	False	True
5241.90135	0.0003999999998995918	trials	electrical	biphasic	30	MOs	deep	recovery	False	True
5246.02011	0.0003999999998995918	trials	electrical	biphasic	30	MOs	deep	recovery	False	True
5249.86381	0.0003999999998995918	trials	electrical	biphasic	30	MOs	deep	recovery	False	True
5254.30025	0.0003999999998995918	trials	electrical	biphasic	30	MOs	deep	recovery	False	True
5257.92545	0.0003999999998995918	trials	electrical	biphasic	10	MOs	deep	recovery	False	True
5262.15646	0.0003999999998995918	trials	electrical	biphasic	50	MOs	deep	recovery	False	True
5266.30336	0.0003999999998995918	trials	electrical	biphasic	10	MOs	deep	recovery	False	True
5270.636939999999	0.0004000000008090865	trials	electrical	biphasic	50	MOs	deep	recovery	False	True
5274.53564	0.0003999999998995918	trials	electrical	biphasic	50	MOs	deep	recovery	False	True
5278.785879999999	0.0003999999989900971	trials	electrical	biphasic	50	MOs	deep	recovery	True	True
5283.121529999999	0.0003999999989900971	trials	electrical	biphasic	50	MOs	deep	recovery	True	True
5286.94441	0.0003999999998995918	trials	electrical	biphasic	10	MOs	deep	recovery	True	True
5290.99709	0.0003999999998995918	trials	electrical	biphasic	30	MOs	deep	recovery	True	True
5295.47663	0.0003999999998995918	trials	electrical	biphasic	30	MOs	deep	recovery	True	True
5299.52635	0.0003999999998995918	trials	electrical	biphasic	30	MOs	deep	recovery	True	True
5303.35719	0.0003999999998995918	trials	electrical	biphasic	10	MOs	deep	recovery	False	True
5307.4771	0.0003999999998995918	trials	electrical	biphasic	10	MOs	deep	recovery	False	True
5311.33816	0.0003999999998995918	trials	electrical	biphasic	10	MOs	deep	recovery	False	True
5315.5951	0.0004000000008090865	trials	electrical	biphasic	10	MOs	deep	recovery	False	True
5319.50942	0.0003999999998995918	trials	electrical	biphasic	30	MOs	deep	recovery	True	True
5323.50218	0.0003999999989900971	trials	electrical	biphasic	30	MOs	deep	recovery	False	True
5327.69734	0.0003999999998995918	trials	electrical	biphasic	10	MOs	deep	recovery	False	True
5332.17051	0.0003999999998995918	trials	electrical	biphasic	30	MOs	deep	recovery	True	True
5335.998689999999	0.0004000000008090865	trials	electrical	biphasic	50	MOs	deep	recovery	True	True
5340.33691	0.0003999999998995918	trials	electrical	biphasic	50	MOs	deep	recovery	True	True
5344.5764100000015	0.0003999999998995918	trials	electrical	biphasic	50	MOs	deep	recovery	True	True
5349.03102	0.0003999999998995918	trials	electrical	biphasic	50	MOs	deep	recovery	True	True
5352.56336	0.0003999999998995918	trials	electrical	biphasic	50	MOs	deep	recovery	True	True
5356.42064	0.0003999999998995918	trials	electrical	biphasic	10	MOs	deep	recovery	False	True
5360.583720000001	0.0003999999989900971	trials	electrical	biphasic	10	MOs	deep	recovery	False	True
5364.36564	0.0003999999998995918	trials	electrical	biphasic	10	MOs	deep	recovery	False	True
5368.09644	0.0003999999998995918	trials	electrical	biphasic	30	MOs	deep	recovery	False	True
5372.30798	0.0004000000008090865	trials	electrical	biphasic	10	MOs	deep	recovery	False	True
5376.43298	0.0004000000008090865	trials	electrical	biphasic	50	MOs	deep	recovery	False	True
5380.524	0.0003999999998995918	trials	electrical	biphasic	50	MOs	deep	recovery	False	True
5384.68487	0.0003999999998995918	trials	electrical	biphasic	30	MOs	deep	recovery	False	True
5388.23284	0.00041000000055646524	trials	electrical	biphasic	50	MOs	deep	recovery	False	True
5392.08205	0.0003999999998995918	trials	electrical	biphasic	50	MOs	deep	recovery	False	True
5396.03381	0.0003999999998995918	trials	electrical	biphasic	30	MOs	deep	recovery	False	True
5399.77513	0.0003999999998995918	trials	electrical	biphasic	50	MOs	deep	recovery	False	True
5403.990589999999	0.0004000000008090865	trials	electrical	biphasic	30	MOs	deep	recovery	False	True
5408.34719	0.0003999999989900971	trials	electrical	biphasic	30	MOs	deep	recovery	False	True
5412.12911	0.0003999999998995918	trials	electrical	biphasic	50	MOs	deep	recovery	False	True
5416.36059	0.0003999999998995918	trials	electrical	biphasic	10	MOs	deep	recovery	False	True
5419.99877	0.0003999999998995918	trials	electrical	biphasic	30	MOs	deep	recovery	False	True
5424.33592	0.0003999999998995918	trials	electrical	biphasic	30	MOs	deep	recovery	False	True
5427.97494	0.0003999999998995918	trials	electrical	biphasic	10	MOs	deep	recovery	True	True
5432.063560000001	0.0003999999989900971	trials	electrical	biphasic	10	MOs	deep	recovery	False	True
5435.93014	0.0003999999998995918	trials	electrical	biphasic	30	MOs	deep	recovery	True	True
5440.23732	0.0003999999998995918	trials	electrical	biphasic	50	MOs	deep	recovery	True	True
5444.241520000001	0.0003999999989900971	trials	electrical	biphasic	10	MOs	deep	recovery	True	True
5448.23154	0.0003999999998995918	trials	electrical	biphasic	10	MOs	deep	recovery	True	True
5452.60901	0.0003999999998995918	trials	electrical	biphasic	30	MOs	deep	recovery	True	True
5456.4625700000015	0.0003999999998995918	trials	electrical	biphasic	10	MOs	deep	recovery	False	True
5460.412429999999	0.0003999999989900971	trials	electrical	biphasic	10	MOs	deep	recovery	False	True
5464.876389999999	0.0004000000008090865	trials	electrical	biphasic	30	MOs	deep	recovery	False	True
5468.41911	0.0003999999998995918	trials	electrical	biphasic	30	MOs	deep	recovery	False	True
5472.8925	0.0003999999998995918	trials	electrical	biphasic	30	MOs	deep	recovery	False	True
5476.58212	0.0003999999998995918	trials	electrical	biphasic	50	MOs	deep	recovery	False	True
5480.74966	0.0003999999998995918	trials	electrical	biphasic	30	MOs	deep	recovery	False	True
5484.836520000002	0.0003999999998995918	trials	electrical	biphasic	30	MOs	deep	recovery	False	True
5489.01206	0.0003999999998995918	trials	electrical	biphasic	50	MOs	deep	recovery	False	True
5492.8735	0.0003999999998995918	trials	electrical	biphasic	10	MOs	deep	recovery	False	True
5496.99421	0.0003999999998995918	trials	electrical	biphasic	10	MOs	deep	recovery	False	True
5501.305789999999	0.0004000000008090865	trials	electrical	biphasic	30	MOs	deep	recovery	False	True
5504.8254700000025	0.0003999999998995918	trials	electrical	biphasic	10	MOs	deep	recovery	False	True
5508.40977	0.0003999999998995918	trials	electrical	biphasic	50	MOs	deep	recovery	False	True
5512.88499	0.0004000000008090865	trials	electrical	biphasic	10	MOs	deep	recovery	False	True
5517.036770000002	0.0003999999989900971	trials	electrical	biphasic	10	MOs	deep	recovery	False	True
5520.76843	0.0003999999998995918	trials	electrical	biphasic	50	MOs	deep	recovery	False	True
5524.67235	0.0003999999998995918	trials	electrical	biphasic	30	MOs	deep	recovery	False	True
5528.29479	0.0003999999998995918	trials	electrical	biphasic	50	MOs	deep	recovery	False	True
5532.06365	0.0003999999998995918	trials	electrical	biphasic	50	MOs	deep	recovery	False	True
5535.821910000002	0.0003999999989900971	trials	electrical	biphasic	30	MOs	deep	recovery	False	True
5539.65399	0.0003999999998995918	trials	electrical	biphasic	10	MOs	deep	recovery	False	True
5543.30665	0.0003999999998995918	trials	electrical	biphasic	10	MOs	deep	recovery	False	True
5547.1550700000025	0.0003999999998995918	trials	electrical	biphasic	10	MOs	deep	recovery	False	True
5550.77715	0.0003999999998995918	trials	electrical	biphasic	10	MOs	deep	recovery	False	True
5555.16174	0.0003999999998995918	trials	electrical	biphasic	50	MOs	deep	recovery	True	True
5558.75644	0.0003999999998995918	trials	electrical	biphasic	50	MOs	deep	recovery	True	True
5563.1869	0.0003999999998995918	trials	electrical	biphasic	30	MOs	deep	recovery	True	True
5567.08634	0.0003999999998995918	trials	electrical	biphasic	50	MOs	deep	recovery	True	True
5570.634160000001	0.0003999999989900971	trials	electrical	biphasic	50	MOs	deep	recovery	True	True
5574.47696	0.0003999999998995918	trials	electrical	biphasic	50	MOs	deep	recovery	True	True
5578.71334	0.0003999999998995918	trials	electrical	biphasic	10	MOs	deep	recovery	True	True
5583.00845	0.0003999999998995918	trials	electrical	biphasic	50	MOs	deep	recovery	True	True
5587.05377	0.0003999999998995918	trials	electrical	biphasic	30	MOs	deep	recovery	True	True
5591.24041	0.0003999999998995918	trials	electrical	biphasic	10	MOs	deep	recovery	True	True
5595.63447	0.0003999999998995918	trials	electrical	biphasic	30	MOs	deep	recovery	True	True
5599.18969	0.0003999999998995918	trials	electrical	biphasic	50	MOs	deep	recovery	True	True
5602.99377	0.0003999999998995918	trials	electrical	biphasic	30	MOs	deep	recovery	True	True
5606.54039	0.0003999999998995918	trials	electrical	biphasic	30	MOs	deep	recovery	False	True
5610.23629	0.0003999999998995918	trials	electrical	biphasic	10	MOs	deep	recovery	False	True
5614.45687	0.0003999999998995918	trials	electrical	biphasic	50	MOs	deep	recovery	False	True
5618.67906	0.0003999999998995918	trials	electrical	biphasic	50	MOs	deep	recovery	False	True
5623.05728	0.0003999999998995918	trials	electrical	biphasic	50	MOs	deep	recovery	False	True
5627.14014	0.0003999999989900971	trials	electrical	biphasic	50	MOs	deep	recovery	True	True
5630.71124	0.0004000000008090865	trials	electrical	biphasic	30	MOs	deep	recovery	True	True
5635.1344	0.0003999999998995918	trials	electrical	biphasic	30	MOs	deep	recovery	True	True
5639.435210000002	0.0003999999980806024	trials	electrical	biphasic	30	MOs	deep	recovery	True	True
5643.221570000002	0.0003999999989900971	trials	electrical	biphasic	30	MOs	deep	recovery	True	True
5647.26565	0.0003999999998995918	trials	electrical	biphasic	30	MOs	deep	recovery	True	True
5651.75085	0.0003999999998995918	trials	electrical	biphasic	30	MOs	deep	recovery	True	True
5655.96696	0.0004000000026280759	trials	electrical	biphasic	30	MOs	deep	recovery	True	True
5660.306360000001	0.0003999999989900971	trials	electrical	biphasic	50	MOs	deep	recovery	True	True
5664.24004	0.0003999999998995918	trials	electrical	biphasic	10	MOs	deep	recovery	True	True
5668.21108	0.0003999999998995918	trials	electrical	biphasic	50	MOs	deep	recovery	True	True
5672.272220000003	0.0003999999998995918	trials	electrical	biphasic	50	MOs	deep	recovery	True	True
5676.04174	0.0003999999998995918	trials	electrical	biphasic	30	MOs	deep	recovery	True	True
5680.29119	0.0003999999998995918	trials	electrical	biphasic	30	MOs	deep	recovery	True	True
5684.29549	0.0003999999989900971	trials	electrical	biphasic	10	MOs	deep	recovery	True	True
5688.44273	0.0003999999998995918	trials	electrical	biphasic	30	MOs	deep	recovery	True	True
5692.25089	0.0003999999998995918	trials	electrical	biphasic	30	MOs	deep	recovery	True	True
5695.89003	0.0004000000008090865	trials	electrical	biphasic	10	MOs	deep	recovery	True	True
5699.86603	0.0003999999998995918	trials	electrical	biphasic	10	MOs	deep	recovery	False	True
5703.72891	0.0003999999998995918	trials	electrical	biphasic	10	MOs	deep	recovery	False	True
5708.01746	0.0003999999998995918	trials	electrical	biphasic	30	MOs	deep	recovery	True	True
5712.29818	0.0003999999998995918	trials	electrical	biphasic	10	MOs	deep	recovery	False	True
5716.46712	0.0003999999998995918	trials	electrical	biphasic	50	MOs	deep	recovery	False	True
5720.10104	0.0004000000008090865	trials	electrical	biphasic	30	MOs	deep	recovery	False	True
5723.62302	0.0003999999998995918	trials	electrical	biphasic	10	MOs	deep	recovery	False	True
5727.6832799999975	0.0004000000026280759	trials	electrical	biphasic	50	MOs	deep	recovery	False	True
5731.48452	0.0003999999998995918	trials	electrical	biphasic	10	MOs	deep	recovery	False	True
5735.924370000002	0.0003999999989900971	trials	electrical	biphasic	50	MOs	deep	recovery	False	True
5740.40569	0.0004000000008090865	trials	electrical	biphasic	50	MOs	deep	recovery	False	True
5744.19273	0.0003999999998995918	trials	electrical	biphasic	30	MOs	deep	recovery	True	True
5748.49397	0.0003999999998995918	trials	electrical	biphasic	10	MOs	deep	recovery	True	True
5752.89052	0.0004000000026280759	trials	electrical	biphasic	30	MOs	deep	recovery	True	True
5756.988460000001	0.0003999999989900971	trials	electrical	biphasic	10	MOs	deep	recovery	True	True
5761.3729	0.0003999999998995918	trials	electrical	biphasic	50	MOs	deep	recovery	True	True
5765.81707	0.0003999999998995918	trials	electrical	biphasic	50	MOs	deep	recovery	False	True
5769.86665	0.0003999999998995918	trials	electrical	biphasic	30	MOs	deep	recovery	False	True
5774.09545	0.0003999999998995918	trials	electrical	biphasic	50	MOs	deep	recovery	False	True
5778.17263	0.0003999999998995918	trials	electrical	biphasic	10	MOs	deep	recovery	False	True
5781.69891	0.0003999999998995918	trials	electrical	biphasic	10	MOs	deep	recovery	False	True
5785.64587	0.0003999999998995918	trials	electrical	biphasic	30	MOs	deep	recovery	True	True
5789.7926	0.0004000000026280759	trials	electrical	biphasic	10	MOs	deep	recovery	True	True
5793.81422	0.0003999999998995918	trials	electrical	biphasic	30	MOs	deep	recovery	True	True
5797.68696	0.0003999999998995918	trials	electrical	biphasic	30	MOs	deep	recovery	False	True
5802.12452	0.0003999999998995918	trials	electrical	biphasic	10	MOs	deep	recovery	False	True
5806.45449	0.0003999999998995918	trials	electrical	biphasic	50	MOs	deep	recovery	False	True
5810.803989999999	0.0004000000008090865	trials	electrical	biphasic	50	MOs	deep	recovery	False	True
5814.67695	0.0003999999998995918	trials	electrical	biphasic	50	MOs	deep	recovery	False	True
5818.77055	0.0003999999998995918	trials	electrical	biphasic	10	MOs	deep	recovery	False	True
5823.14354	0.0003999999998995918	trials	electrical	biphasic	10	MOs	deep	recovery	True	True
5827.57746	0.0003999999998995918	trials	electrical	biphasic	30	MOs	deep	recovery	False	True
5831.74634	0.0003999999998995918	trials	electrical	biphasic	10	MOs	deep	recovery	False	True
5835.45354	0.0003999999989900971	trials	electrical	biphasic	10	MOs	deep	recovery	False	True
5839.60782	0.0003999999998995918	trials	electrical	biphasic	30	MOs	deep	recovery	False	True
5843.1803	0.0003999999998995918	trials	electrical	biphasic	50	MOs	deep	recovery	False	True
5847.08744	0.00040999999964697054	trials	electrical	biphasic	10	MOs	deep	recovery	False	True
5851.25481	0.0003999999998995918	trials	electrical	biphasic	30	MOs	deep	recovery	False	True
5855.68895	0.0003999999998995918	trials	electrical	biphasic	50	MOs	deep	recovery	False	True
5860.00033	0.0003999999998995918	trials	electrical	biphasic	50	MOs	deep	recovery	False	True
5863.9853	0.0003999999998995918	trials	electrical	biphasic	30	MOs	deep	recovery	False	True
5868.24246	0.0003999999998995918	trials	electrical	biphasic	30	MOs	deep	recovery	False	True
5872.15992	0.0003999999998995918	trials	electrical	biphasic	50	MOs	deep	recovery	False	True
5876.63212	0.0003999999998995918	trials	electrical	biphasic	50	MOs	deep	recovery	False	True
5881.12053	0.0003999999998995918	trials	electrical	biphasic	10	MOs	deep	recovery	False	True
5885.48509	0.0003999999998995918	trials	electrical	biphasic	50	MOs	deep	recovery	False	True
5889.37439	0.0003999999998995918	trials	electrical	biphasic	30	MOs	deep	recovery	False	True
5893.32955	0.0003999999998995918	trials	electrical	biphasic	50	MOs	deep	recovery	False	True
5897.07665	0.0003999999998995918	trials	electrical	biphasic	50	MOs	deep	recovery	False	True
5901.3615	0.0003999999998995918	trials	electrical	biphasic	10	MOs	deep	recovery	False	True
5905.744760000001	0.0003999999989900971	trials	electrical	biphasic	10	MOs	deep	recovery	False	True
5910.15891	0.0003999999998995918	trials	electrical	biphasic	50	MOs	deep	recovery	False	True
5914.21761	0.0004000000017185812	trials	electrical	biphasic	50	MOs	deep	recovery	False	True
5918.31689	0.0003999999998995918	trials	electrical	biphasic	30	MOs	deep	recovery	False	True
5921.96619	0.0003999999998995918	trials	electrical	biphasic	50	MOs	deep	recovery	False	True
5926.36633	0.0003999999998995918	trials	electrical	biphasic	10	MOs	deep	recovery	False	True
5930.31715	0.0003999999998995918	trials	electrical	biphasic	30	MOs	deep	recovery	False	True
5934.02325	0.0003999999998995918	trials	electrical	biphasic	30	MOs	deep	recovery	False	True
5938.42334	0.0003999999998995918	trials	electrical	biphasic	50	MOs	deep	recovery	False	True
5942.68634	0.0003999999998995918	trials	electrical	biphasic	50	MOs	deep	recovery	False	True
5947.06924	0.0003999999998995918	trials	electrical	biphasic	30	MOs	deep	recovery	False	True
5950.85463	0.0003999999998995918	trials	electrical	biphasic	10	MOs	deep	recovery	False	True
5955.0282700000025	0.0003999999998995918	trials	electrical	biphasic	50	MOs	deep	recovery	False	True
5959.19297	0.0003999999998995918	trials	electrical	biphasic	30	MOs	deep	recovery	False	True
5962.81621	0.0003999999998995918	trials	electrical	biphasic	10	MOs	deep	recovery	False	True
5966.72395	0.0004000000008090865	trials	electrical	biphasic	50	MOs	deep	recovery	False	True
5970.49965	0.0003999999998995918	trials	electrical	biphasic	30	MOs	deep	recovery	False	True
5974.71675	0.0004000000008090865	trials	electrical	biphasic	50	MOs	deep	recovery	False	True
5978.50055	0.0003999999998995918	trials	electrical	biphasic	30	MOs	deep	recovery	False	True
5982.89718	0.0003999999998995918	trials	electrical	biphasic	10	MOs	deep	recovery	False	True
5987.224179999997	0.0004000000026280759	trials	electrical	biphasic	50	MOs	deep	recovery	False	True
5991.11462	0.0003999999998995918	trials	electrical	biphasic	30	MOs	deep	recovery	False	True
5995.11294	0.0003999999998995918	trials	electrical	biphasic	10	MOs	deep	recovery	False	True
5999.30817	0.0003999999998995918	trials	electrical	biphasic	30	MOs	deep	recovery	False	True
6003.64295	0.0003999999998995918	trials	electrical	biphasic	10	MOs	deep	recovery	False	True
6007.75301	0.0003999999998995918	trials	electrical	biphasic	30	MOs	deep	recovery	False	True
6011.8281700000025	0.0003999999998995918	trials	electrical	biphasic	30	MOs	deep	recovery	False	True
6015.65464	0.0003999999998995918	trials	electrical	biphasic	30	MOs	deep	recovery	False	True
6019.61148	0.0004000000008090865	trials	electrical	biphasic	30	MOs	deep	recovery	False	True
6023.8257	0.0003999999998995918	trials	electrical	biphasic	30	MOs	deep	recovery	False	True
6028.210520000001	0.0003999999989900971	trials	electrical	biphasic	10	MOs	deep	recovery	False	True
6032.43181	0.0003999999998995918	trials	electrical	biphasic	50	MOs	deep	recovery	False	True
6035.95084	0.00040999999964697054	trials	electrical	biphasic	10	MOs	deep	recovery	False	True
6040.12605	0.0003999999998995918	trials	electrical	biphasic	30	MOs	deep	recovery	False	True
6044.06497	0.0003999999998995918	trials	electrical	biphasic	50	MOs	deep	recovery	False	True
6048.00321	0.0003999999998995918	trials	electrical	biphasic	50	MOs	deep	recovery	False	True
6051.62067	0.0003999999998995918	trials	electrical	biphasic	10	MOs	deep	recovery	False	True
6055.93577	0.0003999999998995918	trials	electrical	biphasic	50	MOs	deep	recovery	False	True
6059.76105	0.0003999999998995918	trials	electrical	biphasic	10	MOs	deep	recovery	False	True
6063.50769	0.0003999999998995918	trials	electrical	biphasic	10	MOs	deep	recovery	False	True
6067.350829999999	0.0003999999980806024	trials	electrical	biphasic	10	MOs	deep	recovery	False	True
6071.22696	0.0003999999998995918	trials	electrical	biphasic	10	MOs	deep	recovery	False	True
6075.27394	0.0003999999998995918	trials	electrical	biphasic	30	MOs	deep	recovery	False	True
6079.33628	0.0003999999989900971	trials	electrical	biphasic	10	MOs	deep	recovery	False	True
6083.232520000001	0.0003999999989900971	trials	electrical	biphasic	30	MOs	deep	recovery	False	True
6087.13108	0.0003999999998995918	trials	electrical	biphasic	30	MOs	deep	recovery	False	True
6091.14686	0.0003999999998995918	trials	electrical	biphasic	10	MOs	deep	recovery	False	True
6095.30483	0.0003999999998995918	trials	electrical	biphasic	50	MOs	deep	recovery	False	True
6099.756170000002	0.0003999999989900971	trials	electrical	biphasic	10	MOs	deep	recovery	False	True
6103.9789299999975	0.0004000000026280759	trials	electrical	biphasic	50	MOs	deep	recovery	False	True
6107.87943	0.0003999999998995918	trials	electrical	biphasic	10	MOs	deep	recovery	True	True
6112.21174	0.0003999999998995918	trials	electrical	biphasic	50	MOs	deep	recovery	True	True
6115.8465	0.0003999999998995918	trials	electrical	biphasic	30	MOs	deep	recovery	True	True
6119.40738	0.0003999999998995918	trials	electrical	biphasic	30	MOs	deep	recovery	True	True
6122.99204	0.0003999999998995918	trials	electrical	biphasic	30	MOs	deep	recovery	False	True
6126.65636	0.0003999999998995918	trials	electrical	biphasic	10	MOs	deep	recovery	True	True
6130.481	0.0003999999998995918	trials	electrical	biphasic	30	MOs	deep	recovery	True	True
6134.28314	0.0003999999998995918	trials	electrical	biphasic	50	MOs	deep	recovery	True	True
6137.79524	0.0003999999998995918	trials	electrical	biphasic	50	MOs	deep	recovery	True	True
6141.83556	0.0003999999998995918	trials	electrical	biphasic	30	MOs	deep	recovery	True	True
6145.431360000001	0.0003999999989900971	trials	electrical	biphasic	10	MOs	deep	recovery	False	True
6149.0783	0.0003999999998995918	trials	electrical	biphasic	30	MOs	deep	recovery	False	True
6153.20986	0.0003999999998995918	trials	electrical	biphasic	10	MOs	deep	recovery	False	True
6157.5696	0.0003999999998995918	trials	electrical	biphasic	10	MOs	deep	recovery	True	True
6162.04425	0.0003999999998995918	trials	electrical	biphasic	10	MOs	deep	recovery	True	True
6166.115510000001	0.0003999999989900971	trials	electrical	biphasic	10	MOs	deep	recovery	True	True
6170.61279	0.0003999999998995918	trials	electrical	biphasic	50	MOs	deep	recovery	True	True
6174.66676	0.0003999999998995918	trials	electrical	biphasic	30	MOs	deep	recovery	False	True
6178.68264	0.0003999999998995918	trials	electrical	biphasic	50	MOs	deep	recovery	False	True
6182.513739999999	0.0004000000008090865	trials	electrical	biphasic	10	MOs	deep	recovery	False	True
6186.44416	0.0003999999998995918	trials	electrical	biphasic	50	MOs	deep	recovery	False	True
6190.43638	0.0003999999998995918	trials	electrical	biphasic	30	MOs	deep	recovery	False	True
6194.00784	0.0003999999998995918	trials	electrical	biphasic	10	MOs	deep	recovery	False	True
6198.396	0.0003999999998995918	trials	electrical	biphasic	10	MOs	deep	recovery	False	True
6201.961060000001	0.0003999999989900971	trials	electrical	biphasic	50	MOs	deep	recovery	False	True
6205.897660000001	0.0003999999989900971	trials	electrical	biphasic	50	MOs	deep	recovery	True	True
6210.22473	0.0003999999998995918	trials	electrical	biphasic	50	MOs	deep	recovery	False	True
6214.11969	0.0003999999989900971	trials	electrical	biphasic	50	MOs	deep	recovery	False	True
6218.23359	0.0003999999998995918	trials	electrical	biphasic	50	MOs	deep	recovery	False	True
6222.55265	0.0004000000008090865	trials	electrical	biphasic	50	MOs	deep	recovery	False	True
6226.93932	0.0003999999998995918	trials	electrical	biphasic	50	MOs	deep	recovery	False	True
6231.37086	0.0003999999998995918	trials	electrical	biphasic	30	MOs	deep	recovery	False	True
6235.06206	0.0003999999998995918	trials	electrical	biphasic	10	MOs	deep	recovery	False	True
6238.82106	0.0003999999998995918	trials	electrical	biphasic	30	MOs	deep	recovery	False	True
6243.21935	0.0003999999998995918	trials	electrical	biphasic	50	MOs	deep	recovery	False	True
6247.31313	0.0003999999998995918	trials	electrical	biphasic	50	MOs	deep	recovery	False	True
6251.31739	0.0003999999998995918	trials	electrical	biphasic	50	MOs	deep	recovery	False	True
6255.43063	0.0003999999998995918	trials	electrical	biphasic	10	MOs	deep	recovery	False	True
6259.75048	0.0003999999998995918	trials	electrical	biphasic	30	MOs	deep	recovery	False	True
6263.78278	0.0003999999998995918	trials	electrical	biphasic	50	MOs	deep	recovery	False	True
6267.48528	0.0003999999998995918	trials	electrical	biphasic	10	MOs	deep	recovery	False	True
6271.4396	0.0003999999998995918	trials	electrical	biphasic	30	MOs	deep	recovery	False	True
6275.36794	0.0003999999998995918	trials	electrical	biphasic	30	MOs	deep	recovery	False	True
6279.83443	0.0003999999998995918	trials	electrical	biphasic	10	MOs	deep	recovery	False	True
6283.95491	0.0003999999998995918	trials	electrical	biphasic	10	MOs	deep	recovery	False	True
6288.150729999999	0.0003999999980806024	trials	electrical	biphasic	50	MOs	deep	recovery	False	True
6292.37131	0.0003999999998995918	trials	electrical	biphasic	10	MOs	deep	recovery	False	True
6296.218629999999	0.0003999999980806024	trials	electrical	biphasic	10	MOs	deep	recovery	False	True
6300.23606	0.0003999999998995918	trials	electrical	biphasic	50	MOs	deep	recovery	True	True
6304.29318	0.0003999999998995918	trials	electrical	biphasic	10	MOs	deep	recovery	False	True
6307.9501	0.0003999999998995918	trials	electrical	biphasic	30	MOs	deep	recovery	False	True
6312.01258	0.0004000000008090865	trials	electrical	biphasic	50	MOs	deep	recovery	False	True
6316.2078	0.0003999999998995918	trials	electrical	biphasic	50	MOs	deep	recovery	False	True
6320.13468	0.0003999999998995918	trials	electrical	biphasic	50	MOs	deep	recovery	False	True
6324.47139	0.0003999999998995918	trials	electrical	biphasic	50	MOs	deep	recovery	False	True
6328.70319	0.0003999999998995918	trials	electrical	biphasic	30	MOs	deep	recovery	False	True
6332.56365	0.0003999999998995918	trials	electrical	biphasic	30	MOs	deep	recovery	False	True
6336.51829	0.0003999999998995918	trials	electrical	biphasic	50	MOs	deep	recovery	False	True
6340.40511	0.0004000000017185812	trials	electrical	biphasic	50	MOs	deep	recovery	False	True
6344.6811	0.0003999999998995918	trials	electrical	biphasic	10	MOs	deep	recovery	False	True
6348.9158	0.0003999999998995918	trials	electrical	biphasic	50	MOs	deep	recovery	False	True
6352.8465	0.0003999999998995918	trials	electrical	biphasic	50	MOs	deep	recovery	False	True
6357.04068	0.0003999999998995918	trials	electrical	biphasic	30	MOs	deep	recovery	True	True
6361.48633	0.0003999999998995918	trials	electrical	biphasic	30	MOs	deep	recovery	True	True
6365.77099	0.0003999999998995918	trials	electrical	biphasic	50	MOs	deep	recovery	True	True
6369.97699	0.0003999999998995918	trials	electrical	biphasic	30	MOs	deep	recovery	True	True
6373.58675	0.0003999999998995918	trials	electrical	biphasic	10	MOs	deep	recovery	True	True
6377.47711	0.0003999999998995918	trials	electrical	biphasic	30	MOs	deep	recovery	True	True
6381.56844	0.0003999999998995918	trials	electrical	biphasic	50	MOs	deep	recovery	True	True
6385.52824	0.0004000000008090865	trials	electrical	biphasic	50	MOs	deep	recovery	True	True
6389.079000000002	0.0003999999971711077	trials	electrical	biphasic	30	MOs	deep	recovery	False	True
6392.8081	0.0003999999998995918	trials	electrical	biphasic	50	MOs	deep	recovery	False	True
6397.1427	0.0003999999998995918	trials	electrical	biphasic	50	MOs	deep	recovery	True	True
6400.65876	0.0003999999998995918	trials	electrical	biphasic	10	MOs	deep	recovery	True	True
6405.0229	0.0003999999998995918	trials	electrical	biphasic	50	MOs	deep	recovery	True	True
6460.49058	0.24963000000025204	trials	visual	white circle	n/a	n/a	n/a	recovery	True	True
6464.79418	0.24963000000025204	trials	visual	white circle	n/a	n/a	n/a	recovery	True	True
6469.1144799999975	0.249590000003991	trials	visual	white circle	n/a	n/a	n/a	recovery	True	True
6473.15117	0.2496000000001004	trials	visual	white circle	n/a	n/a	n/a	recovery	True	True
6477.07108	0.2496400000027279	trials	visual	white circle	n/a	n/a	n/a	recovery	True	True
6481.27462	0.2496099999998478	trials	visual	white circle	n/a	n/a	n/a	recovery	True	True
6485.32802	0.24962000000050466	trials	visual	white circle	n/a	n/a	n/a	recovery	True	True
6489.648270000002	0.24961999999777618	trials	visual	white circle	n/a	n/a	n/a	recovery	True	True
6493.4181	0.2496000000001004	trials	visual	white circle	n/a	n/a	n/a	recovery	True	True
6497.22128	0.2496099999998478	trials	visual	white circle	n/a	n/a	n/a	recovery	True	True
6501.49151	0.2496000000001004	trials	visual	white circle	n/a	n/a	n/a	recovery	True	True
6506.11204	0.24958000000242464	trials	visual	white circle	n/a	n/a	n/a	recovery	True	True
6510.16544	0.2496000000001004	trials	visual	white circle	n/a	n/a	n/a	recovery	False	True
6514.65248	0.24963000000025204	trials	visual	white circle	n/a	n/a	n/a	recovery	False	True
6519.35643	0.24962000000050466	trials	visual	white circle	n/a	n/a	n/a	recovery	False	True
6524.01032	0.24961999999959517	trials	visual	white circle	n/a	n/a	n/a	recovery	False	True
6527.76344	0.2496099999998478	trials	visual	white circle	n/a	n/a	n/a	recovery	False	True
6532.20046	0.2496499999997468	trials	visual	white circle	n/a	n/a	n/a	recovery	True	True
6536.17047	0.2496099999998478	trials	visual	white circle	n/a	n/a	n/a	recovery	True	True
6540.72429	0.2496000000001004	trials	visual	white circle	n/a	n/a	n/a	recovery	True	True
6544.71096	0.24961999999959517	trials	visual	white circle	n/a	n/a	n/a	recovery	False	True
6548.6809200000025	0.24962999999752356	trials	visual	white circle	n/a	n/a	n/a	recovery	False	True
6552.46743	0.24962000000050466	trials	visual	white circle	n/a	n/a	n/a	recovery	False	True
6556.50415	0.24961000000166678	trials	visual	white circle	n/a	n/a	n/a	recovery	False	True
6560.29065	0.2496099999998478	trials	visual	white circle	n/a	n/a	n/a	recovery	False	True
6564.527520000002	0.24961999999777618	trials	visual	white circle	n/a	n/a	n/a	recovery	False	True
6569.24811	0.24961999999959517	trials	visual	white circle	n/a	n/a	n/a	recovery	False	True
6573.11804	0.2662899999995716	trials	visual	white circle	n/a	n/a	n/a	recovery	True	True
6577.438310000001	0.24961999999868567	trials	visual	white circle	n/a	n/a	n/a	recovery	True	True
6582.05884	0.24961000000075728	trials	visual	white circle	n/a	n/a	n/a	recovery	True	True
6586.74609	0.24963000000025204	trials	visual	white circle	n/a	n/a	n/a	recovery	True	True
6590.499229999999	0.24963000000025204	trials	visual	white circle	n/a	n/a	n/a	recovery	True	True
6594.619360000002	0.24959999999737192	trials	visual	white circle	n/a	n/a	n/a	recovery	False	True
6599.17317	0.2496099999998478	trials	visual	white circle	n/a	n/a	n/a	recovery	False	True
6603.49343	0.24962999999934254	trials	visual	white circle	n/a	n/a	n/a	recovery	False	True
6607.36334	0.24962000000050466	trials	visual	white circle	n/a	n/a	n/a	recovery	False	True
6611.68363	0.2495999999991909	trials	visual	white circle	n/a	n/a	n/a	recovery	True	True
6615.88714	0.24962000000050466	trials	visual	white circle	n/a	n/a	n/a	recovery	True	True
6619.65697	0.2496000000001004	trials	visual	white circle	n/a	n/a	n/a	recovery	True	True
6623.99393	0.24961000000075728	trials	visual	white circle	n/a	n/a	n/a	recovery	False	True
6628.39759	0.24963000000298052	trials	visual	white circle	n/a	n/a	n/a	recovery	False	True
6633.0348	0.2496499999997468	trials	visual	white circle	n/a	n/a	n/a	recovery	False	True
6636.98811	0.24963999999999942	trials	visual	white circle	n/a	n/a	n/a	recovery	False	True
6640.99148	0.24961000000075728	trials	visual	white circle	n/a	n/a	n/a	recovery	False	True
6645.12826	0.2496099999998478	trials	visual	white circle	n/a	n/a	n/a	recovery	False	True
6649.7488200000025	0.24962999999752356	trials	visual	white circle	n/a	n/a	n/a	recovery	False	True
6653.66877	0.2496000000001004	trials	visual	white circle	n/a	n/a	n/a	recovery	False	True
6657.68878	0.24963999999999942	trials	visual	white circle	n/a	n/a	n/a	recovery	False	True
6662.12582	0.2663199999997232	trials	visual	white circle	n/a	n/a	n/a	recovery	False	True
6666.729670000002	0.24963999999727093	trials	visual	white circle	n/a	n/a	n/a	recovery	False	True
6671.016610000002	0.2496199999950477	trials	visual	white circle	n/a	n/a	n/a	recovery	False	True
6675.18677	0.2496099999998478	trials	visual	white circle	n/a	n/a	n/a	recovery	False	True
6678.97327	0.24961999999959517	trials	visual	white circle	n/a	n/a	n/a	recovery	False	True
6683.4937	0.24963999999999942	trials	visual	white circle	n/a	n/a	n/a	recovery	False	True
6687.34695	0.24962000000232365	trials	visual	white circle	n/a	n/a	n/a	recovery	False	True
6691.76733	0.24961000000075728	trials	visual	white circle	n/a	n/a	n/a	recovery	False	True
6695.804020000001	0.24962999999843305	trials	visual	white circle	n/a	n/a	n/a	recovery	False	True
6699.990870000001	0.2496099999989383	trials	visual	white circle	n/a	n/a	n/a	recovery	False	True
6703.7773700000025	0.2496099999971193	trials	visual	white circle	n/a	n/a	n/a	recovery	False	True
6708.18104	0.24963999999999942	trials	visual	white circle	n/a	n/a	n/a	recovery	False	True
6712.801579999999	0.24963000000025204	trials	visual	white circle	n/a	n/a	n/a	recovery	False	True
6717.322040000001	0.2496099999989383	trials	visual	white circle	n/a	n/a	n/a	recovery	False	True
6721.80913	0.24962999999934254	trials	visual	white circle	n/a	n/a	n/a	recovery	False	True
6725.862529999999	0.24962000000050466	trials	visual	white circle	n/a	n/a	n/a	recovery	False	True
6730.33293	0.2496000000001004	trials	visual	white circle	n/a	n/a	n/a	recovery	False	True
6734.352959999997	0.2496400000027279	trials	visual	white circle	n/a	n/a	n/a	recovery	False	True
6738.589840000002	0.24963999999727093	trials	visual	white circle	n/a	n/a	n/a	recovery	False	True
6743.24375	0.24961000000075728	trials	visual	white circle	n/a	n/a	n/a	recovery	False	True
6747.597379999997	0.24963000000298052	trials	visual	white circle	n/a	n/a	n/a	recovery	False	True
6751.8009	0.24963999999999942	trials	visual	white circle	n/a	n/a	n/a	recovery	False	True
6755.82093	0.24962999999934254	trials	visual	white circle	n/a	n/a	n/a	recovery	False	True
6760.29135	0.24963999999999942	trials	visual	white circle	n/a	n/a	n/a	recovery	False	True
6764.74509	0.2496099999998478	trials	visual	white circle	n/a	n/a	n/a	recovery	False	True
6768.73176	0.24961000000075728	trials	visual	white circle	n/a	n/a	n/a	recovery	False	True
6772.6183299999975	0.24962000000232365	trials	visual	white circle	n/a	n/a	n/a	recovery	False	True
6776.52162	0.2496000000010099	trials	visual	white circle	n/a	n/a	n/a	recovery	False	True
6780.725140000001	0.2496099999989383	trials	visual	white circle	n/a	n/a	n/a	recovery	False	True
6784.72848	0.24961000000166678	trials	visual	white circle	n/a	n/a	n/a	recovery	False	True
6788.49829	0.2496099999998478	trials	visual	white circle	n/a	n/a	n/a	recovery	False	True
6792.2848	0.24963999999999942	trials	visual	white circle	n/a	n/a	n/a	recovery	False	True
6796.104659999999	0.2496500000006563	trials	visual	white circle	n/a	n/a	n/a	recovery	False	True
6800.67514	0.2496500000006563	trials	visual	white circle	n/a	n/a	n/a	recovery	False	True
6804.4783700000025	0.2496099999971193	trials	visual	white circle	n/a	n/a	n/a	recovery	False	True
6809.0988700000025	0.24963999999727093	trials	visual	white circle	n/a	n/a	n/a	recovery	False	True
6813.18562	0.24963000000025204	trials	visual	white circle	n/a	n/a	n/a	recovery	False	True
6817.138940000003	0.2663299999976516	trials	visual	white circle	n/a	n/a	n/a	recovery	False	True
6821.02555	0.24961999999959517	trials	visual	white circle	n/a	n/a	n/a	recovery	False	True
6824.9288	0.2496400000027279	trials	visual	white circle	n/a	n/a	n/a	recovery	False	True
6829.465929999999	0.2496400000009089	trials	visual	white circle	n/a	n/a	n/a	recovery	False	True
6833.48595	0.24965999999949418	trials	visual	white circle	n/a	n/a	n/a	recovery	False	True
6837.4726299999975	0.24965000000247528	trials	visual	white circle	n/a	n/a	n/a	recovery	False	True
6842.02643	0.24966000000040367	trials	visual	white circle	n/a	n/a	n/a	recovery	False	True
6846.17995	0.24963000000025204	trials	visual	white circle	n/a	n/a	n/a	recovery	False	True
6850.8338	0.2496499999997468	trials	visual	white circle	n/a	n/a	n/a	recovery	False	True
6854.78712	0.24965999999949418	trials	visual	white circle	n/a	n/a	n/a	recovery	False	True
6859.00733	0.2496499999997468	trials	visual	white circle	n/a	n/a	n/a	recovery	False	True
6863.57782	0.24962999999934254	trials	visual	white circle	n/a	n/a	n/a	recovery	False	True
6867.64791	0.24963999999999942	trials	visual	white circle	n/a	n/a	n/a	recovery	False	True
6871.601220000001	0.24963999999818043	trials	visual	white circle	n/a	n/a	n/a	recovery	False	True
6875.888140000001	0.24963999999908992	trials	visual	white circle	n/a	n/a	n/a	recovery	False	True
6880.52534	0.24963999999999942	trials	visual	white circle	n/a	n/a	n/a	recovery	True	True
6884.51202	0.2496499999997468	trials	visual	white circle	n/a	n/a	n/a	recovery	True	True
6888.88236	0.24963000000116153	trials	visual	white circle	n/a	n/a	n/a	recovery	True	True
6893.552940000001	0.24961999999777618	trials	visual	white circle	n/a	n/a	n/a	recovery	True	True
6897.57296	0.24963000000207103	trials	visual	white circle	n/a	n/a	n/a	recovery	True	True
6902.143440000003	0.2496499999988373	trials	visual	white circle	n/a	n/a	n/a	recovery	False	True
6906.39701	0.24963999999999942	trials	visual	white circle	n/a	n/a	n/a	recovery	False	True
6910.767370000001	0.2496099999980288	trials	visual	white circle	n/a	n/a	n/a	recovery	False	True
6914.95418	0.24967999999989843	trials	visual	white circle	n/a	n/a	n/a	recovery	False	True
6918.724009999999	0.24963000000116153	trials	visual	white circle	n/a	n/a	n/a	recovery	True	True
6922.99427	0.24963000000025204	trials	visual	white circle	n/a	n/a	n/a	recovery	True	True
6927.548059999999	0.2496400000009089	trials	visual	white circle	n/a	n/a	n/a	recovery	True	True
6931.801640000002	0.24963999999727093	trials	visual	white circle	n/a	n/a	n/a	recovery	False	True
6935.80498	0.24963999999999942	trials	visual	white circle	n/a	n/a	n/a	recovery	False	True
6939.658190000001	0.24965999999858468	trials	visual	white circle	n/a	n/a	n/a	recovery	False	True
6944.27875	0.24962999999934254	trials	visual	white circle	n/a	n/a	n/a	recovery	False	True
6948.74915	0.2496400000027279	trials	visual	white circle	n/a	n/a	n/a	recovery	True	True
6952.9193099999975	0.24963000000389002	trials	visual	white circle	n/a	n/a	n/a	recovery	True	True
6957.37304	0.24965999999949418	trials	visual	white circle	n/a	n/a	n/a	recovery	False	True
6962.076959999999	0.26634999999805586	trials	visual	white circle	n/a	n/a	n/a	recovery	False	True
7116.42982	0.0003999999998995918	trials	electrical	biphasic	30	MOs	deep	recovery	True	True
7120.341840000001	0.0003999999998995918	trials	electrical	biphasic	10	MOs	deep	recovery	True	True
7124.444909999997	0.0004000000017185812	trials	electrical	biphasic	10	MOs	deep	recovery	True	True
7128.69586	0.0003999999998995918	trials	electrical	biphasic	50	MOs	deep	recovery	True	True
7132.77983	0.0003999999989900971	trials	electrical	biphasic	50	MOs	deep	recovery	True	True
7136.83205	0.0003999999998995918	trials	electrical	biphasic	50	MOs	deep	recovery	True	True
7140.91606	0.0004000000008090865	trials	electrical	biphasic	30	MOs	deep	recovery	True	True
7144.9283099999975	0.0004000000017185812	trials	electrical	biphasic	50	MOs	deep	recovery	True	True
7148.5113299999975	0.0003999999998995918	trials	electrical	biphasic	50	MOs	deep	recovery	True	True
7152.73134	0.0003999999998995918	trials	electrical	biphasic	30	MOs	deep	recovery	False	True
7157.22793	0.0003999999998995918	trials	electrical	biphasic	30	MOs	deep	recovery	False	True
7161.082890000002	0.0003999999989900971	trials	electrical	biphasic	50	MOs	deep	recovery	True	True
7165.55458	0.0003999999998995918	trials	electrical	biphasic	50	MOs	deep	recovery	True	True
7169.40145	0.0003999999998995918	trials	electrical	biphasic	10	MOs	deep	recovery	True	True
7173.78842	0.0004000000026280759	trials	electrical	biphasic	10	MOs	deep	recovery	True	True
7177.74354	0.0003999999998995918	trials	electrical	biphasic	10	MOs	deep	recovery	True	True
7181.65739	0.0003999999998995918	trials	electrical	biphasic	10	MOs	deep	recovery	True	True
7185.37555	0.0003999999998995918	trials	electrical	biphasic	10	MOs	deep	recovery	True	True
7189.00164	0.0003999999998995918	trials	electrical	biphasic	30	MOs	deep	recovery	True	True
7192.8109799999975	0.0004000000026280759	trials	electrical	biphasic	50	MOs	deep	recovery	True	True
7197.037509999999	0.0003999999998995918	trials	electrical	biphasic	10	MOs	deep	recovery	False	True
7201.32082	0.0004000000026280759	trials	electrical	biphasic	10	MOs	deep	recovery	True	True
7205.51503	0.0004000000008090865	trials	electrical	biphasic	50	MOs	deep	recovery	True	True
7209.02525	0.0003999999998995918	trials	electrical	biphasic	50	MOs	deep	recovery	True	True
7213.3689	0.0003999999998995918	trials	electrical	biphasic	10	MOs	deep	recovery	False	True
7217.79167	0.0004000000008090865	trials	electrical	biphasic	10	MOs	deep	recovery	False	True
7222.063059999998	0.0003999999998995918	trials	electrical	biphasic	30	MOs	deep	recovery	False	True
7225.606140000001	0.0004000000008090865	trials	electrical	biphasic	30	MOs	deep	recovery	False	True
7229.48475	0.0004000000008090865	trials	electrical	biphasic	10	MOs	deep	recovery	True	True
7233.68952	0.0004000000017185812	trials	electrical	biphasic	10	MOs	deep	recovery	True	True
7237.919459999999	0.0003999999998995918	trials	electrical	biphasic	10	MOs	deep	recovery	True	True
7241.64417	0.0004000000008090865	trials	electrical	biphasic	50	MOs	deep	recovery	True	True
7245.41365	0.0003999999998995918	trials	electrical	biphasic	50	MOs	deep	recovery	True	True
7249.58712	0.0003999999998995918	trials	electrical	biphasic	10	MOs	deep	recovery	False	True
7253.56505	0.0003999999998995918	trials	electrical	biphasic	10	MOs	deep	recovery	True	True
7257.6892	0.0003999999998995918	trials	electrical	biphasic	10	MOs	deep	recovery	False	True
7261.42606	0.0003999999998995918	trials	electrical	biphasic	30	MOs	deep	recovery	False	True
7265.103609999999	0.0003999999998995918	trials	electrical	biphasic	10	MOs	deep	recovery	False	True
7269.43368	0.0003999999998995918	trials	electrical	biphasic	30	MOs	deep	recovery	False	True
7273.70102	0.0003999999998995918	trials	electrical	biphasic	30	MOs	deep	recovery	False	True
7278.135929999998	0.0003999999989900971	trials	electrical	biphasic	10	MOs	deep	recovery	False	True
7281.744240000001	0.0003999999998995918	trials	electrical	biphasic	10	MOs	deep	recovery	False	True
7285.42688	0.0003999999998995918	trials	electrical	biphasic	10	MOs	deep	recovery	False	True
7289.026409999998	0.0003999999998995918	trials	electrical	biphasic	10	MOs	deep	recovery	True	True
7293.01659	0.0004000000008090865	trials	electrical	biphasic	10	MOs	deep	recovery	True	True
7296.71026	0.0003999999998995918	trials	electrical	biphasic	30	MOs	deep	recovery	False	True
7301.10659	0.0003999999998995918	trials	electrical	biphasic	50	MOs	deep	recovery	True	True
7304.706109999999	0.0003999999998995918	trials	electrical	biphasic	30	MOs	deep	recovery	True	True
7308.2507	0.0004000000008090865	trials	electrical	biphasic	10	MOs	deep	recovery	True	True
7312.30842	0.0003999999998995918	trials	electrical	biphasic	30	MOs	deep	recovery	False	True
7316.58135	0.0003999999998995918	trials	electrical	biphasic	10	MOs	deep	recovery	False	True
7320.39372	0.0003999999998995918	trials	electrical	biphasic	30	MOs	deep	recovery	False	True
7324.07312	0.0003999999998995918	trials	electrical	biphasic	10	MOs	deep	recovery	False	True
7327.912509999999	0.0003999999998995918	trials	electrical	biphasic	50	MOs	deep	recovery	False	True
7331.623070000002	0.0003999999980806024	trials	electrical	biphasic	30	MOs	deep	recovery	True	True
7335.633659999998	0.0003999999998995918	trials	electrical	biphasic	30	MOs	deep	recovery	True	True
7340.04045	0.0003999999998995918	trials	electrical	biphasic	30	MOs	deep	recovery	True	True
7344.1698	0.0003999999998995918	trials	electrical	biphasic	10	MOs	deep	recovery	True	True
7347.77176	0.0003999999980806024	trials	electrical	biphasic	30	MOs	deep	recovery	True	True
7351.66305	0.0003999999998995918	trials	electrical	biphasic	10	MOs	deep	recovery	False	True
7355.21809	0.0003999999998995918	trials	electrical	biphasic	10	MOs	deep	recovery	False	True
7359.2198	0.0003999999998995918	trials	electrical	biphasic	30	MOs	deep	recovery	False	True
7363.15195	0.0003999999998995918	trials	electrical	biphasic	50	MOs	deep	recovery	True	True
7367.64994	0.0003999999998995918	trials	electrical	biphasic	30	MOs	deep	recovery	True	True
7371.96197	0.0003999999998995918	trials	electrical	biphasic	50	MOs	deep	recovery	True	True
7375.94805	0.0003999999998995918	trials	electrical	biphasic	10	MOs	deep	recovery	False	True
7380.34292	0.0003999999998995918	trials	electrical	biphasic	30	MOs	deep	recovery	False	True
7383.980890000003	0.0003999999998995918	trials	electrical	biphasic	30	MOs	deep	recovery	False	True
7387.871309999998	0.0003999999998995918	trials	electrical	biphasic	30	MOs	deep	recovery	False	True
7392.2991	0.0003999999998995918	trials	electrical	biphasic	50	MOs	deep	recovery	False	True
7396.71703	0.0003999999998995918	trials	electrical	biphasic	30	MOs	deep	recovery	False	True
7400.93104	0.0003999999998995918	trials	electrical	biphasic	30	MOs	deep	recovery	False	True
7405.049809999998	0.0003999999998995918	trials	electrical	biphasic	30	MOs	deep	recovery	False	True
7408.893509999999	0.0004000000008090865	trials	electrical	biphasic	30	MOs	deep	recovery	False	True
7413.329959999999	0.0003999999998995918	trials	electrical	biphasic	30	MOs	deep	recovery	False	True
7416.95517	0.0003999999998995918	trials	electrical	biphasic	10	MOs	deep	recovery	False	True
7421.18618	0.0003999999998995918	trials	electrical	biphasic	50	MOs	deep	recovery	False	True
7425.333090000001	0.0003999999998995918	trials	electrical	biphasic	10	MOs	deep	recovery	False	True
7429.66667	0.00040999999782798113	trials	electrical	biphasic	50	MOs	deep	recovery	True	True
7433.56538	0.0003999999998995918	trials	electrical	biphasic	50	MOs	deep	recovery	True	True
7437.81563	0.0003999999998995918	trials	electrical	biphasic	50	MOs	deep	recovery	True	True
7442.15128	0.0003999999998995918	trials	electrical	biphasic	50	MOs	deep	recovery	True	True
7445.97417	0.0003999999998995918	trials	electrical	biphasic	10	MOs	deep	recovery	True	True
7450.02685	0.0003999999998995918	trials	electrical	biphasic	30	MOs	deep	recovery	False	True
7454.5064	0.0003999999998995918	trials	electrical	biphasic	30	MOs	deep	recovery	False	True
7458.55613	0.0003999999998995918	trials	electrical	biphasic	30	MOs	deep	recovery	False	True
7462.386979999997	0.0004000000035375706	trials	electrical	biphasic	10	MOs	deep	recovery	False	True
7466.50688	0.0003999999998995918	trials	electrical	biphasic	10	MOs	deep	recovery	False	True
7470.36795	0.0003999999998995918	trials	electrical	biphasic	10	MOs	deep	recovery	False	True
7474.6249	0.0003999999998995918	trials	electrical	biphasic	10	MOs	deep	recovery	False	True
7478.539229999998	0.0003999999989900971	trials	electrical	biphasic	30	MOs	deep	recovery	False	True
7482.53199	0.0003999999998995918	trials	electrical	biphasic	30	MOs	deep	recovery	False	True
7486.727159999998	0.0003999999989900971	trials	electrical	biphasic	10	MOs	deep	recovery	False	True
7491.20033	0.0003999999998995918	trials	electrical	biphasic	30	MOs	deep	recovery	False	True
7495.02852	0.0004000000017185812	trials	electrical	biphasic	50	MOs	deep	recovery	False	True
7499.36675	0.0003999999998995918	trials	electrical	biphasic	50	MOs	deep	recovery	False	True
7503.60626	0.0003999999980806024	trials	electrical	biphasic	50	MOs	deep	recovery	False	True
7508.06087	0.0003999999998995918	trials	electrical	biphasic	50	MOs	deep	recovery	False	True
7511.593209999999	0.0003999999998995918	trials	electrical	biphasic	50	MOs	deep	recovery	False	True
7515.4505	0.0003999999998995918	trials	electrical	biphasic	10	MOs	deep	recovery	False	True
7519.613579999997	0.0004000000035375706	trials	electrical	biphasic	10	MOs	deep	recovery	True	True
7523.395509999998	0.0003999999989900971	trials	electrical	biphasic	10	MOs	deep	recovery	True	True
7527.12632	0.0003999999998995918	trials	electrical	biphasic	30	MOs	deep	recovery	True	True
7531.33786	0.0003999999980806024	trials	electrical	biphasic	10	MOs	deep	recovery	True	True
7535.46287	0.0003999999998995918	trials	electrical	biphasic	50	MOs	deep	recovery	True	True
7539.5539	0.0003999999998995918	trials	electrical	biphasic	50	MOs	deep	recovery	True	True
7543.71477	0.0004000000008090865	trials	electrical	biphasic	30	MOs	deep	recovery	True	True
7547.26275	0.0003999999998995918	trials	electrical	biphasic	50	MOs	deep	recovery	False	True
7551.111959999997	0.0004000000017185812	trials	electrical	biphasic	50	MOs	deep	recovery	False	True
7555.06373	0.0003999999998995918	trials	electrical	biphasic	30	MOs	deep	recovery	False	True
7558.80505	0.0003999999998995918	trials	electrical	biphasic	50	MOs	deep	recovery	False	True
7563.02052	0.0003999999998995918	trials	electrical	biphasic	30	MOs	deep	recovery	False	True
7567.37713	0.0003999999998995918	trials	electrical	biphasic	30	MOs	deep	recovery	False	True
7571.15905	0.0003999999998995918	trials	electrical	biphasic	50	MOs	deep	recovery	False	True
7575.39054	0.0003999999998995918	trials	electrical	biphasic	10	MOs	deep	recovery	True	True
7579.02873	0.0003999999998995918	trials	electrical	biphasic	30	MOs	deep	recovery	True	True
7583.365879999998	0.0003999999989900971	trials	electrical	biphasic	30	MOs	deep	recovery	True	True
7587.0049	0.0003999999998995918	trials	electrical	biphasic	10	MOs	deep	recovery	True	True
7591.09353	0.0003999999998995918	trials	electrical	biphasic	10	MOs	deep	recovery	True	True
7594.960120000002	0.0003999999980806024	trials	electrical	biphasic	30	MOs	deep	recovery	False	True
7599.267309999997	0.0004000000017185812	trials	electrical	biphasic	50	MOs	deep	recovery	False	True
7603.27151	0.0003999999980806024	trials	electrical	biphasic	10	MOs	deep	recovery	False	True
7607.26154	0.0003999999998995918	trials	electrical	biphasic	10	MOs	deep	recovery	False	True
7611.639009999999	0.0004000000008090865	trials	electrical	biphasic	30	MOs	deep	recovery	False	True
7615.49258	0.0003999999998995918	trials	electrical	biphasic	10	MOs	deep	recovery	False	True
7619.442440000002	0.0004000000008090865	trials	electrical	biphasic	10	MOs	deep	recovery	False	True
7623.90641	0.0003999999980806024	trials	electrical	biphasic	30	MOs	deep	recovery	True	True
7627.449140000002	0.0003999999971711077	trials	electrical	biphasic	30	MOs	deep	recovery	True	True
7631.92253	0.0003999999998995918	trials	electrical	biphasic	30	MOs	deep	recovery	True	True
7635.61215	0.0003999999998995918	trials	electrical	biphasic	50	MOs	deep	recovery	True	True
7639.7797	0.0003999999998995918	trials	electrical	biphasic	30	MOs	deep	recovery	True	True
7643.86657	0.0003999999998995918	trials	electrical	biphasic	30	MOs	deep	recovery	False	True
7648.04212	0.0003999999998995918	trials	electrical	biphasic	50	MOs	deep	recovery	False	True
7651.90356	0.0003999999998995918	trials	electrical	biphasic	10	MOs	deep	recovery	False	True
7656.02427	0.0004000000017185812	trials	electrical	biphasic	10	MOs	deep	recovery	True	True
7660.335859999999	0.0003999999998995918	trials	electrical	biphasic	30	MOs	deep	recovery	True	True
7663.85554	0.0004000000008090865	trials	electrical	biphasic	10	MOs	deep	recovery	True	True
7667.43985	0.0003999999998995918	trials	electrical	biphasic	50	MOs	deep	recovery	True	True
7671.91508	0.0003999999998995918	trials	electrical	biphasic	10	MOs	deep	recovery	True	True
7676.066870000002	0.0003999999971711077	trials	electrical	biphasic	10	MOs	deep	recovery	True	True
7679.79853	0.0003999999998995918	trials	electrical	biphasic	50	MOs	deep	recovery	True	True
7683.702459999998	0.0003999999998995918	trials	electrical	biphasic	30	MOs	deep	recovery	True	True
7687.3249	0.0004000000008090865	trials	electrical	biphasic	50	MOs	deep	recovery	True	True
7691.09377	0.0003999999998995918	trials	electrical	biphasic	50	MOs	deep	recovery	True	True
7694.852040000002	0.0004000000008090865	trials	electrical	biphasic	30	MOs	deep	recovery	True	True
7698.68412	0.0004000000017185812	trials	electrical	biphasic	10	MOs	deep	recovery	True	True
7702.33679	0.0003999999998995918	trials	electrical	biphasic	10	MOs	deep	recovery	True	True
7706.18521	0.0003999999980806024	trials	electrical	biphasic	10	MOs	deep	recovery	True	True
7709.8073	0.0003999999998995918	trials	electrical	biphasic	10	MOs	deep	recovery	True	True
7714.191890000001	0.0003999999998995918	trials	electrical	biphasic	50	MOs	deep	recovery	True	True
7717.786590000002	0.0003999999971711077	trials	electrical	biphasic	50	MOs	deep	recovery	True	True
7722.217059999999	0.0004000000008090865	trials	electrical	biphasic	30	MOs	deep	recovery	True	True
7726.11651	0.0003999999998995918	trials	electrical	biphasic	50	MOs	deep	recovery	True	True
7729.66433	0.0003999999980806024	trials	electrical	biphasic	50	MOs	deep	recovery	True	True
7733.507140000002	0.0003999999971711077	trials	electrical	biphasic	50	MOs	deep	recovery	True	True
7737.74353	0.0003999999998995918	trials	electrical	biphasic	10	MOs	deep	recovery	False	True
7742.038640000002	0.0004000000008090865	trials	electrical	biphasic	50	MOs	deep	recovery	True	True
7746.083959999999	0.0004000000008090865	trials	electrical	biphasic	30	MOs	deep	recovery	True	True
7750.27061	0.0003999999980806024	trials	electrical	biphasic	10	MOs	deep	recovery	True	True
7754.66468	0.0003999999998995918	trials	electrical	biphasic	30	MOs	deep	recovery	True	True
7758.21991	0.0003999999998995918	trials	electrical	biphasic	50	MOs	deep	recovery	True	True
7762.023990000002	0.0003999999971711077	trials	electrical	biphasic	30	MOs	deep	recovery	False	True
7765.57062	0.0003999999998995918	trials	electrical	biphasic	30	MOs	deep	recovery	False	True
7769.26652	0.0003999999998995918	trials	electrical	biphasic	10	MOs	deep	recovery	False	True
7773.487109999999	0.0003999999998995918	trials	electrical	biphasic	50	MOs	deep	recovery	True	True
7777.7093	0.0003999999998995918	trials	electrical	biphasic	50	MOs	deep	recovery	True	True
7782.08753	0.0003999999998995918	trials	electrical	biphasic	50	MOs	deep	recovery	True	True
7786.1704	0.0003999999998995918	trials	electrical	biphasic	50	MOs	deep	recovery	True	True
7789.7415	0.0003999999998995918	trials	electrical	biphasic	30	MOs	deep	recovery	True	True
7794.16467	0.0003999999998995918	trials	electrical	biphasic	30	MOs	deep	recovery	True	True
7798.46548	0.0003999999998995918	trials	electrical	biphasic	30	MOs	deep	recovery	False	True
7802.25185	0.0003999999998995918	trials	electrical	biphasic	30	MOs	deep	recovery	False	True
7806.295929999997	0.0004000000035375706	trials	electrical	biphasic	30	MOs	deep	recovery	False	True
7810.781140000001	0.0003999999998995918	trials	electrical	biphasic	30	MOs	deep	recovery	False	True
7814.99725	0.0003999999998995918	trials	electrical	biphasic	30	MOs	deep	recovery	False	True
7819.336659999999	0.0004000000008090865	trials	electrical	biphasic	50	MOs	deep	recovery	False	True
7823.27035	0.0003999999998995918	trials	electrical	biphasic	10	MOs	deep	recovery	True	True
7827.2414	0.0003999999998995918	trials	electrical	biphasic	50	MOs	deep	recovery	True	True
7831.302540000002	0.0003999999971711077	trials	electrical	biphasic	50	MOs	deep	recovery	True	True
7835.07207	0.0003999999998995918	trials	electrical	biphasic	30	MOs	deep	recovery	True	True
7839.32152	0.0003999999998995918	trials	electrical	biphasic	30	MOs	deep	recovery	True	True
7843.32582	0.0003999999998995918	trials	electrical	biphasic	10	MOs	deep	recovery	True	True
7847.47307	0.0003999999998995918	trials	electrical	biphasic	30	MOs	deep	recovery	True	True
7851.28124	0.0003999999998995918	trials	electrical	biphasic	30	MOs	deep	recovery	False	True
7854.92038	0.0003999999980806024	trials	electrical	biphasic	10	MOs	deep	recovery	False	True
7858.896390000001	0.0004000000008090865	trials	electrical	biphasic	10	MOs	deep	recovery	False	True
7862.759279999997	0.0004000000035375706	trials	electrical	biphasic	10	MOs	deep	recovery	False	True
7867.047829999998	0.0003999999998995918	trials	electrical	biphasic	30	MOs	deep	recovery	False	True
7871.328559999999	0.0004000000008090865	trials	electrical	biphasic	10	MOs	deep	recovery	False	True
7875.4975	0.0003999999998995918	trials	electrical	biphasic	50	MOs	deep	recovery	False	True
7879.131429999998	0.0003999999989900971	trials	electrical	biphasic	30	MOs	deep	recovery	False	True
7882.653409999999	0.0004000000008090865	trials	electrical	biphasic	10	MOs	deep	recovery	False	True
7886.71368	0.0003999999998995918	trials	electrical	biphasic	50	MOs	deep	recovery	False	True
7890.514929999998	0.0003999999998995918	trials	electrical	biphasic	10	MOs	deep	recovery	False	True
7894.95478	0.0003999999998995918	trials	electrical	biphasic	50	MOs	deep	recovery	False	True
7899.43611	0.0003999999980806024	trials	electrical	biphasic	50	MOs	deep	recovery	False	True
7903.22315	0.0003999999998995918	trials	electrical	biphasic	30	MOs	deep	recovery	False	True
7907.5244	0.0003999999998995918	trials	electrical	biphasic	10	MOs	deep	recovery	False	True
7911.92095	0.0003999999998995918	trials	electrical	biphasic	30	MOs	deep	recovery	False	True
7916.0189	0.0003999999998995918	trials	electrical	biphasic	10	MOs	deep	recovery	False	True
7920.40335	0.0004000000008090865	trials	electrical	biphasic	50	MOs	deep	recovery	False	True
7924.84752	0.0003999999998995918	trials	electrical	biphasic	50	MOs	deep	recovery	False	True
7928.897109999999	0.0004000000008090865	trials	electrical	biphasic	30	MOs	deep	recovery	False	True
7933.12591	0.0003999999998995918	trials	electrical	biphasic	50	MOs	deep	recovery	False	True
7937.2031	0.0003999999998995918	trials	electrical	biphasic	10	MOs	deep	recovery	False	True
7940.72939	0.0003999999998995918	trials	electrical	biphasic	10	MOs	deep	recovery	False	True
7944.67635	0.0003999999998995918	trials	electrical	biphasic	30	MOs	deep	recovery	False	True
7948.82308	0.0003999999998995918	trials	electrical	biphasic	10	MOs	deep	recovery	False	True
7952.844709999998	0.0003999999989900971	trials	electrical	biphasic	30	MOs	deep	recovery	False	True
7956.71745	0.0003999999998995918	trials	electrical	biphasic	30	MOs	deep	recovery	False	True
7961.15502	0.0003999999998995918	trials	electrical	biphasic	10	MOs	deep	recovery	False	True
7965.484990000001	0.0004000000017185812	trials	electrical	biphasic	50	MOs	deep	recovery	False	True
7969.8345	0.0003999999998995918	trials	electrical	biphasic	50	MOs	deep	recovery	False	True
7973.70747	0.0003999999998995918	trials	electrical	biphasic	50	MOs	deep	recovery	False	True
7977.801079999997	0.0004000000035375706	trials	electrical	biphasic	10	MOs	deep	recovery	False	True
7982.17407	0.0003999999998995918	trials	electrical	biphasic	10	MOs	deep	recovery	False	True
7986.608	0.0003999999998995918	trials	electrical	biphasic	30	MOs	deep	recovery	False	True
7990.776879999998	0.00041000000328494934	trials	electrical	biphasic	10	MOs	deep	recovery	False	True
7994.484090000001	0.0004000000017185812	trials	electrical	biphasic	10	MOs	deep	recovery	False	True
7998.638379999998	0.0003999999989900971	trials	electrical	biphasic	30	MOs	deep	recovery	False	True
8002.210859999999	0.0003999999998995918	trials	electrical	biphasic	50	MOs	deep	recovery	False	True
8006.118009999999	0.0003999999998995918	trials	electrical	biphasic	10	MOs	deep	recovery	False	True
8010.285379999997	0.0004000000008090865	trials	electrical	biphasic	30	MOs	deep	recovery	True	True
8014.719529999998	0.0003999999989900971	trials	electrical	biphasic	50	MOs	deep	recovery	True	True
8019.03092	0.0003999999998995918	trials	electrical	biphasic	50	MOs	deep	recovery	True	True
8023.01588	0.0003999999998995918	trials	electrical	biphasic	30	MOs	deep	recovery	True	True
8027.27305	0.0003999999998995918	trials	electrical	biphasic	30	MOs	deep	recovery	True	True
8031.19052	0.0003999999998995918	trials	electrical	biphasic	50	MOs	deep	recovery	True	True
8035.66273	0.0003999999998995918	trials	electrical	biphasic	50	MOs	deep	recovery	True	True
8040.151140000001	0.0004000000017185812	trials	electrical	biphasic	10	MOs	deep	recovery	True	True
8044.51571	0.0003999999998995918	trials	electrical	biphasic	50	MOs	deep	recovery	False	True
8048.405009999998	0.0003999999998995918	trials	electrical	biphasic	30	MOs	deep	recovery	True	True
8052.36018	0.0003999999998995918	trials	electrical	biphasic	50	MOs	deep	recovery	True	True
8056.107290000001	0.0004000000017185812	trials	electrical	biphasic	50	MOs	deep	recovery	True	True
8060.392140000001	0.0004000000017185812	trials	electrical	biphasic	10	MOs	deep	recovery	True	True
8064.775409999997	0.0004000000026280759	trials	electrical	biphasic	10	MOs	deep	recovery	True	True
8069.18956	0.0003999999998995918	trials	electrical	biphasic	50	MOs	deep	recovery	True	True
8073.248259999998	0.0003999999989900971	trials	electrical	biphasic	50	MOs	deep	recovery	True	True
8077.34755	0.0003999999998995918	trials	electrical	biphasic	30	MOs	deep	recovery	True	True
8080.99685	0.00040999999873747583	trials	electrical	biphasic	50	MOs	deep	recovery	True	True
8085.397	0.0003999999998995918	trials	electrical	biphasic	10	MOs	deep	recovery	False	True
8089.34783	0.0003999999998995918	trials	electrical	biphasic	30	MOs	deep	recovery	True	True
8093.053940000002	0.0004000000008090865	trials	electrical	biphasic	30	MOs	deep	recovery	True	True
8097.45403	0.0003999999998995918	trials	electrical	biphasic	50	MOs	deep	recovery	True	True
8101.71703	0.00041000000055646524	trials	electrical	biphasic	50	MOs	deep	recovery	True	True
8106.099940000001	0.0003999999998995918	trials	electrical	biphasic	30	MOs	deep	recovery	True	True
8109.88533	0.0003999999998995918	trials	electrical	biphasic	10	MOs	deep	recovery	False	True
8114.05898	0.0003999999998995918	trials	electrical	biphasic	50	MOs	deep	recovery	False	True
8118.223690000002	0.0004000000008090865	trials	electrical	biphasic	30	MOs	deep	recovery	True	True
8121.84693	0.0003999999998995918	trials	electrical	biphasic	10	MOs	deep	recovery	True	True
8125.75468	0.0003999999998995918	trials	electrical	biphasic	50	MOs	deep	recovery	True	True
8129.53038	0.0003999999998995918	trials	electrical	biphasic	30	MOs	deep	recovery	False	True
8133.747490000002	0.0004000000008090865	trials	electrical	biphasic	50	MOs	deep	recovery	False	True
8137.5313	0.0003999999998995918	trials	electrical	biphasic	30	MOs	deep	recovery	False	True
8141.92793	0.0003999999998995918	trials	electrical	biphasic	10	MOs	deep	recovery	False	True
8146.254940000002	0.0004000000008090865	trials	electrical	biphasic	50	MOs	deep	recovery	False	True
8150.14538	0.0003999999998995918	trials	electrical	biphasic	30	MOs	deep	recovery	False	True
8154.143709999998	0.0003999999998995918	trials	electrical	biphasic	10	MOs	deep	recovery	False	True
8158.338940000002	0.0003999999980806024	trials	electrical	biphasic	30	MOs	deep	recovery	False	True
8162.673729999998	0.0003999999998995918	trials	electrical	biphasic	10	MOs	deep	recovery	False	True
8166.78379	0.0003999999998995918	trials	electrical	biphasic	30	MOs	deep	recovery	False	True
8170.85896	0.0003999999980806024	trials	electrical	biphasic	30	MOs	deep	recovery	True	True
8174.685429999998	0.0003999999998995918	trials	electrical	biphasic	30	MOs	deep	recovery	True	True
8178.64227	0.0003999999998995918	trials	electrical	biphasic	30	MOs	deep	recovery	True	True
8182.8565	0.0003999999998995918	trials	electrical	biphasic	30	MOs	deep	recovery	True	True
8187.24133	0.0003999999998995918	trials	electrical	biphasic	10	MOs	deep	recovery	True	True
8191.46262	0.0003999999998995918	trials	electrical	biphasic	50	MOs	deep	recovery	True	True
8194.98166	0.0004000000008090865	trials	electrical	biphasic	10	MOs	deep	recovery	True	True
8199.15687	0.0003999999989900971	trials	electrical	biphasic	30	MOs	deep	recovery	True	True
8203.0958	0.0004000000008090865	trials	electrical	biphasic	50	MOs	deep	recovery	True	True
8207.03404	0.0004000000008090865	trials	electrical	biphasic	50	MOs	deep	recovery	False	True
8210.65151	0.0003999999989900971	trials	electrical	biphasic	10	MOs	deep	recovery	True	True
8214.966620000001	0.0003999999989900971	trials	electrical	biphasic	50	MOs	deep	recovery	True	True
8218.7919	0.0003999999989900971	trials	electrical	biphasic	10	MOs	deep	recovery	True	True
8222.53855	0.0004000000008090865	trials	electrical	biphasic	10	MOs	deep	recovery	False	True
8226.38169	0.0004000000008090865	trials	electrical	biphasic	10	MOs	deep	recovery	False	True
8230.25782	0.0003999999989900971	trials	electrical	biphasic	10	MOs	deep	recovery	False	True
8234.30481	0.0003999999989900971	trials	electrical	biphasic	30	MOs	deep	recovery	False	True
8238.36715	0.00040999999873747583	trials	electrical	biphasic	10	MOs	deep	recovery	False	True
8242.2634	0.0004000000008090865	trials	electrical	biphasic	30	MOs	deep	recovery	False	True
8246.161970000001	0.0003999999989900971	trials	electrical	biphasic	30	MOs	deep	recovery	False	True
8250.17775	0.0003999999989900971	trials	electrical	biphasic	10	MOs	deep	recovery	False	True
8254.335720000001	0.0003999999989900971	trials	electrical	biphasic	50	MOs	deep	recovery	False	True
8258.78707	0.0004000000008090865	trials	electrical	biphasic	10	MOs	deep	recovery	False	True
8263.00984	0.0004000000008090865	trials	electrical	biphasic	50	MOs	deep	recovery	False	True
8266.91035	0.0003999999989900971	trials	electrical	biphasic	10	MOs	deep	recovery	False	True
8271.24266	0.0003999999989900971	trials	electrical	biphasic	50	MOs	deep	recovery	False	True
8274.87742	0.0003999999989900971	trials	electrical	biphasic	30	MOs	deep	recovery	False	True
8278.4383	0.0004000000008090865	trials	electrical	biphasic	30	MOs	deep	recovery	False	True
8282.02297	0.0004000000008090865	trials	electrical	biphasic	30	MOs	deep	recovery	False	True
8285.68729	0.0004000000008090865	trials	electrical	biphasic	10	MOs	deep	recovery	False	True
8289.51194	0.0004000000008090865	trials	electrical	biphasic	30	MOs	deep	recovery	False	True
8293.31408	0.0003999999989900971	trials	electrical	biphasic	50	MOs	deep	recovery	False	True
8296.82619	0.0004000000008090865	trials	electrical	biphasic	50	MOs	deep	recovery	False	True
8300.86651	0.0003999999989900971	trials	electrical	biphasic	30	MOs	deep	recovery	True	True
8304.46232	0.0003999999989900971	trials	electrical	biphasic	10	MOs	deep	recovery	True	True
8308.10926	0.0004000000008090865	trials	electrical	biphasic	30	MOs	deep	recovery	True	True
8312.240829999999	0.0004000000008090865	trials	electrical	biphasic	10	MOs	deep	recovery	True	True
8316.60058	0.0003999999989900971	trials	electrical	biphasic	10	MOs	deep	recovery	True	True
8321.07523	0.0003999999989900971	trials	electrical	biphasic	10	MOs	deep	recovery	False	True
8325.1465	0.0003999999989900971	trials	electrical	biphasic	10	MOs	deep	recovery	False	True
8329.64379	0.0004000000008090865	trials	electrical	biphasic	50	MOs	deep	recovery	True	True
8333.69775	0.0004000000008090865	trials	electrical	biphasic	30	MOs	deep	recovery	True	True
8337.71364	0.0004000000008090865	trials	electrical	biphasic	50	MOs	deep	recovery	True	True
8341.54475	0.0004000000008090865	trials	electrical	biphasic	10	MOs	deep	recovery	True	True
8345.47517	0.0004000000008090865	trials	electrical	biphasic	50	MOs	deep	recovery	True	True
8349.4674	0.0004000000008090865	trials	electrical	biphasic	30	MOs	deep	recovery	True	True
8353.038859999999	0.0004000000008090865	trials	electrical	biphasic	10	MOs	deep	recovery	True	True
8357.427029999999	0.0004000000008090865	trials	electrical	biphasic	10	MOs	deep	recovery	False	True
8360.9921	0.0004000000008090865	trials	electrical	biphasic	50	MOs	deep	recovery	False	True
8364.9287	0.0003999999989900971	trials	electrical	biphasic	50	MOs	deep	recovery	False	True
8369.25577	0.0004000000008090865	trials	electrical	biphasic	50	MOs	deep	recovery	True	True
8373.150740000001	0.0003999999989900971	trials	electrical	biphasic	50	MOs	deep	recovery	True	True
8377.264640000001	0.0003999999989900971	trials	electrical	biphasic	50	MOs	deep	recovery	True	True
8381.583709999999	0.0004000000008090865	trials	electrical	biphasic	50	MOs	deep	recovery	True	True
8385.970379999999	0.0004000000008090865	trials	electrical	biphasic	50	MOs	deep	recovery	False	True
8390.40193	0.0003999999989900971	trials	electrical	biphasic	30	MOs	deep	recovery	False	True
8394.09314	0.0003999999989900971	trials	electrical	biphasic	10	MOs	deep	recovery	True	True
8397.85214	0.0003999999989900971	trials	electrical	biphasic	30	MOs	deep	recovery	False	True
8402.25043	0.0003999999989900971	trials	electrical	biphasic	50	MOs	deep	recovery	True	True
8406.34422	0.0003999999989900971	trials	electrical	biphasic	50	MOs	deep	recovery	True	True
8410.34849	0.0004000000008090865	trials	electrical	biphasic	50	MOs	deep	recovery	True	True
8414.461729999999	0.0004000000008090865	trials	electrical	biphasic	10	MOs	deep	recovery	True	True
8418.781579999999	0.0004000000008090865	trials	electrical	biphasic	30	MOs	deep	recovery	True	True
8422.813890000001	0.0003999999989900971	trials	electrical	biphasic	50	MOs	deep	recovery	False	True
8426.51639	0.0004000000008090865	trials	electrical	biphasic	10	MOs	deep	recovery	False	True
8430.470720000001	0.0003999999989900971	trials	electrical	biphasic	30	MOs	deep	recovery	False	True
8434.39907	0.0004000000008090865	trials	electrical	biphasic	30	MOs	deep	recovery	False	True
8438.86556	0.0003999999989900971	trials	electrical	biphasic	10	MOs	deep	recovery	False	True
8442.98604	0.0004000000008090865	trials	electrical	biphasic	10	MOs	deep	recovery	False	True
8447.18187	0.0004000000008090865	trials	electrical	biphasic	50	MOs	deep	recovery	True	True
8451.40246	0.0004000000008090865	trials	electrical	biphasic	10	MOs	deep	recovery	True	True
8455.24978	0.0003999999989900971	trials	electrical	biphasic	10	MOs	deep	recovery	True	True
8459.26721	0.0003999999989900971	trials	electrical	biphasic	50	MOs	deep	recovery	False	True
8463.324340000001	0.0003999999989900971	trials	electrical	biphasic	10	MOs	deep	recovery	False	True
8466.981259999999	0.0004000000008090865	trials	electrical	biphasic	30	MOs	deep	recovery	False	True
8471.04375	0.0003999999989900971	trials	electrical	biphasic	50	MOs	deep	recovery	False	True
8475.23898	0.0003999999989900971	trials	electrical	biphasic	50	MOs	deep	recovery	True	True
8479.16586	0.0004000000008090865	trials	electrical	biphasic	50	MOs	deep	recovery	False	True
8483.50257	0.0003999999989900971	trials	electrical	biphasic	50	MOs	deep	recovery	False	True
8487.73438	0.0003999999989900971	trials	electrical	biphasic	30	MOs	deep	recovery	False	True
8491.59485	0.0004000000008090865	trials	electrical	biphasic	30	MOs	deep	recovery	False	True
8495.549490000001	0.0003999999989900971	trials	electrical	biphasic	50	MOs	deep	recovery	False	True
8499.43632	0.0003999999989900971	trials	electrical	biphasic	50	MOs	deep	recovery	False	True
8503.712309999999	0.0004000000008090865	trials	electrical	biphasic	10	MOs	deep	recovery	True	True
8507.94701	0.0003999999989900971	trials	electrical	biphasic	50	MOs	deep	recovery	True	True
8511.87772	0.0003999999989900971	trials	electrical	biphasic	50	MOs	deep	recovery	True	True
8516.071909999999	0.0004000000008090865	trials	electrical	biphasic	30	MOs	deep	recovery	True	True
8520.51756	0.0003999999989900971	trials	electrical	biphasic	30	MOs	deep	recovery	False	True
8524.80223	0.0004000000008090865	trials	electrical	biphasic	50	MOs	deep	recovery	False	True
8529.00823	0.0004000000008090865	trials	electrical	biphasic	30	MOs	deep	recovery	False	True
8532.618	0.0003999999989900971	trials	electrical	biphasic	10	MOs	deep	recovery	False	True
8536.50836	0.0003999999989900971	trials	electrical	biphasic	30	MOs	deep	recovery	False	True
8540.599690000001	0.0003999999989900971	trials	electrical	biphasic	50	MOs	deep	recovery	False	True
8544.5595	0.0004000000008090865	trials	electrical	biphasic	50	MOs	deep	recovery	False	True
8548.11026	0.0004000000008090865	trials	electrical	biphasic	30	MOs	deep	recovery	False	True
8551.83937	0.0004000000008090865	trials	electrical	biphasic	50	MOs	deep	recovery	False	True
8556.17397	0.00041000000055646524	trials	electrical	biphasic	50	MOs	deep	recovery	False	True
8559.690040000001	0.0003999999989900971	trials	electrical	biphasic	10	MOs	deep	recovery	False	True
8564.05419	0.0003999999989900971	trials	electrical	biphasic	50	MOs	deep	recovery	False	True
