onset	duration	nwb_table	stimulus_type	stimulus_description	estim_current	estim_target_region	estim_target_depth	behavioral_epoch	is_running	is_valid
314.33655	0.0004000000000132786	trials	electrical	biphasic	40	MOs	deep	awake	True	True
317.86957	0.0004000000000132786	trials	electrical	biphasic	20	MOs	deep	awake	True	True
321.9312	0.0004000000000132786	trials	electrical	biphasic	40	MOs	deep	awake	True	True
326.31348	0.00040999999998803105	trials	electrical	biphasic	70	MOs	deep	awake	True	True
330.48309	0.0004000000000132786	trials	electrical	biphasic	70	MOs	deep	awake	True	True
334.17396	0.00040000000007012204	trials	electrical	biphasic	70	MOs	deep	awake	True	True
338.0433	0.0004000000000132786	trials	electrical	biphasic	70	MOs	deep	awake	True	True
342.00445	0.0003999999999564352	trials	electrical	biphasic	20	MOs	deep	awake	True	True
346.4865200000001	0.0003999999998995918	trials	electrical	biphasic	20	MOs	deep	awake	True	True
350.14334	0.0003999999999564352	trials	electrical	biphasic	20	MOs	deep	awake	True	True
354.49929	0.0004000000000132786	trials	electrical	biphasic	70	MOs	deep	awake	True	True
358.64448	0.0004000000000132786	trials	electrical	biphasic	70	MOs	deep	awake	True	True
362.52119	0.0004000000000132786	trials	electrical	biphasic	40	MOs	deep	awake	True	True
366.21253	0.0003999999999564352	trials	electrical	biphasic	20	MOs	deep	awake	True	True
370.14122	0.00040000000012696546	trials	electrical	biphasic	40	MOs	deep	awake	True	True
374.12366	0.0004000000000132786	trials	electrical	biphasic	70	MOs	deep	awake	True	True
377.74471	0.0004000000000132786	trials	electrical	biphasic	20	MOs	deep	awake	True	True
381.83463	0.0004000000000132786	trials	electrical	biphasic	70	MOs	deep	awake	True	True
385.56124	0.0004000000000132786	trials	electrical	biphasic	40	MOs	deep	awake	True	True
389.44628	0.0004000000000132786	trials	electrical	biphasic	70	MOs	deep	awake	True	True
393.52969	0.0003999999999564352	trials	electrical	biphasic	70	MOs	deep	awake	True	True
397.28192	0.0004000000000132786	trials	electrical	biphasic	20	MOs	deep	awake	True	True
401.07278	0.0003999999999564352	trials	electrical	biphasic	40	MOs	deep	awake	True	True
405.19031	0.0004000000000132786	trials	electrical	biphasic	20	MOs	deep	awake	True	True
408.95601	0.0004000000000132786	trials	electrical	biphasic	40	MOs	deep	awake	True	True
413.28082	0.0004000000000132786	trials	electrical	biphasic	70	MOs	deep	awake	True	True
417.76391	0.0004000000000132786	trials	electrical	biphasic	20	MOs	deep	awake	True	True
421.99458	0.0004000000000132786	trials	electrical	biphasic	40	MOs	deep	awake	True	True
425.8388900000001	0.0003999999999564352	trials	electrical	biphasic	70	MOs	deep	awake	True	True
429.92337	0.0004000000000132786	trials	electrical	biphasic	40	MOs	deep	awake	True	True
433.53156	0.0004000000000132786	trials	electrical	biphasic	70	MOs	deep	awake	True	False
437.93829000000005	0.0004000000000132786	trials	electrical	biphasic	20	MOs	deep	awake	True	True
442.31838	0.0004000000000132786	trials	electrical	biphasic	20	MOs	deep	awake	True	True
446.63657	0.0004000000000132786	trials	electrical	biphasic	70	MOs	deep	awake	False	True
450.39771	0.0003999999999564352	trials	electrical	biphasic	70	MOs	deep	awake	False	True
454.4925	0.0004000000000132786	trials	electrical	biphasic	40	MOs	deep	awake	False	True
458.01544	0.0004000000000132786	trials	electrical	biphasic	70	MOs	deep	awake	False	True
461.94113	0.0004000000000132786	trials	electrical	biphasic	40	MOs	deep	awake	False	True
465.75427	0.0003999999999564352	trials	electrical	biphasic	40	MOs	deep	awake	False	True
469.41618	0.0004000000000132786	trials	electrical	biphasic	40	MOs	deep	awake	False	True
473.09536	0.0003999999999564352	trials	electrical	biphasic	20	MOs	deep	awake	False	True
477.01867	0.0004000000000132786	trials	electrical	biphasic	40	MOs	deep	awake	False	True
480.61331	0.0004000000000132786	trials	electrical	biphasic	20	MOs	deep	awake	False	True
484.71226	0.0004000000000132786	trials	electrical	biphasic	70	MOs	deep	awake	False	True
488.68361	0.0004000000000132786	trials	electrical	biphasic	20	MOs	deep	awake	False	True
492.87998	0.0004000000000132786	trials	electrical	biphasic	40	MOs	deep	awake	False	True
497.08028	0.0003999999999564352	trials	electrical	biphasic	70	MOs	deep	awake	False	True
501.21925	0.0004000000000132786	trials	electrical	biphasic	40	MOs	deep	awake	False	True
504.75327	0.00040999999998803105	trials	electrical	biphasic	70	MOs	deep	awake	False	True
508.3225	0.0004000000000132786	trials	electrical	biphasic	20	MOs	deep	awake	True	True
512.14252	0.0004000000000132786	trials	electrical	biphasic	20	MOs	deep	awake	True	True
516.17381	0.0004000000000132786	trials	electrical	biphasic	40	MOs	deep	awake	True	True
520.32868	0.0004000000000132786	trials	electrical	biphasic	40	MOs	deep	awake	True	True
524.23673	0.0004000000000132786	trials	electrical	biphasic	20	MOs	deep	awake	True	True
528.55713	0.00040999999998803105	trials	electrical	biphasic	70	MOs	deep	awake	True	True
532.77592	0.0004000000000132786	trials	electrical	biphasic	20	MOs	deep	awake	True	True
537.24499	0.0004000000000132786	trials	electrical	biphasic	20	MOs	deep	awake	True	True
541.27676	0.0004000000000132786	trials	electrical	biphasic	20	MOs	deep	awake	True	True
545.1023299999998	0.00040000000012696546	trials	electrical	biphasic	20	MOs	deep	awake	True	True
548.7083700000002	0.0004000000000132786	trials	electrical	biphasic	20	MOs	deep	awake	True	True
552.81976	0.0004000000000132786	trials	electrical	biphasic	70	MOs	deep	awake	True	True
557.0989900000002	0.0004000000000132786	trials	electrical	biphasic	70	MOs	deep	awake	True	True
561.02287	0.0004000000000132786	trials	electrical	biphasic	40	MOs	deep	awake	True	True
564.6141200000002	0.00039999999978590495	trials	electrical	biphasic	40	MOs	deep	awake	True	True
568.38102	0.0004000000000132786	trials	electrical	biphasic	70	MOs	deep	awake	False	True
572.0351099999998	0.0004000000000132786	trials	electrical	biphasic	20	MOs	deep	awake	False	True
575.81653	0.0004000000000132786	trials	electrical	biphasic	70	MOs	deep	awake	False	True
579.7570400000002	0.0004000000000132786	trials	electrical	biphasic	70	MOs	deep	awake	False	True
583.7846099999998	0.0004000000000132786	trials	electrical	biphasic	40	MOs	deep	awake	False	True
587.74245	0.0004000000000132786	trials	electrical	biphasic	70	MOs	deep	awake	False	True
592.11826	0.0004000000000132786	trials	electrical	biphasic	40	MOs	deep	awake	True	True
596.13675	0.0004000000000132786	trials	electrical	biphasic	40	MOs	deep	awake	True	True
600.5808	0.0004000000000132786	trials	electrical	biphasic	40	MOs	deep	awake	True	True
604.71893	0.0004000000000132786	trials	electrical	biphasic	20	MOs	deep	awake	True	True
609.17706	0.0004000000000132786	trials	electrical	biphasic	40	MOs	deep	awake	True	True
612.91818	0.0004000000000132786	trials	electrical	biphasic	40	MOs	deep	awake	True	True
617.09473	0.00039999999978590495	trials	electrical	biphasic	20	MOs	deep	awake	True	True
620.88422	0.0004000000000132786	trials	electrical	biphasic	70	MOs	deep	awake	False	True
625.0564400000002	0.0004000000000132786	trials	electrical	biphasic	70	MOs	deep	awake	False	True
629.2520099999998	0.0004000000000132786	trials	electrical	biphasic	40	MOs	deep	awake	False	True
632.8204400000002	0.0004000000000132786	trials	electrical	biphasic	40	MOs	deep	awake	False	True
636.57566	0.0004000000000132786	trials	electrical	biphasic	20	MOs	deep	awake	False	True
640.30013	0.0004000000000132786	trials	electrical	biphasic	40	MOs	deep	awake	False	True
644.4684	0.0004000000000132786	trials	electrical	biphasic	40	MOs	deep	awake	False	True
648.81322	0.0004000000000132786	trials	electrical	biphasic	20	MOs	deep	awake	False	True
652.65811	0.0004000000000132786	trials	electrical	biphasic	40	MOs	deep	awake	False	True
656.9390599999998	0.0004000000000132786	trials	electrical	biphasic	70	MOs	deep	awake	False	True
661.11483	0.0004000000000132786	trials	electrical	biphasic	40	MOs	deep	awake	False	True
664.62197	0.0004000000000132786	trials	electrical	biphasic	70	MOs	deep	awake	False	True
668.72458	0.0004000000000132786	trials	electrical	biphasic	40	MOs	deep	awake	False	True
672.61178	0.0004100000001017179	trials	electrical	biphasic	70	MOs	deep	awake	False	True
677.02821	0.0004000000000132786	trials	electrical	biphasic	40	MOs	deep	awake	False	True
680.5298	0.0004000000000132786	trials	electrical	biphasic	40	MOs	deep	awake	False	True
684.49267	0.0004000000000132786	trials	electrical	biphasic	20	MOs	deep	awake	False	True
688.41743	0.0004000000000132786	trials	electrical	biphasic	20	MOs	deep	awake	False	True
692.37878	0.0004000000000132786	trials	electrical	biphasic	20	MOs	deep	awake	False	True
696.64937	0.0004000000000132786	trials	electrical	biphasic	20	MOs	deep	awake	False	True
700.47227	0.0004000000000132786	trials	electrical	biphasic	20	MOs	deep	awake	False	True
704.7574400000002	0.00039999999978590495	trials	electrical	biphasic	40	MOs	deep	awake	True	True
708.72923	0.00039999999978590495	trials	electrical	biphasic	40	MOs	deep	awake	True	True
712.26541	0.0004000000000132786	trials	electrical	biphasic	70	MOs	deep	awake	True	True
715.94172	0.0004000000000132786	trials	electrical	biphasic	40	MOs	deep	awake	False	True
720.16391	0.0004000000000132786	trials	electrical	biphasic	70	MOs	deep	awake	False	True
724.13781	0.0004000000000132786	trials	electrical	biphasic	20	MOs	deep	awake	True	True
727.7909599999998	0.0004000000000132786	trials	electrical	biphasic	40	MOs	deep	awake	True	True
731.6325	0.0003999999998995918	trials	electrical	biphasic	70	MOs	deep	awake	True	True
735.7403099999998	0.0004000000000132786	trials	electrical	biphasic	20	MOs	deep	awake	True	True
739.4324799999998	0.00040000000012696546	trials	electrical	biphasic	20	MOs	deep	awake	False	True
743.67132	0.0004000000000132786	trials	electrical	biphasic	20	MOs	deep	awake	False	True
747.4146099999998	0.0004000000000132786	trials	electrical	biphasic	20	MOs	deep	awake	True	True
751.83246	0.0004000000000132786	trials	electrical	biphasic	70	MOs	deep	awake	True	True
755.60195	0.0004000000000132786	trials	electrical	biphasic	40	MOs	deep	awake	False	True
759.86787	0.0004000000000132786	trials	electrical	biphasic	40	MOs	deep	awake	False	True
763.55696	0.0004000000000132786	trials	electrical	biphasic	40	MOs	deep	awake	False	True
767.34488	0.0004000000000132786	trials	electrical	biphasic	70	MOs	deep	awake	False	True
770.93643	0.0004000000000132786	trials	electrical	biphasic	40	MOs	deep	awake	False	True
775.01306	0.0004000000000132786	trials	electrical	biphasic	40	MOs	deep	awake	False	True
779.1968400000002	0.0004000000000132786	trials	electrical	biphasic	20	MOs	deep	awake	False	True
783.24387	0.0004000000000132786	trials	electrical	biphasic	20	MOs	deep	awake	False	True
787.17002	0.0004000000000132786	trials	electrical	biphasic	40	MOs	deep	awake	False	True
791.31489	0.0004000000000132786	trials	electrical	biphasic	70	MOs	deep	awake	False	True
795.46293	0.00039999999978590495	trials	electrical	biphasic	70	MOs	deep	awake	False	True
799.64238	0.0004000000000132786	trials	electrical	biphasic	20	MOs	deep	awake	False	True
803.77859	0.0004000000000132786	trials	electrical	biphasic	40	MOs	deep	awake	False	True
808.2242	0.0004000000000132786	trials	electrical	biphasic	70	MOs	deep	awake	False	True
811.93357	0.0004000000000132786	trials	electrical	biphasic	20	MOs	deep	awake	False	True
816.14327	0.0004000000000132786	trials	electrical	biphasic	20	MOs	deep	awake	False	True
819.87994	0.0004000000000132786	trials	electrical	biphasic	40	MOs	deep	awake	False	True
823.4997599999998	0.0004000000000132786	trials	electrical	biphasic	40	MOs	deep	awake	False	True
827.60749	0.0004000000000132786	trials	electrical	biphasic	20	MOs	deep	awake	False	True
831.55806	0.0004000000000132786	trials	electrical	biphasic	40	MOs	deep	awake	False	True
835.5172	0.0004000000000132786	trials	electrical	biphasic	70	MOs	deep	awake	False	True
839.6795699999999	0.0003999999998995918	trials	electrical	biphasic	40	MOs	deep	awake	False	True
843.95028	0.0004000000000132786	trials	electrical	biphasic	40	MOs	deep	awake	False	True
847.8009300000001	0.0004000000000132786	trials	electrical	biphasic	70	MOs	deep	awake	False	True
851.96338	0.0004000000000132786	trials	electrical	biphasic	40	MOs	deep	awake	False	True
855.87996	0.0004000000000132786	trials	electrical	biphasic	20	MOs	deep	awake	False	True
860.22231	0.0004000000000132786	trials	electrical	biphasic	20	MOs	deep	awake	False	True
864.55566	0.0004000000000132786	trials	electrical	biphasic	40	MOs	deep	awake	True	True
868.31253	0.0004000000000132786	trials	electrical	biphasic	70	MOs	deep	awake	True	True
872.4264099999998	0.0004000000000132786	trials	electrical	biphasic	20	MOs	deep	awake	True	True
876.50908	0.0004000000000132786	trials	electrical	biphasic	70	MOs	deep	awake	True	True
880.55025	0.0004000000000132786	trials	electrical	biphasic	70	MOs	deep	awake	True	True
884.9206199999999	0.0004000000000132786	trials	electrical	biphasic	40	MOs	deep	awake	False	True
888.6858199999998	0.0004000000000132786	trials	electrical	biphasic	40	MOs	deep	awake	False	True
892.5043300000002	0.0003999999998995918	trials	electrical	biphasic	40	MOs	deep	awake	False	True
896.1239699999999	0.0004000000000132786	trials	electrical	biphasic	40	MOs	deep	awake	False	True
900.56422	0.0003999999998995918	trials	electrical	biphasic	70	MOs	deep	awake	True	True
904.71021	0.0004000000000132786	trials	electrical	biphasic	40	MOs	deep	awake	True	True
908.6901	0.0004000000000132786	trials	electrical	biphasic	70	MOs	deep	awake	False	True
912.82985	0.0004000000000132786	trials	electrical	biphasic	20	MOs	deep	awake	False	True
916.87499	0.0004000000000132786	trials	electrical	biphasic	70	MOs	deep	awake	False	True
921.02274	0.0004000000000132786	trials	electrical	biphasic	40	MOs	deep	awake	False	True
925.06705	0.0004000000000132786	trials	electrical	biphasic	40	MOs	deep	awake	False	True
929.28852	0.0004000000000132786	trials	electrical	biphasic	40	MOs	deep	awake	False	True
933.31144	0.0004000000000132786	trials	electrical	biphasic	70	MOs	deep	awake	False	True
937.80557	0.0004000000000132786	trials	electrical	biphasic	70	MOs	deep	awake	False	True
941.52468	0.0004000000000132786	trials	electrical	biphasic	40	MOs	deep	awake	False	True
945.1309	0.0004000000000132786	trials	electrical	biphasic	40	MOs	deep	awake	False	True
948.74103	0.0004000000000132786	trials	electrical	biphasic	20	MOs	deep	awake	False	True
952.30505	0.0003999999998995918	trials	electrical	biphasic	40	MOs	deep	awake	False	True
956.21006	0.0004000000000132786	trials	electrical	biphasic	20	MOs	deep	awake	False	True
960.15887	0.0004000000000132786	trials	electrical	biphasic	20	MOs	deep	awake	False	True
964.02511	0.0004000000000132786	trials	electrical	biphasic	40	MOs	deep	awake	False	True
968.28904	0.0004000000000132786	trials	electrical	biphasic	20	MOs	deep	awake	False	True
972.41737	0.0004000000000132786	trials	electrical	biphasic	40	MOs	deep	awake	False	True
976.68978	0.0004000000000132786	trials	electrical	biphasic	70	MOs	deep	awake	False	True
981.12307	0.0004000000000132786	trials	electrical	biphasic	70	MOs	deep	awake	False	True
985.59624	0.0004000000000132786	trials	electrical	biphasic	20	MOs	deep	awake	False	True
989.28868	0.0004000000000132786	trials	electrical	biphasic	40	MOs	deep	awake	False	True
992.92799	0.0004000000000132786	trials	electrical	biphasic	70	MOs	deep	awake	False	True
997.12467	0.0004000000000132786	trials	electrical	biphasic	20	MOs	deep	awake	False	True
1000.71892	0.0004000000000132786	trials	electrical	biphasic	70	MOs	deep	awake	True	True
1004.74474	0.00040999999998803105	trials	electrical	biphasic	20	MOs	deep	awake	True	True
1008.77551	0.0003999999998995918	trials	electrical	biphasic	40	MOs	deep	awake	False	True
1013.13708	0.0004000000000132786	trials	electrical	biphasic	70	MOs	deep	awake	True	True
1017.12237	0.0003999999998995918	trials	electrical	biphasic	70	MOs	deep	awake	False	True
1021.01625	0.0004000000000132786	trials	electrical	biphasic	40	MOs	deep	awake	False	True
1025.18812	0.0003999999998995918	trials	electrical	biphasic	70	MOs	deep	awake	False	True
1029.42981	0.0003999999998995918	trials	electrical	biphasic	20	MOs	deep	awake	False	True
1033.4503	0.00040000000012696546	trials	electrical	biphasic	70	MOs	deep	awake	False	True
1037.29844	0.0003999999998995918	trials	electrical	biphasic	40	MOs	deep	awake	False	True
1040.94887	0.0003999999996722181	trials	electrical	biphasic	70	MOs	deep	awake	False	True
1045.0354	0.00040000000012696546	trials	electrical	biphasic	20	MOs	deep	awake	False	True
1048.79796	0.0003999999998995918	trials	electrical	biphasic	70	MOs	deep	awake	False	True
1052.34284	0.00040000000035433914	trials	electrical	biphasic	70	MOs	deep	awake	False	True
1056.59821	0.0003999999998995918	trials	electrical	biphasic	20	MOs	deep	awake	False	True
1060.34142	0.00040000000012696546	trials	electrical	biphasic	40	MOs	deep	awake	False	True
1064.28424	0.0004100000001017179	trials	electrical	biphasic	40	MOs	deep	awake	False	True
1068.47247	0.0003999999996722181	trials	electrical	biphasic	40	MOs	deep	awake	False	True
1072.33212	0.0003999999998995918	trials	electrical	biphasic	40	MOs	deep	awake	False	True
1076.56889	0.0003999999998995918	trials	electrical	biphasic	70	MOs	deep	awake	False	False
1080.46401	0.00040000000012696546	trials	electrical	biphasic	70	MOs	deep	awake	False	True
1084.64786	0.0003999999998995918	trials	electrical	biphasic	70	MOs	deep	awake	False	True
1088.8523300000004	0.0003999999996722181	trials	electrical	biphasic	70	MOs	deep	awake	False	True
1092.79506	0.00040000000012696546	trials	electrical	biphasic	20	MOs	deep	awake	False	True
1096.31506	0.00040000000012696546	trials	electrical	biphasic	20	MOs	deep	awake	False	True
1100.14635	0.00040000000012696546	trials	electrical	biphasic	40	MOs	deep	awake	False	True
1104.07107	0.00040000000012696546	trials	electrical	biphasic	20	MOs	deep	awake	False	True
1107.84178	0.00040000000012696546	trials	electrical	biphasic	70	MOs	deep	awake	False	True
1111.53926	0.0003999999998995918	trials	electrical	biphasic	70	MOs	deep	awake	False	True
1115.86141	0.00040000000012696546	trials	electrical	biphasic	20	MOs	deep	awake	False	True
1119.79176	0.0003999999998995918	trials	electrical	biphasic	40	MOs	deep	awake	False	True
1124.17997	0.00040000000012696546	trials	electrical	biphasic	20	MOs	deep	awake	False	True
1128.0715699999996	0.00040000000035433914	trials	electrical	biphasic	70	MOs	deep	awake	False	True
1132.3411199999996	0.00040000000035433914	trials	electrical	biphasic	20	MOs	deep	awake	False	True
1136.23835	0.0003999999998995918	trials	electrical	biphasic	40	MOs	deep	awake	False	True
1140.5473	0.00040000000012696546	trials	electrical	biphasic	40	MOs	deep	awake	True	True
1144.8028	0.0004100000001017179	trials	electrical	biphasic	20	MOs	deep	awake	True	True
1148.68063	0.0003999999998995918	trials	electrical	biphasic	20	MOs	deep	awake	True	True
1152.3970800000004	0.0003999999996722181	trials	electrical	biphasic	40	MOs	deep	awake	True	True
1156.6879	0.00040000000012696546	trials	electrical	biphasic	70	MOs	deep	awake	True	True
1161.1376300000004	0.0003999999996722181	trials	electrical	biphasic	70	MOs	deep	awake	True	True
1164.96562	0.0003999999996722181	trials	electrical	biphasic	40	MOs	deep	awake	True	True
1169.13731	0.0003999999998995918	trials	electrical	biphasic	20	MOs	deep	awake	True	True
1173.07637	0.0003999999998995918	trials	electrical	biphasic	20	MOs	deep	awake	True	True
1177.4103	0.0003999999998995918	trials	electrical	biphasic	40	MOs	deep	awake	True	True
1181.67959	0.00040000000012696546	trials	electrical	biphasic	40	MOs	deep	awake	True	True
1185.3472800000004	0.0003999999996722181	trials	electrical	biphasic	20	MOs	deep	awake	True	True
1189.70969	0.00040000000012696546	trials	electrical	biphasic	40	MOs	deep	awake	True	True
1194.2	0.0003999999998995918	trials	electrical	biphasic	70	MOs	deep	awake	True	True
1198.21484	0.0003999999998995918	trials	electrical	biphasic	20	MOs	deep	awake	True	True
1202.59955	0.00040000000012696546	trials	electrical	biphasic	70	MOs	deep	awake	True	True
1206.688	0.0003999999998995918	trials	electrical	biphasic	40	MOs	deep	awake	True	True
1210.34318	0.0003999999998995918	trials	electrical	biphasic	40	MOs	deep	awake	True	False
1214.0434699999996	0.00040000000035433914	trials	electrical	biphasic	70	MOs	deep	awake	True	True
1217.95085	0.00040000000012696546	trials	electrical	biphasic	40	MOs	deep	awake	True	True
1222.19998	0.0003999999998995918	trials	electrical	biphasic	70	MOs	deep	awake	False	True
1226.52599	0.0003999999998995918	trials	electrical	biphasic	20	MOs	deep	awake	False	True
1230.81638	0.00040000000012696546	trials	electrical	biphasic	40	MOs	deep	awake	True	True
1234.63533	0.0003999999998995918	trials	electrical	biphasic	20	MOs	deep	awake	False	True
1238.66981	0.0003999999998995918	trials	electrical	biphasic	40	MOs	deep	awake	False	True
1242.2602	0.00040000000012696546	trials	electrical	biphasic	70	MOs	deep	awake	False	True
1245.87232	0.0003999999996722181	trials	electrical	biphasic	40	MOs	deep	awake	False	True
1249.50904	0.0004100000001017179	trials	electrical	biphasic	70	MOs	deep	awake	False	True
1253.68813	0.0003999999998995918	trials	electrical	biphasic	20	MOs	deep	awake	False	True
1257.68374	0.00040000000012696546	trials	electrical	biphasic	20	MOs	deep	awake	False	True
1261.37388	0.0003999999998995918	trials	electrical	biphasic	20	MOs	deep	awake	False	True
1265.36931	0.0003999999998995918	trials	electrical	biphasic	20	MOs	deep	awake	False	True
1269.01734	0.0003999999998995918	trials	electrical	biphasic	70	MOs	deep	awake	False	True
1272.57274	0.0003999999998995918	trials	electrical	biphasic	70	MOs	deep	awake	False	True
1276.92389	0.0003999999998995918	trials	electrical	biphasic	70	MOs	deep	awake	False	True
1280.98487	0.0003999999998995918	trials	electrical	biphasic	70	MOs	deep	awake	False	True
1285.4149	0.0003999999998995918	trials	electrical	biphasic	20	MOs	deep	awake	False	True
1289.61199	0.0003999999998995918	trials	electrical	biphasic	70	MOs	deep	awake	False	True
1293.6952199999996	0.00040000000035433914	trials	electrical	biphasic	20	MOs	deep	awake	True	True
1298.01105	0.0003999999998995918	trials	electrical	biphasic	70	MOs	deep	awake	True	True
1302.3905	0.00040000000012696546	trials	electrical	biphasic	70	MOs	deep	awake	True	True
1306.87985	0.0003999999998995918	trials	electrical	biphasic	40	MOs	deep	awake	True	True
1310.38079	0.00040000000012696546	trials	electrical	biphasic	20	MOs	deep	awake	True	True
1314.74666	0.0003999999998995918	trials	electrical	biphasic	20	MOs	deep	awake	True	True
1318.85965	0.0003999999998995918	trials	electrical	biphasic	70	MOs	deep	awake	True	True
1323.35004	0.0003999999998995918	trials	electrical	biphasic	70	MOs	deep	awake	True	True
1327.37814	0.0003999999998995918	trials	electrical	biphasic	20	MOs	deep	awake	True	True
1331.35809	0.00040000000012696546	trials	electrical	biphasic	70	MOs	deep	awake	True	True
1335.65986	0.00040000000012696546	trials	electrical	biphasic	20	MOs	deep	awake	True	True
1339.3881199999996	0.00040000000035433914	trials	electrical	biphasic	20	MOs	deep	awake	True	True
1343.38665	0.00040000000012696546	trials	electrical	biphasic	40	MOs	deep	awake	True	True
1347.78794	0.00040000000012696546	trials	electrical	biphasic	70	MOs	deep	awake	True	True
1351.86303	0.00040000000012696546	trials	electrical	biphasic	70	MOs	deep	awake	True	True
1356.20864	0.0003999999998995918	trials	electrical	biphasic	70	MOs	deep	awake	True	True
1360.4477	0.00040000000012696546	trials	electrical	biphasic	70	MOs	deep	awake	False	True
1364.53411	0.0003999999998995918	trials	electrical	biphasic	70	MOs	deep	awake	False	True
1368.2812800000004	0.0003999999996722181	trials	electrical	biphasic	40	MOs	deep	awake	False	True
1372.44812	0.0003999999998995918	trials	electrical	biphasic	70	MOs	deep	awake	False	True
1376.03203	0.0003999999998995918	trials	electrical	biphasic	20	MOs	deep	awake	False	True
1380.15841	0.0003999999998995918	trials	electrical	biphasic	70	MOs	deep	awake	False	True
1384.31978	0.00040000000035433914	trials	electrical	biphasic	40	MOs	deep	awake	False	True
1388.54997	0.0003999999998995918	trials	electrical	biphasic	20	MOs	deep	awake	False	True
1392.94116	0.0003999999998995918	trials	electrical	biphasic	20	MOs	deep	awake	False	True
1397.42389	0.0003999999998995918	trials	electrical	biphasic	20	MOs	deep	awake	False	True
1401.69334	0.0003999999998995918	trials	electrical	biphasic	20	MOs	deep	awake	True	True
1405.7752	0.0003999999998995918	trials	electrical	biphasic	20	MOs	deep	awake	False	True
1410.20395	0.0003999999998995918	trials	electrical	biphasic	20	MOs	deep	awake	False	True
1414.28448	0.00040000000035433914	trials	electrical	biphasic	20	MOs	deep	awake	False	True
1417.80188	0.00040000000012696546	trials	electrical	biphasic	40	MOs	deep	awake	False	True
1421.42317	0.0003999999998995918	trials	electrical	biphasic	40	MOs	deep	awake	False	True
1425.78632	0.0003999999996722181	trials	electrical	biphasic	70	MOs	deep	awake	False	True
1429.77104	0.0003999999998995918	trials	electrical	biphasic	20	MOs	deep	awake	False	True
1434.11633	0.0003999999998995918	trials	electrical	biphasic	40	MOs	deep	awake	False	True
1437.82616	0.0003999999998995918	trials	electrical	biphasic	40	MOs	deep	awake	False	True
1441.87888	0.00040000000012696546	trials	electrical	biphasic	20	MOs	deep	awake	False	True
1446.00919	0.0003999999998995918	trials	electrical	biphasic	20	MOs	deep	awake	False	True
1449.54161	0.0004100000001017179	trials	electrical	biphasic	40	MOs	deep	awake	False	True
1453.6567599999996	0.00040000000035433914	trials	electrical	biphasic	20	MOs	deep	awake	False	True
1457.51961	0.0003999999998995918	trials	electrical	biphasic	70	MOs	deep	awake	False	True
1461.06957	0.0003999999998995918	trials	electrical	biphasic	40	MOs	deep	awake	False	True
1465.05958	0.0003999999998995918	trials	electrical	biphasic	20	MOs	deep	awake	False	True
1468.75252	0.0003999999998995918	trials	electrical	biphasic	70	MOs	deep	awake	False	True
1472.37603	0.00040000000012696546	trials	electrical	biphasic	70	MOs	deep	awake	False	True
1476.08195	0.0003999999998995918	trials	electrical	biphasic	70	MOs	deep	awake	False	True
1479.72889	0.0004099999998743442	trials	electrical	biphasic	70	MOs	deep	awake	False	True
1483.4184	0.0003999999998995918	trials	electrical	biphasic	40	MOs	deep	awake	False	True
1486.9614800000004	0.0003999999996722181	trials	electrical	biphasic	20	MOs	deep	awake	False	True
1491.09711	0.00040000000012696546	trials	electrical	biphasic	20	MOs	deep	awake	False	True
1494.8794	0.0003999999998995918	trials	electrical	biphasic	40	MOs	deep	awake	False	True
1498.91842	0.00040000000012696546	trials	electrical	biphasic	70	MOs	deep	awake	False	True
1503.11401	0.0003999999998995918	trials	electrical	biphasic	40	MOs	deep	awake	False	True
1507.11356	0.0003999999998995918	trials	electrical	biphasic	70	MOs	deep	awake	False	True
1511.14978	0.00040000000012696546	trials	electrical	biphasic	40	MOs	deep	awake	False	True
1515.09539	0.00040000000012696546	trials	electrical	biphasic	20	MOs	deep	awake	False	True
1518.71975	0.00040000000012696546	trials	electrical	biphasic	70	MOs	deep	awake	False	True
1522.71054	0.0003999999998995918	trials	electrical	biphasic	20	MOs	deep	awake	False	True
1527.06397	0.0003999999996722181	trials	electrical	biphasic	20	MOs	deep	awake	False	True
1531.43832	0.00040000000012696546	trials	electrical	biphasic	70	MOs	deep	awake	True	True
1535.20904	0.00040000000012696546	trials	electrical	biphasic	20	MOs	deep	awake	True	True
1538.91793	0.0003999999998995918	trials	electrical	biphasic	40	MOs	deep	awake	False	True
1542.98333	0.00040000000035433914	trials	electrical	biphasic	20	MOs	deep	awake	False	True
1547.12408	0.00040000000035433914	trials	electrical	biphasic	40	MOs	deep	awake	True	True
1551.04153	0.00040000000012696546	trials	electrical	biphasic	70	MOs	deep	awake	False	True
1554.74793	0.0003999999998995918	trials	electrical	biphasic	40	MOs	deep	awake	False	True
1559.1963	0.0003999999998995918	trials	electrical	biphasic	40	MOs	deep	awake	True	True
1562.7788	0.0003999999998995918	trials	electrical	biphasic	40	MOs	deep	awake	False	True
1566.3849300000004	0.0003999999996722181	trials	electrical	biphasic	70	MOs	deep	awake	False	True
1570.02739	0.00040000000012696546	trials	electrical	biphasic	70	MOs	deep	awake	False	True
1573.6942800000004	0.0003999999996722181	trials	electrical	biphasic	20	MOs	deep	awake	False	True
1577.81566	0.00040000000012696546	trials	electrical	biphasic	70	MOs	deep	awake	False	True
1581.88981	0.00040000000012696546	trials	electrical	biphasic	40	MOs	deep	awake	False	True
1585.44231	0.00040000000012696546	trials	electrical	biphasic	40	MOs	deep	awake	False	True
1589.87394	0.00040000000012696546	trials	electrical	biphasic	70	MOs	deep	awake	False	True
1594.10303	0.0003999999998995918	trials	electrical	biphasic	70	MOs	deep	awake	False	True
1598.3413	0.0003999999998995918	trials	electrical	biphasic	40	MOs	deep	awake	False	True
1601.90512	0.00040000000012696546	trials	electrical	biphasic	20	MOs	deep	awake	False	True
1606.26599	0.0003999999998995918	trials	electrical	biphasic	40	MOs	deep	awake	True	True
1610.70082	0.0003999999998995918	trials	electrical	biphasic	70	MOs	deep	awake	False	True
1615.18565	0.00040000000012696546	trials	electrical	biphasic	20	MOs	deep	awake	False	True
1619.54502	0.0003999999998995918	trials	electrical	biphasic	20	MOs	deep	awake	False	True
1623.83101	0.0003999999998995918	trials	electrical	biphasic	20	MOs	deep	awake	False	True
1627.84481	0.0003999999998995918	trials	electrical	biphasic	20	MOs	deep	awake	False	True
1631.52284	0.0003999999998995918	trials	electrical	biphasic	70	MOs	deep	awake	False	True
1635.42184	0.00040000000012696546	trials	electrical	biphasic	40	MOs	deep	awake	False	True
1639.05621	0.00040000000012696546	trials	electrical	biphasic	70	MOs	deep	awake	False	True
1642.58753	0.0003999999998995918	trials	electrical	biphasic	20	MOs	deep	awake	False	True
1647.0271	0.0003999999998995918	trials	electrical	biphasic	40	MOs	deep	awake	False	True
1650.82882	0.00040000000012696546	trials	electrical	biphasic	20	MOs	deep	awake	False	True
1654.62479	0.0003999999998995918	trials	electrical	biphasic	20	MOs	deep	awake	False	True
1658.45815	0.00040000000012696546	trials	electrical	biphasic	40	MOs	deep	awake	False	True
1662.42564	0.00040000000012696546	trials	electrical	biphasic	40	MOs	deep	awake	False	True
1666.5742699999996	0.00040000000035433914	trials	electrical	biphasic	70	MOs	deep	awake	False	True
1670.09991	0.00040000000012696546	trials	electrical	biphasic	40	MOs	deep	awake	False	True
1674.44254	0.0003999999998995918	trials	electrical	biphasic	20	MOs	deep	awake	False	True
1678.5020100000004	0.0003999999996722181	trials	electrical	biphasic	70	MOs	deep	awake	False	True
1682.85653	0.0004099999998743442	trials	electrical	biphasic	40	MOs	deep	awake	False	True
1686.70484	0.0003999999996722181	trials	electrical	biphasic	20	MOs	deep	awake	False	True
1690.6512899999998	0.00040000000012696546	trials	electrical	biphasic	20	MOs	deep	awake	False	True
1694.20595	0.0003999999998995918	trials	electrical	biphasic	20	MOs	deep	awake	False	True
1697.88347	0.0003999999998995918	trials	electrical	biphasic	20	MOs	deep	awake	False	True
1702.0467	0.0003999999998995918	trials	electrical	biphasic	20	MOs	deep	awake	True	True
1705.87795	0.0003999999998995918	trials	electrical	biphasic	40	MOs	deep	awake	False	True
1710.2768600000004	0.0003999999996722181	trials	electrical	biphasic	70	MOs	deep	awake	False	True
1713.8954399999998	0.00040000000012696546	trials	electrical	biphasic	20	MOs	deep	awake	False	True
1718.38429	0.00040000000012696546	trials	electrical	biphasic	20	MOs	deep	awake	True	True
1722.4246899999996	0.00040000000035433914	trials	electrical	biphasic	70	MOs	deep	awake	False	True
1726.63204	0.00040000000012696546	trials	electrical	biphasic	70	MOs	deep	awake	False	True
1731.13197	0.00040000000012696546	trials	electrical	biphasic	40	MOs	deep	awake	False	True
1734.92024	0.0003999999996722181	trials	electrical	biphasic	70	MOs	deep	awake	False	True
1738.83518	0.00040000000035433914	trials	electrical	biphasic	70	MOs	deep	awake	False	True
1742.80045	0.00040000000012696546	trials	electrical	biphasic	70	MOs	deep	awake	False	True
1747.0648399999998	0.00040000000012696546	trials	electrical	biphasic	20	MOs	deep	awake	False	True
1751.3834600000002	0.0003999999996722181	trials	electrical	biphasic	70	MOs	deep	awake	False	True
1776.18512	0.2494299999998475	trials	visual	white circle	n/a	n/a	n/a	awake	False	True
1780.48871	0.2494299999998475	trials	visual	white circle	n/a	n/a	n/a	awake	False	True
1784.80898	0.24945000000002437	trials	visual	white circle	n/a	n/a	n/a	awake	True	True
1788.8457	0.24943000000030224	trials	visual	white circle	n/a	n/a	n/a	awake	True	True
1792.7656399999996	0.24946000000045387	trials	visual	white circle	n/a	n/a	n/a	awake	False	True
1796.96915	0.24943000000007487	trials	visual	white circle	n/a	n/a	n/a	awake	False	True
1801.02255	0.24945000000047912	trials	visual	white circle	n/a	n/a	n/a	awake	False	True
1805.34281	0.249449999999797	trials	visual	white circle	n/a	n/a	n/a	awake	False	True
1809.11265	0.24943000000007487	trials	visual	white circle	n/a	n/a	n/a	awake	False	True
1812.91583	0.24941000000012536	trials	visual	white circle	n/a	n/a	n/a	awake	False	True
1817.18606	0.24944000000004962	trials	visual	white circle	n/a	n/a	n/a	awake	False	True
1821.82328	0.24941999999987274	trials	visual	white circle	n/a	n/a	n/a	awake	False	True
1825.87665	0.24944000000004962	trials	visual	white circle	n/a	n/a	n/a	awake	False	True
1830.34706	0.24944000000004962	trials	visual	white circle	n/a	n/a	n/a	awake	True	True
1835.05098	0.24942000000010012	trials	visual	white circle	n/a	n/a	n/a	awake	False	True
1839.70485	0.24945999999999913	trials	visual	white circle	n/a	n/a	n/a	awake	False	True
1843.458	0.24943999999982225	trials	visual	white circle	n/a	n/a	n/a	awake	False	True
1847.89502	0.24943000000007487	trials	visual	white circle	n/a	n/a	n/a	awake	False	True
1851.865	0.24945000000002437	trials	visual	white circle	n/a	n/a	n/a	awake	False	True
1856.4355	0.24941999999987274	trials	visual	white circle	n/a	n/a	n/a	awake	False	True
1860.38878	0.2661200000000008	trials	visual	white circle	n/a	n/a	n/a	awake	False	True
1864.37545	0.24943000000007487	trials	visual	white circle	n/a	n/a	n/a	awake	False	True
1868.16195	0.24944000000004962	trials	visual	white circle	n/a	n/a	n/a	awake	False	True
1872.19868	0.24939999999992324	trials	visual	white circle	n/a	n/a	n/a	awake	False	True
1875.98514	0.24943000000007487	trials	visual	white circle	n/a	n/a	n/a	awake	False	True
1880.22198	0.24944000000004962	trials	visual	white circle	n/a	n/a	n/a	awake	False	True
1884.95931	0.24944000000004962	trials	visual	white circle	n/a	n/a	n/a	awake	False	True
1888.82921	0.249409999999898	trials	visual	white circle	n/a	n/a	n/a	awake	False	True
1893.14947	0.2494299999998475	trials	visual	white circle	n/a	n/a	n/a	awake	False	True
1897.75332	0.24944000000004962	trials	visual	white circle	n/a	n/a	n/a	awake	False	True
1902.44056	0.2494500000007065	trials	visual	white circle	n/a	n/a	n/a	awake	True	True
1906.21038	0.24945000000002437	trials	visual	white circle	n/a	n/a	n/a	awake	True	True
1910.33049	0.24945000000002437	trials	visual	white circle	n/a	n/a	n/a	awake	True	True
1914.86761	0.24945999999999913	trials	visual	white circle	n/a	n/a	n/a	awake	True	True
1919.1879	0.24945000000002437	trials	visual	white circle	n/a	n/a	n/a	awake	True	True
1923.0745	0.24942000000010012	trials	visual	white circle	n/a	n/a	n/a	awake	True	True
1927.37807	0.24943000000007487	trials	visual	white circle	n/a	n/a	n/a	awake	True	True
1931.58159	0.24944000000004962	trials	visual	white circle	n/a	n/a	n/a	awake	True	False
1935.35141	0.24942000000010012	trials	visual	white circle	n/a	n/a	n/a	awake	True	False
1939.68838	0.249409999999898	trials	visual	white circle	n/a	n/a	n/a	awake	True	True
1944.09208	0.2494000000001506	trials	visual	white circle	n/a	n/a	n/a	awake	True	True
1948.72927	0.2494299999998475	trials	visual	white circle	n/a	n/a	n/a	awake	False	True
1952.69925	0.24942000000010012	trials	visual	white circle	n/a	n/a	n/a	awake	True	True
1956.66924	0.26611000000002605	trials	visual	white circle	n/a	n/a	n/a	awake	True	True
1960.83937	0.24944000000004962	trials	visual	white circle	n/a	n/a	n/a	awake	False	True
1965.44326	0.24939999999992324	trials	visual	white circle	n/a	n/a	n/a	awake	False	True
1969.3632	0.24944000000004962	trials	visual	white circle	n/a	n/a	n/a	awake	True	True
1973.38324	0.24941000000012536	trials	visual	white circle	n/a	n/a	n/a	awake	True	True
1977.83695	0.24944000000004962	trials	visual	white circle	n/a	n/a	n/a	awake	True	True
1982.42412	0.24944000000004962	trials	visual	white circle	n/a	n/a	n/a	awake	True	True
1986.72771	0.24943000000007487	trials	visual	white circle	n/a	n/a	n/a	awake	True	True
1990.88119	0.24945000000002437	trials	visual	white circle	n/a	n/a	n/a	awake	False	True
1994.66769	0.24945000000002437	trials	visual	white circle	n/a	n/a	n/a	awake	True	True
1999.2048	0.24945999999999913	trials	visual	white circle	n/a	n/a	n/a	awake	True	True
2003.05805	0.2494299999998475	trials	visual	white circle	n/a	n/a	n/a	awake	False	True
2007.46171	0.24945999999999913	trials	visual	white circle	n/a	n/a	n/a	awake	True	True
2011.49843	0.249449999999797	trials	visual	white circle	n/a	n/a	n/a	awake	False	True
2015.68528	0.24943000000007487	trials	visual	white circle	n/a	n/a	n/a	awake	False	True
2019.47179	0.24944000000004962	trials	visual	white circle	n/a	n/a	n/a	awake	False	True
2023.89214	0.24944000000004962	trials	visual	white circle	n/a	n/a	n/a	awake	False	True
2028.49601	0.24941999999987274	trials	visual	white circle	n/a	n/a	n/a	awake	False	True
2033.03312	0.24941999999987274	trials	visual	white circle	n/a	n/a	n/a	awake	False	True
2037.5202	0.24942000000010012	trials	visual	white circle	n/a	n/a	n/a	awake	False	True
2041.55693	0.24943000000007487	trials	visual	white circle	n/a	n/a	n/a	awake	False	True
2046.04401	0.2494299999998475	trials	visual	white circle	n/a	n/a	n/a	awake	False	True
2050.04738	0.24942000000010012	trials	visual	white circle	n/a	n/a	n/a	awake	False	True
2054.28423	0.249449999999797	trials	visual	white circle	n/a	n/a	n/a	awake	True	True
2058.93814	0.24944000000050437	trials	visual	white circle	n/a	n/a	n/a	awake	False	False
2063.30845	0.249430000000757	trials	visual	white circle	n/a	n/a	n/a	awake	False	True
2067.49529	0.24943000000030224	trials	visual	white circle	n/a	n/a	n/a	awake	False	True
2071.51531	0.2494699999997465	trials	visual	white circle	n/a	n/a	n/a	awake	True	True
2075.98575	0.24942000000010012	trials	visual	white circle	n/a	n/a	n/a	awake	True	True
2080.45612	0.24946000000090862	trials	visual	white circle	n/a	n/a	n/a	awake	True	True
2084.44281	0.2494500000007065	trials	visual	white circle	n/a	n/a	n/a	awake	True	True
2088.31271	0.249449999999797	trials	visual	white circle	n/a	n/a	n/a	awake	False	True
2092.23265	0.24946000000090862	trials	visual	white circle	n/a	n/a	n/a	awake	True	True
2096.41953	0.24940000000060536	trials	visual	white circle	n/a	n/a	n/a	awake	False	True
2100.42284	0.249449999999797	trials	visual	white circle	n/a	n/a	n/a	awake	False	True
2104.19268	0.2494299999998475	trials	visual	white circle	n/a	n/a	n/a	awake	False	True
2107.97917	0.24944000000004962	trials	visual	white circle	n/a	n/a	n/a	awake	False	True
2111.79904	0.24945000000025175	trials	visual	white circle	n/a	n/a	n/a	awake	True	True
2116.38623	0.249409999999898	trials	visual	white circle	n/a	n/a	n/a	awake	False	True
2120.1727	0.24945999999999913	trials	visual	white circle	n/a	n/a	n/a	awake	False	True
2124.79323	0.249449999999797	trials	visual	white circle	n/a	n/a	n/a	awake	False	True
2128.89669	0.24944000000004962	trials	visual	white circle	n/a	n/a	n/a	awake	False	True
2132.86666	0.249449999999797	trials	visual	white circle	n/a	n/a	n/a	awake	True	True
2136.7199	0.24942000000010012	trials	visual	white circle	n/a	n/a	n/a	awake	True	True
2140.62314	0.249470000000656	trials	visual	white circle	n/a	n/a	n/a	awake	True	True
2145.1603	0.2494299999998475	trials	visual	white circle	n/a	n/a	n/a	awake	True	False
2149.18032	0.24945000000025175	trials	visual	white circle	n/a	n/a	n/a	awake	True	False
2153.16699	0.2494299999998475	trials	visual	white circle	n/a	n/a	n/a	awake	True	False
2157.7208100000007	0.24943999999914013	trials	visual	white circle	n/a	n/a	n/a	awake	True	False
2161.87431	0.24944000000004962	trials	visual	white circle	n/a	n/a	n/a	awake	False	True
2166.5281600000008	0.24948999999924126	trials	visual	white circle	n/a	n/a	n/a	awake	False	True
2170.49816	0.24944000000004962	trials	visual	white circle	n/a	n/a	n/a	awake	False	True
2174.7017	0.24942000000010012	trials	visual	white circle	n/a	n/a	n/a	awake	False	True
2179.27219	0.2494299999998475	trials	visual	white circle	n/a	n/a	n/a	awake	False	True
2183.35892	0.249449999999797	trials	visual	white circle	n/a	n/a	n/a	awake	True	True
2187.29557	0.24941999999964537	trials	visual	white circle	n/a	n/a	n/a	awake	True	True
2191.59916	0.24945999999999913	trials	visual	white circle	n/a	n/a	n/a	awake	True	True
2196.2197	0.2494299999998475	trials	visual	white circle	n/a	n/a	n/a	awake	True	True
2200.22305	0.24944000000004962	trials	visual	white circle	n/a	n/a	n/a	awake	True	True
2204.5933800000007	0.24943999999914013	trials	visual	white circle	n/a	n/a	n/a	awake	True	True
2209.26395	0.24944000000004962	trials	visual	white circle	n/a	n/a	n/a	awake	True	False
2213.26732	0.24944000000004962	trials	visual	white circle	n/a	n/a	n/a	awake	True	True
2217.85448	0.249430000000757	trials	visual	white circle	n/a	n/a	n/a	awake	True	True
2222.091360000001	0.24943999999914013	trials	visual	white circle	n/a	n/a	n/a	awake	True	True
2226.46169	0.249449999999797	trials	visual	white circle	n/a	n/a	n/a	awake	True	True
2230.66521	0.249409999999898	trials	visual	white circle	n/a	n/a	n/a	awake	True	True
2234.43504	0.24943000000030224	trials	visual	white circle	n/a	n/a	n/a	awake	False	True
2238.68861	0.249409999999898	trials	visual	white circle	n/a	n/a	n/a	awake	False	True
2243.2424	0.24944000000004962	trials	visual	white circle	n/a	n/a	n/a	awake	False	True
2247.49596	0.2494299999998475	trials	visual	white circle	n/a	n/a	n/a	awake	False	True
2251.51599	0.24944000000004962	trials	visual	white circle	n/a	n/a	n/a	awake	False	True
2255.35254	0.24945000000025175	trials	visual	white circle	n/a	n/a	n/a	awake	False	True
2259.98977	0.24941999999964537	trials	visual	white circle	n/a	n/a	n/a	awake	False	True
2264.44349	0.24942000000010012	trials	visual	white circle	n/a	n/a	n/a	awake	False	True
2268.61365	0.2494000000001506	trials	visual	white circle	n/a	n/a	n/a	awake	False	True
2273.06737	0.24941999999964537	trials	visual	white circle	n/a	n/a	n/a	awake	False	True
2277.788	0.24942000000010012	trials	visual	white circle	n/a	n/a	n/a	awake	False	True
2341.0313814301394	279.1600000000003	epochs								
2620.2013814301395	2553.72	epochs								
3120.12882	0.0003999999998995918	trials	electrical	biphasic	40	MOs	deep	isoflurane	False	True
3123.66184	0.0003999999998995918	trials	electrical	biphasic	20	MOs	deep	isoflurane	False	True
3127.72347	0.0003999999998995918	trials	electrical	biphasic	40	MOs	deep	isoflurane	False	True
3132.105760000001	0.0003999999998995918	trials	electrical	biphasic	70	MOs	deep	isoflurane	False	True
3136.27536	0.0003999999998995918	trials	electrical	biphasic	70	MOs	deep	isoflurane	False	True
3139.96623	0.0003999999998995918	trials	electrical	biphasic	70	MOs	deep	isoflurane	False	True
3143.83557	0.0003999999998995918	trials	electrical	biphasic	70	MOs	deep	isoflurane	False	True
3147.79671	0.0004100000001017179	trials	electrical	biphasic	20	MOs	deep	isoflurane	False	True
3152.27878	0.0003999999998995918	trials	electrical	biphasic	20	MOs	deep	isoflurane	False	True
3155.93561	0.0004000000008090865	trials	electrical	biphasic	20	MOs	deep	isoflurane	False	True
3160.29155	0.0003999999998995918	trials	electrical	biphasic	70	MOs	deep	isoflurane	False	True
3164.43674	0.0003999999998995918	trials	electrical	biphasic	70	MOs	deep	isoflurane	False	True
3168.31344	0.0003999999998995918	trials	electrical	biphasic	40	MOs	deep	isoflurane	False	True
3172.00479	0.0003999999998995918	trials	electrical	biphasic	20	MOs	deep	isoflurane	False	True
3175.93347	0.0003999999998995918	trials	electrical	biphasic	40	MOs	deep	isoflurane	False	True
3179.91592	0.0003999999998995918	trials	electrical	biphasic	70	MOs	deep	isoflurane	False	True
3183.536960000001	0.0003999999998995918	trials	electrical	biphasic	20	MOs	deep	isoflurane	False	True
3187.62689	0.0003999999998995918	trials	electrical	biphasic	70	MOs	deep	isoflurane	False	True
3191.35349	0.0003999999998995918	trials	electrical	biphasic	40	MOs	deep	isoflurane	False	True
3195.23853	0.0003999999998995918	trials	electrical	biphasic	70	MOs	deep	isoflurane	False	True
3199.32194	0.00040000000035433914	trials	electrical	biphasic	70	MOs	deep	isoflurane	False	True
3203.07416	0.0003999999998995918	trials	electrical	biphasic	20	MOs	deep	isoflurane	False	True
3206.86503	0.0004000000008090865	trials	electrical	biphasic	40	MOs	deep	isoflurane	False	True
3210.98255	0.0003999999998995918	trials	electrical	biphasic	20	MOs	deep	isoflurane	False	True
3214.7482600000008	0.00039999999944484443	trials	electrical	biphasic	40	MOs	deep	isoflurane	False	True
3219.07307	0.0003999999998995918	trials	electrical	biphasic	70	MOs	deep	isoflurane	False	True
3223.55615	0.0003999999998995918	trials	electrical	biphasic	20	MOs	deep	isoflurane	False	True
3227.78682	0.00040000000035433914	trials	electrical	biphasic	40	MOs	deep	isoflurane	False	True
3231.63112	0.0003999999998995918	trials	electrical	biphasic	70	MOs	deep	isoflurane	False	True
3235.71561	0.0003999999998995918	trials	electrical	biphasic	40	MOs	deep	isoflurane	False	True
3239.32379	0.0003999999998995918	trials	electrical	biphasic	70	MOs	deep	isoflurane	False	True
3243.73052	0.0003999999998995918	trials	electrical	biphasic	20	MOs	deep	isoflurane	False	True
3248.11061	0.0003999999998995918	trials	electrical	biphasic	20	MOs	deep	isoflurane	False	True
3252.4288	0.0003999999998995918	trials	electrical	biphasic	70	MOs	deep	isoflurane	False	True
3256.18994	0.0003999999998995918	trials	electrical	biphasic	70	MOs	deep	isoflurane	False	True
3260.28473	0.00040000000035433914	trials	electrical	biphasic	40	MOs	deep	isoflurane	False	True
3263.80767	0.0003999999998995918	trials	electrical	biphasic	70	MOs	deep	isoflurane	False	True
3267.73335	0.0003999999998995918	trials	electrical	biphasic	40	MOs	deep	isoflurane	False	True
3271.5465	0.0003999999998995918	trials	electrical	biphasic	40	MOs	deep	isoflurane	False	True
3275.2084	0.0003999999998995918	trials	electrical	biphasic	40	MOs	deep	isoflurane	False	True
3278.88758	0.0003999999998995918	trials	electrical	biphasic	20	MOs	deep	isoflurane	False	True
3282.81089	0.0003999999998995918	trials	electrical	biphasic	40	MOs	deep	isoflurane	False	True
3286.40553	0.0003999999998995918	trials	electrical	biphasic	20	MOs	deep	isoflurane	False	True
3290.50448	0.0003999999998995918	trials	electrical	biphasic	70	MOs	deep	isoflurane	False	True
3294.47582	0.0003999999998995918	trials	electrical	biphasic	20	MOs	deep	isoflurane	False	True
3298.67219	0.00040000000035433914	trials	electrical	biphasic	40	MOs	deep	isoflurane	False	True
3302.87249	0.0003999999998995918	trials	electrical	biphasic	70	MOs	deep	isoflurane	False	True
3307.01146	0.0003999999998995918	trials	electrical	biphasic	40	MOs	deep	isoflurane	False	True
3310.54548	0.0003999999998995918	trials	electrical	biphasic	70	MOs	deep	isoflurane	False	True
3314.1147100000007	0.00039999999944484443	trials	electrical	biphasic	20	MOs	deep	isoflurane	False	True
3317.93473	0.0004000000008090865	trials	electrical	biphasic	20	MOs	deep	isoflurane	False	True
3321.96601	0.0003999999998995918	trials	electrical	biphasic	40	MOs	deep	isoflurane	False	True
3326.12088	0.0004000000008090865	trials	electrical	biphasic	40	MOs	deep	isoflurane	False	True
3330.02893	0.0004000000008090865	trials	electrical	biphasic	20	MOs	deep	isoflurane	False	True
3334.34933	0.0003999999998995918	trials	electrical	biphasic	70	MOs	deep	isoflurane	False	True
3338.56812	0.0003999999998995918	trials	electrical	biphasic	20	MOs	deep	isoflurane	False	True
3343.03719	0.0003999999998995918	trials	electrical	biphasic	20	MOs	deep	isoflurane	False	True
3347.06895	0.00040000000035433914	trials	electrical	biphasic	20	MOs	deep	isoflurane	False	True
3350.89452	0.00040000000035433914	trials	electrical	biphasic	20	MOs	deep	isoflurane	False	True
3354.50056	0.0004000000008090865	trials	electrical	biphasic	20	MOs	deep	isoflurane	False	True
3358.61195	0.0003999999998995918	trials	electrical	biphasic	70	MOs	deep	isoflurane	False	True
3362.891170000001	0.0003999999989900971	trials	electrical	biphasic	70	MOs	deep	isoflurane	False	True
3366.815060000001	0.0003999999998995918	trials	electrical	biphasic	40	MOs	deep	isoflurane	False	True
3370.4063	0.0003999999998995918	trials	electrical	biphasic	40	MOs	deep	isoflurane	False	True
3374.1732	0.0003999999998995918	trials	electrical	biphasic	70	MOs	deep	isoflurane	False	True
3377.82729	0.0003999999998995918	trials	electrical	biphasic	20	MOs	deep	isoflurane	False	True
3381.60871	0.0004000000008090865	trials	electrical	biphasic	70	MOs	deep	isoflurane	False	True
3385.549220000001	0.0003999999989900971	trials	electrical	biphasic	70	MOs	deep	isoflurane	False	True
3389.57678	0.00040000000035433914	trials	electrical	biphasic	40	MOs	deep	isoflurane	False	True
3393.53463	0.0003999999998995918	trials	electrical	biphasic	70	MOs	deep	isoflurane	False	True
3397.91043	0.0003999999998995918	trials	electrical	biphasic	40	MOs	deep	isoflurane	False	True
3401.9289200000007	0.00039999999944484443	trials	electrical	biphasic	40	MOs	deep	isoflurane	False	True
3406.372970000001	0.0003999999998995918	trials	electrical	biphasic	40	MOs	deep	isoflurane	False	True
3410.51109	0.0003999999998995918	trials	electrical	biphasic	20	MOs	deep	isoflurane	False	True
3414.9692200000004	0.00040000000035433914	trials	electrical	biphasic	40	MOs	deep	isoflurane	False	True
3418.71035	0.00040000000035433914	trials	electrical	biphasic	40	MOs	deep	isoflurane	False	True
3422.88689	0.0003999999998995918	trials	electrical	biphasic	20	MOs	deep	isoflurane	False	True
3426.67638	0.0003999999998995918	trials	electrical	biphasic	70	MOs	deep	isoflurane	False	True
3430.8486	0.00040000000035433914	trials	electrical	biphasic	70	MOs	deep	isoflurane	False	True
3435.04417	0.00040000000035433914	trials	electrical	biphasic	40	MOs	deep	isoflurane	False	True
3438.61259	0.0003999999998995918	trials	electrical	biphasic	40	MOs	deep	isoflurane	False	True
3442.36781	0.0003999999998995918	trials	electrical	biphasic	20	MOs	deep	isoflurane	False	True
3446.09228	0.00040000000035433914	trials	electrical	biphasic	40	MOs	deep	isoflurane	False	True
3450.26054	0.0003999999998995918	trials	electrical	biphasic	40	MOs	deep	isoflurane	False	True
3454.60537	0.0003999999998995918	trials	electrical	biphasic	20	MOs	deep	isoflurane	False	True
3458.45026	0.0003999999998995918	trials	electrical	biphasic	40	MOs	deep	isoflurane	False	True
3462.7312	0.0003999999998995918	trials	electrical	biphasic	70	MOs	deep	isoflurane	False	True
3466.9069700000005	0.00040000000035433914	trials	electrical	biphasic	40	MOs	deep	isoflurane	False	True
3470.41411	0.0003999999998995918	trials	electrical	biphasic	70	MOs	deep	isoflurane	False	True
3474.51672	0.00040000000035433914	trials	electrical	biphasic	40	MOs	deep	isoflurane	False	True
3478.40392	0.0003999999998995918	trials	electrical	biphasic	70	MOs	deep	isoflurane	False	True
3482.82035	0.0003999999998995918	trials	electrical	biphasic	40	MOs	deep	isoflurane	False	True
3486.32193	0.00039999999944484443	trials	electrical	biphasic	40	MOs	deep	isoflurane	False	True
3490.28479	0.0003999999998995918	trials	electrical	biphasic	20	MOs	deep	isoflurane	False	True
3494.20956	0.00040000000035433914	trials	electrical	biphasic	20	MOs	deep	isoflurane	False	True
3498.1709	0.0003999999998995918	trials	electrical	biphasic	20	MOs	deep	isoflurane	False	True
3502.44149	0.0003999999998995918	trials	electrical	biphasic	20	MOs	deep	isoflurane	False	True
3506.26439	0.00040000000035433914	trials	electrical	biphasic	20	MOs	deep	isoflurane	False	True
3510.54956	0.0004000000008090865	trials	electrical	biphasic	40	MOs	deep	isoflurane	False	True
3514.52135	0.0003999999998995918	trials	electrical	biphasic	40	MOs	deep	isoflurane	False	True
3518.05753	0.00039999999944484443	trials	electrical	biphasic	70	MOs	deep	isoflurane	False	True
3521.73383	0.0003999999998995918	trials	electrical	biphasic	40	MOs	deep	isoflurane	False	True
3525.95602	0.00040000000035433914	trials	electrical	biphasic	70	MOs	deep	isoflurane	False	True
3529.9299200000005	0.0003999999998995918	trials	electrical	biphasic	20	MOs	deep	isoflurane	False	True
3533.58306	0.0004000000008090865	trials	electrical	biphasic	40	MOs	deep	isoflurane	False	True
3537.42461	0.0003999999998995918	trials	electrical	biphasic	70	MOs	deep	isoflurane	False	True
3541.5324100000007	0.00039999999944484443	trials	electrical	biphasic	20	MOs	deep	isoflurane	False	True
3545.2245700000008	0.00039999999944484443	trials	electrical	biphasic	20	MOs	deep	isoflurane	False	True
3549.4634200000005	0.0003999999998995918	trials	electrical	biphasic	20	MOs	deep	isoflurane	False	True
3553.2067	0.0003999999998995918	trials	electrical	biphasic	20	MOs	deep	isoflurane	False	True
3557.62455	0.0003999999998995918	trials	electrical	biphasic	70	MOs	deep	isoflurane	False	True
3561.3940299999995	0.00040000000035433914	trials	electrical	biphasic	40	MOs	deep	isoflurane	False	True
3565.65996	0.0004000000008090865	trials	electrical	biphasic	40	MOs	deep	isoflurane	False	True
3569.34904	0.0003999999998995918	trials	electrical	biphasic	40	MOs	deep	isoflurane	False	True
3573.1369600000007	0.00039999999944484443	trials	electrical	biphasic	70	MOs	deep	isoflurane	False	True
3576.7285	0.0003999999998995918	trials	electrical	biphasic	40	MOs	deep	isoflurane	False	True
3580.80513	0.0003999999998995918	trials	electrical	biphasic	40	MOs	deep	isoflurane	False	True
3584.98891	0.0003999999998995918	trials	electrical	biphasic	20	MOs	deep	isoflurane	False	True
3589.03594	0.0003999999998995918	trials	electrical	biphasic	20	MOs	deep	isoflurane	False	True
3592.96208	0.00040000000035433914	trials	electrical	biphasic	40	MOs	deep	isoflurane	False	True
3597.10695	0.00040000000035433914	trials	electrical	biphasic	70	MOs	deep	isoflurane	False	True
3601.25499	0.0003999999998995918	trials	electrical	biphasic	70	MOs	deep	isoflurane	False	True
3605.43443	0.0004100000001017179	trials	electrical	biphasic	20	MOs	deep	isoflurane	False	True
3609.57064	0.0003999999998995918	trials	electrical	biphasic	40	MOs	deep	isoflurane	False	True
3614.01625	0.0003999999998995918	trials	electrical	biphasic	70	MOs	deep	isoflurane	False	True
3617.72561	0.0003999999998995918	trials	electrical	biphasic	20	MOs	deep	isoflurane	False	True
3621.93531	0.00040000000035433914	trials	electrical	biphasic	20	MOs	deep	isoflurane	False	True
3625.67197	0.0003999999998995918	trials	electrical	biphasic	40	MOs	deep	isoflurane	False	True
3629.29179	0.0003999999998995918	trials	electrical	biphasic	40	MOs	deep	isoflurane	False	True
3633.39952	0.0003999999998995918	trials	electrical	biphasic	20	MOs	deep	isoflurane	False	True
3637.35008	0.0003999999998995918	trials	electrical	biphasic	40	MOs	deep	isoflurane	False	True
3641.30922	0.0004000000017185812	trials	electrical	biphasic	70	MOs	deep	isoflurane	False	True
3645.47159	0.0003999999998995918	trials	electrical	biphasic	40	MOs	deep	isoflurane	False	True
3649.74229	0.0003999999998995918	trials	electrical	biphasic	40	MOs	deep	isoflurane	False	True
3653.59294	0.0003999999998995918	trials	electrical	biphasic	70	MOs	deep	isoflurane	False	True
3657.75538	0.0003999999998995918	trials	electrical	biphasic	40	MOs	deep	isoflurane	False	True
3661.67196	0.0003999999998995918	trials	electrical	biphasic	20	MOs	deep	isoflurane	False	True
3666.01431	0.0003999999998995918	trials	electrical	biphasic	20	MOs	deep	isoflurane	False	True
3670.34765	0.0003999999998995918	trials	electrical	biphasic	40	MOs	deep	isoflurane	False	True
3674.10451	0.0003999999998995918	trials	electrical	biphasic	70	MOs	deep	isoflurane	False	True
3678.2184	0.0003999999998995918	trials	electrical	biphasic	20	MOs	deep	isoflurane	False	True
3682.30106	0.00040000000035433914	trials	electrical	biphasic	70	MOs	deep	isoflurane	False	True
3686.342220000002	0.0003999999980806024	trials	electrical	biphasic	70	MOs	deep	isoflurane	False	True
3690.71259	0.0003999999998995918	trials	electrical	biphasic	40	MOs	deep	isoflurane	False	True
3694.47779	0.0003999999998995918	trials	electrical	biphasic	40	MOs	deep	isoflurane	False	True
3698.29629	0.0003999999998995918	trials	electrical	biphasic	40	MOs	deep	isoflurane	False	True
3701.91593	0.0003999999998995918	trials	electrical	biphasic	40	MOs	deep	isoflurane	False	True
3706.35618	0.0003999999998995918	trials	electrical	biphasic	70	MOs	deep	isoflurane	False	True
3710.50216	0.0003999999998995918	trials	electrical	biphasic	40	MOs	deep	isoflurane	False	True
3714.48204	0.00040000000035433914	trials	electrical	biphasic	70	MOs	deep	isoflurane	False	True
3718.62178	0.0004100000001017179	trials	electrical	biphasic	20	MOs	deep	isoflurane	False	True
3722.66693	0.00040000000035433914	trials	electrical	biphasic	70	MOs	deep	isoflurane	False	True
3726.81467	0.0003999999998995918	trials	electrical	biphasic	40	MOs	deep	isoflurane	False	True
3730.85897	0.0003999999998995918	trials	electrical	biphasic	40	MOs	deep	isoflurane	False	True
3735.08044	0.0003999999998995918	trials	electrical	biphasic	40	MOs	deep	isoflurane	False	True
3739.10336	0.0003999999998995918	trials	electrical	biphasic	70	MOs	deep	isoflurane	False	True
3743.59748	0.0003999999998995918	trials	electrical	biphasic	70	MOs	deep	isoflurane	False	True
3747.31658	0.0003999999998995918	trials	electrical	biphasic	40	MOs	deep	isoflurane	False	True
3750.9228	0.00040000000035433914	trials	electrical	biphasic	40	MOs	deep	isoflurane	False	True
3754.53292	0.0004000000017185812	trials	electrical	biphasic	20	MOs	deep	isoflurane	False	True
3758.09694	0.0003999999998995918	trials	electrical	biphasic	40	MOs	deep	isoflurane	False	True
3762.00195	0.00040000000035433914	trials	electrical	biphasic	20	MOs	deep	isoflurane	False	True
3765.95075	0.0003999999998995918	trials	electrical	biphasic	20	MOs	deep	isoflurane	False	True
3769.81699	0.00040000000035433914	trials	electrical	biphasic	40	MOs	deep	isoflurane	False	True
3774.08091	0.0003999999998995918	trials	electrical	biphasic	20	MOs	deep	isoflurane	False	True
3778.20923	0.0003999999998995918	trials	electrical	biphasic	40	MOs	deep	isoflurane	False	True
3782.48164	0.0003999999998995918	trials	electrical	biphasic	70	MOs	deep	isoflurane	False	True
3786.91492	0.00040000000126383384	trials	electrical	biphasic	70	MOs	deep	isoflurane	False	True
3791.38809	0.0003999999998995918	trials	electrical	biphasic	20	MOs	deep	isoflurane	False	True
3795.08053	0.0003999999998995918	trials	electrical	biphasic	40	MOs	deep	isoflurane	False	True
3798.71983	0.0003999999998995918	trials	electrical	biphasic	70	MOs	deep	isoflurane	False	True
3802.91651	0.0003999999998995918	trials	electrical	biphasic	20	MOs	deep	isoflurane	False	True
3806.51075	0.0003999999998995918	trials	electrical	biphasic	70	MOs	deep	isoflurane	False	True
3810.53657	0.0003999999998995918	trials	electrical	biphasic	20	MOs	deep	isoflurane	False	True
3814.56733	0.00040000000035433914	trials	electrical	biphasic	40	MOs	deep	isoflurane	False	True
3818.9289	0.0003999999998995918	trials	electrical	biphasic	70	MOs	deep	isoflurane	False	True
3822.91418	0.0003999999998995918	trials	electrical	biphasic	70	MOs	deep	isoflurane	False	True
3826.80806	0.00040000000035433914	trials	electrical	biphasic	40	MOs	deep	isoflurane	False	True
3830.97992	0.0003999999998995918	trials	electrical	biphasic	70	MOs	deep	isoflurane	False	True
3835.2216	0.00040000000035433914	trials	electrical	biphasic	20	MOs	deep	isoflurane	False	True
3839.24208	0.0003999999998995918	trials	electrical	biphasic	70	MOs	deep	isoflurane	False	True
3843.0902200000014	0.00040999999873747583	trials	electrical	biphasic	40	MOs	deep	isoflurane	False	True
3846.74064	0.0003999999998995918	trials	electrical	biphasic	70	MOs	deep	isoflurane	False	True
3850.8271700000014	0.00039999999853534973	trials	electrical	biphasic	20	MOs	deep	isoflurane	False	True
3854.58973	0.0003999999998995918	trials	electrical	biphasic	70	MOs	deep	isoflurane	False	True
3858.13461	0.0003999999998995918	trials	electrical	biphasic	70	MOs	deep	isoflurane	False	True
3862.38997	0.0003999999998995918	trials	electrical	biphasic	20	MOs	deep	isoflurane	False	True
3866.1331700000014	0.00039999999853534973	trials	electrical	biphasic	40	MOs	deep	isoflurane	False	True
3870.07599	0.00040000000035433914	trials	electrical	biphasic	40	MOs	deep	isoflurane	False	True
3874.26421	0.00040000000035433914	trials	electrical	biphasic	40	MOs	deep	isoflurane	False	True
3878.12385	0.0003999999998995918	trials	electrical	biphasic	40	MOs	deep	isoflurane	False	True
3882.36061	0.0003999999998995918	trials	electrical	biphasic	70	MOs	deep	isoflurane	False	True
3886.25573	0.00040000000035433914	trials	electrical	biphasic	70	MOs	deep	isoflurane	False	True
3890.43958	0.0003999999998995918	trials	electrical	biphasic	70	MOs	deep	isoflurane	False	True
3894.64404	0.0003999999998995918	trials	electrical	biphasic	70	MOs	deep	isoflurane	False	True
3898.58676	0.0003999999998995918	trials	electrical	biphasic	20	MOs	deep	isoflurane	False	True
3902.10676	0.0003999999998995918	trials	electrical	biphasic	20	MOs	deep	isoflurane	False	True
3905.93804	0.0003999999998995918	trials	electrical	biphasic	40	MOs	deep	isoflurane	False	True
3909.86276	0.0003999999998995918	trials	electrical	biphasic	20	MOs	deep	isoflurane	False	True
3913.63346	0.0003999999998995918	trials	electrical	biphasic	70	MOs	deep	isoflurane	False	True
3917.33094	0.00040000000035433914	trials	electrical	biphasic	70	MOs	deep	isoflurane	False	True
3921.65308	0.0003999999998995918	trials	electrical	biphasic	20	MOs	deep	isoflurane	False	True
3925.58342	0.0003999999998995918	trials	electrical	biphasic	40	MOs	deep	isoflurane	False	True
3929.97162	0.00040000000035433914	trials	electrical	biphasic	20	MOs	deep	isoflurane	False	True
3933.86322	0.0003999999998995918	trials	electrical	biphasic	70	MOs	deep	isoflurane	False	True
3938.13277	0.00040000000126383384	trials	electrical	biphasic	20	MOs	deep	isoflurane	False	True
3942.02999	0.0003999999998995918	trials	electrical	biphasic	40	MOs	deep	isoflurane	False	True
3946.33893	0.0003999999998995918	trials	electrical	biphasic	40	MOs	deep	isoflurane	False	True
3950.59443	0.0003999999998995918	trials	electrical	biphasic	20	MOs	deep	isoflurane	False	True
3954.47225	0.00040000000035433914	trials	electrical	biphasic	20	MOs	deep	isoflurane	False	True
3958.18869	0.0003999999998995918	trials	electrical	biphasic	40	MOs	deep	isoflurane	False	True
3962.47951	0.0003999999998995918	trials	electrical	biphasic	70	MOs	deep	isoflurane	False	True
3966.92923	0.0003999999998995918	trials	electrical	biphasic	70	MOs	deep	isoflurane	False	True
3970.75721	0.0003999999998995918	trials	electrical	biphasic	40	MOs	deep	isoflurane	False	True
3974.92889	0.00040999999964697054	trials	electrical	biphasic	20	MOs	deep	isoflurane	False	True
3978.86796	0.0003999999998995918	trials	electrical	biphasic	20	MOs	deep	isoflurane	False	True
3983.20188	0.0003999999998995918	trials	electrical	biphasic	40	MOs	deep	isoflurane	False	True
3987.47116	0.0003999999998995918	trials	electrical	biphasic	40	MOs	deep	isoflurane	False	True
3991.13884	0.0003999999998995918	trials	electrical	biphasic	20	MOs	deep	isoflurane	False	True
3995.50124	0.0003999999998995918	trials	electrical	biphasic	40	MOs	deep	isoflurane	False	True
3999.99154	0.0003999999998995918	trials	electrical	biphasic	70	MOs	deep	isoflurane	False	True
4004.00638	0.00040000000035433914	trials	electrical	biphasic	20	MOs	deep	isoflurane	False	True
4008.39109	0.0003999999998995918	trials	electrical	biphasic	70	MOs	deep	isoflurane	False	True
4012.47953	0.0003999999998995918	trials	electrical	biphasic	40	MOs	deep	isoflurane	False	True
4016.1347	0.0003999999998995918	trials	electrical	biphasic	40	MOs	deep	isoflurane	False	True
4019.83498	0.0003999999998995918	trials	electrical	biphasic	70	MOs	deep	isoflurane	False	True
4023.74236	0.0003999999998995918	trials	electrical	biphasic	40	MOs	deep	isoflurane	False	True
4027.99148	0.0003999999998995918	trials	electrical	biphasic	70	MOs	deep	isoflurane	False	True
4032.31749	0.0003999999998995918	trials	electrical	biphasic	20	MOs	deep	isoflurane	False	True
4036.60787	0.00040000000035433914	trials	electrical	biphasic	40	MOs	deep	isoflurane	False	True
4040.42681	0.0003999999998995918	trials	electrical	biphasic	20	MOs	deep	isoflurane	False	True
4044.46129	0.0003999999998995918	trials	electrical	biphasic	40	MOs	deep	isoflurane	False	True
4048.05167	0.00040000000035433914	trials	electrical	biphasic	70	MOs	deep	isoflurane	False	True
4051.66378	0.00040000000035433914	trials	electrical	biphasic	40	MOs	deep	isoflurane	False	True
4055.3005	0.00040000000035433914	trials	electrical	biphasic	70	MOs	deep	isoflurane	False	True
4059.47958	0.0003999999998995918	trials	electrical	biphasic	20	MOs	deep	isoflurane	False	True
4063.47518	0.0003999999998995918	trials	electrical	biphasic	20	MOs	deep	isoflurane	False	True
4067.1653200000014	0.00039999999853534973	trials	electrical	biphasic	20	MOs	deep	isoflurane	False	True
4071.16074	0.00040000000035433914	trials	electrical	biphasic	20	MOs	deep	isoflurane	False	True
4074.80876	0.0003999999998995918	trials	electrical	biphasic	70	MOs	deep	isoflurane	False	True
4078.36416	0.0003999999998995918	trials	electrical	biphasic	70	MOs	deep	isoflurane	False	True
4082.7153	0.00040000000035433914	trials	electrical	biphasic	70	MOs	deep	isoflurane	False	True
4086.77628	0.0003999999998995918	trials	electrical	biphasic	70	MOs	deep	isoflurane	False	True
4091.2063	0.00040000000035433914	trials	electrical	biphasic	20	MOs	deep	isoflurane	False	True
4095.40338	0.0003999999998995918	trials	electrical	biphasic	70	MOs	deep	isoflurane	False	True
4099.4866	0.0003999999998995918	trials	electrical	biphasic	20	MOs	deep	isoflurane	False	True
4103.80242	0.0003999999998995918	trials	electrical	biphasic	70	MOs	deep	isoflurane	False	True
4108.18187	0.0003999999998995918	trials	electrical	biphasic	70	MOs	deep	isoflurane	False	True
4112.67121	0.0003999999998995918	trials	electrical	biphasic	40	MOs	deep	isoflurane	False	True
4116.17214	0.00041000000055646524	trials	electrical	biphasic	20	MOs	deep	isoflurane	False	True
4120.53801	0.0003999999998995918	trials	electrical	biphasic	20	MOs	deep	isoflurane	False	True
4124.65099	0.0003999999998995918	trials	electrical	biphasic	70	MOs	deep	isoflurane	False	True
4129.14137	0.0003999999998995918	trials	electrical	biphasic	70	MOs	deep	isoflurane	False	True
4133.169470000002	0.0003999999998995918	trials	electrical	biphasic	20	MOs	deep	isoflurane	False	True
4137.14941	0.0003999999998995918	trials	electrical	biphasic	70	MOs	deep	isoflurane	False	True
4141.45117	0.0003999999998995918	trials	electrical	biphasic	20	MOs	deep	isoflurane	False	True
4145.17943	0.0003999999998995918	trials	electrical	biphasic	20	MOs	deep	isoflurane	False	True
4149.17795	0.0003999999998995918	trials	electrical	biphasic	40	MOs	deep	isoflurane	False	True
4153.579229999999	0.0003999999989900971	trials	electrical	biphasic	70	MOs	deep	isoflurane	False	True
4157.65431	0.0003999999998995918	trials	electrical	biphasic	70	MOs	deep	isoflurane	False	True
4161.99991	0.0003999999998995918	trials	electrical	biphasic	70	MOs	deep	isoflurane	False	True
4166.23897	0.0003999999998995918	trials	electrical	biphasic	70	MOs	deep	isoflurane	False	True
4170.325370000001	0.0003999999989900971	trials	electrical	biphasic	70	MOs	deep	isoflurane	False	True
4174.07253	0.0003999999980806024	trials	electrical	biphasic	40	MOs	deep	isoflurane	False	True
4178.23937	0.0003999999998995918	trials	electrical	biphasic	70	MOs	deep	isoflurane	False	True
4181.82327	0.0004000000017185812	trials	electrical	biphasic	20	MOs	deep	isoflurane	False	True
4185.94965	0.0004000000008090865	trials	electrical	biphasic	70	MOs	deep	isoflurane	False	True
4190.111010000001	0.0003999999989900971	trials	electrical	biphasic	40	MOs	deep	isoflurane	False	True
4194.34119	0.0003999999998995918	trials	electrical	biphasic	20	MOs	deep	isoflurane	False	True
4198.7323700000015	0.0003999999998995918	trials	electrical	biphasic	20	MOs	deep	isoflurane	False	True
4203.21509	0.0003999999998995918	trials	electrical	biphasic	20	MOs	deep	isoflurane	False	True
4207.48453	0.0003999999998995918	trials	electrical	biphasic	20	MOs	deep	isoflurane	False	True
4211.56639	0.0003999999998995918	trials	electrical	biphasic	20	MOs	deep	isoflurane	False	True
4215.99514	0.0003999999998995918	trials	electrical	biphasic	20	MOs	deep	isoflurane	False	True
4220.07566	0.0003999999998995918	trials	electrical	biphasic	20	MOs	deep	isoflurane	False	True
4223.59305	0.0003999999998995918	trials	electrical	biphasic	40	MOs	deep	isoflurane	False	True
4227.21433	0.0003999999998995918	trials	electrical	biphasic	40	MOs	deep	isoflurane	False	True
4231.57747	0.0003999999998995918	trials	electrical	biphasic	70	MOs	deep	isoflurane	False	True
4235.56219	0.0003999999998995918	trials	electrical	biphasic	20	MOs	deep	isoflurane	False	True
4239.90747	0.0003999999998995918	trials	electrical	biphasic	40	MOs	deep	isoflurane	False	True
4243.61729	0.0003999999998995918	trials	electrical	biphasic	40	MOs	deep	isoflurane	False	True
4247.67001	0.0003999999998995918	trials	electrical	biphasic	20	MOs	deep	isoflurane	False	True
4251.800310000001	0.0003999999989900971	trials	electrical	biphasic	20	MOs	deep	isoflurane	False	True
4255.33273	0.0003999999998995918	trials	electrical	biphasic	40	MOs	deep	isoflurane	False	True
4259.44787	0.0003999999998995918	trials	electrical	biphasic	20	MOs	deep	isoflurane	False	True
4263.31071	0.0004000000017185812	trials	electrical	biphasic	70	MOs	deep	isoflurane	False	True
4266.86066	0.0003999999998995918	trials	electrical	biphasic	40	MOs	deep	isoflurane	False	True
4270.85066	0.0003999999998995918	trials	electrical	biphasic	20	MOs	deep	isoflurane	False	True
4274.5436	0.0003999999998995918	trials	electrical	biphasic	70	MOs	deep	isoflurane	False	True
4278.1671	0.0003999999998995918	trials	electrical	biphasic	70	MOs	deep	isoflurane	False	True
4281.87302	0.0003999999998995918	trials	electrical	biphasic	70	MOs	deep	isoflurane	False	True
4285.51995	0.0003999999998995918	trials	electrical	biphasic	70	MOs	deep	isoflurane	False	True
4289.20945	0.0003999999998995918	trials	electrical	biphasic	40	MOs	deep	isoflurane	False	True
4292.75253	0.0003999999998995918	trials	electrical	biphasic	20	MOs	deep	isoflurane	False	True
4296.88815	0.0003999999998995918	trials	electrical	biphasic	20	MOs	deep	isoflurane	False	True
4300.67043	0.0003999999998995918	trials	electrical	biphasic	40	MOs	deep	isoflurane	False	True
4304.70945	0.0003999999998995918	trials	electrical	biphasic	70	MOs	deep	isoflurane	False	True
4308.90503	0.0003999999998995918	trials	electrical	biphasic	40	MOs	deep	isoflurane	False	True
4312.9045700000015	0.0003999999998995918	trials	electrical	biphasic	70	MOs	deep	isoflurane	False	True
4316.94079	0.0003999999998995918	trials	electrical	biphasic	40	MOs	deep	isoflurane	False	True
4320.88639	0.0003999999998995918	trials	electrical	biphasic	20	MOs	deep	isoflurane	False	True
4324.51074	0.0003999999998995918	trials	electrical	biphasic	70	MOs	deep	isoflurane	False	True
4328.501520000002	0.0003999999998995918	trials	electrical	biphasic	20	MOs	deep	isoflurane	False	True
4332.85494	0.0003999999998995918	trials	electrical	biphasic	20	MOs	deep	isoflurane	False	True
4337.22928	0.0004000000008090865	trials	electrical	biphasic	70	MOs	deep	isoflurane	False	True
4341.0	0.0003999999998995918	trials	electrical	biphasic	20	MOs	deep	isoflurane	False	True
4344.70888	0.0003999999998995918	trials	electrical	biphasic	40	MOs	deep	isoflurane	False	True
4348.77428	0.0004000000008090865	trials	electrical	biphasic	20	MOs	deep	isoflurane	False	True
4352.91502	0.0003999999998995918	trials	electrical	biphasic	40	MOs	deep	isoflurane	False	True
4356.832460000001	0.0003999999989900971	trials	electrical	biphasic	70	MOs	deep	isoflurane	False	True
4360.5388600000015	0.0003999999998995918	trials	electrical	biphasic	40	MOs	deep	isoflurane	False	True
4364.98722	0.0003999999998995918	trials	electrical	biphasic	40	MOs	deep	isoflurane	False	True
4368.56972	0.0003999999998995918	trials	electrical	biphasic	40	MOs	deep	isoflurane	False	True
4372.17583	0.0003999999998995918	trials	electrical	biphasic	70	MOs	deep	isoflurane	False	True
4375.81829	0.0003999999998995918	trials	electrical	biphasic	70	MOs	deep	isoflurane	False	True
4379.48517	0.0004000000017185812	trials	electrical	biphasic	20	MOs	deep	isoflurane	False	True
4383.60655	0.0003999999998995918	trials	electrical	biphasic	70	MOs	deep	isoflurane	False	True
4387.68069	0.0003999999998995918	trials	electrical	biphasic	40	MOs	deep	isoflurane	False	True
4391.233179999998	0.0004000000017185812	trials	electrical	biphasic	40	MOs	deep	isoflurane	False	True
4395.66481	0.0003999999998995918	trials	electrical	biphasic	70	MOs	deep	isoflurane	False	True
4399.89389	0.0003999999998995918	trials	electrical	biphasic	70	MOs	deep	isoflurane	False	True
4404.13215	0.0003999999998995918	trials	electrical	biphasic	40	MOs	deep	isoflurane	False	True
4407.69596	0.0003999999998995918	trials	electrical	biphasic	20	MOs	deep	isoflurane	False	True
4412.056820000002	0.0003999999998995918	trials	electrical	biphasic	40	MOs	deep	isoflurane	False	True
4416.49165	0.0003999999998995918	trials	electrical	biphasic	70	MOs	deep	isoflurane	False	True
4420.976470000001	0.0003999999989900971	trials	electrical	biphasic	20	MOs	deep	isoflurane	False	True
4425.33583	0.0003999999998995918	trials	electrical	biphasic	20	MOs	deep	isoflurane	False	True
4429.6218100000015	0.0003999999989900971	trials	electrical	biphasic	20	MOs	deep	isoflurane	False	True
4433.63561	0.0003999999998995918	trials	electrical	biphasic	20	MOs	deep	isoflurane	False	True
4437.31363	0.0003999999998995918	trials	electrical	biphasic	70	MOs	deep	isoflurane	False	True
4441.21262	0.0003999999998995918	trials	electrical	biphasic	40	MOs	deep	isoflurane	False	True
4444.846979999998	0.0003999999998995918	trials	electrical	biphasic	70	MOs	deep	isoflurane	False	True
4448.3783	0.0003999999998995918	trials	electrical	biphasic	20	MOs	deep	isoflurane	False	True
4452.81786	0.0003999999998995918	trials	electrical	biphasic	40	MOs	deep	isoflurane	False	True
4456.61958	0.0004000000008090865	trials	electrical	biphasic	20	MOs	deep	isoflurane	False	True
4460.41554	0.0003999999998995918	trials	electrical	biphasic	20	MOs	deep	isoflurane	False	True
4464.2489	0.0004000000008090865	trials	electrical	biphasic	40	MOs	deep	isoflurane	False	True
4468.21637	0.0003999999998995918	trials	electrical	biphasic	40	MOs	deep	isoflurane	False	True
4472.36499	0.0003999999998995918	trials	electrical	biphasic	70	MOs	deep	isoflurane	False	True
4475.89063	0.0003999999998995918	trials	electrical	biphasic	40	MOs	deep	isoflurane	False	True
4480.23325	0.0003999999998995918	trials	electrical	biphasic	20	MOs	deep	isoflurane	False	True
4484.29271	0.0004000000017185812	trials	electrical	biphasic	70	MOs	deep	isoflurane	False	True
4488.64723	0.0004000000008090865	trials	electrical	biphasic	40	MOs	deep	isoflurane	False	True
4492.49553	0.0003999999998995918	trials	electrical	biphasic	20	MOs	deep	isoflurane	False	True
4496.44197	0.0004000000017185812	trials	electrical	biphasic	20	MOs	deep	isoflurane	False	True
4499.99663	0.0004000000008090865	trials	electrical	biphasic	20	MOs	deep	isoflurane	False	True
4503.67414	0.0003999999998995918	trials	electrical	biphasic	20	MOs	deep	isoflurane	False	True
4507.83736	0.0003999999998995918	trials	electrical	biphasic	20	MOs	deep	isoflurane	False	True
4511.6686	0.0003999999998995918	trials	electrical	biphasic	40	MOs	deep	isoflurane	False	True
4516.0675	0.0003999999998995918	trials	electrical	biphasic	70	MOs	deep	isoflurane	False	True
4519.68608	0.0003999999989900971	trials	electrical	biphasic	20	MOs	deep	isoflurane	False	True
4524.17492	0.0003999999998995918	trials	electrical	biphasic	20	MOs	deep	isoflurane	False	True
4528.21532	0.0003999999998995918	trials	electrical	biphasic	70	MOs	deep	isoflurane	False	True
4532.42266	0.0003999999998995918	trials	electrical	biphasic	70	MOs	deep	isoflurane	False	True
4536.92258	0.0003999999989900971	trials	electrical	biphasic	40	MOs	deep	isoflurane	False	True
4540.71084	0.0003999999998995918	trials	electrical	biphasic	70	MOs	deep	isoflurane	False	True
4544.625779999999	0.0003999999989900971	trials	electrical	biphasic	70	MOs	deep	isoflurane	False	True
4548.59104	0.0003999999998995918	trials	electrical	biphasic	70	MOs	deep	isoflurane	False	True
4552.85542	0.0004000000017185812	trials	electrical	biphasic	20	MOs	deep	isoflurane	False	True
4557.17404	0.0003999999998995918	trials	electrical	biphasic	70	MOs	deep	isoflurane	False	False
4584.61478	0.24927999999999884	trials	visual	white circle	n/a	n/a	n/a	isoflurane	False	True
4588.91839	0.24923000000035245	trials	visual	white circle	n/a	n/a	n/a	isoflurane	False	True
4593.23865	0.24923999999919033	trials	visual	white circle	n/a	n/a	n/a	isoflurane	False	True
4597.25866	0.24926999999934196	trials	visual	white circle	n/a	n/a	n/a	isoflurane	False	True
4601.19528	0.2492499999998472	trials	visual	white circle	n/a	n/a	n/a	isoflurane	False	True
4605.3988	0.24926000000050408	trials	visual	white circle	n/a	n/a	n/a	isoflurane	False	True
4609.4522	0.24923000000035245	trials	visual	white circle	n/a	n/a	n/a	isoflurane	False	True
4613.77245	0.24925999999959458	trials	visual	white circle	n/a	n/a	n/a	isoflurane	False	True
4617.54227	0.24924000000009983	trials	visual	white circle	n/a	n/a	n/a	isoflurane	False	True
4621.345460000001	0.24922999999853346	trials	visual	white circle	n/a	n/a	n/a	isoflurane	False	True
4625.61566	0.24927999999999884	trials	visual	white circle	n/a	n/a	n/a	isoflurane	False	True
4630.2362	0.24922999999944295	trials	visual	white circle	n/a	n/a	n/a	isoflurane	False	False
4634.289589999999	0.24927000000207045	trials	visual	white circle	n/a	n/a	n/a	isoflurane	False	True
4638.77666	0.24926999999934196	trials	visual	white circle	n/a	n/a	n/a	isoflurane	False	True
4643.46391	0.24923999999919033	trials	visual	white circle	n/a	n/a	n/a	isoflurane	False	True
4648.11782	0.24921999999969557	trials	visual	white circle	n/a	n/a	n/a	isoflurane	False	True
4651.88762	0.2492499999998472	trials	visual	white circle	n/a	n/a	n/a	isoflurane	False	True
4656.32469	0.2492099999999482	trials	visual	white circle	n/a	n/a	n/a	isoflurane	False	True
4660.27799	0.2492100000008577	trials	visual	white circle	n/a	n/a	n/a	isoflurane	False	True
4664.84846	0.24922999999944295	trials	visual	white circle	n/a	n/a	n/a	isoflurane	False	True
4668.83513	0.2492099999990387	trials	visual	white circle	n/a	n/a	n/a	isoflurane	False	True
4672.80513	0.24918000000070606	trials	visual	white circle	n/a	n/a	n/a	isoflurane	False	True
4676.59161	0.24923999999919033	trials	visual	white circle	n/a	n/a	n/a	isoflurane	False	True
4680.62835	0.24917999999979656	trials	visual	white circle	n/a	n/a	n/a	isoflurane	False	True
4684.41484	0.2492099999999482	trials	visual	white circle	n/a	n/a	n/a	isoflurane	False	True
4688.65173	0.24920000000020082	trials	visual	white circle	n/a	n/a	n/a	isoflurane	False	True
4693.37234	0.24918000000161555	trials	visual	white circle	n/a	n/a	n/a	isoflurane	False	False
4697.2589	0.24919000000045344	trials	visual	white circle	n/a	n/a	n/a	isoflurane	False	True
4701.5625	0.24920000000020082	trials	visual	white circle	n/a	n/a	n/a	isoflurane	False	True
4706.18304	0.24918999999954394	trials	visual	white circle	n/a	n/a	n/a	isoflurane	False	True
4710.8703	0.24917999999979656	trials	visual	white circle	n/a	n/a	n/a	isoflurane	False	True
4714.62343	0.24920000000020082	trials	visual	white circle	n/a	n/a	n/a	isoflurane	False	True
4718.74356	0.2491600000003018	trials	visual	white circle	n/a	n/a	n/a	isoflurane	False	True
4723.297360000001	0.24919999999838183	trials	visual	white circle	n/a	n/a	n/a	isoflurane	False	True
4727.61764	0.24917999999979656	trials	visual	white circle	n/a	n/a	n/a	isoflurane	False	True
4731.4875200000015	0.24921999999878608	trials	visual	white circle	n/a	n/a	n/a	isoflurane	False	True
4735.79112	0.24921999999969557	trials	visual	white circle	n/a	n/a	n/a	isoflurane	False	True
4740.011329999998	0.2492000000011103	trials	visual	white circle	n/a	n/a	n/a	isoflurane	False	True
4743.78114	0.24920000000020082	trials	visual	white circle	n/a	n/a	n/a	isoflurane	False	True
4748.11809	0.24920000000020082	trials	visual	white circle	n/a	n/a	n/a	isoflurane	False	True
4752.52179	0.24922000000060507	trials	visual	white circle	n/a	n/a	n/a	isoflurane	False	True
4757.14232	0.24921999999969557	trials	visual	white circle	n/a	n/a	n/a	isoflurane	False	True
4761.11232	0.2492099999999482	trials	visual	white circle	n/a	n/a	n/a	isoflurane	False	True
4765.11565	0.24923000000035245	trials	visual	white circle	n/a	n/a	n/a	isoflurane	False	True
4769.25243	0.24926000000050408	trials	visual	white circle	n/a	n/a	n/a	isoflurane	False	True
4773.85628	0.24924000000009983	trials	visual	white circle	n/a	n/a	n/a	isoflurane	False	True
4777.79293	0.24924000000191882	trials	visual	white circle	n/a	n/a	n/a	isoflurane	False	True
4781.7963	0.2492099999999482	trials	visual	white circle	n/a	n/a	n/a	isoflurane	False	True
4786.23332	0.26591999999982363	trials	visual	white circle	n/a	n/a	n/a	isoflurane	False	True
4790.83719	0.24921999999969557	trials	visual	white circle	n/a	n/a	n/a	isoflurane	False	True
4795.14077	0.24921999999969557	trials	visual	white circle	n/a	n/a	n/a	isoflurane	False	True
4799.31095	0.24920000000020082	trials	visual	white circle	n/a	n/a	n/a	isoflurane	False	True
4803.080770000001	0.2492099999990387	trials	visual	white circle	n/a	n/a	n/a	isoflurane	False	True
4807.61791	0.24919000000045344	trials	visual	white circle	n/a	n/a	n/a	isoflurane	False	True
4811.4711	0.24923000000035245	trials	visual	white circle	n/a	n/a	n/a	isoflurane	False	True
4815.8915	0.24920000000020082	trials	visual	white circle	n/a	n/a	n/a	isoflurane	False	True
4819.911529999999	0.2658800000008341	trials	visual	white circle	n/a	n/a	n/a	isoflurane	False	True
4824.09836	0.24920000000020082	trials	visual	white circle	n/a	n/a	n/a	isoflurane	False	True
4827.88485	0.24921999999969557	trials	visual	white circle	n/a	n/a	n/a	isoflurane	False	True
4832.30524	0.24919000000045344	trials	visual	white circle	n/a	n/a	n/a	isoflurane	False	True
4836.909079999999	0.24920000000020082	trials	visual	white circle	n/a	n/a	n/a	isoflurane	False	True
4841.44624	0.2491599999993923	trials	visual	white circle	n/a	n/a	n/a	isoflurane	False	True
4845.93331	0.24917999999979656	trials	visual	white circle	n/a	n/a	n/a	isoflurane	False	True
4849.98672	0.24917999999979656	trials	visual	white circle	n/a	n/a	n/a	isoflurane	False	True
4854.45711	0.2492000000011103	trials	visual	white circle	n/a	n/a	n/a	isoflurane	False	True
4858.46048	0.2658500000006825	trials	visual	white circle	n/a	n/a	n/a	isoflurane	False	True
4862.69736	0.2491600000003018	trials	visual	white circle	n/a	n/a	n/a	isoflurane	False	True
4867.3679	0.24920000000020082	trials	visual	white circle	n/a	n/a	n/a	isoflurane	False	True
4871.72156	0.24920000000020082	trials	visual	white circle	n/a	n/a	n/a	isoflurane	False	True
4875.92509	0.24917000000004919	trials	visual	white circle	n/a	n/a	n/a	isoflurane	False	True
4879.928470000002	0.24913999999807857	trials	visual	white circle	n/a	n/a	n/a	isoflurane	False	True
4884.41555	0.24913999999989755	trials	visual	white circle	n/a	n/a	n/a	isoflurane	False	True
4888.86929	0.2491200000004028	trials	visual	white circle	n/a	n/a	n/a	isoflurane	False	True
4892.85596	0.24915000000055443	trials	visual	white circle	n/a	n/a	n/a	isoflurane	False	True
4896.74253	0.2491599999993923	trials	visual	white circle	n/a	n/a	n/a	isoflurane	False	True
4900.64581	0.24913000000015018	trials	visual	white circle	n/a	n/a	n/a	isoflurane	False	True
4904.84934	0.24913000000015018	trials	visual	white circle	n/a	n/a	n/a	isoflurane	False	True
4908.85268	0.24913000000015018	trials	visual	white circle	n/a	n/a	n/a	isoflurane	False	True
4912.62248	0.2491600000003018	trials	visual	white circle	n/a	n/a	n/a	isoflurane	False	True
4916.39231	0.24914999999964493	trials	visual	white circle	n/a	n/a	n/a	isoflurane	False	True
4920.21219	0.24914999999964493	trials	visual	white circle	n/a	n/a	n/a	isoflurane	False	True
4924.79933	0.24918000000161555	trials	visual	white circle	n/a	n/a	n/a	isoflurane	False	True
4928.60253	0.2491600000003018	trials	visual	white circle	n/a	n/a	n/a	isoflurane	False	True
4933.20639	0.24913999999807857	trials	visual	white circle	n/a	n/a	n/a	isoflurane	False	True
4937.30981	0.2491600000003018	trials	visual	white circle	n/a	n/a	n/a	isoflurane	False	True
4941.27981	0.24917000000004919	trials	visual	white circle	n/a	n/a	n/a	isoflurane	False	True
4945.14972	0.2491599999993923	trials	visual	white circle	n/a	n/a	n/a	isoflurane	False	False
4949.0363	0.24919000000045344	trials	visual	white circle	n/a	n/a	n/a	isoflurane	False	True
4953.5901	0.24918999999954394	trials	visual	white circle	n/a	n/a	n/a	isoflurane	False	True
4957.59344	0.24920000000020082	trials	visual	white circle	n/a	n/a	n/a	isoflurane	False	True
4961.5968	0.24918999999954394	trials	visual	white circle	n/a	n/a	n/a	isoflurane	False	True
4966.1506100000015	0.24917999999888707	trials	visual	white circle	n/a	n/a	n/a	isoflurane	False	True
4970.2874200000015	0.24917999999888707	trials	visual	white circle	n/a	n/a	n/a	isoflurane	False	True
4974.94131	0.24918999999954394	trials	visual	white circle	n/a	n/a	n/a	isoflurane	False	False
4978.9113	0.24919000000045344	trials	visual	white circle	n/a	n/a	n/a	isoflurane	False	True
4983.13151	0.2492099999999482	trials	visual	white circle	n/a	n/a	n/a	isoflurane	False	True
4987.702	0.24921999999969557	trials	visual	white circle	n/a	n/a	n/a	isoflurane	False	True
4991.77205	0.24923000000035245	trials	visual	white circle	n/a	n/a	n/a	isoflurane	False	True
4995.72534	0.24927000000025146	trials	visual	white circle	n/a	n/a	n/a	isoflurane	False	True
5000.01228	0.24921999999969557	trials	visual	white circle	n/a	n/a	n/a	isoflurane	False	True
5004.6328	0.24925999999959458	trials	visual	white circle	n/a	n/a	n/a	isoflurane	False	True
5008.63616	0.24926999999843247	trials	visual	white circle	n/a	n/a	n/a	isoflurane	False	True
5013.006460000001	0.24927999999817985	trials	visual	white circle	n/a	n/a	n/a	isoflurane	False	True
5017.677070000002	0.2492599999968661	trials	visual	white circle	n/a	n/a	n/a	isoflurane	False	True
5021.69708	0.24927999999999884	trials	visual	white circle	n/a	n/a	n/a	isoflurane	False	True
5026.26758	0.2659400000002279	trials	visual	white circle	n/a	n/a	n/a	isoflurane	False	True
5030.52113	0.2492900000015652	trials	visual	white circle	n/a	n/a	n/a	isoflurane	False	False
5034.89146	0.24927000000025146	trials	visual	white circle	n/a	n/a	n/a	isoflurane	False	True
5039.0783	0.2492999999994936	trials	visual	white circle	n/a	n/a	n/a	isoflurane	False	False
5042.8481200000015	0.24927999999817985	trials	visual	white circle	n/a	n/a	n/a	isoflurane	False	False
5047.11837	0.24928999999974621	trials	visual	white circle	n/a	n/a	n/a	isoflurane	False	True
5051.67218	0.24927000000025146	trials	visual	white circle	n/a	n/a	n/a	isoflurane	False	True
5055.92574	0.24928000000181783	trials	visual	white circle	n/a	n/a	n/a	isoflurane	False	True
5059.92907	0.24930999999924097	trials	visual	white circle	n/a	n/a	n/a	isoflurane	False	True
5063.78232	0.24927999999999884	trials	visual	white circle	n/a	n/a	n/a	isoflurane	False	True
5068.40285	0.2492999999994936	trials	visual	white circle	n/a	n/a	n/a	isoflurane	False	True
5072.87326	0.24928999999974621	trials	visual	white circle	n/a	n/a	n/a	isoflurane	False	True
5077.04342	0.24927000000025146	trials	visual	white circle	n/a	n/a	n/a	isoflurane	False	False
5081.49715	0.2492999999994936	trials	visual	white circle	n/a	n/a	n/a	isoflurane	False	True
5086.20108	0.2659700000003795	trials	visual	white circle	n/a	n/a	n/a	isoflurane	False	True
5180.06745	0.0004000000008090865	trials	electrical	biphasic	40	MOs	deep	recovery	False	True
5183.60047	0.0003999999998995918	trials	electrical	biphasic	20	MOs	deep	recovery	False	True
5187.66209	0.0003999999998995918	trials	electrical	biphasic	40	MOs	deep	recovery	False	True
5192.044370000001	0.0003999999989900971	trials	electrical	biphasic	70	MOs	deep	recovery	False	True
5196.213970000002	0.0003999999998995918	trials	electrical	biphasic	70	MOs	deep	recovery	False	True
5199.90483	0.0003999999989900971	trials	electrical	biphasic	70	MOs	deep	recovery	False	True
5203.7741700000015	0.0003999999998995918	trials	electrical	biphasic	70	MOs	deep	recovery	False	True
5207.73531	0.0003999999998995918	trials	electrical	biphasic	20	MOs	deep	recovery	False	True
5212.21737	0.0003999999998995918	trials	electrical	biphasic	20	MOs	deep	recovery	False	True
5215.87419	0.0003999999989900971	trials	electrical	biphasic	20	MOs	deep	recovery	False	False
5220.23013	0.0003999999998995918	trials	electrical	biphasic	70	MOs	deep	recovery	False	True
5224.37531	0.0003999999998995918	trials	electrical	biphasic	70	MOs	deep	recovery	False	True
5228.25201	0.0003999999998995918	trials	electrical	biphasic	40	MOs	deep	recovery	False	True
5231.94334	0.0003999999998995918	trials	electrical	biphasic	20	MOs	deep	recovery	False	True
5235.872020000002	0.0003999999998995918	trials	electrical	biphasic	40	MOs	deep	recovery	False	True
5239.854460000001	0.0003999999989900971	trials	electrical	biphasic	70	MOs	deep	recovery	False	False
5243.4755	0.0004000000008090865	trials	electrical	biphasic	20	MOs	deep	recovery	False	True
5247.56542	0.0004000000017185812	trials	electrical	biphasic	70	MOs	deep	recovery	False	True
5251.29202	0.0004000000017185812	trials	electrical	biphasic	40	MOs	deep	recovery	False	True
5255.17706	0.0003999999998995918	trials	electrical	biphasic	70	MOs	deep	recovery	False	True
5259.26046	0.0003999999998995918	trials	electrical	biphasic	70	MOs	deep	recovery	False	True
5263.01267	0.0003999999998995918	trials	electrical	biphasic	20	MOs	deep	recovery	False	True
5266.80353	0.0003999999998995918	trials	electrical	biphasic	40	MOs	deep	recovery	False	False
5270.92105	0.0003999999998995918	trials	electrical	biphasic	20	MOs	deep	recovery	False	True
5274.68675	0.0003999999998995918	trials	electrical	biphasic	40	MOs	deep	recovery	False	True
5279.01155	0.0003999999998995918	trials	electrical	biphasic	70	MOs	deep	recovery	False	True
5283.49463	0.0003999999998995918	trials	electrical	biphasic	20	MOs	deep	recovery	False	False
5287.725289999999	0.0004000000008090865	trials	electrical	biphasic	40	MOs	deep	recovery	False	False
5291.56959	0.0003999999998995918	trials	electrical	biphasic	70	MOs	deep	recovery	False	True
5295.654070000001	0.0003999999989900971	trials	electrical	biphasic	40	MOs	deep	recovery	False	True
5299.26225	0.0003999999998995918	trials	electrical	biphasic	70	MOs	deep	recovery	False	True
5303.6689700000015	0.0003999999998995918	trials	electrical	biphasic	20	MOs	deep	recovery	False	True
5308.04905	0.0004000000008090865	trials	electrical	biphasic	20	MOs	deep	recovery	False	True
5312.36723	0.0003999999998995918	trials	electrical	biphasic	70	MOs	deep	recovery	False	True
5316.12837	0.0003999999998995918	trials	electrical	biphasic	70	MOs	deep	recovery	False	True
5320.22315	0.0003999999998995918	trials	electrical	biphasic	40	MOs	deep	recovery	False	True
5323.74609	0.0004000000008090865	trials	electrical	biphasic	70	MOs	deep	recovery	False	True
5327.67177	0.0004000000017185812	trials	electrical	biphasic	40	MOs	deep	recovery	False	True
5331.48491	0.0003999999998995918	trials	electrical	biphasic	40	MOs	deep	recovery	False	True
5335.14681	0.0003999999998995918	trials	electrical	biphasic	40	MOs	deep	recovery	False	True
5338.82598	0.0004000000008090865	trials	electrical	biphasic	20	MOs	deep	recovery	False	True
5342.74928	0.0003999999998995918	trials	electrical	biphasic	40	MOs	deep	recovery	False	True
5346.34392	0.0003999999998995918	trials	electrical	biphasic	20	MOs	deep	recovery	False	True
5350.44286	0.0003999999998995918	trials	electrical	biphasic	70	MOs	deep	recovery	False	True
5354.4142	0.0003999999998995918	trials	electrical	biphasic	20	MOs	deep	recovery	False	True
5358.61056	0.0003999999998995918	trials	electrical	biphasic	40	MOs	deep	recovery	False	True
5362.810860000001	0.0003999999989900971	trials	electrical	biphasic	70	MOs	deep	recovery	False	False
5366.949820000002	0.0003999999998995918	trials	electrical	biphasic	40	MOs	deep	recovery	False	True
5370.48384	0.0003999999998995918	trials	electrical	biphasic	70	MOs	deep	recovery	False	True
5374.05305	0.0003999999998995918	trials	electrical	biphasic	20	MOs	deep	recovery	False	True
5377.8730700000015	0.0003999999989900971	trials	electrical	biphasic	20	MOs	deep	recovery	False	True
5381.90435	0.0003999999998995918	trials	electrical	biphasic	40	MOs	deep	recovery	False	True
5386.05921	0.0003999999998995918	trials	electrical	biphasic	40	MOs	deep	recovery	False	True
5389.96725	0.0003999999998995918	trials	electrical	biphasic	20	MOs	deep	recovery	False	True
5394.28765	0.0003999999998995918	trials	electrical	biphasic	70	MOs	deep	recovery	False	False
5398.506429999999	0.0003999999989900971	trials	electrical	biphasic	20	MOs	deep	recovery	False	True
5402.97549	0.0003999999998995918	trials	electrical	biphasic	20	MOs	deep	recovery	False	True
5407.00725	0.0003999999998995918	trials	electrical	biphasic	20	MOs	deep	recovery	False	True
5410.83281	0.0003999999998995918	trials	electrical	biphasic	20	MOs	deep	recovery	False	True
5414.43885	0.0004000000008090865	trials	electrical	biphasic	20	MOs	deep	recovery	False	True
5418.55023	0.0003999999998995918	trials	electrical	biphasic	70	MOs	deep	recovery	False	True
5422.82945	0.0003999999998995918	trials	electrical	biphasic	70	MOs	deep	recovery	False	True
5426.75333	0.0003999999998995918	trials	electrical	biphasic	40	MOs	deep	recovery	False	True
5430.34457	0.0003999999998995918	trials	electrical	biphasic	40	MOs	deep	recovery	False	True
5434.11146	0.0003999999998995918	trials	electrical	biphasic	70	MOs	deep	recovery	False	False
5437.765539999999	0.0004000000008090865	trials	electrical	biphasic	20	MOs	deep	recovery	False	True
5441.5469600000015	0.0003999999998995918	trials	electrical	biphasic	70	MOs	deep	recovery	False	True
5445.48746	0.0003999999998995918	trials	electrical	biphasic	70	MOs	deep	recovery	False	True
5449.515020000002	0.0003999999998995918	trials	electrical	biphasic	40	MOs	deep	recovery	False	True
5453.47286	0.0003999999998995918	trials	electrical	biphasic	70	MOs	deep	recovery	False	True
5457.8486600000015	0.0003999999998995918	trials	electrical	biphasic	40	MOs	deep	recovery	False	True
5461.86714	0.0003999999998995918	trials	electrical	biphasic	40	MOs	deep	recovery	False	True
5466.31118	0.0003999999998995918	trials	electrical	biphasic	40	MOs	deep	recovery	False	True
5470.4493	0.0003999999998995918	trials	electrical	biphasic	20	MOs	deep	recovery	False	True
5474.907420000001	0.0003999999989900971	trials	electrical	biphasic	40	MOs	deep	recovery	False	True
5478.64854	0.0003999999998995918	trials	electrical	biphasic	40	MOs	deep	recovery	False	True
5482.82508	0.0004000000008090865	trials	electrical	biphasic	20	MOs	deep	recovery	False	True
5486.61456	0.0003999999998995918	trials	electrical	biphasic	70	MOs	deep	recovery	False	True
5490.786779999999	0.0003999999989900971	trials	electrical	biphasic	70	MOs	deep	recovery	False	True
5494.98234	0.0004000000008090865	trials	electrical	biphasic	40	MOs	deep	recovery	False	True
5498.55076	0.0003999999998995918	trials	electrical	biphasic	40	MOs	deep	recovery	False	True
5502.30597	0.0003999999998995918	trials	electrical	biphasic	20	MOs	deep	recovery	False	True
5506.03043	0.0003999999998995918	trials	electrical	biphasic	40	MOs	deep	recovery	False	True
5510.19869	0.0003999999998995918	trials	electrical	biphasic	40	MOs	deep	recovery	False	True
5514.54351	0.0003999999998995918	trials	electrical	biphasic	20	MOs	deep	recovery	False	True
5518.38839	0.0003999999998995918	trials	electrical	biphasic	40	MOs	deep	recovery	False	True
5522.66933	0.0003999999998995918	trials	electrical	biphasic	70	MOs	deep	recovery	False	True
5526.84509	0.0003999999998995918	trials	electrical	biphasic	40	MOs	deep	recovery	False	True
5530.35223	0.0003999999989900971	trials	electrical	biphasic	70	MOs	deep	recovery	False	True
5534.45483	0.0003999999998995918	trials	electrical	biphasic	40	MOs	deep	recovery	False	True
5538.34203	0.0003999999998995918	trials	electrical	biphasic	70	MOs	deep	recovery	False	True
5542.75845	0.0003999999998995918	trials	electrical	biphasic	40	MOs	deep	recovery	False	True
5546.26003	0.0003999999980806024	trials	electrical	biphasic	40	MOs	deep	recovery	False	True
5550.22289	0.0003999999998995918	trials	electrical	biphasic	20	MOs	deep	recovery	False	True
5554.14764	0.0003999999998995918	trials	electrical	biphasic	20	MOs	deep	recovery	False	True
5558.10898	0.0003999999998995918	trials	electrical	biphasic	20	MOs	deep	recovery	False	True
5562.37956	0.0003999999998995918	trials	electrical	biphasic	20	MOs	deep	recovery	False	True
5566.20246	0.0003999999998995918	trials	electrical	biphasic	20	MOs	deep	recovery	False	True
5570.48762	0.0004000000017185812	trials	electrical	biphasic	40	MOs	deep	recovery	False	True
5574.4594	0.0003999999998995918	trials	electrical	biphasic	40	MOs	deep	recovery	False	True
5577.99558	0.0003999999998995918	trials	electrical	biphasic	70	MOs	deep	recovery	False	True
5581.67188	0.0003999999998995918	trials	electrical	biphasic	40	MOs	deep	recovery	False	True
5585.894060000001	0.0003999999989900971	trials	electrical	biphasic	70	MOs	deep	recovery	False	True
5589.867960000001	0.0003999999989900971	trials	electrical	biphasic	20	MOs	deep	recovery	False	True
5593.52109	0.0003999999998995918	trials	electrical	biphasic	40	MOs	deep	recovery	False	True
5597.36263	0.0004000000008090865	trials	electrical	biphasic	70	MOs	deep	recovery	False	True
5601.470429999999	0.0003999999989900971	trials	electrical	biphasic	20	MOs	deep	recovery	False	True
5605.16259	0.0003999999998995918	trials	electrical	biphasic	20	MOs	deep	recovery	False	True
5609.40143	0.0003999999998995918	trials	electrical	biphasic	20	MOs	deep	recovery	False	True
5613.144710000001	0.0003999999989900971	trials	electrical	biphasic	20	MOs	deep	recovery	False	True
5617.56255	0.0003999999998995918	trials	electrical	biphasic	70	MOs	deep	recovery	False	True
5621.33203	0.0004000000008090865	trials	electrical	biphasic	40	MOs	deep	recovery	False	True
5625.59795	0.0003999999998995918	trials	electrical	biphasic	40	MOs	deep	recovery	False	True
5629.28703	0.0003999999989900971	trials	electrical	biphasic	40	MOs	deep	recovery	False	True
5633.07495	0.0003999999998995918	trials	electrical	biphasic	70	MOs	deep	recovery	False	True
5636.66648	0.0003999999998995918	trials	electrical	biphasic	40	MOs	deep	recovery	False	True
5640.7431	0.0003999999998995918	trials	electrical	biphasic	40	MOs	deep	recovery	False	True
5644.92688	0.0003999999998995918	trials	electrical	biphasic	20	MOs	deep	recovery	False	True
5648.9739	0.0003999999998995918	trials	electrical	biphasic	20	MOs	deep	recovery	False	True
5652.90004	0.0003999999989900971	trials	electrical	biphasic	40	MOs	deep	recovery	False	True
5657.0449	0.0003999999998995918	trials	electrical	biphasic	70	MOs	deep	recovery	False	True
5661.19294	0.0003999999998995918	trials	electrical	biphasic	70	MOs	deep	recovery	False	True
5665.37238	0.0003999999998995918	trials	electrical	biphasic	20	MOs	deep	recovery	False	True
5669.50858	0.0003999999998995918	trials	electrical	biphasic	40	MOs	deep	recovery	False	True
5673.95418	0.0003999999998995918	trials	electrical	biphasic	70	MOs	deep	recovery	False	True
5677.66354	0.0004000000008090865	trials	electrical	biphasic	20	MOs	deep	recovery	False	True
5681.87324	0.0003999999998995918	trials	electrical	biphasic	20	MOs	deep	recovery	False	True
5685.6099	0.0003999999998995918	trials	electrical	biphasic	40	MOs	deep	recovery	False	True
5689.22972	0.0003999999998995918	trials	electrical	biphasic	40	MOs	deep	recovery	False	True
5693.33744	0.0003999999998995918	trials	electrical	biphasic	20	MOs	deep	recovery	False	True
5697.288000000001	0.0003999999989900971	trials	electrical	biphasic	40	MOs	deep	recovery	False	True
5701.24714	0.0003999999998995918	trials	electrical	biphasic	70	MOs	deep	recovery	False	True
5705.4095	0.0003999999998995918	trials	electrical	biphasic	40	MOs	deep	recovery	False	True
5709.6802	0.0003999999998995918	trials	electrical	biphasic	40	MOs	deep	recovery	False	True
5713.530839999999	0.0004000000008090865	trials	electrical	biphasic	70	MOs	deep	recovery	False	True
5717.69328	0.0003999999989900971	trials	electrical	biphasic	40	MOs	deep	recovery	False	True
5721.609860000001	0.0003999999989900971	trials	electrical	biphasic	20	MOs	deep	recovery	False	True
5725.9522	0.0003999999998995918	trials	electrical	biphasic	20	MOs	deep	recovery	False	True
5730.28554	0.0003999999998995918	trials	electrical	biphasic	40	MOs	deep	recovery	False	True
5734.0424	0.0003999999998995918	trials	electrical	biphasic	70	MOs	deep	recovery	False	True
5738.15628	0.0003999999998995918	trials	electrical	biphasic	20	MOs	deep	recovery	False	True
5742.23894	0.0003999999998995918	trials	electrical	biphasic	70	MOs	deep	recovery	False	True
5746.2801	0.0003999999998995918	trials	electrical	biphasic	70	MOs	deep	recovery	False	True
5750.650470000001	0.0003999999989900971	trials	electrical	biphasic	40	MOs	deep	recovery	False	True
5754.4156600000015	0.00040999999873747583	trials	electrical	biphasic	40	MOs	deep	recovery	False	True
5758.23416	0.0003999999998995918	trials	electrical	biphasic	40	MOs	deep	recovery	False	True
5761.8538	0.0003999999998995918	trials	electrical	biphasic	40	MOs	deep	recovery	True	True
5766.29405	0.0003999999998995918	trials	electrical	biphasic	70	MOs	deep	recovery	True	True
5770.44003	0.0003999999998995918	trials	electrical	biphasic	40	MOs	deep	recovery	True	True
5774.419910000001	0.0003999999989900971	trials	electrical	biphasic	70	MOs	deep	recovery	True	True
5778.55965	0.0003999999998995918	trials	electrical	biphasic	20	MOs	deep	recovery	True	True
5782.604789999999	0.0004000000008090865	trials	electrical	biphasic	70	MOs	deep	recovery	True	True
5786.75253	0.0003999999998995918	trials	electrical	biphasic	40	MOs	deep	recovery	True	True
5790.79684	0.0003999999998995918	trials	electrical	biphasic	40	MOs	deep	recovery	True	True
5795.0183	0.0003999999998995918	trials	electrical	biphasic	40	MOs	deep	recovery	True	True
5799.04122	0.0003999999998995918	trials	electrical	biphasic	70	MOs	deep	recovery	True	True
5803.535339999999	0.0004000000008090865	trials	electrical	biphasic	70	MOs	deep	recovery	True	True
5807.25444	0.0003999999998995918	trials	electrical	biphasic	40	MOs	deep	recovery	True	True
5810.86066	0.0003999999998995918	trials	electrical	biphasic	40	MOs	deep	recovery	False	True
5814.47078	0.0003999999998995918	trials	electrical	biphasic	20	MOs	deep	recovery	False	True
5818.0348	0.0003999999998995918	trials	electrical	biphasic	40	MOs	deep	recovery	False	True
5821.9398	0.0003999999998995918	trials	electrical	biphasic	20	MOs	deep	recovery	False	True
5825.8886	0.00040999999964697054	trials	electrical	biphasic	20	MOs	deep	recovery	False	True
5829.75485	0.0003999999998995918	trials	electrical	biphasic	40	MOs	deep	recovery	False	True
5834.0187700000015	0.0003999999998995918	trials	electrical	biphasic	20	MOs	deep	recovery	False	True
5838.14709	0.0003999999998995918	trials	electrical	biphasic	40	MOs	deep	recovery	False	True
5842.4195	0.0003999999998995918	trials	electrical	biphasic	70	MOs	deep	recovery	False	True
5846.852779999998	0.0004000000017185812	trials	electrical	biphasic	70	MOs	deep	recovery	False	True
5851.32595	0.0003999999998995918	trials	electrical	biphasic	20	MOs	deep	recovery	False	True
5855.01839	0.0003999999998995918	trials	electrical	biphasic	40	MOs	deep	recovery	False	True
5858.65769	0.0003999999998995918	trials	electrical	biphasic	70	MOs	deep	recovery	False	True
5862.85437	0.0003999999998995918	trials	electrical	biphasic	20	MOs	deep	recovery	False	True
5866.44861	0.0003999999998995918	trials	electrical	biphasic	70	MOs	deep	recovery	False	True
5870.474429999998	0.0004000000017185812	trials	electrical	biphasic	20	MOs	deep	recovery	True	True
5874.5052	0.0004000000008090865	trials	electrical	biphasic	40	MOs	deep	recovery	False	True
5878.86676	0.0003999999998995918	trials	electrical	biphasic	70	MOs	deep	recovery	False	True
5882.85204	0.0003999999998995918	trials	electrical	biphasic	70	MOs	deep	recovery	False	True
5886.74592	0.0003999999998995918	trials	electrical	biphasic	40	MOs	deep	recovery	False	True
5890.91779	0.0003999999989900971	trials	electrical	biphasic	70	MOs	deep	recovery	False	True
5895.159470000001	0.0003999999989900971	trials	electrical	biphasic	20	MOs	deep	recovery	False	True
5899.17996	0.0003999999998995918	trials	electrical	biphasic	70	MOs	deep	recovery	False	True
5903.0281	0.0003999999998995918	trials	electrical	biphasic	40	MOs	deep	recovery	False	True
5906.67852	0.0003999999998995918	trials	electrical	biphasic	70	MOs	deep	recovery	False	True
5910.76504	0.0003999999998995918	trials	electrical	biphasic	20	MOs	deep	recovery	False	True
5914.5276	0.0003999999998995918	trials	electrical	biphasic	70	MOs	deep	recovery	False	True
5918.07248	0.0003999999998995918	trials	electrical	biphasic	70	MOs	deep	recovery	False	True
5922.32785	0.0003999999998995918	trials	electrical	biphasic	20	MOs	deep	recovery	False	True
5926.07105	0.0004000000008090865	trials	electrical	biphasic	40	MOs	deep	recovery	False	True
5930.013870000002	0.0003999999998995918	trials	electrical	biphasic	40	MOs	deep	recovery	False	True
5934.2021	0.0003999999998995918	trials	electrical	biphasic	40	MOs	deep	recovery	False	True
5938.06174	0.0003999999998995918	trials	electrical	biphasic	40	MOs	deep	recovery	False	True
5942.298510000001	0.0003999999989900971	trials	electrical	biphasic	70	MOs	deep	recovery	False	True
5946.19363	0.0003999999998995918	trials	electrical	biphasic	70	MOs	deep	recovery	False	True
5950.37747	0.0003999999998995918	trials	electrical	biphasic	70	MOs	deep	recovery	False	True
5954.58194	0.0003999999998995918	trials	electrical	biphasic	70	MOs	deep	recovery	False	True
5958.52466	0.0003999999998995918	trials	electrical	biphasic	20	MOs	deep	recovery	False	True
5962.044660000001	0.0003999999989900971	trials	electrical	biphasic	20	MOs	deep	recovery	False	True
5965.87594	0.0003999999998995918	trials	electrical	biphasic	40	MOs	deep	recovery	False	True
5969.800670000001	0.0003999999989900971	trials	electrical	biphasic	20	MOs	deep	recovery	False	True
5973.5713700000015	0.0003999999998995918	trials	electrical	biphasic	70	MOs	deep	recovery	True	True
5977.26885	0.0003999999998995918	trials	electrical	biphasic	70	MOs	deep	recovery	True	True
5981.590999999999	0.0004000000008090865	trials	electrical	biphasic	20	MOs	deep	recovery	True	True
5985.52134	0.0003999999998995918	trials	electrical	biphasic	40	MOs	deep	recovery	True	True
5989.90955	0.0003999999998995918	trials	electrical	biphasic	20	MOs	deep	recovery	True	True
5993.80115	0.0003999999998995918	trials	electrical	biphasic	70	MOs	deep	recovery	True	True
5998.0707	0.0003999999998995918	trials	electrical	biphasic	20	MOs	deep	recovery	True	True
6001.96792	0.0003999999998995918	trials	electrical	biphasic	40	MOs	deep	recovery	True	True
6006.2768700000015	0.0003999999998995918	trials	electrical	biphasic	40	MOs	deep	recovery	True	True
6010.53237	0.0004000000017185812	trials	electrical	biphasic	20	MOs	deep	recovery	True	True
6014.4102	0.0003999999998995918	trials	electrical	biphasic	20	MOs	deep	recovery	True	True
6018.12664	0.0003999999989900971	trials	electrical	biphasic	40	MOs	deep	recovery	True	True
6022.4174600000015	0.0003999999998995918	trials	electrical	biphasic	70	MOs	deep	recovery	True	True
6026.86719	0.0003999999998995918	trials	electrical	biphasic	70	MOs	deep	recovery	True	True
6030.69517	0.0003999999998995918	trials	electrical	biphasic	40	MOs	deep	recovery	True	True
6034.86686	0.0003999999998995918	trials	electrical	biphasic	20	MOs	deep	recovery	True	True
6038.805920000002	0.0003999999998995918	trials	electrical	biphasic	20	MOs	deep	recovery	False	True
6043.13985	0.0004000000008090865	trials	electrical	biphasic	40	MOs	deep	recovery	False	True
6047.40914	0.0003999999998995918	trials	electrical	biphasic	40	MOs	deep	recovery	False	True
6051.07682	0.0003999999998995918	trials	electrical	biphasic	20	MOs	deep	recovery	False	True
6055.43923	0.0003999999998995918	trials	electrical	biphasic	40	MOs	deep	recovery	False	True
6059.929529999999	0.0003999999989900971	trials	electrical	biphasic	70	MOs	deep	recovery	False	True
6063.94438	0.0003999999998995918	trials	electrical	biphasic	20	MOs	deep	recovery	False	True
6068.32908	0.0003999999989900971	trials	electrical	biphasic	70	MOs	deep	recovery	False	True
6072.41753	0.0003999999998995918	trials	electrical	biphasic	40	MOs	deep	recovery	False	True
6076.07271	0.0003999999998995918	trials	electrical	biphasic	40	MOs	deep	recovery	False	True
6079.773	0.0003999999998995918	trials	electrical	biphasic	70	MOs	deep	recovery	False	True
6083.68038	0.0003999999998995918	trials	electrical	biphasic	40	MOs	deep	recovery	False	True
6087.92951	0.0003999999998995918	trials	electrical	biphasic	70	MOs	deep	recovery	False	True
6092.25551	0.0003999999998995918	trials	electrical	biphasic	20	MOs	deep	recovery	False	True
6096.5459	0.0003999999998995918	trials	electrical	biphasic	40	MOs	deep	recovery	False	True
6100.36484	0.0003999999998995918	trials	electrical	biphasic	20	MOs	deep	recovery	False	True
6104.399329999998	0.0004000000017185812	trials	electrical	biphasic	40	MOs	deep	recovery	False	True
6107.98971	0.0003999999998995918	trials	electrical	biphasic	70	MOs	deep	recovery	False	True
6111.60183	0.0004000000008090865	trials	electrical	biphasic	40	MOs	deep	recovery	False	True
6115.23856	0.0004000000017185812	trials	electrical	biphasic	70	MOs	deep	recovery	False	True
6119.41764	0.0003999999998995918	trials	electrical	biphasic	20	MOs	deep	recovery	False	True
6123.41325	0.0004000000008090865	trials	electrical	biphasic	20	MOs	deep	recovery	False	True
6127.10339	0.0003999999998995918	trials	electrical	biphasic	20	MOs	deep	recovery	False	True
6131.09881	0.0003999999998995918	trials	electrical	biphasic	20	MOs	deep	recovery	False	True
6134.74684	0.0003999999998995918	trials	electrical	biphasic	70	MOs	deep	recovery	False	True
6138.30224	0.0003999999998995918	trials	electrical	biphasic	70	MOs	deep	recovery	False	True
6142.65339	0.0003999999998995918	trials	electrical	biphasic	70	MOs	deep	recovery	False	True
6146.7143700000015	0.0003999999998995918	trials	electrical	biphasic	70	MOs	deep	recovery	False	True
6151.1444	0.0003999999998995918	trials	electrical	biphasic	20	MOs	deep	recovery	False	True
6155.34149	0.0003999999998995918	trials	electrical	biphasic	70	MOs	deep	recovery	False	True
6159.42471	0.0003999999998995918	trials	electrical	biphasic	20	MOs	deep	recovery	True	True
6163.74054	0.0003999999998995918	trials	electrical	biphasic	70	MOs	deep	recovery	True	True
6168.11999	0.0003999999998995918	trials	electrical	biphasic	70	MOs	deep	recovery	False	True
6172.60934	0.0003999999998995918	trials	electrical	biphasic	40	MOs	deep	recovery	False	True
6176.11028	0.0003999999998995918	trials	electrical	biphasic	20	MOs	deep	recovery	False	True
6180.47615	0.0003999999998995918	trials	electrical	biphasic	20	MOs	deep	recovery	False	True
6184.589129999999	0.0003999999989900971	trials	electrical	biphasic	70	MOs	deep	recovery	False	True
6189.07952	0.0003999999998995918	trials	electrical	biphasic	70	MOs	deep	recovery	False	True
6193.10763	0.0003999999989900971	trials	electrical	biphasic	20	MOs	deep	recovery	False	True
6197.0875700000015	0.0003999999998995918	trials	electrical	biphasic	70	MOs	deep	recovery	False	True
6201.38934	0.0003999999998995918	trials	electrical	biphasic	20	MOs	deep	recovery	False	True
6205.1176	0.0004000000008090865	trials	electrical	biphasic	20	MOs	deep	recovery	False	True
6209.116129999999	0.0003999999989900971	trials	electrical	biphasic	40	MOs	deep	recovery	False	True
6213.51742	0.0003999999998995918	trials	electrical	biphasic	70	MOs	deep	recovery	True	True
6217.5925	0.0003999999998995918	trials	electrical	biphasic	70	MOs	deep	recovery	False	True
6221.93811	0.0003999999998995918	trials	electrical	biphasic	70	MOs	deep	recovery	False	True
6226.17718	0.0003999999998995918	trials	electrical	biphasic	70	MOs	deep	recovery	False	True
6230.26358	0.0003999999998995918	trials	electrical	biphasic	70	MOs	deep	recovery	False	True
6234.01075	0.0003999999998995918	trials	electrical	biphasic	40	MOs	deep	recovery	True	True
6238.17759	0.0003999999998995918	trials	electrical	biphasic	70	MOs	deep	recovery	False	True
6241.7615	0.0004000000008090865	trials	electrical	biphasic	20	MOs	deep	recovery	False	True
6245.887879999998	0.0004000000017185812	trials	electrical	biphasic	70	MOs	deep	recovery	False	True
6250.04925	0.0003999999998995918	trials	electrical	biphasic	40	MOs	deep	recovery	False	True
6254.27944	0.0003999999998995918	trials	electrical	biphasic	20	MOs	deep	recovery	False	True
6258.67063	0.0004000000008090865	trials	electrical	biphasic	20	MOs	deep	recovery	False	True
6263.15336	0.0003999999998995918	trials	electrical	biphasic	20	MOs	deep	recovery	False	True
6267.4228	0.0003999999998995918	trials	electrical	biphasic	20	MOs	deep	recovery	False	True
6271.50467	0.0003999999998995918	trials	electrical	biphasic	20	MOs	deep	recovery	False	True
6275.93342	0.0003999999998995918	trials	electrical	biphasic	20	MOs	deep	recovery	False	True
6280.01394	0.0003999999998995918	trials	electrical	biphasic	20	MOs	deep	recovery	False	True
6283.53135	0.0003999999998995918	trials	electrical	biphasic	40	MOs	deep	recovery	False	True
6287.15263	0.0004000000008090865	trials	electrical	biphasic	40	MOs	deep	recovery	False	True
6291.51578	0.0003999999998995918	trials	electrical	biphasic	70	MOs	deep	recovery	False	True
6295.5005	0.0003999999998995918	trials	electrical	biphasic	20	MOs	deep	recovery	False	True
6299.845789999999	0.0004000000008090865	trials	electrical	biphasic	40	MOs	deep	recovery	False	True
6303.55562	0.0003999999998995918	trials	electrical	biphasic	40	MOs	deep	recovery	False	True
6307.60834	0.0003999999998995918	trials	electrical	biphasic	20	MOs	deep	recovery	False	True
6311.73865	0.0003999999998995918	trials	electrical	biphasic	20	MOs	deep	recovery	False	True
6315.271070000002	0.0003999999998995918	trials	electrical	biphasic	40	MOs	deep	recovery	False	True
6319.38622	0.0003999999998995918	trials	electrical	biphasic	20	MOs	deep	recovery	False	True
6323.24906	0.0003999999998995918	trials	electrical	biphasic	70	MOs	deep	recovery	False	True
6326.79903	0.0003999999998995918	trials	electrical	biphasic	40	MOs	deep	recovery	False	True
6330.78903	0.0003999999998995918	trials	electrical	biphasic	20	MOs	deep	recovery	False	True
6334.48198	0.0004000000008090865	trials	electrical	biphasic	70	MOs	deep	recovery	False	True
6338.105479999998	0.0004000000017185812	trials	electrical	biphasic	70	MOs	deep	recovery	False	True
6341.81141	0.0003999999998995918	trials	electrical	biphasic	70	MOs	deep	recovery	False	True
6345.45835	0.0003999999998995918	trials	electrical	biphasic	70	MOs	deep	recovery	False	True
6349.14785	0.0003999999998995918	trials	electrical	biphasic	40	MOs	deep	recovery	False	True
6352.69094	0.0003999999989900971	trials	electrical	biphasic	20	MOs	deep	recovery	False	True
6356.82656	0.0003999999998995918	trials	electrical	biphasic	20	MOs	deep	recovery	False	True
6360.60885	0.0004000000008090865	trials	electrical	biphasic	40	MOs	deep	recovery	False	True
6364.647870000002	0.0003999999998995918	trials	electrical	biphasic	70	MOs	deep	recovery	False	True
6368.84346	0.0003999999998995918	trials	electrical	biphasic	40	MOs	deep	recovery	False	True
6372.843010000001	0.0003999999989900971	trials	electrical	biphasic	70	MOs	deep	recovery	False	True
6376.87923	0.0003999999998995918	trials	electrical	biphasic	40	MOs	deep	recovery	False	True
6380.82484	0.0003999999998995918	trials	electrical	biphasic	20	MOs	deep	recovery	False	True
6384.4492	0.0003999999998995918	trials	electrical	biphasic	70	MOs	deep	recovery	False	True
6388.43999	0.0003999999998995918	trials	electrical	biphasic	20	MOs	deep	recovery	False	True
6392.79342	0.0003999999998995918	trials	electrical	biphasic	20	MOs	deep	recovery	False	True
6397.16777	0.0003999999998995918	trials	electrical	biphasic	70	MOs	deep	recovery	False	True
6400.93849	0.0003999999998995918	trials	electrical	biphasic	20	MOs	deep	recovery	False	True
6404.647379999999	0.0003999999989900971	trials	electrical	biphasic	40	MOs	deep	recovery	False	True
6408.71278	0.0003999999998995918	trials	electrical	biphasic	20	MOs	deep	recovery	False	True
6412.853529999999	0.0003999999989900971	trials	electrical	biphasic	40	MOs	deep	recovery	False	True
6416.770979999998	0.0004000000017185812	trials	electrical	biphasic	70	MOs	deep	recovery	True	True
6420.477379999998	0.0003999999998995918	trials	electrical	biphasic	40	MOs	deep	recovery	False	True
6424.92575	0.0003999999998995918	trials	electrical	biphasic	40	MOs	deep	recovery	False	True
6428.50825	0.0003999999998995918	trials	electrical	biphasic	40	MOs	deep	recovery	True	True
6432.11438	0.0003999999998995918	trials	electrical	biphasic	70	MOs	deep	recovery	False	True
6435.75684	0.0003999999998995918	trials	electrical	biphasic	70	MOs	deep	recovery	False	True
6439.423720000002	0.0003999999998995918	trials	electrical	biphasic	20	MOs	deep	recovery	False	True
6443.54511	0.0003999999998995918	trials	electrical	biphasic	70	MOs	deep	recovery	False	True
6447.61926	0.0003999999998995918	trials	electrical	biphasic	40	MOs	deep	recovery	False	True
6451.17176	0.0003999999998995918	trials	electrical	biphasic	40	MOs	deep	recovery	False	True
6455.60339	0.0003999999998995918	trials	electrical	biphasic	70	MOs	deep	recovery	False	True
6459.83248	0.0003999999998995918	trials	electrical	biphasic	70	MOs	deep	recovery	False	True
6464.07075	0.0003999999998995918	trials	electrical	biphasic	40	MOs	deep	recovery	False	True
6467.63457	0.0003999999998995918	trials	electrical	biphasic	20	MOs	deep	recovery	True	True
6471.99544	0.0003999999998995918	trials	electrical	biphasic	40	MOs	deep	recovery	False	True
6476.430270000002	0.0003999999998995918	trials	electrical	biphasic	70	MOs	deep	recovery	False	True
6480.9151	0.0003999999998995918	trials	electrical	biphasic	20	MOs	deep	recovery	False	True
6485.27447	0.0003999999998995918	trials	electrical	biphasic	20	MOs	deep	recovery	False	True
6489.56045	0.0003999999998995918	trials	electrical	biphasic	20	MOs	deep	recovery	False	True
6493.57426	0.0003999999998995918	trials	electrical	biphasic	20	MOs	deep	recovery	False	True
6497.25228	0.0003999999998995918	trials	electrical	biphasic	70	MOs	deep	recovery	False	True
6501.15129	0.0003999999998995918	trials	electrical	biphasic	40	MOs	deep	recovery	False	True
6504.78565	0.0003999999998995918	trials	electrical	biphasic	70	MOs	deep	recovery	False	True
6508.31698	0.0004000000008090865	trials	electrical	biphasic	20	MOs	deep	recovery	False	True
6512.75655	0.0003999999998995918	trials	electrical	biphasic	40	MOs	deep	recovery	False	True
6516.55827	0.0003999999998995918	trials	electrical	biphasic	20	MOs	deep	recovery	False	True
6520.35424	0.0003999999998995918	trials	electrical	biphasic	20	MOs	deep	recovery	False	True
6524.1876	0.0003999999998995918	trials	electrical	biphasic	40	MOs	deep	recovery	False	True
6528.15509	0.0003999999998995918	trials	electrical	biphasic	40	MOs	deep	recovery	True	True
6532.30372	0.0004000000017185812	trials	electrical	biphasic	70	MOs	deep	recovery	True	True
6535.82936	0.0004000000017185812	trials	electrical	biphasic	40	MOs	deep	recovery	True	True
6540.17199	0.0003999999998995918	trials	electrical	biphasic	20	MOs	deep	recovery	True	True
6544.23145	0.0003999999998995918	trials	electrical	biphasic	70	MOs	deep	recovery	True	True
6548.58598	0.0003999999998995918	trials	electrical	biphasic	40	MOs	deep	recovery	True	True
6552.43429	0.0003999999998995918	trials	electrical	biphasic	20	MOs	deep	recovery	True	True
6556.38073	0.00041000000055646524	trials	electrical	biphasic	20	MOs	deep	recovery	True	True
6559.9354	0.0003999999998995918	trials	electrical	biphasic	20	MOs	deep	recovery	True	True
6563.612920000001	0.0003999999989900971	trials	electrical	biphasic	20	MOs	deep	recovery	True	True
6567.77615	0.0003999999998995918	trials	electrical	biphasic	20	MOs	deep	recovery	True	True
6571.6074	0.0003999999998995918	trials	electrical	biphasic	40	MOs	deep	recovery	True	True
6576.0063	0.00041000000146595994	trials	electrical	biphasic	70	MOs	deep	recovery	True	True
6579.62489	0.0003999999998995918	trials	electrical	biphasic	20	MOs	deep	recovery	True	True
6584.11374	0.0003999999998995918	trials	electrical	biphasic	20	MOs	deep	recovery	True	True
6588.15415	0.0003999999998995918	trials	electrical	biphasic	70	MOs	deep	recovery	True	True
6592.36149	0.0003999999998995918	trials	electrical	biphasic	70	MOs	deep	recovery	True	True
6596.86142	0.0003999999998995918	trials	electrical	biphasic	40	MOs	deep	recovery	True	True
6600.64969	0.0003999999998995918	trials	electrical	biphasic	70	MOs	deep	recovery	True	True
6604.56463	0.0003999999998995918	trials	electrical	biphasic	70	MOs	deep	recovery	True	True
6608.5299	0.0003999999998995918	trials	electrical	biphasic	70	MOs	deep	recovery	True	True
6612.79429	0.0003999999998995918	trials	electrical	biphasic	20	MOs	deep	recovery	True	True
6617.112920000001	0.0003999999989900971	trials	electrical	biphasic	70	MOs	deep	recovery	True	True
6739.23127	0.2493800000002011	trials	visual	white circle	n/a	n/a	n/a	recovery	True	True
6743.53485	0.24942000000010012	trials	visual	white circle	n/a	n/a	n/a	recovery	True	True
6747.8551	0.24945000000025175	trials	visual	white circle	n/a	n/a	n/a	recovery	True	True
6751.87517	0.2493899999981295	trials	visual	white circle	n/a	n/a	n/a	recovery	True	True
6755.81177	0.2494299999998475	trials	visual	white circle	n/a	n/a	n/a	recovery	True	True
6759.99861	0.24942000000010012	trials	visual	white circle	n/a	n/a	n/a	recovery	True	True
6764.0687	0.24939000000176748	trials	visual	white circle	n/a	n/a	n/a	recovery	True	False
6768.388959999998	0.24940000000060536	trials	visual	white circle	n/a	n/a	n/a	recovery	True	True
6772.14209	0.26608000000123866	trials	visual	white circle	n/a	n/a	n/a	recovery	True	True
6775.96193	0.24941999999919062	trials	visual	white circle	n/a	n/a	n/a	recovery	True	True
6780.23217	0.2493899999981295	trials	visual	white circle	n/a	n/a	n/a	recovery	True	True
6784.85266	0.24944000000050437	trials	visual	white circle	n/a	n/a	n/a	recovery	True	True
6788.90607	0.24940000000151485	trials	visual	white circle	n/a	n/a	n/a	recovery	True	True
6793.39313	0.24941999999919062	trials	visual	white circle	n/a	n/a	n/a	recovery	True	True
6798.080390000001	0.24940000000060536	trials	visual	white circle	n/a	n/a	n/a	recovery	False	True
6802.73425	0.249429999998938	trials	visual	white circle	n/a	n/a	n/a	recovery	True	True
6806.504059999998	0.2494200000010096	trials	visual	white circle	n/a	n/a	n/a	recovery	False	True
6810.92442	0.24942000000010012	trials	visual	white circle	n/a	n/a	n/a	recovery	False	True
6814.894429999999	0.24940000000060536	trials	visual	white circle	n/a	n/a	n/a	recovery	True	True
6819.46489	0.24940999999944324	trials	visual	white circle	n/a	n/a	n/a	recovery	False	True
6823.43488	0.24940000000060536	trials	visual	white circle	n/a	n/a	n/a	recovery	False	True
6827.42154	0.24942000000010012	trials	visual	white circle	n/a	n/a	n/a	recovery	False	True
6831.19136	0.24942000000010012	trials	visual	white circle	n/a	n/a	n/a	recovery	False	True
6835.244709999999	0.24944999999934225	trials	visual	white circle	n/a	n/a	n/a	recovery	False	True
6839.03122	0.2494299999998475	trials	visual	white circle	n/a	n/a	n/a	recovery	False	True
6843.2681200000015	0.24942000000010012	trials	visual	white circle	n/a	n/a	n/a	recovery	False	True
6847.98871	0.249430000000757	trials	visual	white circle	n/a	n/a	n/a	recovery	False	True
6851.875309999999	0.24941000000217173	trials	visual	white circle	n/a	n/a	n/a	recovery	False	True
6856.178890000001	0.249429999998938	trials	visual	white circle	n/a	n/a	n/a	recovery	False	True
6860.79942	0.24942000000010012	trials	visual	white circle	n/a	n/a	n/a	recovery	False	True
6865.48668	0.24939999999969586	trials	visual	white circle	n/a	n/a	n/a	recovery	False	True
6869.239809999999	0.2494200000010096	trials	visual	white circle	n/a	n/a	n/a	recovery	False	True
6873.35993	0.24942000000010012	trials	visual	white circle	n/a	n/a	n/a	recovery	False	True
6877.913729999998	0.24941000000308122	trials	visual	white circle	n/a	n/a	n/a	recovery	True	True
6882.21735	0.24940999999853375	trials	visual	white circle	n/a	n/a	n/a	recovery	False	True
6886.103920000001	0.24940999999853375	trials	visual	white circle	n/a	n/a	n/a	recovery	True	True
6890.407490000001	0.249429999998938	trials	visual	white circle	n/a	n/a	n/a	recovery	False	True
6894.62771	0.24942000000010012	trials	visual	white circle	n/a	n/a	n/a	recovery	False	True
6898.397529999998	0.24941000000308122	trials	visual	white circle	n/a	n/a	n/a	recovery	False	True
6902.7345	0.24940000000060536	trials	visual	white circle	n/a	n/a	n/a	recovery	False	True
6907.13818	0.24942000000010012	trials	visual	white circle	n/a	n/a	n/a	recovery	False	True
6911.758720000002	0.2493899999981295	trials	visual	white circle	n/a	n/a	n/a	recovery	False	True
6915.728690000001	0.24941999999828113	trials	visual	white circle	n/a	n/a	n/a	recovery	False	True
6919.73205	0.249430000000757	trials	visual	white circle	n/a	n/a	n/a	recovery	False	True
6923.868840000001	0.24940999999944324	trials	visual	white circle	n/a	n/a	n/a	recovery	False	True
6928.47268	0.24941000000035274	trials	visual	white circle	n/a	n/a	n/a	recovery	False	True
6932.4093	0.24939999999969586	trials	visual	white circle	n/a	n/a	n/a	recovery	False	True
6936.4126700000015	0.24940999999853375	trials	visual	white circle	n/a	n/a	n/a	recovery	False	True
6940.866359999999	0.24943000000257598	trials	visual	white circle	n/a	n/a	n/a	recovery	False	True
6945.4535700000015	0.24940999999853375	trials	visual	white circle	n/a	n/a	n/a	recovery	False	True
6949.757159999999	0.24940000000060536	trials	visual	white circle	n/a	n/a	n/a	recovery	False	True
6953.927320000002	0.24939999999878637	trials	visual	white circle	n/a	n/a	n/a	recovery	False	True
6957.697120000002	0.24940999999671476	trials	visual	white circle	n/a	n/a	n/a	recovery	False	True
6962.234259999998	0.24943000000257598	trials	visual	white circle	n/a	n/a	n/a	recovery	False	True
6966.087490000001	0.24940000000060536	trials	visual	white circle	n/a	n/a	n/a	recovery	False	True
6970.50785	0.24942000000010012	trials	visual	white circle	n/a	n/a	n/a	recovery	False	True
6974.54455	0.2494200000019191	trials	visual	white circle	n/a	n/a	n/a	recovery	False	True
6978.714709999998	0.2494200000010096	trials	visual	white circle	n/a	n/a	n/a	recovery	False	True
6982.50122	0.24942000000010012	trials	visual	white circle	n/a	n/a	n/a	recovery	True	True
6986.921590000001	0.24940999999853375	trials	visual	white circle	n/a	n/a	n/a	recovery	False	True
6991.52546	0.2493800000011106	trials	visual	white circle	n/a	n/a	n/a	recovery	False	True
6996.06257	0.249389999999039	trials	visual	white circle	n/a	n/a	n/a	recovery	False	True
7000.54965	0.2494299999998475	trials	visual	white circle	n/a	n/a	n/a	recovery	False	True
7004.603040000001	0.249430000000757	trials	visual	white circle	n/a	n/a	n/a	recovery	True	True
7009.07346	0.24942000000010012	trials	visual	white circle	n/a	n/a	n/a	recovery	True	True
7013.07681	0.24939999999878637	trials	visual	white circle	n/a	n/a	n/a	recovery	True	True
7017.3137	0.24939000000176748	trials	visual	white circle	n/a	n/a	n/a	recovery	True	True
7021.984240000002	0.24941999999737163	trials	visual	white circle	n/a	n/a	n/a	recovery	True	True
7026.33792	0.249389999999039	trials	visual	white circle	n/a	n/a	n/a	recovery	True	True
7030.524759999998	0.2493800000020201	trials	visual	white circle	n/a	n/a	n/a	recovery	True	True
7034.544779999998	0.24940000000151485	trials	visual	white circle	n/a	n/a	n/a	recovery	True	True
7039.031870000002	0.24939999999878637	trials	visual	white circle	n/a	n/a	n/a	recovery	True	True
7043.48562	0.24935999999797787	trials	visual	white circle	n/a	n/a	n/a	recovery	True	True
7047.47226	0.24939999999878637	trials	visual	white circle	n/a	n/a	n/a	recovery	True	True
7051.34217	0.2493899999999485	trials	visual	white circle	n/a	n/a	n/a	recovery	False	True
7055.26212	0.24939999999969586	trials	visual	white circle	n/a	n/a	n/a	recovery	False	True
7059.46565	0.2493799999992916	trials	visual	white circle	n/a	n/a	n/a	recovery	False	True
7063.46897	0.2494200000010096	trials	visual	white circle	n/a	n/a	n/a	recovery	True	True
7067.23879	0.2494299999998475	trials	visual	white circle	n/a	n/a	n/a	recovery	False	True
7071.008629999998	0.24941000000308122	trials	visual	white circle	n/a	n/a	n/a	recovery	False	True
7074.8285	0.24940000000060536	trials	visual	white circle	n/a	n/a	n/a	recovery	False	True
7079.41565	0.24944000000050437	trials	visual	white circle	n/a	n/a	n/a	recovery	False	True
7083.218859999999	0.24939000000085798	trials	visual	white circle	n/a	n/a	n/a	recovery	False	True
7087.8227	0.24940999999944324	trials	visual	white circle	n/a	n/a	n/a	recovery	False	True
7091.92615	0.24940999999944324	trials	visual	white circle	n/a	n/a	n/a	recovery	False	True
7095.89612	0.2494299999998475	trials	visual	white circle	n/a	n/a	n/a	recovery	False	True
7099.76602	0.2494299999998475	trials	visual	white circle	n/a	n/a	n/a	recovery	False	True
7103.65264	0.2493899999981295	trials	visual	white circle	n/a	n/a	n/a	recovery	False	True
7108.206440000001	0.24941999999828113	trials	visual	white circle	n/a	n/a	n/a	recovery	False	True
7112.209809999999	0.24936000000070635	trials	visual	white circle	n/a	n/a	n/a	recovery	False	True
7116.21312	0.24939999999969586	trials	visual	white circle	n/a	n/a	n/a	recovery	False	True
7120.76694	0.24940999999944324	trials	visual	white circle	n/a	n/a	n/a	recovery	False	True
7124.903740000002	0.24940999999853375	trials	visual	white circle	n/a	n/a	n/a	recovery	False	True
7129.557640000001	0.24940999999944324	trials	visual	white circle	n/a	n/a	n/a	recovery	False	True
7133.527620000002	0.24940999999671476	trials	visual	white circle	n/a	n/a	n/a	recovery	False	True
7137.747829999998	0.24941000000308122	trials	visual	white circle	n/a	n/a	n/a	recovery	False	True
7142.31831	0.24939999999878637	trials	visual	white circle	n/a	n/a	n/a	recovery	True	True
7146.38841	0.24939000000085798	trials	visual	white circle	n/a	n/a	n/a	recovery	False	True
7150.3417	0.24942000000010012	trials	visual	white circle	n/a	n/a	n/a	recovery	False	True
7154.62862	0.24939999999969586	trials	visual	white circle	n/a	n/a	n/a	recovery	True	True
7159.249159999999	0.24941000000217173	trials	visual	white circle	n/a	n/a	n/a	recovery	False	True
7163.2525	0.2494299999998475	trials	visual	white circle	n/a	n/a	n/a	recovery	False	True
7167.622840000001	0.24941999999828113	trials	visual	white circle	n/a	n/a	n/a	recovery	False	True
7172.29342	0.2494200000010096	trials	visual	white circle	n/a	n/a	n/a	recovery	False	True
7176.313440000001	0.24940999999944324	trials	visual	white circle	n/a	n/a	n/a	recovery	False	True
7180.88393	0.24941000000035274	trials	visual	white circle	n/a	n/a	n/a	recovery	False	True
7185.1375	0.24940000000060536	trials	visual	white circle	n/a	n/a	n/a	recovery	False	True
7189.507820000002	0.24941999999919062	trials	visual	white circle	n/a	n/a	n/a	recovery	False	True
7193.6946400000015	0.2494299999998475	trials	visual	white circle	n/a	n/a	n/a	recovery	False	True
7197.46449	0.24940999999944324	trials	visual	white circle	n/a	n/a	n/a	recovery	False	True
7201.73472	0.2494200000010096	trials	visual	white circle	n/a	n/a	n/a	recovery	False	True
7206.28854	0.24942000000010012	trials	visual	white circle	n/a	n/a	n/a	recovery	False	True
7210.542090000001	0.24941999999828113	trials	visual	white circle	n/a	n/a	n/a	recovery	False	True
7214.54545	0.24940999999944324	trials	visual	white circle	n/a	n/a	n/a	recovery	False	True
7218.39867	0.2494200000019191	trials	visual	white circle	n/a	n/a	n/a	recovery	False	True
7223.01922	0.24940000000151485	trials	visual	white circle	n/a	n/a	n/a	recovery	False	True
7227.4896	0.2494299999998475	trials	visual	white circle	n/a	n/a	n/a	recovery	False	True
7231.6597900000015	0.2493899999981295	trials	visual	white circle	n/a	n/a	n/a	recovery	True	True
7236.113509999999	0.24939000000085798	trials	visual	white circle	n/a	n/a	n/a	recovery	True	True
7240.834129999998	0.24941000000126223	trials	visual	white circle	n/a	n/a	n/a	recovery	True	True
7254.436709999999	0.0004000000008090865	trials	electrical	biphasic	40	MOs	deep	recovery	True	True
7257.96974	0.0004000000008090865	trials	electrical	biphasic	20	MOs	deep	recovery	True	True
7262.031359999999	0.0004000000008090865	trials	electrical	biphasic	40	MOs	deep	recovery	True	True
7266.41365	0.0003999999998995918	trials	electrical	biphasic	70	MOs	deep	recovery	True	True
7270.5832599999985	0.0003999999998995918	trials	electrical	biphasic	70	MOs	deep	recovery	True	True
7274.27413	0.0003999999998995918	trials	electrical	biphasic	70	MOs	deep	recovery	True	True
7278.14347	0.0003999999998995918	trials	electrical	biphasic	70	MOs	deep	recovery	True	True
7282.10462	0.0003999999998995918	trials	electrical	biphasic	20	MOs	deep	recovery	True	True
7286.586690000001	0.0003999999998995918	trials	electrical	biphasic	20	MOs	deep	recovery	True	True
7290.243509999998	0.0004000000008090865	trials	electrical	biphasic	20	MOs	deep	recovery	True	True
7294.5994599999985	0.0003999999998995918	trials	electrical	biphasic	70	MOs	deep	recovery	True	True
7298.74465	0.0004000000008090865	trials	electrical	biphasic	70	MOs	deep	recovery	True	True
7302.62135	0.0003999999998995918	trials	electrical	biphasic	40	MOs	deep	recovery	True	True
7306.3127	0.0003999999998995918	trials	electrical	biphasic	20	MOs	deep	recovery	False	True
7310.241379999998	0.0004000000008090865	trials	electrical	biphasic	40	MOs	deep	recovery	True	True
7314.22383	0.0003999999998995918	trials	electrical	biphasic	70	MOs	deep	recovery	False	True
7317.84487	0.0004000000017185812	trials	electrical	biphasic	20	MOs	deep	recovery	False	True
7321.9348	0.0003999999998995918	trials	electrical	biphasic	70	MOs	deep	recovery	True	True
7325.6614	0.0003999999998995918	trials	electrical	biphasic	40	MOs	deep	recovery	True	True
7329.54645	0.0003999999998995918	trials	electrical	biphasic	70	MOs	deep	recovery	False	True
7333.629859999999	0.0003999999998995918	trials	electrical	biphasic	70	MOs	deep	recovery	False	True
7337.3820799999985	0.0003999999998995918	trials	electrical	biphasic	20	MOs	deep	recovery	False	True
7341.17295	0.0003999999998995918	trials	electrical	biphasic	40	MOs	deep	recovery	False	True
7345.29047	0.0004000000017185812	trials	electrical	biphasic	20	MOs	deep	recovery	False	True
7349.05618	0.0003999999980806024	trials	electrical	biphasic	40	MOs	deep	recovery	False	True
7353.3809900000015	0.0003999999980806024	trials	electrical	biphasic	70	MOs	deep	recovery	False	True
7357.8640799999985	0.0003999999998995918	trials	electrical	biphasic	20	MOs	deep	recovery	False	True
7362.09474	0.0004000000008090865	trials	electrical	biphasic	40	MOs	deep	recovery	False	True
7365.93905	0.0003999999998995918	trials	electrical	biphasic	70	MOs	deep	recovery	False	True
7370.023540000001	0.0003999999998995918	trials	electrical	biphasic	40	MOs	deep	recovery	False	True
7373.63172	0.0003999999998995918	trials	electrical	biphasic	70	MOs	deep	recovery	False	True
7378.03845	0.0003999999998995918	trials	electrical	biphasic	20	MOs	deep	recovery	False	True
7382.4185400000015	0.0003999999980806024	trials	electrical	biphasic	20	MOs	deep	recovery	False	True
7386.73673	0.0003999999980806024	trials	electrical	biphasic	70	MOs	deep	recovery	False	True
7390.49787	0.0003999999998995918	trials	electrical	biphasic	70	MOs	deep	recovery	False	True
7394.592659999998	0.0003999999998995918	trials	electrical	biphasic	40	MOs	deep	recovery	False	True
7398.1156	0.0003999999998995918	trials	electrical	biphasic	70	MOs	deep	recovery	False	True
7402.041290000001	0.0003999999998995918	trials	electrical	biphasic	40	MOs	deep	recovery	False	True
7405.8544299999985	0.0003999999998995918	trials	electrical	biphasic	40	MOs	deep	recovery	False	True
7409.516340000001	0.0003999999998995918	trials	electrical	biphasic	40	MOs	deep	recovery	True	True
7413.19552	0.0003999999998995918	trials	electrical	biphasic	20	MOs	deep	recovery	False	True
7417.1188299999985	0.0003999999998995918	trials	electrical	biphasic	40	MOs	deep	recovery	True	True
7420.7134700000015	0.0003999999980806024	trials	electrical	biphasic	20	MOs	deep	recovery	False	True
7424.81242	0.0003999999998995918	trials	electrical	biphasic	70	MOs	deep	recovery	False	True
7428.783759999998	0.0003999999998995918	trials	electrical	biphasic	20	MOs	deep	recovery	False	True
7432.98013	0.0003999999998995918	trials	electrical	biphasic	40	MOs	deep	recovery	False	True
7437.180440000001	0.0003999999998995918	trials	electrical	biphasic	70	MOs	deep	recovery	False	True
7441.3194	0.00040999999873747583	trials	electrical	biphasic	40	MOs	deep	recovery	False	True
7444.85343	0.0003999999998995918	trials	electrical	biphasic	70	MOs	deep	recovery	False	True
7448.42265	0.0003999999998995918	trials	electrical	biphasic	20	MOs	deep	recovery	False	True
7452.2426799999985	0.0003999999998995918	trials	electrical	biphasic	20	MOs	deep	recovery	False	True
7456.273959999998	0.0004000000008090865	trials	electrical	biphasic	40	MOs	deep	recovery	False	True
7460.42883	0.0003999999998995918	trials	electrical	biphasic	40	MOs	deep	recovery	False	True
7464.33688	0.0003999999998995918	trials	electrical	biphasic	20	MOs	deep	recovery	False	True
7468.6572799999985	0.0003999999998995918	trials	electrical	biphasic	70	MOs	deep	recovery	False	True
7472.87607	0.0003999999998995918	trials	electrical	biphasic	20	MOs	deep	recovery	False	True
7477.34514	0.0003999999998995918	trials	electrical	biphasic	20	MOs	deep	recovery	False	True
7481.376909999999	0.0004000000008090865	trials	electrical	biphasic	20	MOs	deep	recovery	False	True
7485.20247	0.0003999999998995918	trials	electrical	biphasic	20	MOs	deep	recovery	False	True
7488.80852	0.0004000000008090865	trials	electrical	biphasic	20	MOs	deep	recovery	False	True
7492.9199	0.0003999999998995918	trials	electrical	biphasic	70	MOs	deep	recovery	False	True
7497.19913	0.0003999999998995918	trials	electrical	biphasic	70	MOs	deep	recovery	False	True
7501.12302	0.0003999999998995918	trials	electrical	biphasic	40	MOs	deep	recovery	False	True
7504.71426	0.0003999999998995918	trials	electrical	biphasic	40	MOs	deep	recovery	False	True
7508.48117	0.0003999999998995918	trials	electrical	biphasic	70	MOs	deep	recovery	False	True
7512.13525	0.0003999999998995918	trials	electrical	biphasic	20	MOs	deep	recovery	False	True
7515.91667	0.0004000000008090865	trials	electrical	biphasic	70	MOs	deep	recovery	False	True
7519.85718	0.0003999999998995918	trials	electrical	biphasic	70	MOs	deep	recovery	False	True
7523.88475	0.0003999999998995918	trials	electrical	biphasic	40	MOs	deep	recovery	False	True
7527.84259	0.0004000000008090865	trials	electrical	biphasic	70	MOs	deep	recovery	False	False
7532.2184	0.0003999999998995918	trials	electrical	biphasic	40	MOs	deep	recovery	False	True
7536.236890000001	0.0003999999998995918	trials	electrical	biphasic	40	MOs	deep	recovery	False	True
7540.68094	0.0004000000008090865	trials	electrical	biphasic	40	MOs	deep	recovery	False	True
7544.81906	0.0003999999998995918	trials	electrical	biphasic	20	MOs	deep	recovery	False	True
7549.277190000002	0.0003999999998995918	trials	electrical	biphasic	40	MOs	deep	recovery	False	True
7553.01832	0.0003999999998995918	trials	electrical	biphasic	40	MOs	deep	recovery	False	True
7557.19486	0.0003999999980806024	trials	electrical	biphasic	20	MOs	deep	recovery	False	True
7560.98435	0.0003999999998995918	trials	electrical	biphasic	70	MOs	deep	recovery	False	False
7565.15658	0.0003999999998995918	trials	electrical	biphasic	70	MOs	deep	recovery	False	True
7569.352140000001	0.0003999999998995918	trials	electrical	biphasic	40	MOs	deep	recovery	False	True
7572.92057	0.0003999999998995918	trials	electrical	biphasic	40	MOs	deep	recovery	False	False
7576.67579	0.0004000000008090865	trials	electrical	biphasic	20	MOs	deep	recovery	False	True
7580.4002599999985	0.0003999999998995918	trials	electrical	biphasic	40	MOs	deep	recovery	False	True
7584.568520000002	0.0003999999998995918	trials	electrical	biphasic	40	MOs	deep	recovery	False	True
7588.91335	0.0003999999998995918	trials	electrical	biphasic	20	MOs	deep	recovery	True	True
7592.758240000001	0.0003999999998995918	trials	electrical	biphasic	40	MOs	deep	recovery	True	True
7597.03918	0.0003999999998995918	trials	electrical	biphasic	70	MOs	deep	recovery	True	True
7601.21495	0.0004000000008090865	trials	electrical	biphasic	40	MOs	deep	recovery	True	True
7604.72209	0.0004000000008090865	trials	electrical	biphasic	70	MOs	deep	recovery	True	True
7608.8247	0.0003999999998995918	trials	electrical	biphasic	40	MOs	deep	recovery	True	True
7612.711909999999	0.0003999999998995918	trials	electrical	biphasic	70	MOs	deep	recovery	True	True
7617.12834	0.0004000000008090865	trials	electrical	biphasic	40	MOs	deep	recovery	True	True
7620.62992	0.0003999999998995918	trials	electrical	biphasic	40	MOs	deep	recovery	True	True
7624.59278	0.0003999999998995918	trials	electrical	biphasic	20	MOs	deep	recovery	True	True
7628.51755	0.0004000000008090865	trials	electrical	biphasic	20	MOs	deep	recovery	True	True
7632.4789	0.0003999999998995918	trials	electrical	biphasic	20	MOs	deep	recovery	True	True
7636.749479999998	0.0004000000008090865	trials	electrical	biphasic	20	MOs	deep	recovery	False	True
7640.57239	0.0003999999998995918	trials	electrical	biphasic	20	MOs	deep	recovery	True	True
7644.857559999998	0.0004000000008090865	trials	electrical	biphasic	40	MOs	deep	recovery	False	True
7648.82934	0.0004000000008090865	trials	electrical	biphasic	40	MOs	deep	recovery	False	True
7652.36552	0.0003999999998995918	trials	electrical	biphasic	70	MOs	deep	recovery	False	False
7656.04183	0.0003999999998995918	trials	electrical	biphasic	40	MOs	deep	recovery	False	True
7660.26402	0.0004000000008090865	trials	electrical	biphasic	70	MOs	deep	recovery	True	True
7664.23792	0.0004000000008090865	trials	electrical	biphasic	20	MOs	deep	recovery	False	True
7667.8910700000015	0.0003999999980806024	trials	electrical	biphasic	40	MOs	deep	recovery	False	True
7671.732609999999	0.0003999999998995918	trials	electrical	biphasic	70	MOs	deep	recovery	False	False
7675.84042	0.0003999999998995918	trials	electrical	biphasic	20	MOs	deep	recovery	False	True
7679.53258	0.0003999999998995918	trials	electrical	biphasic	20	MOs	deep	recovery	False	True
7683.77143	0.0003999999998995918	trials	electrical	biphasic	20	MOs	deep	recovery	False	True
7687.514709999998	0.0004000000008090865	trials	electrical	biphasic	20	MOs	deep	recovery	False	True
7691.932559999998	0.0004000000008090865	trials	electrical	biphasic	70	MOs	deep	recovery	False	False
7695.70205	0.0003999999998995918	trials	electrical	biphasic	40	MOs	deep	recovery	False	True
7699.9679700000015	0.00040999999691848643	trials	electrical	biphasic	40	MOs	deep	recovery	False	True
7703.65706	0.0003999999989900971	trials	electrical	biphasic	40	MOs	deep	recovery	False	True
7707.444979999998	0.0004000000017185812	trials	electrical	biphasic	70	MOs	deep	recovery	False	False
7711.0365299999985	0.0003999999998995918	trials	electrical	biphasic	40	MOs	deep	recovery	False	True
7715.11315	0.0003999999998995918	trials	electrical	biphasic	40	MOs	deep	recovery	False	True
7719.29694	0.0004000000008090865	trials	electrical	biphasic	20	MOs	deep	recovery	False	True
7723.34397	0.0004000000017185812	trials	electrical	biphasic	20	MOs	deep	recovery	False	True
7727.270109999998	0.0004000000008090865	trials	electrical	biphasic	40	MOs	deep	recovery	False	True
7731.41498	0.0003999999980806024	trials	electrical	biphasic	70	MOs	deep	recovery	False	True
7735.563029999998	0.0004000000017185812	trials	electrical	biphasic	70	MOs	deep	recovery	False	True
7739.74247	0.0003999999998995918	trials	electrical	biphasic	20	MOs	deep	recovery	True	True
7743.87868	0.0003999999998995918	trials	electrical	biphasic	40	MOs	deep	recovery	False	True
7748.32429	0.0004000000008090865	trials	electrical	biphasic	70	MOs	deep	recovery	False	True
7752.03365	0.0003999999998995918	trials	electrical	biphasic	20	MOs	deep	recovery	False	True
7756.243359999998	0.0004000000008090865	trials	electrical	biphasic	20	MOs	deep	recovery	False	True
7759.98003	0.0003999999998995918	trials	electrical	biphasic	40	MOs	deep	recovery	False	True
7763.59985	0.0004000000008090865	trials	electrical	biphasic	40	MOs	deep	recovery	False	True
7767.707579999998	0.0004000000017185812	trials	electrical	biphasic	20	MOs	deep	recovery	False	True
7771.65814	0.0004000000008090865	trials	electrical	biphasic	40	MOs	deep	recovery	False	True
7775.617290000001	0.0003999999998995918	trials	electrical	biphasic	70	MOs	deep	recovery	False	False
7779.77965	0.0003999999998995918	trials	electrical	biphasic	40	MOs	deep	recovery	False	True
7784.050359999998	0.0004000000008090865	trials	electrical	biphasic	40	MOs	deep	recovery	True	True
7787.90101	0.0003999999980806024	trials	electrical	biphasic	70	MOs	deep	recovery	True	True
7792.06345	0.0003999999998995918	trials	electrical	biphasic	40	MOs	deep	recovery	True	True
7795.98004	0.0003999999998995918	trials	electrical	biphasic	20	MOs	deep	recovery	True	True
7800.32239	0.0003999999998995918	trials	electrical	biphasic	20	MOs	deep	recovery	True	True
7804.65574	0.0004000000008090865	trials	electrical	biphasic	40	MOs	deep	recovery	True	True
7808.4126	0.0003999999998995918	trials	electrical	biphasic	70	MOs	deep	recovery	True	True
7812.52649	0.0004000000008090865	trials	electrical	biphasic	20	MOs	deep	recovery	True	True
7816.60915	0.0003999999998995918	trials	electrical	biphasic	70	MOs	deep	recovery	True	True
7820.650320000002	0.0003999999998995918	trials	electrical	biphasic	70	MOs	deep	recovery	True	True
7825.02069	0.0003999999998995918	trials	electrical	biphasic	40	MOs	deep	recovery	True	True
7828.785890000001	0.0003999999998995918	trials	electrical	biphasic	40	MOs	deep	recovery	True	True
7832.6044	0.0003999999998995918	trials	electrical	biphasic	40	MOs	deep	recovery	True	True
7836.224040000001	0.0003999999998995918	trials	electrical	biphasic	40	MOs	deep	recovery	True	True
7840.6642900000015	0.0003999999980806024	trials	electrical	biphasic	70	MOs	deep	recovery	True	True
7844.81028	0.0003999999998995918	trials	electrical	biphasic	40	MOs	deep	recovery	True	True
7848.79016	0.0003999999980806024	trials	electrical	biphasic	70	MOs	deep	recovery	False	True
7852.92991	0.0003999999998995918	trials	electrical	biphasic	20	MOs	deep	recovery	False	True
7856.97506	0.0003999999998995918	trials	electrical	biphasic	70	MOs	deep	recovery	False	True
7861.1228	0.0003999999998995918	trials	electrical	biphasic	40	MOs	deep	recovery	False	True
7865.1671099999985	0.0003999999998995918	trials	electrical	biphasic	40	MOs	deep	recovery	False	True
7869.38858	0.0003999999998995918	trials	electrical	biphasic	40	MOs	deep	recovery	False	True
7873.4115	0.0003999999998995918	trials	electrical	biphasic	70	MOs	deep	recovery	False	True
7877.905629999998	0.0004000000017185812	trials	electrical	biphasic	70	MOs	deep	recovery	False	True
7881.624729999998	0.0004000000008090865	trials	electrical	biphasic	40	MOs	deep	recovery	False	True
7885.230959999999	0.0004000000008090865	trials	electrical	biphasic	40	MOs	deep	recovery	False	True
7888.84108	0.0003999999998995918	trials	electrical	biphasic	20	MOs	deep	recovery	False	True
7892.4051	0.0003999999998995918	trials	electrical	biphasic	40	MOs	deep	recovery	False	True
7896.3101099999985	0.0003999999998995918	trials	electrical	biphasic	20	MOs	deep	recovery	False	True
7900.25892	0.0003999999998995918	trials	electrical	biphasic	20	MOs	deep	recovery	False	True
7904.12516	0.0003999999980806024	trials	electrical	biphasic	40	MOs	deep	recovery	False	True
7908.3890900000015	0.0003999999980806024	trials	electrical	biphasic	20	MOs	deep	recovery	False	True
7912.517409999998	0.0004000000008090865	trials	electrical	biphasic	40	MOs	deep	recovery	False	True
7916.78982	0.0003999999998995918	trials	electrical	biphasic	70	MOs	deep	recovery	False	False
7921.223109999999	0.0004000000008090865	trials	electrical	biphasic	70	MOs	deep	recovery	False	True
7925.69628	0.0003999999998995918	trials	electrical	biphasic	20	MOs	deep	recovery	False	True
7929.38872	0.0004000000017185812	trials	electrical	biphasic	40	MOs	deep	recovery	False	True
7933.028029999998	0.0004000000008090865	trials	electrical	biphasic	70	MOs	deep	recovery	False	True
7937.224709999998	0.0004000000008090865	trials	electrical	biphasic	20	MOs	deep	recovery	False	True
7940.81896	0.0003999999980806024	trials	electrical	biphasic	70	MOs	deep	recovery	False	True
7944.8447799999985	0.0003999999998995918	trials	electrical	biphasic	20	MOs	deep	recovery	False	True
7948.87555	0.0003999999998995918	trials	electrical	biphasic	40	MOs	deep	recovery	False	True
7953.237120000002	0.0003999999998995918	trials	electrical	biphasic	70	MOs	deep	recovery	False	True
7957.2224	0.0003999999998995918	trials	electrical	biphasic	70	MOs	deep	recovery	False	True
7961.116290000001	0.0004000000008090865	trials	electrical	biphasic	40	MOs	deep	recovery	False	True
7965.288159999999	0.0003999999998995918	trials	electrical	biphasic	70	MOs	deep	recovery	False	True
7969.52984	0.0004000000008090865	trials	electrical	biphasic	20	MOs	deep	recovery	False	True
7973.55033	0.0003999999998995918	trials	electrical	biphasic	70	MOs	deep	recovery	False	True
7977.39847	0.0003999999998995918	trials	electrical	biphasic	40	MOs	deep	recovery	False	True
7981.0489	0.0003999999998995918	trials	electrical	biphasic	70	MOs	deep	recovery	False	True
7985.13542	0.0004000000008090865	trials	electrical	biphasic	20	MOs	deep	recovery	False	True
7988.89799	0.0003999999998995918	trials	electrical	biphasic	70	MOs	deep	recovery	False	True
7992.44287	0.0004000000017185812	trials	electrical	biphasic	70	MOs	deep	recovery	False	True
7996.6982400000015	0.0003999999980806024	trials	electrical	biphasic	20	MOs	deep	recovery	False	True
8000.44144	0.0004000000008090865	trials	electrical	biphasic	40	MOs	deep	recovery	False	True
8004.38427	0.0004000000008090865	trials	electrical	biphasic	40	MOs	deep	recovery	False	True
8008.57249	0.0004000000008090865	trials	electrical	biphasic	40	MOs	deep	recovery	False	True
8012.432140000001	0.0004000000008090865	trials	electrical	biphasic	40	MOs	deep	recovery	False	True
8016.6689099999985	0.0003999999998995918	trials	electrical	biphasic	70	MOs	deep	recovery	False	True
8020.56403	0.0003999999989900971	trials	electrical	biphasic	70	MOs	deep	recovery	False	True
8024.74788	0.0003999999998995918	trials	electrical	biphasic	70	MOs	deep	recovery	False	True
8028.95235	0.0004000000008090865	trials	electrical	biphasic	70	MOs	deep	recovery	False	True
8032.89507	0.0004000000008090865	trials	electrical	biphasic	20	MOs	deep	recovery	False	True
8036.41507	0.0003999999998995918	trials	electrical	biphasic	20	MOs	deep	recovery	False	True
8040.246359999999	0.0003999999998995918	trials	electrical	biphasic	40	MOs	deep	recovery	False	True
8044.17108	0.0003999999998995918	trials	electrical	biphasic	20	MOs	deep	recovery	False	True
8047.941790000002	0.0003999999998995918	trials	electrical	biphasic	70	MOs	deep	recovery	False	True
8051.6392700000015	0.0003999999980806024	trials	electrical	biphasic	70	MOs	deep	recovery	False	True
8055.96142	0.0004000000008090865	trials	electrical	biphasic	20	MOs	deep	recovery	False	True
8059.89177	0.0003999999998995918	trials	electrical	biphasic	40	MOs	deep	recovery	False	True
8064.27997	0.0004000000008090865	trials	electrical	biphasic	20	MOs	deep	recovery	False	True
8068.171579999998	0.0004000000017185812	trials	electrical	biphasic	70	MOs	deep	recovery	False	False
8072.441129999998	0.0004000000017185812	trials	electrical	biphasic	20	MOs	deep	recovery	False	True
8076.33835	0.0003999999998995918	trials	electrical	biphasic	40	MOs	deep	recovery	False	True
8080.6473	0.0004000000008090865	trials	electrical	biphasic	40	MOs	deep	recovery	False	True
8084.90281	0.0003999999980806024	trials	electrical	biphasic	20	MOs	deep	recovery	False	True
8088.780629999998	0.0004000000017185812	trials	electrical	biphasic	20	MOs	deep	recovery	False	True
8092.49708	0.0003999999998995918	trials	electrical	biphasic	40	MOs	deep	recovery	False	True
8096.7879	0.0003999999998995918	trials	electrical	biphasic	70	MOs	deep	recovery	False	True
8101.23763	0.0003999999980806024	trials	electrical	biphasic	70	MOs	deep	recovery	False	True
8105.06562	0.0003999999998995918	trials	electrical	biphasic	40	MOs	deep	recovery	False	True
8109.2373	0.0003999999998995918	trials	electrical	biphasic	20	MOs	deep	recovery	False	True
8113.17637	0.0003999999998995918	trials	electrical	biphasic	20	MOs	deep	recovery	False	True
8117.5103	0.0003999999998995918	trials	electrical	biphasic	40	MOs	deep	recovery	False	True
8121.7795799999985	0.0003999999998995918	trials	electrical	biphasic	40	MOs	deep	recovery	False	True
8125.4472700000015	0.0003999999980806024	trials	electrical	biphasic	20	MOs	deep	recovery	False	True
8129.8096799999985	0.0003999999998995918	trials	electrical	biphasic	40	MOs	deep	recovery	False	True
8134.29998	0.0003999999998995918	trials	electrical	biphasic	70	MOs	deep	recovery	False	True
8138.314829999998	0.0004000000017185812	trials	electrical	biphasic	20	MOs	deep	recovery	False	True
8142.69954	0.0004000000008090865	trials	electrical	biphasic	70	MOs	deep	recovery	False	True
8146.78798	0.00041000000146595994	trials	electrical	biphasic	40	MOs	deep	recovery	False	True
8150.44317	0.0004000000008090865	trials	electrical	biphasic	40	MOs	deep	recovery	False	True
8154.14345	0.0004000000008090865	trials	electrical	biphasic	70	MOs	deep	recovery	False	True
8158.050840000001	0.0004000000008090865	trials	electrical	biphasic	40	MOs	deep	recovery	False	True
8162.2999599999985	0.0003999999998995918	trials	electrical	biphasic	70	MOs	deep	recovery	False	True
8166.62597	0.0003999999998995918	trials	electrical	biphasic	20	MOs	deep	recovery	False	True
8170.916359999998	0.0004000000008090865	trials	electrical	biphasic	40	MOs	deep	recovery	False	True
8174.7353	0.0003999999998995918	trials	electrical	biphasic	20	MOs	deep	recovery	False	True
8178.76979	0.0003999999998995918	trials	electrical	biphasic	40	MOs	deep	recovery	False	True
8182.36017	0.0004000000017185812	trials	electrical	biphasic	70	MOs	deep	recovery	False	True
8185.9723	0.0003999999998995918	trials	electrical	biphasic	40	MOs	deep	recovery	False	True
8189.60902	0.0004000000017185812	trials	electrical	biphasic	70	MOs	deep	recovery	False	True
8193.78811	0.0003999999971711077	trials	electrical	biphasic	20	MOs	deep	recovery	False	True
8197.78371	0.0003999999989900971	trials	electrical	biphasic	20	MOs	deep	recovery	False	True
8201.47386	0.0003999999989900971	trials	electrical	biphasic	20	MOs	deep	recovery	False	True
8205.46928	0.0004000000008090865	trials	electrical	biphasic	20	MOs	deep	recovery	False	True
8209.11731	0.0003999999989900971	trials	electrical	biphasic	70	MOs	deep	recovery	False	True
8212.672709999999	0.0004000000008090865	trials	electrical	biphasic	70	MOs	deep	recovery	False	True
8217.02386	0.0004000000008090865	trials	electrical	biphasic	70	MOs	deep	recovery	False	True
8221.084840000001	0.0003999999989900971	trials	electrical	biphasic	70	MOs	deep	recovery	False	True
8225.51487	0.0003999999989900971	trials	electrical	biphasic	20	MOs	deep	recovery	False	True
8229.711959999999	0.0004000000008090865	trials	electrical	biphasic	70	MOs	deep	recovery	False	True
8233.79518	0.0004000000008090865	trials	electrical	biphasic	20	MOs	deep	recovery	True	True
8238.111009999999	0.0004000000008090865	trials	electrical	biphasic	70	MOs	deep	recovery	False	True
8242.490459999999	0.0004000000008090865	trials	electrical	biphasic	70	MOs	deep	recovery	False	True
8246.979809999999	0.0004000000008090865	trials	electrical	biphasic	40	MOs	deep	recovery	False	True
8250.48075	0.0003999999989900971	trials	electrical	biphasic	20	MOs	deep	recovery	False	True
8254.84662	0.0004000000008090865	trials	electrical	biphasic	20	MOs	deep	recovery	False	True
8258.95961	0.0003999999989900971	trials	electrical	biphasic	70	MOs	deep	recovery	False	True
8263.449990000001	0.0003999999989900971	trials	electrical	biphasic	70	MOs	deep	recovery	False	True
8267.4781	0.0003999999989900971	trials	electrical	biphasic	20	MOs	deep	recovery	False	True
8271.45805	0.0004000000008090865	trials	electrical	biphasic	70	MOs	deep	recovery	False	True
8275.75981	0.0003999999989900971	trials	electrical	biphasic	20	MOs	deep	recovery	True	True
8279.48808	0.0004000000008090865	trials	electrical	biphasic	20	MOs	deep	recovery	False	True
8283.4866	0.0003999999989900971	trials	electrical	biphasic	40	MOs	deep	recovery	False	True
8287.88789	0.0004000000008090865	trials	electrical	biphasic	70	MOs	deep	recovery	False	True
8291.96298	0.0003999999989900971	trials	electrical	biphasic	70	MOs	deep	recovery	False	True
8296.308579999999	0.0004000000008090865	trials	electrical	biphasic	70	MOs	deep	recovery	False	True
8300.54765	0.0003999999989900971	trials	electrical	biphasic	70	MOs	deep	recovery	False	True
8304.634059999997	0.0004000000026280759	trials	electrical	biphasic	70	MOs	deep	recovery	False	True
8308.381220000001	0.0003999999989900971	trials	electrical	biphasic	40	MOs	deep	recovery	False	False
8312.54807	0.0003999999989900971	trials	electrical	biphasic	70	MOs	deep	recovery	False	True
8316.13197	0.0004000000008090865	trials	electrical	biphasic	20	MOs	deep	recovery	False	True
8320.25836	0.0003999999989900971	trials	electrical	biphasic	70	MOs	deep	recovery	False	True
8324.41972	0.0004000000008090865	trials	electrical	biphasic	40	MOs	deep	recovery	False	True
8328.64991	0.0003999999989900971	trials	electrical	biphasic	20	MOs	deep	recovery	False	True
8333.0411	0.0003999999989900971	trials	electrical	biphasic	20	MOs	deep	recovery	False	True
8337.52383	0.0003999999989900971	trials	electrical	biphasic	20	MOs	deep	recovery	False	True
8341.79328	0.0003999999989900971	trials	electrical	biphasic	20	MOs	deep	recovery	False	True
8345.87514	0.0004000000008090865	trials	electrical	biphasic	20	MOs	deep	recovery	False	True
8350.303890000001	0.0003999999989900971	trials	electrical	biphasic	20	MOs	deep	recovery	False	True
8354.38442	0.0004000000008090865	trials	electrical	biphasic	20	MOs	deep	recovery	False	True
8357.901820000001	0.0003999999989900971	trials	electrical	biphasic	40	MOs	deep	recovery	False	True
8361.5231	0.0003999999989900971	trials	electrical	biphasic	40	MOs	deep	recovery	False	True
8365.88625	0.0004000000008090865	trials	electrical	biphasic	70	MOs	deep	recovery	False	True
8369.87097	0.00041000000055646524	trials	electrical	biphasic	20	MOs	deep	recovery	False	True
8374.21626	0.0004000000008090865	trials	electrical	biphasic	40	MOs	deep	recovery	True	True
8377.92609	0.0003999999989900971	trials	electrical	biphasic	40	MOs	deep	recovery	False	True
8381.978809999999	0.0004000000008090865	trials	electrical	biphasic	20	MOs	deep	recovery	True	True
8386.109120000001	0.0003999999989900971	trials	electrical	biphasic	20	MOs	deep	recovery	False	True
8389.64154	0.0004000000008090865	trials	electrical	biphasic	40	MOs	deep	recovery	False	True
8393.75669	0.0004000000008090865	trials	electrical	biphasic	20	MOs	deep	recovery	True	True
8397.61953	0.0003999999989900971	trials	electrical	biphasic	70	MOs	deep	recovery	False	True
8401.16949	0.0004000000008090865	trials	electrical	biphasic	40	MOs	deep	recovery	False	True
8405.1595	0.0004000000008090865	trials	electrical	biphasic	20	MOs	deep	recovery	False	True
8408.85244	0.0004000000008090865	trials	electrical	biphasic	70	MOs	deep	recovery	False	True
8412.47595	0.0004000000008090865	trials	electrical	biphasic	70	MOs	deep	recovery	False	True
8416.18187	0.0004000000008090865	trials	electrical	biphasic	70	MOs	deep	recovery	False	True
8419.828809999999	0.0004000000008090865	trials	electrical	biphasic	70	MOs	deep	recovery	False	True
8423.518320000001	0.0003999999989900971	trials	electrical	biphasic	40	MOs	deep	recovery	False	True
8427.0614	0.0003999999989900971	trials	electrical	biphasic	20	MOs	deep	recovery	False	True
8431.19703	0.0004000000008090865	trials	electrical	biphasic	20	MOs	deep	recovery	False	True
8434.979309999999	0.0004000000008090865	trials	electrical	biphasic	40	MOs	deep	recovery	False	True
8439.01834	0.0004000000008090865	trials	electrical	biphasic	70	MOs	deep	recovery	False	True
8443.21392	0.0004000000008090865	trials	electrical	biphasic	40	MOs	deep	recovery	False	True
8447.21347	0.0003999999989900971	trials	electrical	biphasic	70	MOs	deep	recovery	False	True
8451.24969	0.0004000000008090865	trials	electrical	biphasic	40	MOs	deep	recovery	False	True
8455.1953	0.0004000000008090865	trials	electrical	biphasic	20	MOs	deep	recovery	False	True
8458.81966	0.0004000000008090865	trials	electrical	biphasic	70	MOs	deep	recovery	False	True
8462.81045	0.0003999999989900971	trials	electrical	biphasic	20	MOs	deep	recovery	False	True
8467.16388	0.0003999999989900971	trials	electrical	biphasic	20	MOs	deep	recovery	False	True
8471.53822	0.0004000000008090865	trials	electrical	biphasic	70	MOs	deep	recovery	False	True
8475.30895	0.0003999999989900971	trials	electrical	biphasic	20	MOs	deep	recovery	False	True
8479.017829999999	0.0004000000008090865	trials	electrical	biphasic	40	MOs	deep	recovery	False	True
8483.08324	0.0004000000008090865	trials	electrical	biphasic	20	MOs	deep	recovery	False	True
8487.223979999999	0.0004000000008090865	trials	electrical	biphasic	40	MOs	deep	recovery	False	True
8491.14143	0.0004000000008090865	trials	electrical	biphasic	70	MOs	deep	recovery	False	True
8494.847829999999	0.0004000000008090865	trials	electrical	biphasic	40	MOs	deep	recovery	False	True
8499.2962	0.0003999999989900971	trials	electrical	biphasic	40	MOs	deep	recovery	False	True
8502.8787	0.0004000000008090865	trials	electrical	biphasic	40	MOs	deep	recovery	False	True
8506.48483	0.0004000000008090865	trials	electrical	biphasic	70	MOs	deep	recovery	False	True
8510.12729	0.0004000000008090865	trials	electrical	biphasic	70	MOs	deep	recovery	False	True
8513.794170000001	0.0003999999989900971	trials	electrical	biphasic	20	MOs	deep	recovery	False	True
8517.91556	0.0004000000008090865	trials	electrical	biphasic	70	MOs	deep	recovery	False	True
8521.9897	0.0004000000008090865	trials	electrical	biphasic	40	MOs	deep	recovery	False	True
8525.54221	0.0003999999989900971	trials	electrical	biphasic	40	MOs	deep	recovery	False	True
8529.973829999999	0.0004000000008090865	trials	electrical	biphasic	70	MOs	deep	recovery	False	True
8534.20292	0.0004000000008090865	trials	electrical	biphasic	70	MOs	deep	recovery	False	True
8538.441190000001	0.0003999999989900971	trials	electrical	biphasic	40	MOs	deep	recovery	False	True
8542.005009999999	0.0004000000008090865	trials	electrical	biphasic	20	MOs	deep	recovery	False	True
8546.36588	0.0004000000008090865	trials	electrical	biphasic	40	MOs	deep	recovery	False	True
8550.80071	0.0003999999989900971	trials	electrical	biphasic	70	MOs	deep	recovery	False	True
8555.28554	0.0003999999989900971	trials	electrical	biphasic	20	MOs	deep	recovery	False	True
8559.6449	0.0004000000008090865	trials	electrical	biphasic	20	MOs	deep	recovery	False	True
8563.930890000001	0.0003999999989900971	trials	electrical	biphasic	20	MOs	deep	recovery	False	True
8567.9447	0.0004000000008090865	trials	electrical	biphasic	20	MOs	deep	recovery	False	True
8571.62272	0.0004000000008090865	trials	electrical	biphasic	70	MOs	deep	recovery	False	True
8575.52172	0.0003999999989900971	trials	electrical	biphasic	40	MOs	deep	recovery	False	True
8579.15609	0.0004000000008090865	trials	electrical	biphasic	70	MOs	deep	recovery	False	True
8582.687409999999	0.0004000000008090865	trials	electrical	biphasic	20	MOs	deep	recovery	False	True
8587.12698	0.0004000000008090865	trials	electrical	biphasic	40	MOs	deep	recovery	False	True
8590.9287	0.0003999999989900971	trials	electrical	biphasic	20	MOs	deep	recovery	False	True
8594.72467	0.0004000000008090865	trials	electrical	biphasic	20	MOs	deep	recovery	True	True
8598.55803	0.0003999999989900971	trials	electrical	biphasic	40	MOs	deep	recovery	True	True
8602.525520000001	0.0003999999989900971	trials	electrical	biphasic	40	MOs	deep	recovery	True	True
8606.674140000001	0.0003999999989900971	trials	electrical	biphasic	70	MOs	deep	recovery	True	False
8610.199779999999	0.0004000000008090865	trials	electrical	biphasic	40	MOs	deep	recovery	True	True
8614.54241	0.0003999999989900971	trials	electrical	biphasic	20	MOs	deep	recovery	True	True
8618.60188	0.0003999999989900971	trials	electrical	biphasic	70	MOs	deep	recovery	True	True
8622.9564	0.00041000000055646524	trials	electrical	biphasic	40	MOs	deep	recovery	True	True
8626.804709999999	0.0004000000008090865	trials	electrical	biphasic	20	MOs	deep	recovery	True	True
8630.75115	0.0004000000008090865	trials	electrical	biphasic	20	MOs	deep	recovery	True	True
8634.30582	0.0004000000008090865	trials	electrical	biphasic	20	MOs	deep	recovery	True	True
8637.98334	0.0004000000008090865	trials	electrical	biphasic	20	MOs	deep	recovery	True	True
8642.14657	0.0003999999989900971	trials	electrical	biphasic	20	MOs	deep	recovery	True	True
8645.977809999997	0.0004000000026280759	trials	electrical	biphasic	40	MOs	deep	recovery	False	True
8650.37672	0.0004000000008090865	trials	electrical	biphasic	70	MOs	deep	recovery	True	False
8653.9953	0.0003999999989900971	trials	electrical	biphasic	20	MOs	deep	recovery	False	True
8658.48415	0.0003999999989900971	trials	electrical	biphasic	20	MOs	deep	recovery	False	True
8662.52456	0.0003999999989900971	trials	electrical	biphasic	70	MOs	deep	recovery	False	True
8666.7319	0.0003999999989900971	trials	electrical	biphasic	70	MOs	deep	recovery	False	True
8671.231829999999	0.0004000000008090865	trials	electrical	biphasic	40	MOs	deep	recovery	False	True
8675.02009	0.0004000000008090865	trials	electrical	biphasic	70	MOs	deep	recovery	False	True
8678.93504	0.0004000000008090865	trials	electrical	biphasic	70	MOs	deep	recovery	False	True
8682.9003	0.0004000000008090865	trials	electrical	biphasic	70	MOs	deep	recovery	False	True
8687.164690000001	0.0003999999989900971	trials	electrical	biphasic	20	MOs	deep	recovery	False	True
8691.483320000001	0.0003999999989900971	trials	electrical	biphasic	70	MOs	deep	recovery	False	True
