onset	duration	nwb_table	stimulus_type	stimulus_description	estim_current	estim_target_region	estim_target_depth	behavioral_epoch	is_running	is_valid
319.16422	0.0004000000000132786	trials	electrical	biphasic	40	MOs	superficial	awake	True	True
322.69724	0.0003999999999564352	trials	electrical	biphasic	20	MOs	superficial	awake	True	True
326.75887	0.0004000000000132786	trials	electrical	biphasic	40	MOs	superficial	awake	True	True
331.14116	0.0004000000000132786	trials	electrical	biphasic	60	MOs	superficial	awake	False	True
335.31077	0.0004000000000132786	trials	electrical	biphasic	60	MOs	superficial	awake	True	True
339.00163	0.0004000000000132786	trials	electrical	biphasic	60	MOs	superficial	awake	True	True
342.87098	0.0004000000000132786	trials	electrical	biphasic	60	MOs	superficial	awake	True	True
346.8321200000001	0.0004000000000132786	trials	electrical	biphasic	20	MOs	superficial	awake	True	True
351.31419	0.0004000000000132786	trials	electrical	biphasic	20	MOs	superficial	awake	True	True
354.97102	0.0004000000000132786	trials	electrical	biphasic	20	MOs	superficial	awake	False	True
359.32697	0.00040000000007012204	trials	electrical	biphasic	60	MOs	superficial	awake	True	True
363.47215	0.0004000000000132786	trials	electrical	biphasic	60	MOs	superficial	awake	True	True
367.34886	0.0004000000000132786	trials	electrical	biphasic	40	MOs	superficial	awake	True	True
371.0402	0.00040999999998803105	trials	electrical	biphasic	20	MOs	superficial	awake	True	False
374.96889	0.0004000000000132786	trials	electrical	biphasic	40	MOs	superficial	awake	False	True
378.95134	0.0003999999999564352	trials	electrical	biphasic	60	MOs	superficial	awake	False	True
382.57238	0.0004000000000132786	trials	electrical	biphasic	20	MOs	superficial	awake	False	True
386.66231	0.0004000000000132786	trials	electrical	biphasic	60	MOs	superficial	awake	False	True
390.38891	0.0004000000000132786	trials	electrical	biphasic	40	MOs	superficial	awake	False	True
394.27396	0.0004000000000132786	trials	electrical	biphasic	60	MOs	superficial	awake	False	True
398.35737	0.0004000000000132786	trials	electrical	biphasic	60	MOs	superficial	awake	False	True
402.10959	0.0003999999999564352	trials	electrical	biphasic	20	MOs	superficial	awake	True	True
405.90046	0.0004000000000132786	trials	electrical	biphasic	40	MOs	superficial	awake	False	True
410.01798	0.0003999999999564352	trials	electrical	biphasic	20	MOs	superficial	awake	False	True
413.78369	0.0004000000000132786	trials	electrical	biphasic	40	MOs	superficial	awake	False	True
418.1085	0.0004000000000132786	trials	electrical	biphasic	60	MOs	superficial	awake	False	True
422.59159000000005	0.0003999999999564352	trials	electrical	biphasic	20	MOs	superficial	awake	False	True
426.82226	0.0003999999999564352	trials	electrical	biphasic	40	MOs	superficial	awake	False	True
430.66656	0.0004000000000132786	trials	electrical	biphasic	60	MOs	superficial	awake	False	True
434.75105	0.0003999999999564352	trials	electrical	biphasic	40	MOs	superficial	awake	False	True
438.35923	0.0003999999999564352	trials	electrical	biphasic	60	MOs	superficial	awake	True	True
442.76596	0.0004000000000132786	trials	electrical	biphasic	20	MOs	superficial	awake	True	True
447.14605	0.0004000000000132786	trials	electrical	biphasic	20	MOs	superficial	awake	True	True
451.46424	0.0003999999999564352	trials	electrical	biphasic	60	MOs	superficial	awake	True	True
455.22539000000006	0.0003999999999564352	trials	electrical	biphasic	60	MOs	superficial	awake	False	True
459.32017	0.0003999999999564352	trials	electrical	biphasic	40	MOs	superficial	awake	False	True
462.84312	0.0004000000000132786	trials	electrical	biphasic	60	MOs	superficial	awake	True	False
466.7688	0.0004000000000132786	trials	electrical	biphasic	40	MOs	superficial	awake	True	True
470.58195	0.0004000000000132786	trials	electrical	biphasic	40	MOs	superficial	awake	True	True
474.24385	0.0004000000000132786	trials	electrical	biphasic	40	MOs	superficial	awake	False	True
477.92304	0.0004000000000132786	trials	electrical	biphasic	20	MOs	superficial	awake	False	True
481.84634000000005	0.0003999999999564352	trials	electrical	biphasic	40	MOs	superficial	awake	False	True
485.44099000000006	0.0003999999999564352	trials	electrical	biphasic	20	MOs	superficial	awake	False	True
489.53993	0.0003999999999564352	trials	electrical	biphasic	60	MOs	superficial	awake	False	True
493.51128	0.0004000000000132786	trials	electrical	biphasic	20	MOs	superficial	awake	False	True
497.70765	0.0004000000000132786	trials	electrical	biphasic	40	MOs	superficial	awake	False	True
501.90796	0.0004000000000132786	trials	electrical	biphasic	60	MOs	superficial	awake	False	True
506.04692	0.0004000000000132786	trials	electrical	biphasic	40	MOs	superficial	awake	False	True
509.58095	0.0004000000000132786	trials	electrical	biphasic	60	MOs	superficial	awake	False	True
513.15017	0.0004000000000132786	trials	electrical	biphasic	20	MOs	superficial	awake	False	True
516.9702	0.0004000000000132786	trials	electrical	biphasic	20	MOs	superficial	awake	False	True
521.00148	0.0004000000000132786	trials	electrical	biphasic	40	MOs	superficial	awake	False	True
525.15635	0.0004000000000132786	trials	electrical	biphasic	40	MOs	superficial	awake	False	True
529.0644	0.0004000000000132786	trials	electrical	biphasic	20	MOs	superficial	awake	False	True
533.3848	0.0004000000000132786	trials	electrical	biphasic	60	MOs	superficial	awake	False	True
537.60359	0.00040000000012696546	trials	electrical	biphasic	20	MOs	superficial	awake	False	True
542.0726599999998	0.0004000000000132786	trials	electrical	biphasic	20	MOs	superficial	awake	False	True
546.10443	0.0004000000000132786	trials	electrical	biphasic	20	MOs	superficial	awake	False	True
549.9299900000002	0.00039999999978590495	trials	electrical	biphasic	20	MOs	superficial	awake	False	True
553.5360400000002	0.0004000000000132786	trials	electrical	biphasic	20	MOs	superficial	awake	False	False
557.64743	0.0004000000000132786	trials	electrical	biphasic	60	MOs	superficial	awake	False	True
561.92665	0.0004000000000132786	trials	electrical	biphasic	60	MOs	superficial	awake	False	True
565.85054	0.0004000000000132786	trials	electrical	biphasic	40	MOs	superficial	awake	False	True
569.44178	0.0004000000000132786	trials	electrical	biphasic	40	MOs	superficial	awake	False	True
573.20869	0.00040000000012696546	trials	electrical	biphasic	60	MOs	superficial	awake	False	True
576.8627700000002	0.00039999999978590495	trials	electrical	biphasic	20	MOs	superficial	awake	False	True
580.6442	0.0004000000000132786	trials	electrical	biphasic	60	MOs	superficial	awake	False	True
584.5847	0.0004000000000132786	trials	electrical	biphasic	60	MOs	superficial	awake	False	True
588.61227	0.0004000000000132786	trials	electrical	biphasic	40	MOs	superficial	awake	False	True
592.57012	0.0004000000000132786	trials	electrical	biphasic	60	MOs	superficial	awake	False	False
596.94593	0.0004000000000132786	trials	electrical	biphasic	40	MOs	superficial	awake	False	True
600.9644099999998	0.0004000000000132786	trials	electrical	biphasic	40	MOs	superficial	awake	False	True
605.40846	0.0004000000000132786	trials	electrical	biphasic	40	MOs	superficial	awake	False	True
609.54659	0.0004000000000132786	trials	electrical	biphasic	20	MOs	superficial	awake	False	True
614.00472	0.0004000000000132786	trials	electrical	biphasic	40	MOs	superficial	awake	False	True
617.74584	0.00040000000012696546	trials	electrical	biphasic	40	MOs	superficial	awake	False	True
621.9223900000002	0.0004000000000132786	trials	electrical	biphasic	20	MOs	superficial	awake	False	True
625.71188	0.0004000000000132786	trials	electrical	biphasic	60	MOs	superficial	awake	True	False
629.8841	0.0004000000000132786	trials	electrical	biphasic	60	MOs	superficial	awake	False	True
634.07967	0.0004000000000132786	trials	electrical	biphasic	40	MOs	superficial	awake	False	True
637.6481	0.0004000000000132786	trials	electrical	biphasic	40	MOs	superficial	awake	False	True
641.40332	0.0004000000000132786	trials	electrical	biphasic	20	MOs	superficial	awake	False	True
645.12779	0.0004000000000132786	trials	electrical	biphasic	40	MOs	superficial	awake	False	True
649.29605	0.0004000000000132786	trials	electrical	biphasic	40	MOs	superficial	awake	False	True
653.6408799999998	0.0004000000000132786	trials	electrical	biphasic	20	MOs	superficial	awake	False	True
657.48577	0.0004000000000132786	trials	electrical	biphasic	40	MOs	superficial	awake	True	True
661.76672	0.0004000000000132786	trials	electrical	biphasic	60	MOs	superficial	awake	True	True
665.9424799999998	0.00040000000012696546	trials	electrical	biphasic	40	MOs	superficial	awake	True	True
669.44963	0.0004000000000132786	trials	electrical	biphasic	60	MOs	superficial	awake	True	True
673.55223	0.0004000000000132786	trials	electrical	biphasic	40	MOs	superficial	awake	True	True
677.43944	0.0004000000000132786	trials	electrical	biphasic	60	MOs	superficial	awake	True	True
681.85587	0.0004000000000132786	trials	electrical	biphasic	40	MOs	superficial	awake	True	True
685.35745	0.0004000000000132786	trials	electrical	biphasic	40	MOs	superficial	awake	False	True
689.32032	0.0004000000000132786	trials	electrical	biphasic	20	MOs	superficial	awake	False	True
693.24508	0.00039999999978590495	trials	electrical	biphasic	20	MOs	superficial	awake	False	True
697.20643	0.0004000000000132786	trials	electrical	biphasic	20	MOs	superficial	awake	False	True
701.47702	0.0004000000000132786	trials	electrical	biphasic	20	MOs	superficial	awake	False	False
705.29992	0.0004000000000132786	trials	electrical	biphasic	20	MOs	superficial	awake	False	True
709.58509	0.0004000000000132786	trials	electrical	biphasic	40	MOs	superficial	awake	False	True
713.55688	0.0004000000000132786	trials	electrical	biphasic	40	MOs	superficial	awake	False	True
717.0930599999998	0.0004000000000132786	trials	electrical	biphasic	60	MOs	superficial	awake	False	True
720.76936	0.0004000000000132786	trials	electrical	biphasic	40	MOs	superficial	awake	False	True
724.99155	0.0004000000000132786	trials	electrical	biphasic	60	MOs	superficial	awake	False	False
728.96546	0.00039999999978590495	trials	electrical	biphasic	20	MOs	superficial	awake	False	False
732.6186	0.00039999999978590495	trials	electrical	biphasic	40	MOs	superficial	awake	False	False
736.46015	0.0004000000000132786	trials	electrical	biphasic	60	MOs	superficial	awake	False	True
740.56796	0.0004000000000132786	trials	electrical	biphasic	20	MOs	superficial	awake	False	True
744.26012	0.0004000000000132786	trials	electrical	biphasic	20	MOs	superficial	awake	False	True
748.49897	0.0004000000000132786	trials	electrical	biphasic	20	MOs	superficial	awake	False	False
752.24225	0.0004000000000132786	trials	electrical	biphasic	20	MOs	superficial	awake	False	True
756.6601	0.0003999999998995918	trials	electrical	biphasic	60	MOs	superficial	awake	False	True
760.4295900000002	0.0004000000000132786	trials	electrical	biphasic	40	MOs	superficial	awake	False	True
764.69551	0.00039999999978590495	trials	electrical	biphasic	40	MOs	superficial	awake	False	False
768.3846	0.0004000000000132786	trials	electrical	biphasic	40	MOs	superficial	awake	False	False
772.17252	0.0004000000000132786	trials	electrical	biphasic	60	MOs	superficial	awake	False	True
775.7640700000002	0.0004000000000132786	trials	electrical	biphasic	40	MOs	superficial	awake	False	True
779.84069	0.0004000000000132786	trials	electrical	biphasic	40	MOs	superficial	awake	False	True
784.0244799999998	0.0004000000000132786	trials	electrical	biphasic	20	MOs	superficial	awake	False	True
788.07151	0.0004000000000132786	trials	electrical	biphasic	20	MOs	superficial	awake	False	False
791.99765	0.0004000000000132786	trials	electrical	biphasic	40	MOs	superficial	awake	False	True
796.14252	0.0004000000000132786	trials	electrical	biphasic	60	MOs	superficial	awake	False	True
800.29057	0.0004000000000132786	trials	electrical	biphasic	60	MOs	superficial	awake	False	True
804.47002	0.0004000000000132786	trials	electrical	biphasic	20	MOs	superficial	awake	False	True
808.60622	0.0004000000000132786	trials	electrical	biphasic	40	MOs	superficial	awake	False	False
813.05183	0.0004000000000132786	trials	electrical	biphasic	60	MOs	superficial	awake	False	True
816.7612	0.0004000000000132786	trials	electrical	biphasic	20	MOs	superficial	awake	False	True
820.9709	0.0004000000000132786	trials	electrical	biphasic	20	MOs	superficial	awake	False	True
824.70757	0.0004000000000132786	trials	electrical	biphasic	40	MOs	superficial	awake	False	True
828.32739	0.0004000000000132786	trials	electrical	biphasic	40	MOs	superficial	awake	False	True
832.43512	0.0004000000000132786	trials	electrical	biphasic	20	MOs	superficial	awake	False	True
836.3856900000002	0.0004000000000132786	trials	electrical	biphasic	40	MOs	superficial	awake	False	True
840.3448300000001	0.0004000000000132786	trials	electrical	biphasic	60	MOs	superficial	awake	False	True
844.5072	0.0004000000000132786	trials	electrical	biphasic	40	MOs	superficial	awake	False	True
848.7779099999998	0.0004000000000132786	trials	electrical	biphasic	40	MOs	superficial	awake	True	True
852.62855	0.0004000000000132786	trials	electrical	biphasic	60	MOs	superficial	awake	False	True
856.791	0.0003999999998995918	trials	electrical	biphasic	40	MOs	superficial	awake	False	True
860.7075800000001	0.0004099999998743442	trials	electrical	biphasic	20	MOs	superficial	awake	False	True
865.0499300000001	0.0003999999998995918	trials	electrical	biphasic	20	MOs	superficial	awake	False	True
869.3832800000001	0.0003999999998995918	trials	electrical	biphasic	40	MOs	superficial	awake	False	True
873.14015	0.0004000000000132786	trials	electrical	biphasic	60	MOs	superficial	awake	True	True
877.2540300000002	0.0004000000000132786	trials	electrical	biphasic	20	MOs	superficial	awake	True	True
881.3367	0.0004000000000132786	trials	electrical	biphasic	60	MOs	superficial	awake	False	True
885.3778699999998	0.0004000000000132786	trials	electrical	biphasic	60	MOs	superficial	awake	True	True
889.74824	0.0004000000000132786	trials	electrical	biphasic	40	MOs	superficial	awake	False	True
893.5134400000002	0.0004000000000132786	trials	electrical	biphasic	40	MOs	superficial	awake	True	True
897.33195	0.0004000000000132786	trials	electrical	biphasic	40	MOs	superficial	awake	True	False
900.95159	0.0004000000000132786	trials	electrical	biphasic	40	MOs	superficial	awake	False	True
905.39184	0.0004000000000132786	trials	electrical	biphasic	60	MOs	superficial	awake	False	True
909.53783	0.0004000000000132786	trials	electrical	biphasic	40	MOs	superficial	awake	False	False
913.51771	0.0004000000000132786	trials	electrical	biphasic	60	MOs	superficial	awake	False	True
917.65746	0.0004000000000132786	trials	electrical	biphasic	20	MOs	superficial	awake	True	False
921.7026	0.00040999999998803105	trials	electrical	biphasic	60	MOs	superficial	awake	False	False
925.85035	0.0003999999998995918	trials	electrical	biphasic	40	MOs	superficial	awake	False	False
929.89466	0.0003999999998995918	trials	electrical	biphasic	40	MOs	superficial	awake	False	False
934.11613	0.0004000000000132786	trials	electrical	biphasic	40	MOs	superficial	awake	False	True
938.13905	0.0004000000000132786	trials	electrical	biphasic	60	MOs	superficial	awake	False	True
942.63318	0.0004000000000132786	trials	electrical	biphasic	60	MOs	superficial	awake	False	True
946.35229	0.0004000000000132786	trials	electrical	biphasic	40	MOs	superficial	awake	False	True
949.95851	0.0003999999998995918	trials	electrical	biphasic	40	MOs	superficial	awake	False	True
953.56863	0.0004000000000132786	trials	electrical	biphasic	20	MOs	superficial	awake	False	True
957.13266	0.0004000000000132786	trials	electrical	biphasic	40	MOs	superficial	awake	False	True
961.03766	0.0004000000000132786	trials	electrical	biphasic	20	MOs	superficial	awake	False	True
964.98647	0.0003999999998995918	trials	electrical	biphasic	20	MOs	superficial	awake	False	True
968.85271	0.0004000000000132786	trials	electrical	biphasic	40	MOs	superficial	awake	False	True
973.11664	0.0004000000000132786	trials	electrical	biphasic	20	MOs	superficial	awake	False	True
977.24497	0.0004000000000132786	trials	electrical	biphasic	40	MOs	superficial	awake	False	True
981.51738	0.0004000000000132786	trials	electrical	biphasic	60	MOs	superficial	awake	False	True
985.95067	0.0004000000000132786	trials	electrical	biphasic	60	MOs	superficial	awake	False	True
990.42383	0.0004000000000132786	trials	electrical	biphasic	20	MOs	superficial	awake	False	True
994.11628	0.0004000000000132786	trials	electrical	biphasic	40	MOs	superficial	awake	False	True
997.75558	0.0004000000000132786	trials	electrical	biphasic	60	MOs	superficial	awake	False	True
1001.95227	0.0004000000000132786	trials	electrical	biphasic	20	MOs	superficial	awake	True	True
1005.54651	0.0004000000000132786	trials	electrical	biphasic	60	MOs	superficial	awake	False	True
1009.57234	0.0003999999998995918	trials	electrical	biphasic	20	MOs	superficial	awake	False	True
1013.60311	0.0004000000000132786	trials	electrical	biphasic	40	MOs	superficial	awake	False	True
1017.96467	0.0004000000000132786	trials	electrical	biphasic	60	MOs	superficial	awake	False	True
1021.94996	0.0004000000000132786	trials	electrical	biphasic	60	MOs	superficial	awake	False	True
1025.84385	0.00040000000012696546	trials	electrical	biphasic	40	MOs	superficial	awake	False	True
1030.01571	0.00040000000012696546	trials	electrical	biphasic	60	MOs	superficial	awake	False	True
1034.2574	0.00040000000012696546	trials	electrical	biphasic	20	MOs	superficial	awake	False	True
1038.27789	0.0003999999998995918	trials	electrical	biphasic	60	MOs	superficial	awake	False	True
1042.12603	0.00040000000012696546	trials	electrical	biphasic	40	MOs	superficial	awake	True	True
1045.77646	0.0003999999998995918	trials	electrical	biphasic	60	MOs	superficial	awake	True	True
1049.86298	0.0003999999998995918	trials	electrical	biphasic	20	MOs	superficial	awake	False	True
1053.62555	0.00040000000012696546	trials	electrical	biphasic	60	MOs	superficial	awake	False	True
1057.17043	0.00040000000012696546	trials	electrical	biphasic	60	MOs	superficial	awake	False	True
1061.4258	0.00040000000012696546	trials	electrical	biphasic	20	MOs	superficial	awake	False	True
1065.169	0.0003999999998995918	trials	electrical	biphasic	40	MOs	superficial	awake	False	True
1069.11183	0.00040000000035433914	trials	electrical	biphasic	40	MOs	superficial	awake	False	True
1073.30006	0.0003999999998995918	trials	electrical	biphasic	40	MOs	superficial	awake	False	True
1077.1597	0.00040000000012696546	trials	electrical	biphasic	40	MOs	superficial	awake	True	True
1081.39647	0.00040000000012696546	trials	electrical	biphasic	60	MOs	superficial	awake	False	True
1085.29159	0.0003999999998995918	trials	electrical	biphasic	60	MOs	superficial	awake	False	True
1089.47544	0.00040000000012696546	trials	electrical	biphasic	60	MOs	superficial	awake	False	True
1093.67991	0.0003999999998995918	trials	electrical	biphasic	60	MOs	superficial	awake	False	True
1097.62264	0.0003999999998995918	trials	electrical	biphasic	20	MOs	superficial	awake	False	True
1101.14264	0.0003999999998995918	trials	electrical	biphasic	20	MOs	superficial	awake	False	True
1104.97392	0.00040000000012696546	trials	electrical	biphasic	40	MOs	superficial	awake	False	True
1108.89865	0.0003999999998995918	trials	electrical	biphasic	20	MOs	superficial	awake	False	True
1112.66935	0.00040000000012696546	trials	electrical	biphasic	60	MOs	superficial	awake	False	True
1116.36684	0.00040000000012696546	trials	electrical	biphasic	60	MOs	superficial	awake	False	True
1120.68899	0.0003999999998995918	trials	electrical	biphasic	20	MOs	superficial	awake	False	True
1124.61933	0.0003999999998995918	trials	electrical	biphasic	40	MOs	superficial	awake	True	True
1129.00754	0.0003999999998995918	trials	electrical	biphasic	20	MOs	superficial	awake	True	True
1132.89915	0.00040000000012696546	trials	electrical	biphasic	60	MOs	superficial	awake	False	True
1137.16869	0.00040000000012696546	trials	electrical	biphasic	20	MOs	superficial	awake	False	True
1141.06592	0.0003999999998995918	trials	electrical	biphasic	40	MOs	superficial	awake	False	True
1145.37487	0.0003999999998995918	trials	electrical	biphasic	40	MOs	superficial	awake	True	True
1149.63037	0.0003999999998995918	trials	electrical	biphasic	20	MOs	superficial	awake	False	True
1153.5082	0.0003999999998995918	trials	electrical	biphasic	20	MOs	superficial	awake	False	True
1157.22464	0.00040000000012696546	trials	electrical	biphasic	40	MOs	superficial	awake	False	True
1161.5154699999996	0.00040000000035433914	trials	electrical	biphasic	60	MOs	superficial	awake	False	True
1165.9652	0.0003999999998995918	trials	electrical	biphasic	60	MOs	superficial	awake	False	True
1169.79319	0.0003999999998995918	trials	electrical	biphasic	40	MOs	superficial	awake	False	True
1173.96487	0.0003999999998995918	trials	electrical	biphasic	20	MOs	superficial	awake	False	True
1177.90394	0.00040000000012696546	trials	electrical	biphasic	20	MOs	superficial	awake	True	True
1182.23787	0.0003999999996722181	trials	electrical	biphasic	40	MOs	superficial	awake	False	True
1186.50715	0.00040000000012696546	trials	electrical	biphasic	40	MOs	superficial	awake	False	True
1190.17484	0.00040000000012696546	trials	electrical	biphasic	20	MOs	superficial	awake	False	True
1194.53725	0.0003999999998995918	trials	electrical	biphasic	40	MOs	superficial	awake	False	True
1199.02756	0.0003999999998995918	trials	electrical	biphasic	60	MOs	superficial	awake	False	True
1203.0424	0.0003999999998995918	trials	electrical	biphasic	20	MOs	superficial	awake	False	True
1207.42711	0.0003999999998995918	trials	electrical	biphasic	60	MOs	superficial	awake	False	True
1211.51556	0.0003999999998995918	trials	electrical	biphasic	40	MOs	superficial	awake	False	True
1215.17074	0.00040000000035433914	trials	electrical	biphasic	40	MOs	superficial	awake	False	True
1218.87103	0.0003999999998995918	trials	electrical	biphasic	60	MOs	superficial	awake	False	True
1222.77841	0.00040000000012696546	trials	electrical	biphasic	40	MOs	superficial	awake	False	True
1227.02754	0.0003999999998995918	trials	electrical	biphasic	60	MOs	superficial	awake	False	True
1231.35355	0.0003999999998995918	trials	electrical	biphasic	20	MOs	superficial	awake	False	True
1235.6439300000004	0.0003999999996722181	trials	electrical	biphasic	40	MOs	superficial	awake	False	True
1239.46288	0.00040000000035433914	trials	electrical	biphasic	20	MOs	superficial	awake	False	True
1243.4973699999996	0.00040000000035433914	trials	electrical	biphasic	40	MOs	superficial	awake	False	True
1247.08775	0.00040000000012696546	trials	electrical	biphasic	60	MOs	superficial	awake	False	True
1250.69987	0.0003999999996722181	trials	electrical	biphasic	40	MOs	superficial	awake	False	True
1254.3366	0.0003999999998995918	trials	electrical	biphasic	60	MOs	superficial	awake	False	True
1258.51568	0.00040000000012696546	trials	electrical	biphasic	20	MOs	superficial	awake	False	True
1262.51129	0.00040000000012696546	trials	electrical	biphasic	20	MOs	superficial	awake	False	True
1266.20143	0.0003999999998995918	trials	electrical	biphasic	20	MOs	superficial	awake	False	True
1270.19686	0.0003999999998995918	trials	electrical	biphasic	20	MOs	superficial	awake	False	True
1273.84488	0.0003999999998995918	trials	electrical	biphasic	60	MOs	superficial	awake	False	True
1277.40029	0.0003999999998995918	trials	electrical	biphasic	60	MOs	superficial	awake	True	True
1281.75143	0.00040000000035433914	trials	electrical	biphasic	60	MOs	superficial	awake	False	True
1285.81242	0.00040000000012696546	trials	electrical	biphasic	60	MOs	superficial	awake	False	True
1290.24245	0.00040000000012696546	trials	electrical	biphasic	20	MOs	superficial	awake	False	True
1294.43954	0.0003999999998995918	trials	electrical	biphasic	60	MOs	superficial	awake	False	True
1298.52276	0.0003999999998995918	trials	electrical	biphasic	20	MOs	superficial	awake	False	True
1302.83859	0.0003999999998995918	trials	electrical	biphasic	60	MOs	superficial	awake	False	True
1307.21804	0.00040000000012696546	trials	electrical	biphasic	60	MOs	superficial	awake	False	True
1311.70739	0.0003999999998995918	trials	electrical	biphasic	40	MOs	superficial	awake	False	True
1315.2083300000004	0.0003999999996722181	trials	electrical	biphasic	20	MOs	superficial	awake	False	True
1319.5742	0.0003999999998995918	trials	electrical	biphasic	20	MOs	superficial	awake	False	True
1323.68719	0.0003999999998995918	trials	electrical	biphasic	60	MOs	superficial	awake	False	True
1328.17758	0.00040000000035433914	trials	electrical	biphasic	60	MOs	superficial	awake	False	True
1332.20568	0.00040000000035433914	trials	electrical	biphasic	20	MOs	superficial	awake	False	True
1336.1856300000004	0.0003999999996722181	trials	electrical	biphasic	60	MOs	superficial	awake	False	True
1340.4874	0.00040000000012696546	trials	electrical	biphasic	20	MOs	superficial	awake	False	True
1344.21566	0.0003999999998995918	trials	electrical	biphasic	20	MOs	superficial	awake	False	True
1348.21419	0.00040000000012696546	trials	electrical	biphasic	40	MOs	superficial	awake	False	True
1352.61547	0.00040000000012696546	trials	electrical	biphasic	60	MOs	superficial	awake	False	True
1356.69056	0.0003999999998995918	trials	electrical	biphasic	60	MOs	superficial	awake	False	True
1361.03617	0.0003999999998995918	trials	electrical	biphasic	60	MOs	superficial	awake	False	True
1365.27524	0.00040000000012696546	trials	electrical	biphasic	60	MOs	superficial	awake	False	True
1369.36164	0.0003999999998995918	trials	electrical	biphasic	60	MOs	superficial	awake	True	True
1373.10881	0.00040000000012696546	trials	electrical	biphasic	40	MOs	superficial	awake	True	True
1377.27565	0.0003999999998995918	trials	electrical	biphasic	60	MOs	superficial	awake	False	True
1380.85956	0.0003999999998995918	trials	electrical	biphasic	20	MOs	superficial	awake	True	True
1384.98594	0.0003999999998995918	trials	electrical	biphasic	60	MOs	superficial	awake	True	True
1389.14731	0.0003999999998995918	trials	electrical	biphasic	40	MOs	superficial	awake	True	True
1393.3775	0.0003999999998995918	trials	electrical	biphasic	20	MOs	superficial	awake	True	True
1397.76869	0.0003999999998995918	trials	electrical	biphasic	20	MOs	superficial	awake	True	True
1402.2514199999996	0.00040000000035433914	trials	electrical	biphasic	20	MOs	superficial	awake	True	True
1406.52086	0.0003999999998995918	trials	electrical	biphasic	20	MOs	superficial	awake	True	True
1410.60273	0.0003999999998995918	trials	electrical	biphasic	20	MOs	superficial	awake	False	True
1415.03148	0.0003999999998995918	trials	electrical	biphasic	20	MOs	superficial	awake	False	True
1419.112	0.0003999999998995918	trials	electrical	biphasic	20	MOs	superficial	awake	False	True
1422.62941	0.0003999999998995918	trials	electrical	biphasic	40	MOs	superficial	awake	False	True
1426.25069	0.0003999999998995918	trials	electrical	biphasic	40	MOs	superficial	awake	False	True
1430.61384	0.00040000000012696546	trials	electrical	biphasic	60	MOs	superficial	awake	True	True
1434.59857	0.0003999999998995918	trials	electrical	biphasic	20	MOs	superficial	awake	True	True
1438.94385	0.0003999999998995918	trials	electrical	biphasic	40	MOs	superficial	awake	True	True
1442.65368	0.00040000000012696546	trials	electrical	biphasic	40	MOs	superficial	awake	True	True
1446.7064	0.0003999999998995918	trials	electrical	biphasic	20	MOs	superficial	awake	True	True
1450.83671	0.0003999999998995918	trials	electrical	biphasic	20	MOs	superficial	awake	True	True
1454.36913	0.00040000000035433914	trials	electrical	biphasic	40	MOs	superficial	awake	True	True
1458.48428	0.00040000000012696546	trials	electrical	biphasic	20	MOs	superficial	awake	True	True
1462.34712	0.00040000000012696546	trials	electrical	biphasic	60	MOs	superficial	awake	True	True
1465.89709	0.00040000000012696546	trials	electrical	biphasic	40	MOs	superficial	awake	False	False
1469.88709	0.00040000000012696546	trials	electrical	biphasic	20	MOs	superficial	awake	False	True
1473.58004	0.0003999999998995918	trials	electrical	biphasic	60	MOs	superficial	awake	False	True
1477.20354	0.00040000000012696546	trials	electrical	biphasic	60	MOs	superficial	awake	False	True
1480.90946	0.0003999999998995918	trials	electrical	biphasic	60	MOs	superficial	awake	False	True
1484.55641	0.00040000000012696546	trials	electrical	biphasic	60	MOs	superficial	awake	False	True
1488.24591	0.0003999999998995918	trials	electrical	biphasic	40	MOs	superficial	awake	False	True
1491.78899	0.0004099999998743442	trials	electrical	biphasic	20	MOs	superficial	awake	False	False
1495.92462	0.0003999999998995918	trials	electrical	biphasic	20	MOs	superficial	awake	False	True
1499.70691	0.0003999999998995918	trials	electrical	biphasic	40	MOs	superficial	awake	False	True
1503.74593	0.00040000000035433914	trials	electrical	biphasic	60	MOs	superficial	awake	False	True
1507.94152	0.0003999999998995918	trials	electrical	biphasic	40	MOs	superficial	awake	False	False
1511.94107	0.0003999999998995918	trials	electrical	biphasic	60	MOs	superficial	awake	True	True
1515.97729	0.0003999999998995918	trials	electrical	biphasic	40	MOs	superficial	awake	True	True
1519.9229	0.0003999999998995918	trials	electrical	biphasic	20	MOs	superficial	awake	True	True
1523.54726	0.0003999999998995918	trials	electrical	biphasic	60	MOs	superficial	awake	True	True
1527.53805	0.0003999999998995918	trials	electrical	biphasic	20	MOs	superficial	awake	True	True
1531.89147	0.0003999999998995918	trials	electrical	biphasic	20	MOs	superficial	awake	False	True
1536.2658199999996	0.00040000000035433914	trials	electrical	biphasic	60	MOs	superficial	awake	False	True
1540.03655	0.0003999999998995918	trials	electrical	biphasic	20	MOs	superficial	awake	False	True
1543.7454300000004	0.0003999999996722181	trials	electrical	biphasic	40	MOs	superficial	awake	False	True
1547.81084	0.0003999999998995918	trials	electrical	biphasic	20	MOs	superficial	awake	False	True
1551.95158	0.00040000000012696546	trials	electrical	biphasic	40	MOs	superficial	awake	False	True
1555.86903	0.0003999999998995918	trials	electrical	biphasic	60	MOs	superficial	awake	True	True
1559.57543	0.0003999999998995918	trials	electrical	biphasic	40	MOs	superficial	awake	False	True
1564.0238	0.00040000000012696546	trials	electrical	biphasic	40	MOs	superficial	awake	False	True
1567.6063	0.00040000000012696546	trials	electrical	biphasic	40	MOs	superficial	awake	False	True
1571.21243	0.00040000000035433914	trials	electrical	biphasic	60	MOs	superficial	awake	False	True
1574.85489	0.0003999999998995918	trials	electrical	biphasic	60	MOs	superficial	awake	False	True
1578.5217699999996	0.0004100000007838389	trials	electrical	biphasic	20	MOs	superficial	awake	False	True
1582.64316	0.0003999999998995918	trials	electrical	biphasic	60	MOs	superficial	awake	False	True
1586.71731	0.0003999999998995918	trials	electrical	biphasic	40	MOs	superficial	awake	False	True
1590.26981	0.0003999999998995918	trials	electrical	biphasic	40	MOs	superficial	awake	False	True
1594.70144	0.0003999999998995918	trials	electrical	biphasic	60	MOs	superficial	awake	False	True
1598.93053	0.0003999999998995918	trials	electrical	biphasic	60	MOs	superficial	awake	False	True
1603.16879	0.00040000000012696546	trials	electrical	biphasic	40	MOs	superficial	awake	False	True
1606.73262	0.0003999999998995918	trials	electrical	biphasic	20	MOs	superficial	awake	False	True
1611.09348	0.0004100000001017179	trials	electrical	biphasic	40	MOs	superficial	awake	False	True
1615.52831	0.00040000000012696546	trials	electrical	biphasic	60	MOs	superficial	awake	False	True
1620.01314	0.0003999999998995918	trials	electrical	biphasic	20	MOs	superficial	awake	False	True
1624.37251	0.00040000000012696546	trials	electrical	biphasic	20	MOs	superficial	awake	False	True
1628.6585	0.0003999999998995918	trials	electrical	biphasic	20	MOs	superficial	awake	False	True
1632.6723	0.00040000000012696546	trials	electrical	biphasic	20	MOs	superficial	awake	False	True
1636.35033	0.00040000000012696546	trials	electrical	biphasic	60	MOs	superficial	awake	False	True
1640.24933	0.0003999999998995918	trials	electrical	biphasic	40	MOs	superficial	awake	False	True
1643.8837	0.0003999999998995918	trials	electrical	biphasic	60	MOs	superficial	awake	False	True
1647.41502	0.0003999999996722181	trials	electrical	biphasic	20	MOs	superficial	awake	True	True
1651.85459	0.00040000000012696546	trials	electrical	biphasic	40	MOs	superficial	awake	False	True
1655.65631	0.0003999999998995918	trials	electrical	biphasic	20	MOs	superficial	awake	False	True
1659.45228	0.00040000000012696546	trials	electrical	biphasic	20	MOs	superficial	awake	False	True
1663.28564	0.0003999999998995918	trials	electrical	biphasic	40	MOs	superficial	awake	False	True
1667.25313	0.00040000000035433914	trials	electrical	biphasic	40	MOs	superficial	awake	False	True
1671.40175	0.0003999999998995918	trials	electrical	biphasic	60	MOs	superficial	awake	False	True
1674.9274	0.0003999999998995918	trials	electrical	biphasic	40	MOs	superficial	awake	False	True
1679.27002	0.0003999999996722181	trials	electrical	biphasic	20	MOs	superficial	awake	False	True
1683.32949	0.0003999999996722181	trials	electrical	biphasic	60	MOs	superficial	awake	False	True
1687.68402	0.0003999999996722181	trials	electrical	biphasic	40	MOs	superficial	awake	False	True
1691.53232	0.0003999999998995918	trials	electrical	biphasic	20	MOs	superficial	awake	False	True
1695.47877	0.0003999999996722181	trials	electrical	biphasic	20	MOs	superficial	awake	False	True
1699.0334300000004	0.0003999999996722181	trials	electrical	biphasic	20	MOs	superficial	awake	False	True
1702.71095	0.00040000000012696546	trials	electrical	biphasic	20	MOs	superficial	awake	False	True
1706.87418	0.00040000000035433914	trials	electrical	biphasic	20	MOs	superficial	awake	False	True
1710.70542	0.0004100000001017179	trials	electrical	biphasic	40	MOs	superficial	awake	False	True
1715.10433	0.00040000000012696546	trials	electrical	biphasic	60	MOs	superficial	awake	False	True
1718.72292	0.0003999999996722181	trials	electrical	biphasic	20	MOs	superficial	awake	False	True
1723.21177	0.00040000000012696546	trials	electrical	biphasic	20	MOs	superficial	awake	False	True
1727.25217	0.00040000000012696546	trials	electrical	biphasic	60	MOs	superficial	awake	False	True
1731.45952	0.0003999999998995918	trials	electrical	biphasic	60	MOs	superficial	awake	False	True
1735.95945	0.0003999999998995918	trials	electrical	biphasic	40	MOs	superficial	awake	False	True
1739.74771	0.00040000000012696546	trials	electrical	biphasic	60	MOs	superficial	awake	False	True
1743.6626600000004	0.0003999999996722181	trials	electrical	biphasic	60	MOs	superficial	awake	False	True
1747.62792	0.00040000000012696546	trials	electrical	biphasic	60	MOs	superficial	awake	False	True
1751.8923100000004	0.0003999999996722181	trials	electrical	biphasic	20	MOs	superficial	awake	False	True
1756.21094	0.0003999999996722181	trials	electrical	biphasic	60	MOs	superficial	awake	False	True
2474.23613	0.00040000000035433914	trials	electrical	biphasic	40	MOs	deep	awake	False	True
2477.7691600000007	0.00039999999944484443	trials	electrical	biphasic	20	MOs	deep	awake	False	True
2481.83078	0.00040000000035433914	trials	electrical	biphasic	40	MOs	deep	awake	False	True
2486.21307	0.00040000000035433914	trials	electrical	biphasic	60	MOs	deep	awake	False	True
2490.38268	0.0003999999998995918	trials	electrical	biphasic	60	MOs	deep	awake	False	True
2494.07354	0.00040000000035433914	trials	electrical	biphasic	60	MOs	deep	awake	False	True
2497.94288	0.0003999999998995918	trials	electrical	biphasic	60	MOs	deep	awake	False	True
2501.90403	0.0003999999998995918	trials	electrical	biphasic	20	MOs	deep	awake	False	True
2506.3861	0.0003999999998995918	trials	electrical	biphasic	20	MOs	deep	awake	False	True
2510.04292	0.00040000000035433914	trials	electrical	biphasic	20	MOs	deep	awake	False	True
2514.39887	0.0003999999998995918	trials	electrical	biphasic	60	MOs	deep	awake	True	True
2518.54405	0.0003999999998995918	trials	electrical	biphasic	60	MOs	deep	awake	False	True
2522.42076	0.0004000000008090865	trials	electrical	biphasic	40	MOs	deep	awake	False	True
2526.1121	0.00040000000035433914	trials	electrical	biphasic	20	MOs	deep	awake	False	True
2530.04079	0.0003999999998995918	trials	electrical	biphasic	40	MOs	deep	awake	False	True
2534.02323	0.00040000000035433914	trials	electrical	biphasic	60	MOs	deep	awake	False	True
2537.64428	0.0003999999998995918	trials	electrical	biphasic	20	MOs	deep	awake	False	True
2541.7342	0.0003999999998995918	trials	electrical	biphasic	60	MOs	deep	awake	True	True
2545.46081	0.0003999999998995918	trials	electrical	biphasic	40	MOs	deep	awake	False	True
2549.34585	0.0003999999998995918	trials	electrical	biphasic	60	MOs	deep	awake	False	True
2553.429260000001	0.0003999999989900971	trials	electrical	biphasic	60	MOs	deep	awake	False	True
2557.18148	0.0003999999998995918	trials	electrical	biphasic	20	MOs	deep	awake	False	True
2560.97234	0.00040000000035433914	trials	electrical	biphasic	40	MOs	deep	awake	False	True
2565.08987	0.00040000000035433914	trials	electrical	biphasic	20	MOs	deep	awake	False	True
2568.85557	0.0003999999998995918	trials	electrical	biphasic	40	MOs	deep	awake	True	True
2573.18038	0.00040000000035433914	trials	electrical	biphasic	60	MOs	deep	awake	True	True
2577.66347	0.0003999999998995918	trials	electrical	biphasic	20	MOs	deep	awake	True	True
2581.89414	0.0003999999998995918	trials	electrical	biphasic	40	MOs	deep	awake	True	True
2585.73844	0.0003999999998995918	trials	electrical	biphasic	60	MOs	deep	awake	True	True
2589.8229300000007	0.00039999999944484443	trials	electrical	biphasic	40	MOs	deep	awake	True	True
2593.43111	0.0004000000008090865	trials	electrical	biphasic	60	MOs	deep	awake	True	True
2597.83784	0.0003999999998995918	trials	electrical	biphasic	20	MOs	deep	awake	True	True
2602.2179300000007	0.00039999999944484443	trials	electrical	biphasic	20	MOs	deep	awake	False	True
2606.53611	0.0004000000008090865	trials	electrical	biphasic	60	MOs	deep	awake	False	True
2610.2972600000007	0.00039999999944484443	trials	electrical	biphasic	60	MOs	deep	awake	False	True
2614.39204	0.0003999999998995918	trials	electrical	biphasic	40	MOs	deep	awake	False	True
2617.91499	0.0003999999998995918	trials	electrical	biphasic	60	MOs	deep	awake	False	True
2621.84067	0.0003999999998995918	trials	electrical	biphasic	40	MOs	deep	awake	False	True
2625.65381	0.00040000000035433914	trials	electrical	biphasic	40	MOs	deep	awake	False	True
2629.31572	0.0003999999998995918	trials	electrical	biphasic	40	MOs	deep	awake	False	True
2632.9949	0.0003999999998995918	trials	electrical	biphasic	20	MOs	deep	awake	False	True
2636.9182100000007	0.00039999999944484443	trials	electrical	biphasic	40	MOs	deep	awake	False	True
2640.51285	0.0003999999998995918	trials	electrical	biphasic	20	MOs	deep	awake	False	True
2644.61179	0.0004100000001017179	trials	electrical	biphasic	60	MOs	deep	awake	False	True
2648.58314	0.0003999999998995918	trials	electrical	biphasic	20	MOs	deep	awake	False	True
2652.7795100000008	0.00039999999944484443	trials	electrical	biphasic	40	MOs	deep	awake	False	True
2656.9798100000007	0.00039999999944484443	trials	electrical	biphasic	60	MOs	deep	awake	False	True
2661.11878	0.00040000000035433914	trials	electrical	biphasic	40	MOs	deep	awake	False	True
2664.6528	0.00040000000035433914	trials	electrical	biphasic	60	MOs	deep	awake	False	True
2668.22202	0.0003999999998995918	trials	electrical	biphasic	20	MOs	deep	awake	False	True
2672.04205	0.0003999999998995918	trials	electrical	biphasic	20	MOs	deep	awake	False	True
2676.07333	0.0003999999998995918	trials	electrical	biphasic	40	MOs	deep	awake	False	True
2680.2282	0.0003999999998995918	trials	electrical	biphasic	40	MOs	deep	awake	False	True
2684.13625	0.0003999999998995918	trials	electrical	biphasic	20	MOs	deep	awake	False	True
2688.45665	0.0003999999998995918	trials	electrical	biphasic	60	MOs	deep	awake	False	True
2692.67544	0.0003999999998995918	trials	electrical	biphasic	20	MOs	deep	awake	False	True
2697.14451	0.0003999999998995918	trials	electrical	biphasic	20	MOs	deep	awake	False	True
2701.17627	0.0003999999998995918	trials	electrical	biphasic	20	MOs	deep	awake	True	True
2705.00184	0.0003999999998995918	trials	electrical	biphasic	20	MOs	deep	awake	False	True
2708.60788	0.0003999999998995918	trials	electrical	biphasic	20	MOs	deep	awake	False	True
2712.71927	0.0003999999998995918	trials	electrical	biphasic	60	MOs	deep	awake	False	True
2716.99849	0.0003999999998995918	trials	electrical	biphasic	60	MOs	deep	awake	False	True
2720.92238	0.0003999999998995918	trials	electrical	biphasic	40	MOs	deep	awake	False	True
2724.51362	0.0003999999998995918	trials	electrical	biphasic	40	MOs	deep	awake	True	True
2728.28053	0.0003999999998995918	trials	electrical	biphasic	60	MOs	deep	awake	False	True
2731.93461	0.00040000000035433914	trials	electrical	biphasic	20	MOs	deep	awake	False	True
2735.71603	0.0003999999998995918	trials	electrical	biphasic	60	MOs	deep	awake	False	True
2739.65654	0.0003999999998995918	trials	electrical	biphasic	60	MOs	deep	awake	False	True
2743.6841	0.0003999999998995918	trials	electrical	biphasic	40	MOs	deep	awake	False	True
2747.64195	0.0003999999998995918	trials	electrical	biphasic	60	MOs	deep	awake	True	True
2752.01776	0.0003999999998995918	trials	electrical	biphasic	40	MOs	deep	awake	True	True
2756.03624	0.0003999999998995918	trials	electrical	biphasic	40	MOs	deep	awake	True	True
2760.48029	0.0003999999998995918	trials	electrical	biphasic	40	MOs	deep	awake	False	True
2764.61842	0.00040000000035433914	trials	electrical	biphasic	20	MOs	deep	awake	False	True
2769.07654	0.0003999999998995918	trials	electrical	biphasic	40	MOs	deep	awake	True	True
2772.81767	0.0003999999998995918	trials	electrical	biphasic	40	MOs	deep	awake	True	True
2776.9942100000007	0.00039999999944484443	trials	electrical	biphasic	20	MOs	deep	awake	True	True
2780.7837	0.0003999999998995918	trials	electrical	biphasic	60	MOs	deep	awake	True	True
2784.95593	0.0003999999998995918	trials	electrical	biphasic	60	MOs	deep	awake	True	True
2789.15149	0.0003999999998995918	trials	electrical	biphasic	40	MOs	deep	awake	True	True
2792.7199100000007	0.00039999999944484443	trials	electrical	biphasic	40	MOs	deep	awake	True	True
2796.47514	0.0003999999998995918	trials	electrical	biphasic	20	MOs	deep	awake	True	True
2800.1996	0.0003999999998995918	trials	electrical	biphasic	40	MOs	deep	awake	True	True
2804.36787	0.0003999999998995918	trials	electrical	biphasic	40	MOs	deep	awake	True	True
2808.7127	0.0003999999998995918	trials	electrical	biphasic	20	MOs	deep	awake	False	False
2812.55758	0.0003999999998995918	trials	electrical	biphasic	40	MOs	deep	awake	False	False
2816.83853	0.0003999999998995918	trials	electrical	biphasic	60	MOs	deep	awake	False	True
2821.01429	0.0003999999998995918	trials	electrical	biphasic	40	MOs	deep	awake	False	True
2824.52144	0.0003999999998995918	trials	electrical	biphasic	60	MOs	deep	awake	False	True
2828.62404	0.0003999999998995918	trials	electrical	biphasic	40	MOs	deep	awake	False	True
2832.51125	0.0003999999998995918	trials	electrical	biphasic	60	MOs	deep	awake	False	True
2836.92768	0.00040000000035433914	trials	electrical	biphasic	40	MOs	deep	awake	False	True
2840.429260000001	0.0003999999989900971	trials	electrical	biphasic	40	MOs	deep	awake	False	True
2844.39212	0.0003999999998995918	trials	electrical	biphasic	20	MOs	deep	awake	False	True
2848.31689	0.0003999999998995918	trials	electrical	biphasic	20	MOs	deep	awake	False	True
2852.27823	0.0003999999998995918	trials	electrical	biphasic	20	MOs	deep	awake	False	True
2856.54882	0.0003999999998995918	trials	electrical	biphasic	20	MOs	deep	awake	False	True
2860.37172	0.0003999999998995918	trials	electrical	biphasic	20	MOs	deep	awake	False	True
2864.65689	0.0003999999998995918	trials	electrical	biphasic	40	MOs	deep	awake	False	True
2868.6286800000007	0.00039999999944484443	trials	electrical	biphasic	40	MOs	deep	awake	False	True
2872.1648600000008	0.00039999999944484443	trials	electrical	biphasic	60	MOs	deep	awake	False	True
2875.84116	0.0004000000008090865	trials	electrical	biphasic	40	MOs	deep	awake	False	True
2880.06335	0.0003999999998995918	trials	electrical	biphasic	60	MOs	deep	awake	False	True
2884.03725	0.00040000000035433914	trials	electrical	biphasic	20	MOs	deep	awake	False	True
2887.6904	0.0003999999998995918	trials	electrical	biphasic	40	MOs	deep	awake	False	True
2891.53194	0.00040000000035433914	trials	electrical	biphasic	60	MOs	deep	awake	False	True
2895.63975	0.00040000000035433914	trials	electrical	biphasic	20	MOs	deep	awake	True	True
2899.331910000001	0.0003999999989900971	trials	electrical	biphasic	20	MOs	deep	awake	False	True
2903.57076	0.0003999999998995918	trials	electrical	biphasic	20	MOs	deep	awake	False	True
2907.31404	0.0003999999998995918	trials	electrical	biphasic	20	MOs	deep	awake	False	True
2911.73189	0.0003999999998995918	trials	electrical	biphasic	60	MOs	deep	awake	False	True
2915.50137	0.0003999999998995918	trials	electrical	biphasic	40	MOs	deep	awake	False	True
2919.7673	0.0003999999998995918	trials	electrical	biphasic	40	MOs	deep	awake	False	True
2923.45638	0.0003999999998995918	trials	electrical	biphasic	40	MOs	deep	awake	False	True
2927.24431	0.0003999999998995918	trials	electrical	biphasic	60	MOs	deep	awake	False	True
2930.83585	0.0003999999998995918	trials	electrical	biphasic	40	MOs	deep	awake	False	True
2934.91248	0.0003999999998995918	trials	electrical	biphasic	40	MOs	deep	awake	False	True
2939.0962600000007	0.00039999999944484443	trials	electrical	biphasic	20	MOs	deep	awake	False	True
2943.14329	0.0003999999998995918	trials	electrical	biphasic	20	MOs	deep	awake	False	True
2947.06943	0.0003999999998995918	trials	electrical	biphasic	40	MOs	deep	awake	True	True
2951.2143	0.0003999999998995918	trials	electrical	biphasic	60	MOs	deep	awake	False	True
2955.36235	0.0003999999998995918	trials	electrical	biphasic	60	MOs	deep	awake	False	True
2959.54179	0.0003999999998995918	trials	electrical	biphasic	20	MOs	deep	awake	False	True
2963.678	0.0003999999998995918	trials	electrical	biphasic	40	MOs	deep	awake	False	True
2968.12361	0.0003999999998995918	trials	electrical	biphasic	60	MOs	deep	awake	False	True
2971.83297	0.0003999999998995918	trials	electrical	biphasic	20	MOs	deep	awake	False	True
2976.04268	0.0003999999998995918	trials	electrical	biphasic	20	MOs	deep	awake	False	True
2979.77934	0.0003999999998995918	trials	electrical	biphasic	40	MOs	deep	awake	False	True
2983.39916	0.0004000000008090865	trials	electrical	biphasic	40	MOs	deep	awake	False	True
2987.50689	0.0003999999998995918	trials	electrical	biphasic	20	MOs	deep	awake	False	True
2991.45745	0.0003999999998995918	trials	electrical	biphasic	40	MOs	deep	awake	False	True
2995.4166	0.0003999999998995918	trials	electrical	biphasic	60	MOs	deep	awake	False	True
2999.5789600000007	0.00039999999944484443	trials	electrical	biphasic	40	MOs	deep	awake	False	True
3003.84967	0.0003999999998995918	trials	electrical	biphasic	40	MOs	deep	awake	False	True
3007.70032	0.0003999999998995918	trials	electrical	biphasic	60	MOs	deep	awake	False	True
3011.86276	0.0004000000008090865	trials	electrical	biphasic	40	MOs	deep	awake	False	True
3015.77935	0.00040000000035433914	trials	electrical	biphasic	20	MOs	deep	awake	False	True
3020.12169	0.0003999999998995918	trials	electrical	biphasic	20	MOs	deep	awake	False	True
3024.45504	0.00040000000035433914	trials	electrical	biphasic	40	MOs	deep	awake	True	True
3028.2119	0.00040000000035433914	trials	electrical	biphasic	60	MOs	deep	awake	True	True
3032.32579	0.00040000000035433914	trials	electrical	biphasic	20	MOs	deep	awake	False	True
3036.40845	0.0003999999998995918	trials	electrical	biphasic	60	MOs	deep	awake	True	True
3040.44962	0.00040000000035433914	trials	electrical	biphasic	60	MOs	deep	awake	False	True
3044.81999	0.0003999999998995918	trials	electrical	biphasic	40	MOs	deep	awake	False	True
3048.58519	0.00040000000035433914	trials	electrical	biphasic	40	MOs	deep	awake	False	True
3052.40369	0.0003999999998995918	trials	electrical	biphasic	40	MOs	deep	awake	False	True
3056.02334	0.0003999999998995918	trials	electrical	biphasic	40	MOs	deep	awake	False	True
3060.46358	0.0003999999998995918	trials	electrical	biphasic	60	MOs	deep	awake	False	True
3064.60957	0.0003999999998995918	trials	electrical	biphasic	40	MOs	deep	awake	True	True
3068.58945	0.0003999999998995918	trials	electrical	biphasic	60	MOs	deep	awake	True	True
3072.7292	0.0003999999998995918	trials	electrical	biphasic	20	MOs	deep	awake	False	True
3076.77434	0.0003999999998995918	trials	electrical	biphasic	60	MOs	deep	awake	False	True
3080.92209	0.0003999999998995918	trials	electrical	biphasic	40	MOs	deep	awake	True	True
3084.96639	0.0003999999998995918	trials	electrical	biphasic	40	MOs	deep	awake	False	True
3089.18786	0.0004000000008090865	trials	electrical	biphasic	40	MOs	deep	awake	False	True
3093.21078	0.0003999999998995918	trials	electrical	biphasic	60	MOs	deep	awake	False	True
3097.70491	0.0004000000008090865	trials	electrical	biphasic	60	MOs	deep	awake	False	True
3101.42401	0.0003999999998995918	trials	electrical	biphasic	40	MOs	deep	awake	False	True
3105.03024	0.0003999999998995918	trials	electrical	biphasic	40	MOs	deep	awake	False	True
3108.640360000001	0.0003999999989900971	trials	electrical	biphasic	20	MOs	deep	awake	False	True
3112.20438	0.0003999999998995918	trials	electrical	biphasic	40	MOs	deep	awake	False	True
3116.10938	0.0003999999998995918	trials	electrical	biphasic	20	MOs	deep	awake	False	True
3120.05819	0.0003999999998995918	trials	electrical	biphasic	20	MOs	deep	awake	False	True
3123.92443	0.0003999999998995918	trials	electrical	biphasic	40	MOs	deep	awake	False	True
3128.18836	0.0003999999998995918	trials	electrical	biphasic	20	MOs	deep	awake	False	True
3132.31668	0.0004000000008090865	trials	electrical	biphasic	40	MOs	deep	awake	False	True
3136.58909	0.0003999999998995918	trials	electrical	biphasic	60	MOs	deep	awake	False	True
3141.02237	0.0003999999998995918	trials	electrical	biphasic	60	MOs	deep	awake	False	True
3145.49554	0.0003999999998995918	trials	electrical	biphasic	20	MOs	deep	awake	False	True
3149.18798	0.0003999999998995918	trials	electrical	biphasic	40	MOs	deep	awake	False	True
3152.82728	0.0003999999998995918	trials	electrical	biphasic	60	MOs	deep	awake	False	True
3157.02397	0.0003999999998995918	trials	electrical	biphasic	20	MOs	deep	awake	False	True
3160.61821	0.0003999999998995918	trials	electrical	biphasic	60	MOs	deep	awake	False	True
3164.64403	0.0004000000008090865	trials	electrical	biphasic	20	MOs	deep	awake	False	True
3168.6748	0.00040000000035433914	trials	electrical	biphasic	40	MOs	deep	awake	False	True
3173.03636	0.0003999999998995918	trials	electrical	biphasic	60	MOs	deep	awake	False	True
3177.02165	0.0003999999998995918	trials	electrical	biphasic	60	MOs	deep	awake	False	True
3180.91553	0.0003999999998995918	trials	electrical	biphasic	40	MOs	deep	awake	False	True
3185.08739	0.0003999999998995918	trials	electrical	biphasic	60	MOs	deep	awake	False	True
3189.32908	0.0003999999998995918	trials	electrical	biphasic	20	MOs	deep	awake	False	True
3193.34956	0.0003999999998995918	trials	electrical	biphasic	60	MOs	deep	awake	False	True
3197.1977	0.0003999999998995918	trials	electrical	biphasic	40	MOs	deep	awake	False	True
3200.84812	0.0003999999998995918	trials	electrical	biphasic	60	MOs	deep	awake	False	True
3204.93465	0.0003999999998995918	trials	electrical	biphasic	20	MOs	deep	awake	False	True
3208.6972100000007	0.00039999999944484443	trials	electrical	biphasic	60	MOs	deep	awake	False	True
3212.24209	0.0003999999998995918	trials	electrical	biphasic	60	MOs	deep	awake	False	True
3216.49745	0.0004100000001017179	trials	electrical	biphasic	20	MOs	deep	awake	False	True
3220.24066	0.0004000000008090865	trials	electrical	biphasic	40	MOs	deep	awake	False	True
3224.18348	0.0003999999998995918	trials	electrical	biphasic	40	MOs	deep	awake	False	True
3228.3717	0.0003999999998995918	trials	electrical	biphasic	40	MOs	deep	awake	False	True
3232.23135	0.0003999999998995918	trials	electrical	biphasic	40	MOs	deep	awake	False	True
3236.4681100000007	0.00039999999944484443	trials	electrical	biphasic	60	MOs	deep	awake	False	True
3240.36323	0.0004000000008090865	trials	electrical	biphasic	60	MOs	deep	awake	False	True
3244.5470800000007	0.00039999999944484443	trials	electrical	biphasic	60	MOs	deep	awake	False	True
3248.75154	0.0003999999998995918	trials	electrical	biphasic	60	MOs	deep	awake	False	True
3252.69426	0.0003999999998995918	trials	electrical	biphasic	20	MOs	deep	awake	False	True
3256.21426	0.0003999999998995918	trials	electrical	biphasic	20	MOs	deep	awake	False	True
3260.04554	0.0003999999998995918	trials	electrical	biphasic	40	MOs	deep	awake	False	True
3263.97027	0.00040000000035433914	trials	electrical	biphasic	20	MOs	deep	awake	False	True
3267.74097	0.00040000000035433914	trials	electrical	biphasic	60	MOs	deep	awake	False	True
3271.43845	0.0003999999998995918	trials	electrical	biphasic	60	MOs	deep	awake	False	True
3275.76059	0.00040000000035433914	trials	electrical	biphasic	20	MOs	deep	awake	False	True
3279.69094	0.0003999999998995918	trials	electrical	biphasic	40	MOs	deep	awake	True	True
3284.07914	0.00040000000035433914	trials	electrical	biphasic	20	MOs	deep	awake	True	True
3287.97074	0.0003999999998995918	trials	electrical	biphasic	60	MOs	deep	awake	True	True
3292.24029	0.0003999999998995918	trials	electrical	biphasic	20	MOs	deep	awake	True	True
3296.13751	0.0004000000008090865	trials	electrical	biphasic	40	MOs	deep	awake	True	True
3300.44645	0.0003999999998995918	trials	electrical	biphasic	40	MOs	deep	awake	True	True
3304.701960000001	0.00039999999944484443	trials	electrical	biphasic	20	MOs	deep	awake	True	True
3308.57978	0.0003999999998995918	trials	electrical	biphasic	20	MOs	deep	awake	True	True
3312.29622	0.0003999999998995918	trials	electrical	biphasic	40	MOs	deep	awake	False	True
3316.58704	0.0003999999998995918	trials	electrical	biphasic	60	MOs	deep	awake	True	True
3321.03677	0.0003999999998995918	trials	electrical	biphasic	60	MOs	deep	awake	True	True
3324.86475	0.0003999999998995918	trials	electrical	biphasic	40	MOs	deep	awake	True	True
3329.03643	0.0003999999998995918	trials	electrical	biphasic	20	MOs	deep	awake	True	True
3332.97549	0.00040000000035433914	trials	electrical	biphasic	20	MOs	deep	awake	False	True
3337.30942	0.0003999999998995918	trials	electrical	biphasic	40	MOs	deep	awake	False	True
3341.5787	0.0003999999998995918	trials	electrical	biphasic	40	MOs	deep	awake	False	True
3345.24638	0.0003999999998995918	trials	electrical	biphasic	20	MOs	deep	awake	False	True
3349.60878	0.0003999999998995918	trials	electrical	biphasic	40	MOs	deep	awake	False	True
3354.09909	0.0003999999998995918	trials	electrical	biphasic	60	MOs	deep	awake	False	True
3358.1139299999995	0.00040000000035433914	trials	electrical	biphasic	20	MOs	deep	awake	False	True
3362.49863	0.0004100000001017179	trials	electrical	biphasic	60	MOs	deep	awake	False	True
3366.58708	0.00040000000035433914	trials	electrical	biphasic	40	MOs	deep	awake	False	False
3370.24226	0.0004000000008090865	trials	electrical	biphasic	40	MOs	deep	awake	False	True
3373.94254	0.0003999999998995918	trials	electrical	biphasic	60	MOs	deep	awake	False	True
3377.84992	0.00040000000035433914	trials	electrical	biphasic	40	MOs	deep	awake	False	True
3382.09904	0.0003999999998995918	trials	electrical	biphasic	60	MOs	deep	awake	False	True
3386.42505	0.00040000000035433914	trials	electrical	biphasic	20	MOs	deep	awake	False	True
3390.71543	0.0003999999998995918	trials	electrical	biphasic	40	MOs	deep	awake	False	True
3394.5343700000008	0.00039999999944484443	trials	electrical	biphasic	20	MOs	deep	awake	False	True
3398.56885	0.0003999999998995918	trials	electrical	biphasic	40	MOs	deep	awake	False	True
3402.15923	0.0003999999998995918	trials	electrical	biphasic	60	MOs	deep	awake	False	True
3405.77135	0.0003999999998995918	trials	electrical	biphasic	40	MOs	deep	awake	False	True
3409.4080700000004	0.00040000000035433914	trials	electrical	biphasic	60	MOs	deep	awake	False	True
3413.58715	0.00040000000035433914	trials	electrical	biphasic	20	MOs	deep	awake	False	True
3417.58275	0.0003999999998995918	trials	electrical	biphasic	20	MOs	deep	awake	False	True
3421.27289	0.0003999999998995918	trials	electrical	biphasic	20	MOs	deep	awake	False	True
3425.26831	0.0004000000008090865	trials	electrical	biphasic	20	MOs	deep	awake	False	True
3428.91633	0.0003999999998995918	trials	electrical	biphasic	60	MOs	deep	awake	False	True
3432.47173	0.0003999999998995918	trials	electrical	biphasic	60	MOs	deep	awake	False	True
3436.82288	0.0003999999998995918	trials	electrical	biphasic	60	MOs	deep	awake	False	True
3440.883860000001	0.0003999999998995918	trials	electrical	biphasic	60	MOs	deep	awake	False	True
3445.31388	0.0003999999998995918	trials	electrical	biphasic	20	MOs	deep	awake	False	True
3449.51096	0.0003999999998995918	trials	electrical	biphasic	60	MOs	deep	awake	False	True
3453.59419	0.00040000000035433914	trials	electrical	biphasic	20	MOs	deep	awake	False	True
3457.91001	0.0003999999998995918	trials	electrical	biphasic	60	MOs	deep	awake	False	True
3462.28945	0.0003999999998995918	trials	electrical	biphasic	60	MOs	deep	awake	False	True
3466.7788	0.0003999999998995918	trials	electrical	biphasic	40	MOs	deep	awake	False	True
3470.27973	0.00040999999964697054	trials	electrical	biphasic	20	MOs	deep	awake	False	True
3474.6456	0.00040000000035433914	trials	electrical	biphasic	20	MOs	deep	awake	False	True
3478.75858	0.0003999999998995918	trials	electrical	biphasic	60	MOs	deep	awake	False	True
3483.248960000001	0.0003999999998995918	trials	electrical	biphasic	60	MOs	deep	awake	False	True
3487.277060000001	0.00040999999964697054	trials	electrical	biphasic	20	MOs	deep	awake	False	True
3491.2570100000007	0.00039999999944484443	trials	electrical	biphasic	60	MOs	deep	awake	True	True
3495.55877	0.00040000000035433914	trials	electrical	biphasic	20	MOs	deep	awake	False	True
3499.2870299999995	0.00040000000035433914	trials	electrical	biphasic	20	MOs	deep	awake	False	True
3503.28555	0.0003999999998995918	trials	electrical	biphasic	40	MOs	deep	awake	False	True
3507.68683	0.00039999999944484443	trials	electrical	biphasic	60	MOs	deep	awake	False	True
3511.76191	0.0003999999998995918	trials	electrical	biphasic	60	MOs	deep	awake	False	True
3516.1075200000005	0.00040000000035433914	trials	electrical	biphasic	60	MOs	deep	awake	False	True
3520.34658	0.0003999999998995918	trials	electrical	biphasic	60	MOs	deep	awake	False	True
3524.43298	0.00039999999944484443	trials	electrical	biphasic	60	MOs	deep	awake	False	True
3528.18014	0.0003999999998995918	trials	electrical	biphasic	40	MOs	deep	awake	False	True
3532.34698	0.00040000000035433914	trials	electrical	biphasic	60	MOs	deep	awake	False	True
3535.93088	0.0003999999998995918	trials	electrical	biphasic	20	MOs	deep	awake	False	True
3540.05726	0.0003999999998995918	trials	electrical	biphasic	60	MOs	deep	awake	False	True
3544.21862	0.00040000000035433914	trials	electrical	biphasic	40	MOs	deep	awake	False	True
3548.448810000001	0.00039999999944484443	trials	electrical	biphasic	20	MOs	deep	awake	False	True
3552.83999	0.0003999999998995918	trials	electrical	biphasic	20	MOs	deep	awake	False	True
3557.322710000001	0.0003999999998995918	trials	electrical	biphasic	20	MOs	deep	awake	True	True
3561.59216	0.0003999999998995918	trials	electrical	biphasic	20	MOs	deep	awake	True	True
3565.674020000001	0.0003999999998995918	trials	electrical	biphasic	20	MOs	deep	awake	True	True
3570.10276	0.0003999999998995918	trials	electrical	biphasic	20	MOs	deep	awake	False	True
3574.18328	0.0003999999998995918	trials	electrical	biphasic	20	MOs	deep	awake	False	True
3577.70068	0.0003999999998995918	trials	electrical	biphasic	40	MOs	deep	awake	False	True
3581.32196	0.0003999999998995918	trials	electrical	biphasic	40	MOs	deep	awake	False	True
3585.6851	0.0003999999998995918	trials	electrical	biphasic	60	MOs	deep	awake	False	True
3589.66982	0.00040000000035433914	trials	electrical	biphasic	20	MOs	deep	awake	False	True
3594.0151	0.0003999999998995918	trials	electrical	biphasic	40	MOs	deep	awake	False	True
3597.72492	0.00040000000035433914	trials	electrical	biphasic	40	MOs	deep	awake	False	True
3601.77764	0.00040000000035433914	trials	electrical	biphasic	20	MOs	deep	awake	False	True
3605.90795	0.00040000000035433914	trials	electrical	biphasic	20	MOs	deep	awake	False	True
3609.44036	0.0003999999998995918	trials	electrical	biphasic	40	MOs	deep	awake	False	True
3613.55551	0.0003999999998995918	trials	electrical	biphasic	20	MOs	deep	awake	False	True
3617.41835	0.0003999999998995918	trials	electrical	biphasic	60	MOs	deep	awake	False	True
3620.9683	0.0003999999998995918	trials	electrical	biphasic	40	MOs	deep	awake	False	True
3624.9583	0.00040000000035433914	trials	electrical	biphasic	20	MOs	deep	awake	False	True
3628.65124	0.0003999999998995918	trials	electrical	biphasic	60	MOs	deep	awake	False	True
3632.27474	0.00040000000035433914	trials	electrical	biphasic	60	MOs	deep	awake	False	True
3635.98066	0.0003999999998995918	trials	electrical	biphasic	60	MOs	deep	awake	False	True
3639.6276	0.00040000000035433914	trials	electrical	biphasic	60	MOs	deep	awake	False	True
3643.3171	0.0003999999998995918	trials	electrical	biphasic	40	MOs	deep	awake	False	True
3646.86018	0.0003999999998995918	trials	electrical	biphasic	20	MOs	deep	awake	False	True
3650.9958	0.0003999999998995918	trials	electrical	biphasic	20	MOs	deep	awake	False	True
3654.77808	0.0003999999998995918	trials	electrical	biphasic	40	MOs	deep	awake	False	True
3658.8171	0.0003999999998995918	trials	electrical	biphasic	60	MOs	deep	awake	False	True
3663.01268	0.00040000000035433914	trials	electrical	biphasic	40	MOs	deep	awake	False	True
3667.0122200000014	0.00039999999853534973	trials	electrical	biphasic	60	MOs	deep	awake	False	True
3671.04844	0.0003999999998995918	trials	electrical	biphasic	40	MOs	deep	awake	False	True
3674.99404	0.0003999999998995918	trials	electrical	biphasic	20	MOs	deep	awake	False	True
3678.6184	0.00040000000035433914	trials	electrical	biphasic	60	MOs	deep	awake	False	True
3682.60918	0.0003999999998995918	trials	electrical	biphasic	20	MOs	deep	awake	False	True
3686.9626	0.00040000000035433914	trials	electrical	biphasic	20	MOs	deep	awake	False	True
3691.33695	0.0003999999998995918	trials	electrical	biphasic	60	MOs	deep	awake	False	True
3695.10767	0.00040000000035433914	trials	electrical	biphasic	20	MOs	deep	awake	False	True
3698.81654	0.00040000000035433914	trials	electrical	biphasic	40	MOs	deep	awake	False	True
3702.88195	0.0003999999998995918	trials	electrical	biphasic	20	MOs	deep	awake	False	True
3707.02269	0.00040000000035433914	trials	electrical	biphasic	40	MOs	deep	awake	False	True
3710.94013	0.0003999999998995918	trials	electrical	biphasic	60	MOs	deep	awake	False	True
3714.64653	0.0003999999998995918	trials	electrical	biphasic	40	MOs	deep	awake	False	True
3719.09489	0.00040000000035433914	trials	electrical	biphasic	40	MOs	deep	awake	False	True
3722.67739	0.00040000000035433914	trials	electrical	biphasic	40	MOs	deep	awake	False	True
3726.2835	0.0003999999998995918	trials	electrical	biphasic	60	MOs	deep	awake	False	True
3729.92596	0.0003999999998995918	trials	electrical	biphasic	60	MOs	deep	awake	False	True
3733.59284	0.00040000000035433914	trials	electrical	biphasic	20	MOs	deep	awake	False	True
3737.71422	0.00040000000035433914	trials	electrical	biphasic	60	MOs	deep	awake	False	True
3741.78836	0.0003999999998995918	trials	electrical	biphasic	40	MOs	deep	awake	False	True
3745.34086	0.00040000000035433914	trials	electrical	biphasic	40	MOs	deep	awake	False	True
3749.77248	0.0003999999998995918	trials	electrical	biphasic	60	MOs	deep	awake	False	True
3754.00157	0.0003999999998995918	trials	electrical	biphasic	60	MOs	deep	awake	False	True
3758.23983	0.0003999999998995918	trials	electrical	biphasic	40	MOs	deep	awake	False	True
3761.80365	0.00040000000035433914	trials	electrical	biphasic	20	MOs	deep	awake	False	True
3766.16451	0.0003999999998995918	trials	electrical	biphasic	40	MOs	deep	awake	False	True
3770.59933	0.0003999999998995918	trials	electrical	biphasic	60	MOs	deep	awake	False	True
3775.08415	0.0003999999998995918	trials	electrical	biphasic	20	MOs	deep	awake	False	True
3779.44351	0.0004100000001017179	trials	electrical	biphasic	20	MOs	deep	awake	False	True
3783.7295	0.0003999999998995918	trials	electrical	biphasic	20	MOs	deep	awake	False	True
3787.7433	0.0003999999998995918	trials	electrical	biphasic	20	MOs	deep	awake	False	True
3791.42132	0.0003999999998995918	trials	electrical	biphasic	60	MOs	deep	awake	False	True
3795.32032	0.00040000000035433914	trials	electrical	biphasic	40	MOs	deep	awake	False	True
3798.95467	0.0003999999998995918	trials	electrical	biphasic	60	MOs	deep	awake	False	True
3802.48599	0.0003999999998995918	trials	electrical	biphasic	20	MOs	deep	awake	False	True
3806.92555	0.0003999999998995918	trials	electrical	biphasic	40	MOs	deep	awake	False	True
3810.72727	0.00040000000035433914	trials	electrical	biphasic	20	MOs	deep	awake	False	True
3814.52323	0.00040000000035433914	trials	electrical	biphasic	20	MOs	deep	awake	False	True
3818.35659	0.00040000000035433914	trials	electrical	biphasic	40	MOs	deep	awake	False	True
3822.32407	0.00040000000126383384	trials	electrical	biphasic	40	MOs	deep	awake	False	True
3826.47269	0.0003999999998995918	trials	electrical	biphasic	60	MOs	deep	awake	False	True
3829.99833	0.0003999999998995918	trials	electrical	biphasic	40	MOs	deep	awake	False	True
3834.34095	0.00040000000035433914	trials	electrical	biphasic	20	MOs	deep	awake	False	True
3838.40041	0.0003999999998995918	trials	electrical	biphasic	60	MOs	deep	awake	False	True
3842.75493	0.0003999999998995918	trials	electrical	biphasic	40	MOs	deep	awake	False	True
3846.60323	0.0003999999998995918	trials	electrical	biphasic	20	MOs	deep	awake	False	True
3850.54967	0.0003999999998995918	trials	electrical	biphasic	20	MOs	deep	awake	False	True
3854.10433	0.0003999999998995918	trials	electrical	biphasic	20	MOs	deep	awake	False	True
3857.78185	0.00040000000035433914	trials	electrical	biphasic	20	MOs	deep	awake	False	True
3861.94507	0.0003999999998995918	trials	electrical	biphasic	20	MOs	deep	awake	False	True
3865.77631	0.0003999999998995918	trials	electrical	biphasic	40	MOs	deep	awake	False	True
3870.17521	0.0003999999998995918	trials	electrical	biphasic	60	MOs	deep	awake	False	True
3873.79379	0.0003999999998995918	trials	electrical	biphasic	20	MOs	deep	awake	True	True
3878.28263	0.0003999999998995918	trials	electrical	biphasic	20	MOs	deep	awake	False	True
3882.32303	0.0003999999998995918	trials	electrical	biphasic	60	MOs	deep	awake	False	True
3886.53037	0.0003999999998995918	trials	electrical	biphasic	60	MOs	deep	awake	True	True
3891.0303	0.0003999999998995918	trials	electrical	biphasic	40	MOs	deep	awake	True	True
3894.81856	0.0003999999998995918	trials	electrical	biphasic	60	MOs	deep	awake	False	True
3898.7335	0.00040000000035433914	trials	electrical	biphasic	60	MOs	deep	awake	True	True
3902.69876	0.0003999999998995918	trials	electrical	biphasic	60	MOs	deep	awake	False	True
3906.96314	0.00040000000035433914	trials	electrical	biphasic	20	MOs	deep	awake	False	True
3911.28176	0.00040000000035433914	trials	electrical	biphasic	60	MOs	deep	awake	False	True
3973.5240142987973	133.17999999999984	epochs								
4106.714014298797	3846.7800000000007	epochs								
4874.7606	0.0004000000008090865	trials	electrical	biphasic	40	MOs	deep	isoflurane	False	True
4878.29362	0.0003999999998995918	trials	electrical	biphasic	20	MOs	deep	isoflurane	False	True
4882.35524	0.0003999999998995918	trials	electrical	biphasic	40	MOs	deep	isoflurane	False	True
4886.7375200000015	0.0003999999998995918	trials	electrical	biphasic	60	MOs	deep	isoflurane	False	True
4890.90712	0.0004000000017185812	trials	electrical	biphasic	60	MOs	deep	isoflurane	False	True
4894.59798	0.0003999999998995918	trials	electrical	biphasic	60	MOs	deep	isoflurane	False	True
4898.467320000002	0.0003999999998995918	trials	electrical	biphasic	60	MOs	deep	isoflurane	False	True
4902.42846	0.0003999999998995918	trials	electrical	biphasic	20	MOs	deep	isoflurane	False	True
4906.91052	0.0003999999998995918	trials	electrical	biphasic	20	MOs	deep	isoflurane	False	True
4910.56734	0.0004000000008090865	trials	electrical	biphasic	20	MOs	deep	isoflurane	False	True
4914.92328	0.0003999999998995918	trials	electrical	biphasic	60	MOs	deep	isoflurane	False	True
4919.06846	0.0003999999998995918	trials	electrical	biphasic	60	MOs	deep	isoflurane	False	True
4922.94516	0.0003999999998995918	trials	electrical	biphasic	40	MOs	deep	isoflurane	False	True
4926.6365	0.0004000000008090865	trials	electrical	biphasic	20	MOs	deep	isoflurane	False	True
4930.56518	0.0004000000008090865	trials	electrical	biphasic	40	MOs	deep	isoflurane	False	True
4934.54762	0.0003999999998995918	trials	electrical	biphasic	60	MOs	deep	isoflurane	False	True
4938.16865	0.0004000000008090865	trials	electrical	biphasic	20	MOs	deep	isoflurane	False	True
4942.25857	0.0003999999998995918	trials	electrical	biphasic	60	MOs	deep	isoflurane	False	True
4945.98517	0.0004000000017185812	trials	electrical	biphasic	40	MOs	deep	isoflurane	False	True
4949.87021	0.0003999999998995918	trials	electrical	biphasic	60	MOs	deep	isoflurane	False	True
4953.953610000001	0.0003999999989900971	trials	electrical	biphasic	60	MOs	deep	isoflurane	False	True
4957.70583	0.0003999999998995918	trials	electrical	biphasic	20	MOs	deep	isoflurane	False	True
4961.49669	0.0003999999998995918	trials	electrical	biphasic	40	MOs	deep	isoflurane	False	True
4965.61421	0.0004000000017185812	trials	electrical	biphasic	20	MOs	deep	isoflurane	False	True
4969.3799100000015	0.0003999999998995918	trials	electrical	biphasic	40	MOs	deep	isoflurane	False	True
4973.70471	0.0003999999998995918	trials	electrical	biphasic	60	MOs	deep	isoflurane	False	True
4978.18779	0.0003999999998995918	trials	electrical	biphasic	20	MOs	deep	isoflurane	False	True
4982.41845	0.0003999999998995918	trials	electrical	biphasic	40	MOs	deep	isoflurane	False	True
4986.26275	0.0003999999998995918	trials	electrical	biphasic	60	MOs	deep	isoflurane	False	True
4990.347229999999	0.0003999999989900971	trials	electrical	biphasic	40	MOs	deep	isoflurane	False	True
4993.955410000001	0.0003999999989900971	trials	electrical	biphasic	60	MOs	deep	isoflurane	False	True
4998.36213	0.0003999999989900971	trials	electrical	biphasic	20	MOs	deep	isoflurane	False	True
5002.74221	0.0003999999998995918	trials	electrical	biphasic	20	MOs	deep	isoflurane	False	True
5007.06039	0.0004000000008090865	trials	electrical	biphasic	60	MOs	deep	isoflurane	False	True
5010.821529999998	0.0004000000017185812	trials	electrical	biphasic	60	MOs	deep	isoflurane	False	True
5014.916310000001	0.0003999999989900971	trials	electrical	biphasic	40	MOs	deep	isoflurane	False	True
5018.43925	0.0003999999998995918	trials	electrical	biphasic	60	MOs	deep	isoflurane	False	True
5022.36493	0.0003999999998995918	trials	electrical	biphasic	40	MOs	deep	isoflurane	False	True
5026.17807	0.0004000000017185812	trials	electrical	biphasic	40	MOs	deep	isoflurane	False	True
5029.83997	0.0003999999998995918	trials	electrical	biphasic	40	MOs	deep	isoflurane	False	True
5033.519139999999	0.00041000000055646524	trials	electrical	biphasic	20	MOs	deep	isoflurane	False	True
5037.44244	0.0003999999998995918	trials	electrical	biphasic	40	MOs	deep	isoflurane	False	True
5041.03708	0.0003999999998995918	trials	electrical	biphasic	20	MOs	deep	isoflurane	False	True
5045.13602	0.0004000000017185812	trials	electrical	biphasic	60	MOs	deep	isoflurane	False	True
5049.10736	0.0003999999998995918	trials	electrical	biphasic	20	MOs	deep	isoflurane	False	True
5053.30372	0.0004000000017185812	trials	electrical	biphasic	40	MOs	deep	isoflurane	False	True
5057.50402	0.0003999999998995918	trials	electrical	biphasic	60	MOs	deep	isoflurane	False	True
5061.64298	0.0004000000008090865	trials	electrical	biphasic	40	MOs	deep	isoflurane	False	True
5065.177	0.0003999999998995918	trials	electrical	biphasic	60	MOs	deep	isoflurane	False	True
5068.74622	0.0003999999998995918	trials	electrical	biphasic	20	MOs	deep	isoflurane	False	True
5072.56624	0.0003999999998995918	trials	electrical	biphasic	20	MOs	deep	isoflurane	False	True
5076.59752	0.0003999999998995918	trials	electrical	biphasic	40	MOs	deep	isoflurane	False	True
5080.75238	0.0003999999998995918	trials	electrical	biphasic	40	MOs	deep	isoflurane	False	True
5084.66042	0.0003999999998995918	trials	electrical	biphasic	20	MOs	deep	isoflurane	False	True
5088.980820000002	0.0003999999998995918	trials	electrical	biphasic	60	MOs	deep	isoflurane	False	True
5093.1996	0.0003999999998995918	trials	electrical	biphasic	20	MOs	deep	isoflurane	False	True
5097.66866	0.0003999999998995918	trials	electrical	biphasic	20	MOs	deep	isoflurane	False	True
5101.70042	0.0003999999998995918	trials	electrical	biphasic	20	MOs	deep	isoflurane	False	True
5105.525979999999	0.0003999999989900971	trials	electrical	biphasic	20	MOs	deep	isoflurane	False	True
5109.13202	0.0003999999998995918	trials	electrical	biphasic	20	MOs	deep	isoflurane	False	True
5113.2434	0.0003999999998995918	trials	electrical	biphasic	60	MOs	deep	isoflurane	False	True
5117.522620000002	0.0003999999998995918	trials	electrical	biphasic	60	MOs	deep	isoflurane	False	True
5121.4465	0.0003999999998995918	trials	electrical	biphasic	40	MOs	deep	isoflurane	False	True
5125.03774	0.0003999999998995918	trials	electrical	biphasic	40	MOs	deep	isoflurane	False	True
5128.80464	0.0003999999998995918	trials	electrical	biphasic	60	MOs	deep	isoflurane	False	True
5132.45871	0.0003999999998995918	trials	electrical	biphasic	20	MOs	deep	isoflurane	False	True
5136.24013	0.0003999999998995918	trials	electrical	biphasic	60	MOs	deep	isoflurane	False	True
5140.18063	0.0003999999998995918	trials	electrical	biphasic	60	MOs	deep	isoflurane	False	True
5144.20819	0.0003999999998995918	trials	electrical	biphasic	40	MOs	deep	isoflurane	False	True
5148.166029999999	0.0003999999989900971	trials	electrical	biphasic	60	MOs	deep	isoflurane	False	True
5152.54183	0.0003999999998995918	trials	electrical	biphasic	40	MOs	deep	isoflurane	False	True
5156.56031	0.0003999999998995918	trials	electrical	biphasic	40	MOs	deep	isoflurane	False	True
5161.00436	0.0003999999998995918	trials	electrical	biphasic	40	MOs	deep	isoflurane	False	True
5165.14248	0.0003999999989900971	trials	electrical	biphasic	20	MOs	deep	isoflurane	False	True
5169.6006	0.0003999999998995918	trials	electrical	biphasic	40	MOs	deep	isoflurane	False	True
5173.34172	0.0003999999998995918	trials	electrical	biphasic	40	MOs	deep	isoflurane	False	True
5177.51826	0.0003999999998995918	trials	electrical	biphasic	20	MOs	deep	isoflurane	False	True
5181.30774	0.0003999999998995918	trials	electrical	biphasic	60	MOs	deep	isoflurane	False	True
5185.4799600000015	0.0003999999998995918	trials	electrical	biphasic	60	MOs	deep	isoflurane	False	True
5189.675520000002	0.0003999999998995918	trials	electrical	biphasic	40	MOs	deep	isoflurane	False	True
5193.24393	0.0004000000008090865	trials	electrical	biphasic	40	MOs	deep	isoflurane	False	True
5196.99915	0.0004000000008090865	trials	electrical	biphasic	20	MOs	deep	isoflurane	False	True
5200.72361	0.0003999999998995918	trials	electrical	biphasic	40	MOs	deep	isoflurane	False	True
5204.89187	0.0003999999998995918	trials	electrical	biphasic	40	MOs	deep	isoflurane	False	True
5209.23669	0.0003999999998995918	trials	electrical	biphasic	20	MOs	deep	isoflurane	False	True
5213.08157	0.0003999999998995918	trials	electrical	biphasic	40	MOs	deep	isoflurane	False	True
5217.36251	0.0003999999998995918	trials	electrical	biphasic	60	MOs	deep	isoflurane	False	True
5221.53827	0.00040999999964697054	trials	electrical	biphasic	40	MOs	deep	isoflurane	False	True
5225.04541	0.0004000000017185812	trials	electrical	biphasic	60	MOs	deep	isoflurane	False	True
5229.14801	0.0003999999998995918	trials	electrical	biphasic	40	MOs	deep	isoflurane	False	True
5233.03521	0.0003999999998995918	trials	electrical	biphasic	60	MOs	deep	isoflurane	False	True
5237.45163	0.0004000000008090865	trials	electrical	biphasic	40	MOs	deep	isoflurane	False	True
5240.9532100000015	0.0003999999998995918	trials	electrical	biphasic	40	MOs	deep	isoflurane	False	True
5244.91607	0.0003999999998995918	trials	electrical	biphasic	20	MOs	deep	isoflurane	False	True
5248.84083	0.0003999999998995918	trials	electrical	biphasic	20	MOs	deep	isoflurane	False	True
5252.80217	0.0004000000017185812	trials	electrical	biphasic	20	MOs	deep	isoflurane	False	True
5257.07275	0.0003999999998995918	trials	electrical	biphasic	20	MOs	deep	isoflurane	False	True
5260.89565	0.0003999999998995918	trials	electrical	biphasic	20	MOs	deep	isoflurane	False	True
5265.18081	0.0003999999998995918	trials	electrical	biphasic	40	MOs	deep	isoflurane	False	True
5269.15259	0.0003999999998995918	trials	electrical	biphasic	40	MOs	deep	isoflurane	False	True
5272.688770000002	0.0003999999998995918	trials	electrical	biphasic	60	MOs	deep	isoflurane	False	True
5276.365070000002	0.0003999999998995918	trials	electrical	biphasic	40	MOs	deep	isoflurane	False	True
5280.58725	0.0004000000008090865	trials	electrical	biphasic	60	MOs	deep	isoflurane	False	True
5284.56115	0.0003999999998995918	trials	electrical	biphasic	20	MOs	deep	isoflurane	False	True
5288.21429	0.0003999999998995918	trials	electrical	biphasic	40	MOs	deep	isoflurane	False	True
5292.055820000001	0.0003999999989900971	trials	electrical	biphasic	60	MOs	deep	isoflurane	False	True
5296.16362	0.0003999999998995918	trials	electrical	biphasic	20	MOs	deep	isoflurane	False	True
5299.85578	0.0003999999998995918	trials	electrical	biphasic	20	MOs	deep	isoflurane	False	True
5304.09462	0.0004000000017185812	trials	electrical	biphasic	20	MOs	deep	isoflurane	False	True
5307.8379	0.0003999999998995918	trials	electrical	biphasic	20	MOs	deep	isoflurane	False	True
5312.25574	0.0004000000008090865	trials	electrical	biphasic	60	MOs	deep	isoflurane	False	True
5316.02522	0.0003999999998995918	trials	electrical	biphasic	40	MOs	deep	isoflurane	False	True
5320.29114	0.0003999999998995918	trials	electrical	biphasic	40	MOs	deep	isoflurane	False	True
5323.98022	0.0003999999998995918	trials	electrical	biphasic	40	MOs	deep	isoflurane	False	True
5327.76814	0.0003999999998995918	trials	electrical	biphasic	60	MOs	deep	isoflurane	False	True
5331.35968	0.0004000000008090865	trials	electrical	biphasic	40	MOs	deep	isoflurane	False	True
5335.4363	0.0003999999998995918	trials	electrical	biphasic	40	MOs	deep	isoflurane	False	True
5339.62008	0.0003999999998995918	trials	electrical	biphasic	20	MOs	deep	isoflurane	False	True
5343.6671	0.0003999999998995918	trials	electrical	biphasic	20	MOs	deep	isoflurane	False	True
5347.59324	0.0003999999998995918	trials	electrical	biphasic	40	MOs	deep	isoflurane	False	True
5351.7381	0.0004000000008090865	trials	electrical	biphasic	60	MOs	deep	isoflurane	False	True
5355.88614	0.0004000000008090865	trials	electrical	biphasic	60	MOs	deep	isoflurane	False	True
5360.06558	0.0003999999989900971	trials	electrical	biphasic	20	MOs	deep	isoflurane	False	True
5364.201779999999	0.0003999999989900971	trials	electrical	biphasic	40	MOs	deep	isoflurane	False	True
5368.647379999999	0.0003999999989900971	trials	electrical	biphasic	60	MOs	deep	isoflurane	False	True
5372.35674	0.0003999999998995918	trials	electrical	biphasic	20	MOs	deep	isoflurane	False	True
5376.56644	0.0004000000008090865	trials	electrical	biphasic	20	MOs	deep	isoflurane	False	True
5380.3031	0.0003999999998995918	trials	electrical	biphasic	40	MOs	deep	isoflurane	False	True
5383.92292	0.0003999999998995918	trials	electrical	biphasic	40	MOs	deep	isoflurane	False	True
5388.03064	0.0003999999998995918	trials	electrical	biphasic	20	MOs	deep	isoflurane	False	True
5391.9812	0.0003999999998995918	trials	electrical	biphasic	40	MOs	deep	isoflurane	False	True
5395.94034	0.0003999999998995918	trials	electrical	biphasic	60	MOs	deep	isoflurane	False	True
5400.1027	0.0003999999998995918	trials	electrical	biphasic	40	MOs	deep	isoflurane	False	True
5404.3734	0.0003999999998995918	trials	electrical	biphasic	40	MOs	deep	isoflurane	False	True
5408.22404	0.0003999999998995918	trials	electrical	biphasic	60	MOs	deep	isoflurane	False	True
5412.38648	0.0003999999998995918	trials	electrical	biphasic	40	MOs	deep	isoflurane	False	True
5416.30306	0.0003999999998995918	trials	electrical	biphasic	20	MOs	deep	isoflurane	False	True
5420.6454	0.0003999999998995918	trials	electrical	biphasic	20	MOs	deep	isoflurane	False	True
5424.97874	0.0004000000008090865	trials	electrical	biphasic	40	MOs	deep	isoflurane	False	True
5428.7356	0.0003999999998995918	trials	electrical	biphasic	60	MOs	deep	isoflurane	False	True
5432.84948	0.0003999999998995918	trials	electrical	biphasic	20	MOs	deep	isoflurane	False	True
5436.93214	0.0003999999998995918	trials	electrical	biphasic	60	MOs	deep	isoflurane	False	True
5440.9733	0.0003999999998995918	trials	electrical	biphasic	60	MOs	deep	isoflurane	False	True
5445.34367	0.0003999999998995918	trials	electrical	biphasic	40	MOs	deep	isoflurane	False	True
5449.10886	0.0003999999998995918	trials	electrical	biphasic	40	MOs	deep	isoflurane	False	True
5452.9273600000015	0.0003999999998995918	trials	electrical	biphasic	40	MOs	deep	isoflurane	False	True
5456.547	0.0004000000008090865	trials	electrical	biphasic	40	MOs	deep	isoflurane	False	True
5460.98724	0.0003999999998995918	trials	electrical	biphasic	60	MOs	deep	isoflurane	False	True
5465.1332200000015	0.0003999999998995918	trials	electrical	biphasic	40	MOs	deep	isoflurane	False	True
5469.1131	0.0004000000008090865	trials	electrical	biphasic	60	MOs	deep	isoflurane	False	True
5473.25284	0.0003999999998995918	trials	electrical	biphasic	20	MOs	deep	isoflurane	False	True
5477.297979999999	0.0003999999989900971	trials	electrical	biphasic	60	MOs	deep	isoflurane	False	True
5481.44573	0.0003999999980806024	trials	electrical	biphasic	40	MOs	deep	isoflurane	False	True
5485.49003	0.0003999999998995918	trials	electrical	biphasic	40	MOs	deep	isoflurane	False	True
5489.71149	0.0003999999998995918	trials	electrical	biphasic	40	MOs	deep	isoflurane	False	True
5493.73441	0.0003999999998995918	trials	electrical	biphasic	60	MOs	deep	isoflurane	False	True
5498.228529999999	0.0003999999989900971	trials	electrical	biphasic	60	MOs	deep	isoflurane	False	True
5501.94763	0.0003999999998995918	trials	electrical	biphasic	40	MOs	deep	isoflurane	False	True
5505.55385	0.0003999999998995918	trials	electrical	biphasic	40	MOs	deep	isoflurane	False	True
5509.16396	0.0003999999998995918	trials	electrical	biphasic	20	MOs	deep	isoflurane	False	True
5512.72798	0.0003999999998995918	trials	electrical	biphasic	40	MOs	deep	isoflurane	False	True
5516.632979999999	0.0003999999989900971	trials	electrical	biphasic	20	MOs	deep	isoflurane	False	True
5520.58178	0.0003999999989900971	trials	electrical	biphasic	20	MOs	deep	isoflurane	False	True
5524.448020000002	0.0003999999998995918	trials	electrical	biphasic	40	MOs	deep	isoflurane	False	True
5528.71194	0.0003999999998995918	trials	electrical	biphasic	20	MOs	deep	isoflurane	False	True
5532.84026	0.0003999999998995918	trials	electrical	biphasic	40	MOs	deep	isoflurane	False	True
5537.11266	0.0004000000017185812	trials	electrical	biphasic	60	MOs	deep	isoflurane	False	True
5541.54595	0.0003999999998995918	trials	electrical	biphasic	60	MOs	deep	isoflurane	False	True
5546.01911	0.0003999999998995918	trials	electrical	biphasic	20	MOs	deep	isoflurane	False	True
5549.71155	0.0003999999998995918	trials	electrical	biphasic	40	MOs	deep	isoflurane	False	True
5553.35085	0.0003999999998995918	trials	electrical	biphasic	60	MOs	deep	isoflurane	False	True
5557.54753	0.0003999999998995918	trials	electrical	biphasic	20	MOs	deep	isoflurane	False	True
5561.14176	0.0003999999998995918	trials	electrical	biphasic	60	MOs	deep	isoflurane	False	True
5565.167579999998	0.0003999999998995918	trials	electrical	biphasic	20	MOs	deep	isoflurane	False	True
5569.19834	0.0003999999998995918	trials	electrical	biphasic	40	MOs	deep	isoflurane	False	True
5573.55991	0.0003999999998995918	trials	electrical	biphasic	60	MOs	deep	isoflurane	False	True
5577.54519	0.0003999999998995918	trials	electrical	biphasic	60	MOs	deep	isoflurane	False	True
5581.43907	0.0003999999998995918	trials	electrical	biphasic	40	MOs	deep	isoflurane	False	True
5585.61093	0.0003999999998995918	trials	electrical	biphasic	60	MOs	deep	isoflurane	False	True
5589.85261	0.0003999999998995918	trials	electrical	biphasic	20	MOs	deep	isoflurane	False	True
5593.87309	0.0003999999998995918	trials	electrical	biphasic	60	MOs	deep	isoflurane	False	True
5597.72123	0.0003999999998995918	trials	electrical	biphasic	40	MOs	deep	isoflurane	False	True
5601.37165	0.0003999999998995918	trials	electrical	biphasic	60	MOs	deep	isoflurane	False	True
5605.45817	0.0004000000017185812	trials	electrical	biphasic	20	MOs	deep	isoflurane	False	True
5609.22073	0.0003999999998995918	trials	electrical	biphasic	60	MOs	deep	isoflurane	False	True
5612.7656	0.0003999999998995918	trials	electrical	biphasic	60	MOs	deep	isoflurane	False	True
5617.020970000001	0.0003999999989900971	trials	electrical	biphasic	20	MOs	deep	isoflurane	False	True
5620.76416	0.0004000000017185812	trials	electrical	biphasic	40	MOs	deep	isoflurane	False	True
5624.70698	0.0003999999998995918	trials	electrical	biphasic	40	MOs	deep	isoflurane	False	True
5628.8952100000015	0.0003999999998995918	trials	electrical	biphasic	40	MOs	deep	isoflurane	False	True
5632.75484	0.0004000000008090865	trials	electrical	biphasic	40	MOs	deep	isoflurane	False	True
5636.99161	0.0003999999998995918	trials	electrical	biphasic	60	MOs	deep	isoflurane	False	True
5640.886729999998	0.0004000000017185812	trials	electrical	biphasic	60	MOs	deep	isoflurane	False	True
5645.07057	0.0004000000017185812	trials	electrical	biphasic	60	MOs	deep	isoflurane	False	True
5649.27503	0.0003999999998995918	trials	electrical	biphasic	60	MOs	deep	isoflurane	False	True
5653.21775	0.0003999999998995918	trials	electrical	biphasic	20	MOs	deep	isoflurane	False	True
5656.73775	0.0003999999998995918	trials	electrical	biphasic	20	MOs	deep	isoflurane	False	True
5660.56902	0.00040999999964697054	trials	electrical	biphasic	40	MOs	deep	isoflurane	False	True
5664.49374	0.0003999999998995918	trials	electrical	biphasic	20	MOs	deep	isoflurane	False	True
5668.26444	0.0003999999998995918	trials	electrical	biphasic	60	MOs	deep	isoflurane	False	True
5671.961920000002	0.0003999999998995918	trials	electrical	biphasic	60	MOs	deep	isoflurane	False	True
5676.28406	0.0003999999998995918	trials	electrical	biphasic	20	MOs	deep	isoflurane	False	True
5680.2144	0.0003999999998995918	trials	electrical	biphasic	40	MOs	deep	isoflurane	False	True
5684.60261	0.0003999999998995918	trials	electrical	biphasic	20	MOs	deep	isoflurane	False	True
5688.49421	0.0003999999998995918	trials	electrical	biphasic	60	MOs	deep	isoflurane	False	True
5692.76375	0.0003999999998995918	trials	electrical	biphasic	20	MOs	deep	isoflurane	False	True
5696.66097	0.0004000000017185812	trials	electrical	biphasic	40	MOs	deep	isoflurane	False	True
5700.96991	0.0003999999998995918	trials	electrical	biphasic	40	MOs	deep	isoflurane	False	True
5705.22541	0.0003999999998995918	trials	electrical	biphasic	20	MOs	deep	isoflurane	False	True
5709.10323	0.0003999999998995918	trials	electrical	biphasic	20	MOs	deep	isoflurane	False	True
5712.81967	0.0004000000017185812	trials	electrical	biphasic	40	MOs	deep	isoflurane	False	True
5717.11049	0.0003999999998995918	trials	electrical	biphasic	60	MOs	deep	isoflurane	False	True
5721.5602100000015	0.0003999999989900971	trials	electrical	biphasic	60	MOs	deep	isoflurane	False	True
5725.38819	0.0003999999998995918	trials	electrical	biphasic	40	MOs	deep	isoflurane	False	True
5729.55987	0.0003999999998995918	trials	electrical	biphasic	20	MOs	deep	isoflurane	False	True
5733.49893	0.0003999999998995918	trials	electrical	biphasic	20	MOs	deep	isoflurane	False	True
5737.83286	0.0003999999998995918	trials	electrical	biphasic	40	MOs	deep	isoflurane	False	True
5742.10214	0.0003999999998995918	trials	electrical	biphasic	40	MOs	deep	isoflurane	False	True
5745.76982	0.0003999999998995918	trials	electrical	biphasic	20	MOs	deep	isoflurane	False	True
5750.13222	0.0003999999998995918	trials	electrical	biphasic	40	MOs	deep	isoflurane	False	True
5754.62252	0.0004000000017185812	trials	electrical	biphasic	60	MOs	deep	isoflurane	False	True
5758.63736	0.0004000000017185812	trials	electrical	biphasic	20	MOs	deep	isoflurane	False	True
5763.02206	0.0003999999998995918	trials	electrical	biphasic	60	MOs	deep	isoflurane	False	True
5767.1105	0.0003999999998995918	trials	electrical	biphasic	40	MOs	deep	isoflurane	False	True
5770.76568	0.0003999999989900971	trials	electrical	biphasic	40	MOs	deep	isoflurane	False	True
5774.46596	0.0003999999998995918	trials	electrical	biphasic	60	MOs	deep	isoflurane	False	True
5778.37334	0.0003999999998995918	trials	electrical	biphasic	40	MOs	deep	isoflurane	False	True
5782.622460000001	0.0003999999989900971	trials	electrical	biphasic	60	MOs	deep	isoflurane	False	True
5786.948460000001	0.0003999999989900971	trials	electrical	biphasic	20	MOs	deep	isoflurane	False	True
5791.23885	0.0003999999998995918	trials	electrical	biphasic	40	MOs	deep	isoflurane	False	True
5795.05779	0.0003999999998995918	trials	electrical	biphasic	20	MOs	deep	isoflurane	False	True
5799.09227	0.0003999999998995918	trials	electrical	biphasic	40	MOs	deep	isoflurane	False	True
5802.68264	0.0003999999998995918	trials	electrical	biphasic	60	MOs	deep	isoflurane	False	True
5806.29476	0.0004000000017185812	trials	electrical	biphasic	40	MOs	deep	isoflurane	False	True
5809.931479999998	0.0004000000017185812	trials	electrical	biphasic	60	MOs	deep	isoflurane	False	True
5814.11056	0.0003999999998995918	trials	electrical	biphasic	20	MOs	deep	isoflurane	False	True
5818.10616	0.0003999999998995918	trials	electrical	biphasic	20	MOs	deep	isoflurane	False	True
5821.7963	0.0003999999998995918	trials	electrical	biphasic	20	MOs	deep	isoflurane	False	True
5825.79172	0.0003999999998995918	trials	electrical	biphasic	20	MOs	deep	isoflurane	False	True
5829.43974	0.0003999999998995918	trials	electrical	biphasic	60	MOs	deep	isoflurane	False	True
5832.99514	0.0003999999998995918	trials	electrical	biphasic	60	MOs	deep	isoflurane	False	True
5837.34628	0.0003999999998995918	trials	electrical	biphasic	60	MOs	deep	isoflurane	False	True
5841.40726	0.0003999999998995918	trials	electrical	biphasic	60	MOs	deep	isoflurane	False	True
5845.83728	0.0003999999998995918	trials	electrical	biphasic	20	MOs	deep	isoflurane	False	True
5850.03437	0.0003999999998995918	trials	electrical	biphasic	60	MOs	deep	isoflurane	False	True
5854.11759	0.0003999999998995918	trials	electrical	biphasic	20	MOs	deep	isoflurane	False	True
5858.4334100000015	0.0003999999989900971	trials	electrical	biphasic	60	MOs	deep	isoflurane	False	True
5862.81285	0.0003999999998995918	trials	electrical	biphasic	60	MOs	deep	isoflurane	False	True
5867.302189999999	0.0004000000008090865	trials	electrical	biphasic	40	MOs	deep	isoflurane	False	True
5870.803129999998	0.0004000000017185812	trials	electrical	biphasic	20	MOs	deep	isoflurane	False	True
5875.16899	0.0003999999998995918	trials	electrical	biphasic	20	MOs	deep	isoflurane	False	True
5879.28197	0.0003999999998995918	trials	electrical	biphasic	60	MOs	deep	isoflurane	False	True
5883.77236	0.0003999999998995918	trials	electrical	biphasic	60	MOs	deep	isoflurane	False	True
5887.80046	0.0003999999998995918	trials	electrical	biphasic	20	MOs	deep	isoflurane	False	True
5891.7804	0.0004000000008090865	trials	electrical	biphasic	60	MOs	deep	isoflurane	False	True
5896.08216	0.0003999999998995918	trials	electrical	biphasic	20	MOs	deep	isoflurane	False	True
5899.810420000002	0.0003999999998995918	trials	electrical	biphasic	20	MOs	deep	isoflurane	False	True
5903.80894	0.0003999999998995918	trials	electrical	biphasic	40	MOs	deep	isoflurane	False	True
5908.21022	0.0004000000017185812	trials	electrical	biphasic	60	MOs	deep	isoflurane	False	True
5912.2853	0.0004000000008090865	trials	electrical	biphasic	60	MOs	deep	isoflurane	False	True
5916.6309	0.0003999999998995918	trials	electrical	biphasic	60	MOs	deep	isoflurane	False	True
5920.869970000002	0.0003999999998995918	trials	electrical	biphasic	60	MOs	deep	isoflurane	False	True
5924.95637	0.0004000000017185812	trials	electrical	biphasic	60	MOs	deep	isoflurane	False	True
5928.70353	0.0003999999998995918	trials	electrical	biphasic	40	MOs	deep	isoflurane	False	True
5932.8703700000015	0.0003999999989900971	trials	electrical	biphasic	60	MOs	deep	isoflurane	False	True
5936.45427	0.0003999999998995918	trials	electrical	biphasic	20	MOs	deep	isoflurane	False	True
5940.58065	0.0003999999998995918	trials	electrical	biphasic	60	MOs	deep	isoflurane	False	True
5944.74201	0.0003999999998995918	trials	electrical	biphasic	40	MOs	deep	isoflurane	False	True
5948.97219	0.0003999999989900971	trials	electrical	biphasic	20	MOs	deep	isoflurane	False	True
5953.36337	0.0003999999998995918	trials	electrical	biphasic	20	MOs	deep	isoflurane	False	True
5957.8461	0.0003999999998995918	trials	electrical	biphasic	20	MOs	deep	isoflurane	False	True
5962.11554	0.0003999999998995918	trials	electrical	biphasic	20	MOs	deep	isoflurane	False	True
5966.1974	0.0003999999998995918	trials	electrical	biphasic	20	MOs	deep	isoflurane	False	True
5970.62614	0.0003999999998995918	trials	electrical	biphasic	20	MOs	deep	isoflurane	False	True
5974.70666	0.0003999999998995918	trials	electrical	biphasic	20	MOs	deep	isoflurane	False	True
5978.224060000001	0.0003999999989900971	trials	electrical	biphasic	40	MOs	deep	isoflurane	False	True
5981.84534	0.0003999999998995918	trials	electrical	biphasic	40	MOs	deep	isoflurane	False	True
5986.208479999998	0.0004000000017185812	trials	electrical	biphasic	60	MOs	deep	isoflurane	False	True
5990.1932	0.0003999999998995918	trials	electrical	biphasic	20	MOs	deep	isoflurane	False	True
5994.538479999998	0.0004000000017185812	trials	electrical	biphasic	40	MOs	deep	isoflurane	False	True
5998.2483	0.0003999999998995918	trials	electrical	biphasic	40	MOs	deep	isoflurane	False	True
6002.30102	0.0004000000017185812	trials	electrical	biphasic	20	MOs	deep	isoflurane	False	True
6006.4313200000015	0.0003999999998995918	trials	electrical	biphasic	20	MOs	deep	isoflurane	False	True
6009.96374	0.0003999999998995918	trials	electrical	biphasic	40	MOs	deep	isoflurane	False	True
6014.07888	0.0003999999998995918	trials	electrical	biphasic	20	MOs	deep	isoflurane	False	True
6017.941720000002	0.0003999999998995918	trials	electrical	biphasic	60	MOs	deep	isoflurane	False	True
6021.49168	0.0003999999998995918	trials	electrical	biphasic	40	MOs	deep	isoflurane	False	True
6025.48168	0.0003999999998995918	trials	electrical	biphasic	20	MOs	deep	isoflurane	False	True
6029.174620000002	0.0003999999998995918	trials	electrical	biphasic	60	MOs	deep	isoflurane	False	True
6032.79812	0.0003999999998995918	trials	electrical	biphasic	60	MOs	deep	isoflurane	False	True
6036.50404	0.0003999999998995918	trials	electrical	biphasic	60	MOs	deep	isoflurane	False	True
6040.150979999999	0.0003999999989900971	trials	electrical	biphasic	60	MOs	deep	isoflurane	False	True
6043.84048	0.0003999999998995918	trials	electrical	biphasic	40	MOs	deep	isoflurane	False	True
6047.38355	0.0004000000008090865	trials	electrical	biphasic	20	MOs	deep	isoflurane	False	True
6051.519170000001	0.0003999999989900971	trials	electrical	biphasic	20	MOs	deep	isoflurane	False	True
6055.30145	0.0003999999998995918	trials	electrical	biphasic	40	MOs	deep	isoflurane	False	True
6059.34047	0.0003999999998995918	trials	electrical	biphasic	60	MOs	deep	isoflurane	False	True
6063.53606	0.0003999999998995918	trials	electrical	biphasic	40	MOs	deep	isoflurane	False	True
6067.5356	0.0003999999998995918	trials	electrical	biphasic	60	MOs	deep	isoflurane	False	True
6071.57182	0.0003999999998995918	trials	electrical	biphasic	40	MOs	deep	isoflurane	False	True
6075.51742	0.0003999999998995918	trials	electrical	biphasic	20	MOs	deep	isoflurane	False	True
6079.14178	0.0003999999998995918	trials	electrical	biphasic	60	MOs	deep	isoflurane	False	True
6083.13256	0.0003999999998995918	trials	electrical	biphasic	20	MOs	deep	isoflurane	False	True
6087.48598	0.0003999999989900971	trials	electrical	biphasic	20	MOs	deep	isoflurane	False	True
6091.860320000002	0.0003999999998995918	trials	electrical	biphasic	60	MOs	deep	isoflurane	False	True
6095.63104	0.0003999999998995918	trials	electrical	biphasic	20	MOs	deep	isoflurane	False	True
6099.33992	0.0003999999998995918	trials	electrical	biphasic	40	MOs	deep	isoflurane	False	True
6103.40532	0.0004000000017185812	trials	electrical	biphasic	20	MOs	deep	isoflurane	False	True
6107.5460600000015	0.0003999999998995918	trials	electrical	biphasic	40	MOs	deep	isoflurane	False	True
6111.4635	0.0003999999998995918	trials	electrical	biphasic	60	MOs	deep	isoflurane	False	True
6115.1699	0.0003999999998995918	trials	electrical	biphasic	40	MOs	deep	isoflurane	False	True
6119.61826	0.0003999999998995918	trials	electrical	biphasic	40	MOs	deep	isoflurane	False	True
6123.20076	0.0004000000017185812	trials	electrical	biphasic	40	MOs	deep	isoflurane	False	True
6126.80688	0.0003999999998995918	trials	electrical	biphasic	60	MOs	deep	isoflurane	False	True
6130.44934	0.0003999999998995918	trials	electrical	biphasic	60	MOs	deep	isoflurane	False	True
6134.11622	0.0004000000017185812	trials	electrical	biphasic	20	MOs	deep	isoflurane	False	True
6138.2376	0.0003999999998995918	trials	electrical	biphasic	60	MOs	deep	isoflurane	False	True
6142.31174	0.0003999999998995918	trials	electrical	biphasic	40	MOs	deep	isoflurane	False	True
6145.86424	0.0003999999998995918	trials	electrical	biphasic	40	MOs	deep	isoflurane	False	True
6150.29586	0.0003999999998995918	trials	electrical	biphasic	60	MOs	deep	isoflurane	False	True
6154.52494	0.0003999999998995918	trials	electrical	biphasic	60	MOs	deep	isoflurane	False	True
6158.7632	0.0003999999998995918	trials	electrical	biphasic	40	MOs	deep	isoflurane	False	True
6162.3270200000015	0.0003999999998995918	trials	electrical	biphasic	20	MOs	deep	isoflurane	False	True
6166.68788	0.0003999999989900971	trials	electrical	biphasic	40	MOs	deep	isoflurane	False	True
6171.1227	0.0003999999998995918	trials	electrical	biphasic	60	MOs	deep	isoflurane	False	True
6175.607529999998	0.0004000000017185812	trials	electrical	biphasic	20	MOs	deep	isoflurane	False	True
6179.96689	0.0003999999998995918	trials	electrical	biphasic	20	MOs	deep	isoflurane	False	True
6184.25287	0.0003999999998995918	trials	electrical	biphasic	20	MOs	deep	isoflurane	False	True
6188.26667	0.0003999999998995918	trials	electrical	biphasic	20	MOs	deep	isoflurane	False	True
6191.94469	0.0003999999998995918	trials	electrical	biphasic	60	MOs	deep	isoflurane	False	True
6195.84369	0.0003999999998995918	trials	electrical	biphasic	40	MOs	deep	isoflurane	False	True
6199.47805	0.0003999999998995918	trials	electrical	biphasic	60	MOs	deep	isoflurane	False	True
6203.00936	0.0003999999998995918	trials	electrical	biphasic	20	MOs	deep	isoflurane	False	True
6207.44893	0.0004000000008090865	trials	electrical	biphasic	40	MOs	deep	isoflurane	False	True
6211.25065	0.0003999999998995918	trials	electrical	biphasic	20	MOs	deep	isoflurane	False	True
6215.04661	0.0003999999998995918	trials	electrical	biphasic	20	MOs	deep	isoflurane	False	True
6218.87996	0.0003999999998995918	trials	electrical	biphasic	40	MOs	deep	isoflurane	False	True
6222.84744	0.0003999999998995918	trials	electrical	biphasic	40	MOs	deep	isoflurane	False	True
6226.99607	0.0003999999998995918	trials	electrical	biphasic	60	MOs	deep	isoflurane	False	True
6230.5217	0.0003999999998995918	trials	electrical	biphasic	40	MOs	deep	isoflurane	False	True
6234.864329999999	0.0003999999989900971	trials	electrical	biphasic	20	MOs	deep	isoflurane	False	True
6238.92379	0.0003999999998995918	trials	electrical	biphasic	60	MOs	deep	isoflurane	False	True
6243.2783100000015	0.0003999999998995918	trials	electrical	biphasic	40	MOs	deep	isoflurane	False	True
6247.12661	0.0003999999998995918	trials	electrical	biphasic	20	MOs	deep	isoflurane	False	True
6251.07305	0.0003999999998995918	trials	electrical	biphasic	20	MOs	deep	isoflurane	False	True
6254.62771	0.0004000000017185812	trials	electrical	biphasic	20	MOs	deep	isoflurane	False	True
6258.30522	0.0003999999998995918	trials	electrical	biphasic	20	MOs	deep	isoflurane	False	True
6262.46844	0.0003999999998995918	trials	electrical	biphasic	20	MOs	deep	isoflurane	False	True
6266.29968	0.0003999999998995918	trials	electrical	biphasic	40	MOs	deep	isoflurane	False	True
6270.69859	0.0003999999998995918	trials	electrical	biphasic	60	MOs	deep	isoflurane	False	True
6274.317160000001	0.0003999999989900971	trials	electrical	biphasic	20	MOs	deep	isoflurane	False	True
6278.80601	0.0003999999998995918	trials	electrical	biphasic	20	MOs	deep	isoflurane	False	True
6282.84641	0.0003999999998995918	trials	electrical	biphasic	60	MOs	deep	isoflurane	False	True
6287.05375	0.0003999999998995918	trials	electrical	biphasic	60	MOs	deep	isoflurane	False	True
6291.55367	0.0003999999998995918	trials	electrical	biphasic	40	MOs	deep	isoflurane	False	True
6295.34193	0.0004000000008090865	trials	electrical	biphasic	60	MOs	deep	isoflurane	False	True
6299.25687	0.0003999999998995918	trials	electrical	biphasic	60	MOs	deep	isoflurane	False	True
6303.22213	0.0003999999998995918	trials	electrical	biphasic	60	MOs	deep	isoflurane	False	True
6307.48651	0.0004000000017185812	trials	electrical	biphasic	20	MOs	deep	isoflurane	False	True
6311.80513	0.0003999999998995918	trials	electrical	biphasic	60	MOs	deep	isoflurane	False	True
6465.68483	0.0003999999998995918	trials	electrical	biphasic	40	MOs	superficial	isoflurane	False	True
6469.21785	0.0003999999998995918	trials	electrical	biphasic	20	MOs	superficial	isoflurane	False	True
6473.27947	0.0003999999998995918	trials	electrical	biphasic	40	MOs	superficial	isoflurane	False	True
6477.66175	0.0003999999998995918	trials	electrical	biphasic	60	MOs	superficial	isoflurane	False	True
6481.83135	0.0003999999998995918	trials	electrical	biphasic	60	MOs	superficial	isoflurane	False	True
6485.52221	0.0003999999998995918	trials	electrical	biphasic	60	MOs	superficial	isoflurane	False	True
6489.39155	0.0003999999998995918	trials	electrical	biphasic	60	MOs	superficial	isoflurane	False	True
6493.35269	0.0003999999998995918	trials	electrical	biphasic	20	MOs	superficial	isoflurane	False	True
6497.83475	0.0003999999998995918	trials	electrical	biphasic	20	MOs	superficial	isoflurane	False	True
6501.49157	0.0003999999998995918	trials	electrical	biphasic	20	MOs	superficial	isoflurane	False	True
6505.847510000001	0.0003999999989900971	trials	electrical	biphasic	60	MOs	superficial	isoflurane	False	True
6509.99269	0.0003999999998995918	trials	electrical	biphasic	60	MOs	superficial	isoflurane	False	True
6513.86939	0.0003999999998995918	trials	electrical	biphasic	40	MOs	superficial	isoflurane	False	True
6517.56073	0.0003999999998995918	trials	electrical	biphasic	20	MOs	superficial	isoflurane	False	True
6521.48941	0.0003999999998995918	trials	electrical	biphasic	40	MOs	superficial	isoflurane	False	True
6525.47185	0.0003999999998995918	trials	electrical	biphasic	60	MOs	superficial	isoflurane	False	True
6529.09289	0.0003999999998995918	trials	electrical	biphasic	20	MOs	superficial	isoflurane	False	True
6533.18281	0.0003999999998995918	trials	electrical	biphasic	60	MOs	superficial	isoflurane	False	True
6536.90941	0.0003999999998995918	trials	electrical	biphasic	40	MOs	superficial	isoflurane	False	True
6540.79445	0.0003999999998995918	trials	electrical	biphasic	60	MOs	superficial	isoflurane	False	True
6544.87785	0.0003999999998995918	trials	electrical	biphasic	60	MOs	superficial	isoflurane	False	True
6548.63007	0.0003999999998995918	trials	electrical	biphasic	20	MOs	superficial	isoflurane	False	True
6552.420920000001	0.00040999999873747583	trials	electrical	biphasic	40	MOs	superficial	isoflurane	False	True
6556.53845	0.0003999999998995918	trials	electrical	biphasic	20	MOs	superficial	isoflurane	False	True
6560.30414	0.0003999999998995918	trials	electrical	biphasic	40	MOs	superficial	isoflurane	False	True
6564.62895	0.0003999999998995918	trials	electrical	biphasic	60	MOs	superficial	isoflurane	False	True
6569.112029999998	0.0004000000017185812	trials	electrical	biphasic	20	MOs	superficial	isoflurane	False	True
6573.34269	0.0003999999998995918	trials	electrical	biphasic	40	MOs	superficial	isoflurane	False	True
6577.18699	0.0003999999998995918	trials	electrical	biphasic	60	MOs	superficial	isoflurane	False	True
6581.2714700000015	0.0003999999998995918	trials	electrical	biphasic	40	MOs	superficial	isoflurane	False	True
6584.87965	0.0003999999998995918	trials	electrical	biphasic	60	MOs	superficial	isoflurane	False	True
6589.286370000002	0.0003999999998995918	trials	electrical	biphasic	20	MOs	superficial	isoflurane	False	True
6593.66645	0.0003999999998995918	trials	electrical	biphasic	20	MOs	superficial	isoflurane	False	True
6597.98463	0.0003999999998995918	trials	electrical	biphasic	60	MOs	superficial	isoflurane	False	True
6601.74577	0.0003999999998995918	trials	electrical	biphasic	60	MOs	superficial	isoflurane	False	True
6605.84055	0.0003999999998995918	trials	electrical	biphasic	40	MOs	superficial	isoflurane	False	True
6609.36349	0.0003999999998995918	trials	electrical	biphasic	60	MOs	superficial	isoflurane	False	True
6613.28917	0.0003999999998995918	trials	electrical	biphasic	40	MOs	superficial	isoflurane	False	True
6617.10231	0.0003999999998995918	trials	electrical	biphasic	40	MOs	superficial	isoflurane	False	True
6620.76421	0.0003999999998995918	trials	electrical	biphasic	40	MOs	superficial	isoflurane	False	True
6624.443389999999	0.0004000000008090865	trials	electrical	biphasic	20	MOs	superficial	isoflurane	False	True
6628.36669	0.0003999999998995918	trials	electrical	biphasic	40	MOs	superficial	isoflurane	False	True
6631.96133	0.0003999999998995918	trials	electrical	biphasic	20	MOs	superficial	isoflurane	False	True
6636.06027	0.0003999999998995918	trials	electrical	biphasic	60	MOs	superficial	isoflurane	False	True
6640.03161	0.0003999999998995918	trials	electrical	biphasic	20	MOs	superficial	isoflurane	False	True
6644.22797	0.0004000000017185812	trials	electrical	biphasic	40	MOs	superficial	isoflurane	False	True
6648.42827	0.0003999999998995918	trials	electrical	biphasic	60	MOs	superficial	isoflurane	False	True
6652.56723	0.0003999999998995918	trials	electrical	biphasic	40	MOs	superficial	isoflurane	False	True
6656.10125	0.0003999999998995918	trials	electrical	biphasic	60	MOs	superficial	isoflurane	False	True
6659.67047	0.0003999999998995918	trials	electrical	biphasic	20	MOs	superficial	isoflurane	False	True
6663.49049	0.0003999999998995918	trials	electrical	biphasic	20	MOs	superficial	isoflurane	False	True
6667.52177	0.0003999999998995918	trials	electrical	biphasic	40	MOs	superficial	isoflurane	False	True
6671.67663	0.0003999999998995918	trials	electrical	biphasic	40	MOs	superficial	isoflurane	False	True
6675.58467	0.0003999999998995918	trials	electrical	biphasic	20	MOs	superficial	isoflurane	False	True
6679.905070000002	0.0003999999998995918	trials	electrical	biphasic	60	MOs	superficial	isoflurane	False	True
6684.12385	0.0003999999998995918	trials	electrical	biphasic	20	MOs	superficial	isoflurane	False	True
6688.59291	0.0003999999998995918	trials	electrical	biphasic	20	MOs	superficial	isoflurane	False	True
6692.62467	0.0003999999998995918	trials	electrical	biphasic	20	MOs	superficial	isoflurane	False	True
6696.45023	0.0003999999989900971	trials	electrical	biphasic	20	MOs	superficial	isoflurane	False	True
6700.05627	0.0003999999998995918	trials	electrical	biphasic	20	MOs	superficial	isoflurane	False	True
6704.16765	0.0003999999998995918	trials	electrical	biphasic	60	MOs	superficial	isoflurane	False	True
6708.446870000002	0.0003999999998995918	trials	electrical	biphasic	60	MOs	superficial	isoflurane	False	True
6712.37075	0.0003999999998995918	trials	electrical	biphasic	40	MOs	superficial	isoflurane	False	True
6715.961990000002	0.0003999999998995918	trials	electrical	biphasic	40	MOs	superficial	isoflurane	False	False
6719.72889	0.0003999999998995918	trials	electrical	biphasic	60	MOs	superficial	isoflurane	False	True
6723.3829700000015	0.0003999999998995918	trials	electrical	biphasic	20	MOs	superficial	isoflurane	False	True
6727.164390000001	0.0004000000008090865	trials	electrical	biphasic	60	MOs	superficial	isoflurane	False	True
6731.104890000001	0.0003999999989900971	trials	electrical	biphasic	60	MOs	superficial	isoflurane	False	True
6735.13245	0.0003999999998995918	trials	electrical	biphasic	40	MOs	superficial	isoflurane	False	True
6739.090290000001	0.0003999999998995918	trials	electrical	biphasic	60	MOs	superficial	isoflurane	False	True
6743.466090000001	0.0004000000008090865	trials	electrical	biphasic	40	MOs	superficial	isoflurane	False	True
6747.484570000001	0.0003999999989900971	trials	electrical	biphasic	40	MOs	superficial	isoflurane	False	True
6751.9286200000015	0.0003999999998995918	trials	electrical	biphasic	40	MOs	superficial	isoflurane	False	True
6756.06674	0.0004000000008090865	trials	electrical	biphasic	20	MOs	superficial	isoflurane	False	True
6760.52486	0.0003999999989900971	trials	electrical	biphasic	40	MOs	superficial	isoflurane	False	True
6764.26598	0.0003999999998995918	trials	electrical	biphasic	40	MOs	superficial	isoflurane	False	True
6768.442520000001	0.0003999999989900971	trials	electrical	biphasic	20	MOs	superficial	isoflurane	False	True
6772.232	0.00040999999964697054	trials	electrical	biphasic	60	MOs	superficial	isoflurane	False	True
6776.40423	0.0003999999998995918	trials	electrical	biphasic	60	MOs	superficial	isoflurane	False	True
6780.59979	0.0004000000008090865	trials	electrical	biphasic	40	MOs	superficial	isoflurane	False	True
6784.16821	0.0003999999998995918	trials	electrical	biphasic	40	MOs	superficial	isoflurane	False	True
6787.92343	0.0003999999998995918	trials	electrical	biphasic	20	MOs	superficial	isoflurane	False	True
6791.64789	0.0004000000008090865	trials	electrical	biphasic	40	MOs	superficial	isoflurane	False	True
6795.81615	0.0003999999998995918	trials	electrical	biphasic	40	MOs	superficial	isoflurane	False	True
6800.16098	0.0003999999998995918	trials	electrical	biphasic	20	MOs	superficial	isoflurane	False	True
6804.005859999998	0.0004000000008090865	trials	electrical	biphasic	40	MOs	superficial	isoflurane	False	True
6808.2868	0.0003999999998995918	trials	electrical	biphasic	60	MOs	superficial	isoflurane	False	True
6812.462559999999	0.0004000000008090865	trials	electrical	biphasic	40	MOs	superficial	isoflurane	False	True
6815.9697	0.0003999999998995918	trials	electrical	biphasic	60	MOs	superficial	isoflurane	False	True
6820.07231	0.0004000000008090865	trials	electrical	biphasic	40	MOs	superficial	isoflurane	False	True
6823.95951	0.0003999999998995918	trials	electrical	biphasic	60	MOs	superficial	isoflurane	False	True
6828.37593	0.0003999999998995918	trials	electrical	biphasic	40	MOs	superficial	isoflurane	False	True
6831.877509999998	0.0003999999998995918	trials	electrical	biphasic	40	MOs	superficial	isoflurane	False	True
6835.84038	0.0004000000008090865	trials	electrical	biphasic	20	MOs	superficial	isoflurane	False	True
6839.76514	0.0003999999998995918	trials	electrical	biphasic	20	MOs	superficial	isoflurane	False	True
6843.726479999998	0.0003999999998995918	trials	electrical	biphasic	20	MOs	superficial	isoflurane	False	True
6847.99706	0.0003999999998995918	trials	electrical	biphasic	20	MOs	superficial	isoflurane	False	True
6851.819970000001	0.0003999999989900971	trials	electrical	biphasic	20	MOs	superficial	isoflurane	False	True
6856.10513	0.0003999999998995918	trials	electrical	biphasic	40	MOs	superficial	isoflurane	False	True
6860.07691	0.0003999999998995918	trials	electrical	biphasic	40	MOs	superficial	isoflurane	False	True
6863.613090000002	0.0003999999998995918	trials	electrical	biphasic	60	MOs	superficial	isoflurane	False	True
6867.289390000001	0.0004000000008090865	trials	electrical	biphasic	40	MOs	superficial	isoflurane	False	True
6871.511579999999	0.0003999999989900971	trials	electrical	biphasic	60	MOs	superficial	isoflurane	False	True
6875.485479999999	0.0003999999989900971	trials	electrical	biphasic	20	MOs	superficial	isoflurane	False	True
6879.1386200000015	0.0003999999998995918	trials	electrical	biphasic	40	MOs	superficial	isoflurane	False	True
6882.980159999999	0.0003999999998995918	trials	electrical	biphasic	60	MOs	superficial	isoflurane	False	True
6887.087970000001	0.0003999999989900971	trials	electrical	biphasic	20	MOs	superficial	isoflurane	False	True
6890.78013	0.0003999999998995918	trials	electrical	biphasic	20	MOs	superficial	isoflurane	False	True
6895.01897	0.0003999999998995918	trials	electrical	biphasic	20	MOs	superficial	isoflurane	False	True
6898.76226	0.0003999999989900971	trials	electrical	biphasic	20	MOs	superficial	isoflurane	False	True
6903.1801	0.0004000000008090865	trials	electrical	biphasic	60	MOs	superficial	isoflurane	False	True
6906.94958	0.0003999999989900971	trials	electrical	biphasic	40	MOs	superficial	isoflurane	False	True
6911.215509999999	0.0003999999998995918	trials	electrical	biphasic	40	MOs	superficial	isoflurane	False	True
6914.904590000001	0.0003999999998995918	trials	electrical	biphasic	40	MOs	superficial	isoflurane	False	True
6918.69251	0.0003999999998995918	trials	electrical	biphasic	60	MOs	superficial	isoflurane	False	True
6922.284059999999	0.0004000000008090865	trials	electrical	biphasic	40	MOs	superficial	isoflurane	False	True
6926.36068	0.0003999999998995918	trials	electrical	biphasic	40	MOs	superficial	isoflurane	False	True
6930.544459999999	0.0003999999998995918	trials	electrical	biphasic	20	MOs	superficial	isoflurane	False	True
6934.591490000002	0.0003999999998995918	trials	electrical	biphasic	20	MOs	superficial	isoflurane	False	True
6938.517629999999	0.0003999999989900971	trials	electrical	biphasic	40	MOs	superficial	isoflurane	False	True
6942.6625	0.0003999999998995918	trials	electrical	biphasic	60	MOs	superficial	isoflurane	False	True
6946.81054	0.0003999999998995918	trials	electrical	biphasic	60	MOs	superficial	isoflurane	False	True
6950.989990000001	0.0003999999998995918	trials	electrical	biphasic	20	MOs	superficial	isoflurane	False	True
6955.126190000001	0.0004000000008090865	trials	electrical	biphasic	40	MOs	superficial	isoflurane	False	True
6959.5718	0.0003999999998995918	trials	electrical	biphasic	60	MOs	superficial	isoflurane	False	True
6963.28116	0.0003999999989900971	trials	electrical	biphasic	20	MOs	superficial	isoflurane	False	True
6967.490870000001	0.0003999999989900971	trials	electrical	biphasic	20	MOs	superficial	isoflurane	False	True
6971.22753	0.0003999999998995918	trials	electrical	biphasic	40	MOs	superficial	isoflurane	False	True
6974.84735	0.0003999999998995918	trials	electrical	biphasic	40	MOs	superficial	isoflurane	False	True
6978.95508	0.0003999999998995918	trials	electrical	biphasic	20	MOs	superficial	isoflurane	False	True
6982.905640000001	0.0004000000008090865	trials	electrical	biphasic	40	MOs	superficial	isoflurane	False	True
6986.86478	0.0003999999998995918	trials	electrical	biphasic	60	MOs	superficial	isoflurane	False	True
6991.02715	0.0003999999998995918	trials	electrical	biphasic	40	MOs	superficial	isoflurane	False	True
6995.29786	0.0003999999998995918	trials	electrical	biphasic	40	MOs	superficial	isoflurane	False	True
6999.1485	0.0003999999998995918	trials	electrical	biphasic	60	MOs	superficial	isoflurane	False	True
7003.31094	0.0003999999998995918	trials	electrical	biphasic	40	MOs	superficial	isoflurane	False	True
7007.22753	0.0003999999998995918	trials	electrical	biphasic	20	MOs	superficial	isoflurane	False	True
7011.56988	0.0003999999998995918	trials	electrical	biphasic	20	MOs	superficial	isoflurane	False	True
7015.90322	0.0003999999998995918	trials	electrical	biphasic	40	MOs	superficial	isoflurane	False	True
7019.66009	0.0003999999998995918	trials	electrical	biphasic	60	MOs	superficial	isoflurane	False	True
7023.77397	0.0003999999998995918	trials	electrical	biphasic	20	MOs	superficial	isoflurane	False	True
7027.856640000001	0.0003999999998995918	trials	electrical	biphasic	60	MOs	superficial	isoflurane	False	True
7031.8978	0.0003999999998995918	trials	electrical	biphasic	60	MOs	superficial	isoflurane	False	True
7036.26817	0.0003999999998995918	trials	electrical	biphasic	40	MOs	superficial	isoflurane	False	True
7040.03337	0.0003999999998995918	trials	electrical	biphasic	40	MOs	superficial	isoflurane	False	True
7043.851879999998	0.0004000000017185812	trials	electrical	biphasic	40	MOs	superficial	isoflurane	False	True
7047.47152	0.0003999999998995918	trials	electrical	biphasic	40	MOs	superficial	isoflurane	False	True
7051.9117700000015	0.0003999999998995918	trials	electrical	biphasic	60	MOs	superficial	isoflurane	False	True
7056.05775	0.0003999999998995918	trials	electrical	biphasic	40	MOs	superficial	isoflurane	False	True
7060.037640000001	0.0003999999989900971	trials	electrical	biphasic	60	MOs	superficial	isoflurane	False	True
7064.17738	0.0003999999998995918	trials	electrical	biphasic	20	MOs	superficial	isoflurane	False	True
7068.22253	0.0003999999998995918	trials	electrical	biphasic	60	MOs	superficial	isoflurane	False	True
7072.37027	0.0003999999998995918	trials	electrical	biphasic	40	MOs	superficial	isoflurane	False	True
7076.41458	0.0003999999998995918	trials	electrical	biphasic	40	MOs	superficial	isoflurane	False	True
7080.63605	0.0003999999998995918	trials	electrical	biphasic	40	MOs	superficial	isoflurane	False	True
7084.65897	0.0003999999998995918	trials	electrical	biphasic	60	MOs	superficial	isoflurane	False	True
7089.1531	0.0003999999998995918	trials	electrical	biphasic	60	MOs	superficial	isoflurane	False	True
7092.8722	0.0003999999998995918	trials	electrical	biphasic	40	MOs	superficial	isoflurane	False	True
7096.47843	0.0003999999998995918	trials	electrical	biphasic	40	MOs	superficial	isoflurane	False	True
7100.08855	0.0003999999998995918	trials	electrical	biphasic	20	MOs	superficial	isoflurane	False	True
7103.65257	0.0003999999998995918	trials	electrical	biphasic	40	MOs	superficial	isoflurane	False	True
7107.55758	0.0003999999998995918	trials	electrical	biphasic	20	MOs	superficial	isoflurane	False	True
7111.50638	0.0003999999998995918	trials	electrical	biphasic	20	MOs	superficial	isoflurane	False	True
7115.37263	0.0003999999998995918	trials	electrical	biphasic	40	MOs	superficial	isoflurane	False	True
7119.63655	0.0003999999998995918	trials	electrical	biphasic	20	MOs	superficial	isoflurane	False	True
7123.76488	0.0003999999998995918	trials	electrical	biphasic	40	MOs	superficial	isoflurane	False	True
7128.03729	0.0004000000008090865	trials	electrical	biphasic	60	MOs	superficial	isoflurane	False	True
7132.47058	0.0003999999998995918	trials	electrical	biphasic	60	MOs	superficial	isoflurane	False	True
7136.9437400000015	0.00040999999873747583	trials	electrical	biphasic	20	MOs	superficial	isoflurane	False	True
7140.63619	0.0004000000008090865	trials	electrical	biphasic	40	MOs	superficial	isoflurane	False	True
7144.275490000001	0.0003999999998995918	trials	electrical	biphasic	60	MOs	superficial	isoflurane	False	True
7148.47218	0.0003999999998995918	trials	electrical	biphasic	20	MOs	superficial	isoflurane	False	True
7152.06642	0.0003999999998995918	trials	electrical	biphasic	60	MOs	superficial	isoflurane	False	True
7156.09225	0.0003999999998995918	trials	electrical	biphasic	20	MOs	superficial	isoflurane	False	True
7160.123009999998	0.0003999999998995918	trials	electrical	biphasic	40	MOs	superficial	isoflurane	False	True
7164.484579999999	0.0003999999989900971	trials	electrical	biphasic	60	MOs	superficial	isoflurane	False	True
7168.46987	0.0004000000017185812	trials	electrical	biphasic	60	MOs	superficial	isoflurane	False	True
7172.36375	0.0003999999998995918	trials	electrical	biphasic	40	MOs	superficial	isoflurane	False	True
7176.5356200000015	0.0003999999998995918	trials	electrical	biphasic	60	MOs	superficial	isoflurane	False	True
7180.77731	0.0003999999989900971	trials	electrical	biphasic	20	MOs	superficial	isoflurane	False	True
7184.797790000001	0.0003999999989900971	trials	electrical	biphasic	60	MOs	superficial	isoflurane	False	True
7188.64594	0.0003999999998995918	trials	electrical	biphasic	40	MOs	superficial	isoflurane	False	True
7192.296359999999	0.0003999999989900971	trials	electrical	biphasic	60	MOs	superficial	isoflurane	False	True
7196.382890000001	0.0004000000008090865	trials	electrical	biphasic	20	MOs	superficial	isoflurane	False	True
7200.14545	0.0003999999998995918	trials	electrical	biphasic	60	MOs	superficial	isoflurane	False	True
7203.690329999999	0.0003999999989900971	trials	electrical	biphasic	60	MOs	superficial	isoflurane	False	True
7207.9457	0.0003999999998995918	trials	electrical	biphasic	20	MOs	superficial	isoflurane	False	True
7211.68891	0.0003999999998995918	trials	electrical	biphasic	40	MOs	superficial	isoflurane	False	True
7215.63173	0.0003999999998995918	trials	electrical	biphasic	40	MOs	superficial	isoflurane	False	True
7219.81996	0.0003999999998995918	trials	electrical	biphasic	40	MOs	superficial	isoflurane	False	True
7223.6796	0.0003999999998995918	trials	electrical	biphasic	40	MOs	superficial	isoflurane	False	True
7227.91637	0.0004000000017185812	trials	electrical	biphasic	60	MOs	superficial	isoflurane	False	True
7231.8115	0.0003999999998995918	trials	electrical	biphasic	60	MOs	superficial	isoflurane	False	True
7235.99534	0.0003999999998995918	trials	electrical	biphasic	60	MOs	superficial	isoflurane	False	True
7240.199809999999	0.0003999999998995918	trials	electrical	biphasic	60	MOs	superficial	isoflurane	False	True
7244.142540000002	0.0003999999998995918	trials	electrical	biphasic	20	MOs	superficial	isoflurane	False	True
7247.66254	0.0003999999998995918	trials	electrical	biphasic	20	MOs	superficial	isoflurane	False	True
7251.4938299999985	0.0003999999998995918	trials	electrical	biphasic	40	MOs	superficial	isoflurane	False	True
7255.41855	0.0003999999998995918	trials	electrical	biphasic	20	MOs	superficial	isoflurane	False	True
7259.189259999999	0.0003999999998995918	trials	electrical	biphasic	60	MOs	superficial	isoflurane	False	True
7262.886740000001	0.0004000000008090865	trials	electrical	biphasic	60	MOs	superficial	isoflurane	False	True
7267.208890000001	0.0004000000008090865	trials	electrical	biphasic	20	MOs	superficial	isoflurane	False	True
7271.13923	0.0003999999998995918	trials	electrical	biphasic	40	MOs	superficial	isoflurane	False	True
7275.527440000002	0.0003999999998995918	trials	electrical	biphasic	20	MOs	superficial	isoflurane	False	True
7279.41905	0.0003999999998995918	trials	electrical	biphasic	60	MOs	superficial	isoflurane	False	True
7283.6886	0.0003999999998995918	trials	electrical	biphasic	20	MOs	superficial	isoflurane	False	True
7287.58582	0.0003999999998995918	trials	electrical	biphasic	40	MOs	superficial	isoflurane	False	True
7291.89477	0.0004000000017185812	trials	electrical	biphasic	40	MOs	superficial	isoflurane	False	True
7296.15028	0.0003999999998995918	trials	electrical	biphasic	20	MOs	superficial	isoflurane	False	True
7300.0281	0.0003999999998995918	trials	electrical	biphasic	20	MOs	superficial	isoflurane	False	True
7303.74455	0.0003999999998995918	trials	electrical	biphasic	40	MOs	superficial	isoflurane	False	True
7308.035379999998	0.0003999999998995918	trials	electrical	biphasic	60	MOs	superficial	isoflurane	False	True
7312.48511	0.0003999999980806024	trials	electrical	biphasic	60	MOs	superficial	isoflurane	False	True
7316.3130900000015	0.0003999999980806024	trials	electrical	biphasic	40	MOs	superficial	isoflurane	False	True
7320.48478	0.0003999999998995918	trials	electrical	biphasic	20	MOs	superficial	isoflurane	False	True
7324.42384	0.0003999999998995918	trials	electrical	biphasic	20	MOs	superficial	isoflurane	False	True
7328.75777	0.0003999999998995918	trials	electrical	biphasic	40	MOs	superficial	isoflurane	False	True
7333.0270599999985	0.0003999999998995918	trials	electrical	biphasic	40	MOs	superficial	isoflurane	False	True
7336.69475	0.0003999999998995918	trials	electrical	biphasic	20	MOs	superficial	isoflurane	False	True
7341.05715	0.0004000000008090865	trials	electrical	biphasic	40	MOs	superficial	isoflurane	False	True
7345.54746	0.0003999999998995918	trials	electrical	biphasic	60	MOs	superficial	isoflurane	False	True
7349.562309999998	0.0003999999998995918	trials	electrical	biphasic	20	MOs	superficial	isoflurane	False	True
7353.94702	0.0004000000008090865	trials	electrical	biphasic	60	MOs	superficial	isoflurane	False	True
7358.035470000002	0.0003999999998995918	trials	electrical	biphasic	40	MOs	superficial	isoflurane	False	True
7361.69065	0.0004000000008090865	trials	electrical	biphasic	40	MOs	superficial	isoflurane	False	True
7365.39094	0.0004000000008090865	trials	electrical	biphasic	60	MOs	superficial	isoflurane	False	True
7369.29832	0.0004000000017185812	trials	electrical	biphasic	40	MOs	superficial	isoflurane	False	True
7373.54745	0.0003999999998995918	trials	electrical	biphasic	60	MOs	superficial	isoflurane	False	True
7377.87346	0.0003999999998995918	trials	electrical	biphasic	20	MOs	superficial	isoflurane	False	True
7382.16385	0.0003999999998995918	trials	electrical	biphasic	40	MOs	superficial	isoflurane	False	True
7385.982790000001	0.0003999999998995918	trials	electrical	biphasic	20	MOs	superficial	isoflurane	False	True
7390.01728	0.0003999999998995918	trials	electrical	biphasic	40	MOs	superficial	isoflurane	False	True
7393.60766	0.0003999999998995918	trials	electrical	biphasic	60	MOs	superficial	isoflurane	False	True
7397.219790000001	0.0003999999998995918	trials	electrical	biphasic	40	MOs	superficial	isoflurane	False	True
7400.85651	0.0003999999980806024	trials	electrical	biphasic	60	MOs	superficial	isoflurane	False	True
7405.0356	0.0003999999998995918	trials	electrical	biphasic	20	MOs	superficial	isoflurane	False	True
7409.0312	0.00040999999873747583	trials	electrical	biphasic	20	MOs	superficial	isoflurane	False	True
7412.72135	0.0003999999998995918	trials	electrical	biphasic	20	MOs	superficial	isoflurane	False	True
7416.71678	0.0003999999998995918	trials	electrical	biphasic	20	MOs	superficial	isoflurane	False	True
7420.3648	0.0003999999998995918	trials	electrical	biphasic	60	MOs	superficial	isoflurane	False	True
7423.9202	0.0004000000008090865	trials	electrical	biphasic	60	MOs	superficial	isoflurane	False	True
7428.27135	0.0003999999998995918	trials	electrical	biphasic	60	MOs	superficial	isoflurane	False	True
7432.332340000001	0.0004000000008090865	trials	electrical	biphasic	60	MOs	superficial	isoflurane	False	True
7436.76237	0.0003999999998995918	trials	electrical	biphasic	20	MOs	superficial	isoflurane	False	True
7440.959459999999	0.0003999999998995918	trials	electrical	biphasic	60	MOs	superficial	isoflurane	False	True
7445.04269	0.0004000000008090865	trials	electrical	biphasic	20	MOs	superficial	isoflurane	False	True
7449.358509999999	0.0003999999998995918	trials	electrical	biphasic	60	MOs	superficial	isoflurane	False	True
7453.737959999998	0.0004000000008090865	trials	electrical	biphasic	60	MOs	superficial	isoflurane	False	True
7458.227309999998	0.0004000000008090865	trials	electrical	biphasic	40	MOs	superficial	isoflurane	False	True
7461.728259999999	0.0004000000008090865	trials	electrical	biphasic	20	MOs	superficial	isoflurane	False	True
7466.094129999998	0.0004000000008090865	trials	electrical	biphasic	20	MOs	superficial	isoflurane	False	True
7470.2071099999985	0.0003999999998995918	trials	electrical	biphasic	60	MOs	superficial	isoflurane	False	True
7474.6975	0.0003999999998995918	trials	electrical	biphasic	60	MOs	superficial	isoflurane	False	True
7478.725609999998	0.0004000000008090865	trials	electrical	biphasic	20	MOs	superficial	isoflurane	False	True
7482.7055599999985	0.0003999999998995918	trials	electrical	biphasic	60	MOs	superficial	isoflurane	False	True
7487.007329999998	0.0004000000008090865	trials	electrical	biphasic	20	MOs	superficial	isoflurane	False	True
7490.73559	0.0004000000008090865	trials	electrical	biphasic	20	MOs	superficial	isoflurane	False	True
7494.73412	0.0003999999998995918	trials	electrical	biphasic	40	MOs	superficial	isoflurane	False	True
7499.135409999999	0.0004000000008090865	trials	electrical	biphasic	60	MOs	superficial	isoflurane	False	True
7503.21049	0.00040999999964697054	trials	electrical	biphasic	60	MOs	superficial	isoflurane	False	True
7507.5561	0.0003999999998995918	trials	electrical	biphasic	60	MOs	superficial	isoflurane	False	True
7511.79517	0.0003999999998995918	trials	electrical	biphasic	60	MOs	superficial	isoflurane	False	True
7515.881579999998	0.0004000000017185812	trials	electrical	biphasic	60	MOs	superficial	isoflurane	False	True
7519.62875	0.0003999999998995918	trials	electrical	biphasic	40	MOs	superficial	isoflurane	False	True
7523.7955900000015	0.0003999999980806024	trials	electrical	biphasic	60	MOs	superficial	isoflurane	False	True
7527.3795	0.0003999999998995918	trials	electrical	biphasic	20	MOs	superficial	isoflurane	False	True
7531.50589	0.0003999999998995918	trials	electrical	biphasic	60	MOs	superficial	isoflurane	False	True
7535.66725	0.0003999999998995918	trials	electrical	biphasic	40	MOs	superficial	isoflurane	False	True
7539.897440000002	0.0003999999980806024	trials	electrical	biphasic	20	MOs	superficial	isoflurane	False	True
7544.28863	0.0003999999998995918	trials	electrical	biphasic	20	MOs	superficial	isoflurane	False	True
7548.77136	0.0003999999998995918	trials	electrical	biphasic	20	MOs	superficial	isoflurane	False	True
7553.040809999998	0.0004000000008090865	trials	electrical	biphasic	20	MOs	superficial	isoflurane	False	True
7557.122679999998	0.0004000000008090865	trials	electrical	biphasic	20	MOs	superficial	isoflurane	False	True
7561.551429999998	0.0004000000008090865	trials	electrical	biphasic	20	MOs	superficial	isoflurane	False	True
7565.63195	0.0003999999998995918	trials	electrical	biphasic	20	MOs	superficial	isoflurane	False	True
7569.1493599999985	0.0003999999998995918	trials	electrical	biphasic	40	MOs	superficial	isoflurane	False	True
7572.770640000002	0.0003999999980806024	trials	electrical	biphasic	40	MOs	superficial	isoflurane	False	True
7577.133790000001	0.0004000000008090865	trials	electrical	biphasic	60	MOs	superficial	isoflurane	False	True
7581.11852	0.0003999999998995918	trials	electrical	biphasic	20	MOs	superficial	isoflurane	False	True
7585.463809999998	0.0004000000008090865	trials	electrical	biphasic	40	MOs	superficial	isoflurane	False	True
7589.173629999998	0.0004000000017185812	trials	electrical	biphasic	40	MOs	superficial	isoflurane	False	True
7593.22636	0.0003999999998995918	trials	electrical	biphasic	20	MOs	superficial	isoflurane	False	True
7597.35667	0.0003999999998995918	trials	electrical	biphasic	20	MOs	superficial	isoflurane	False	True
7600.8890900000015	0.0003999999980806024	trials	electrical	biphasic	40	MOs	superficial	isoflurane	False	True
7605.00424	0.0004000000008090865	trials	electrical	biphasic	20	MOs	superficial	isoflurane	False	True
7608.867090000002	0.0003999999980806024	trials	electrical	biphasic	60	MOs	superficial	isoflurane	False	True
7612.41705	0.0003999999998995918	trials	electrical	biphasic	40	MOs	superficial	isoflurane	False	True
7616.40706	0.0003999999989900971	trials	electrical	biphasic	20	MOs	superficial	isoflurane	False	True
7620.1	0.0003999999998995918	trials	electrical	biphasic	60	MOs	superficial	isoflurane	False	True
7623.72351	0.0003999999998995918	trials	electrical	biphasic	60	MOs	superficial	isoflurane	False	True
7627.42943	0.0003999999998995918	trials	electrical	biphasic	60	MOs	superficial	isoflurane	False	True
7631.076379999998	0.0004000000008090865	trials	electrical	biphasic	60	MOs	superficial	isoflurane	False	True
7634.76588	0.0003999999998995918	trials	electrical	biphasic	40	MOs	superficial	isoflurane	False	True
7638.30897	0.0003999999998995918	trials	electrical	biphasic	20	MOs	superficial	isoflurane	False	True
7642.444590000001	0.0003999999998995918	trials	electrical	biphasic	20	MOs	superficial	isoflurane	False	True
7646.226879999998	0.0004000000017185812	trials	electrical	biphasic	40	MOs	superficial	isoflurane	False	True
7650.265909999999	0.0003999999998995918	trials	electrical	biphasic	60	MOs	superficial	isoflurane	False	True
7654.4614900000015	0.0003999999980806024	trials	electrical	biphasic	40	MOs	superficial	isoflurane	False	True
7658.461040000001	0.0003999999998995918	trials	electrical	biphasic	60	MOs	superficial	isoflurane	False	True
7662.49727	0.0004000000017185812	trials	electrical	biphasic	40	MOs	superficial	isoflurane	False	True
7666.44288	0.0003999999980806024	trials	electrical	biphasic	20	MOs	superficial	isoflurane	False	True
7670.06724	0.0003999999998995918	trials	electrical	biphasic	60	MOs	superficial	isoflurane	False	True
7674.05803	0.0003999999998995918	trials	electrical	biphasic	20	MOs	superficial	isoflurane	False	True
7678.411459999998	0.0003999999998995918	trials	electrical	biphasic	20	MOs	superficial	isoflurane	False	True
7682.7858099999985	0.0003999999998995918	trials	electrical	biphasic	60	MOs	superficial	isoflurane	False	True
7686.55653	0.0003999999998995918	trials	electrical	biphasic	20	MOs	superficial	isoflurane	False	True
7690.2654200000015	0.0003999999980806024	trials	electrical	biphasic	40	MOs	superficial	isoflurane	False	True
7694.33082	0.0003999999998995918	trials	electrical	biphasic	20	MOs	superficial	isoflurane	False	True
7698.4715700000015	0.0003999999980806024	trials	electrical	biphasic	40	MOs	superficial	isoflurane	False	True
7702.38902	0.0004000000008090865	trials	electrical	biphasic	60	MOs	superficial	isoflurane	False	True
7706.0954200000015	0.0003999999980806024	trials	electrical	biphasic	40	MOs	superficial	isoflurane	False	True
7710.5437900000015	0.0003999999980806024	trials	electrical	biphasic	40	MOs	superficial	isoflurane	False	True
7714.1263	0.0003999999998995918	trials	electrical	biphasic	40	MOs	superficial	isoflurane	False	True
7717.73242	0.0003999999998995918	trials	electrical	biphasic	60	MOs	superficial	isoflurane	False	True
7721.374890000001	0.0003999999998995918	trials	electrical	biphasic	60	MOs	superficial	isoflurane	False	True
7725.041770000002	0.0003999999998995918	trials	electrical	biphasic	20	MOs	superficial	isoflurane	False	True
7729.163159999999	0.0003999999998995918	trials	electrical	biphasic	60	MOs	superficial	isoflurane	False	True
7733.237309999998	0.0004000000008090865	trials	electrical	biphasic	40	MOs	superficial	isoflurane	False	True
7736.789809999998	0.0004000000008090865	trials	electrical	biphasic	40	MOs	superficial	isoflurane	False	True
7741.22144	0.0003999999998995918	trials	electrical	biphasic	60	MOs	superficial	isoflurane	False	True
7745.45053	0.0003999999998995918	trials	electrical	biphasic	60	MOs	superficial	isoflurane	False	True
7749.6888	0.0003999999998995918	trials	electrical	biphasic	40	MOs	superficial	isoflurane	False	True
7753.25262	0.0003999999998995918	trials	electrical	biphasic	20	MOs	superficial	isoflurane	False	True
7757.613490000002	0.0003999999980806024	trials	electrical	biphasic	40	MOs	superficial	isoflurane	False	True
7762.04832	0.0004000000017185812	trials	electrical	biphasic	60	MOs	superficial	isoflurane	False	True
7766.53315	0.0003999999998995918	trials	electrical	biphasic	20	MOs	superficial	isoflurane	False	True
7770.89252	0.0003999999998995918	trials	electrical	biphasic	20	MOs	superficial	isoflurane	False	True
7775.17851	0.0003999999998995918	trials	electrical	biphasic	20	MOs	superficial	isoflurane	False	True
7779.19232	0.0003999999998995918	trials	electrical	biphasic	20	MOs	superficial	isoflurane	False	True
7782.87034	0.0003999999998995918	trials	electrical	biphasic	60	MOs	superficial	isoflurane	False	True
7786.76935	0.0004000000008090865	trials	electrical	biphasic	40	MOs	superficial	isoflurane	False	True
7790.40371	0.0003999999980806024	trials	electrical	biphasic	60	MOs	superficial	isoflurane	False	True
7793.93504	0.0003999999998995918	trials	electrical	biphasic	20	MOs	superficial	isoflurane	False	True
7798.37461	0.0003999999998995918	trials	electrical	biphasic	40	MOs	superficial	isoflurane	False	True
7802.176329999998	0.0004000000017185812	trials	electrical	biphasic	20	MOs	superficial	isoflurane	False	True
7805.9723	0.0003999999998995918	trials	electrical	biphasic	20	MOs	superficial	isoflurane	False	True
7809.805659999999	0.0003999999998995918	trials	electrical	biphasic	40	MOs	superficial	isoflurane	False	True
7813.77315	0.0003999999998995918	trials	electrical	biphasic	40	MOs	superficial	isoflurane	False	True
7817.92178	0.0003999999998995918	trials	electrical	biphasic	60	MOs	superficial	isoflurane	False	True
7821.44742	0.0003999999998995918	trials	electrical	biphasic	40	MOs	superficial	isoflurane	False	True
7825.79005	0.0004000000008090865	trials	electrical	biphasic	20	MOs	superficial	isoflurane	False	True
7829.849520000002	0.0003999999998995918	trials	electrical	biphasic	60	MOs	superficial	isoflurane	False	True
7834.20405	0.0003999999998995918	trials	electrical	biphasic	40	MOs	superficial	isoflurane	False	True
7838.05235	0.0003999999998995918	trials	electrical	biphasic	20	MOs	superficial	isoflurane	False	True
7841.9988	0.0003999999998995918	trials	electrical	biphasic	20	MOs	superficial	isoflurane	False	True
7845.553459999999	0.0003999999998995918	trials	electrical	biphasic	20	MOs	superficial	isoflurane	False	True
7849.230990000001	0.0003999999998995918	trials	electrical	biphasic	20	MOs	superficial	isoflurane	False	True
7853.39422	0.0003999999998995918	trials	electrical	biphasic	20	MOs	superficial	isoflurane	False	True
7857.22546	0.0003999999998995918	trials	electrical	biphasic	40	MOs	superficial	isoflurane	False	True
7861.62437	0.0003999999998995918	trials	electrical	biphasic	60	MOs	superficial	isoflurane	False	True
7865.24296	0.0003999999980806024	trials	electrical	biphasic	20	MOs	superficial	isoflurane	False	True
7869.731809999998	0.0004000000008090865	trials	electrical	biphasic	20	MOs	superficial	isoflurane	False	True
7873.772209999999	0.0003999999998995918	trials	electrical	biphasic	60	MOs	superficial	isoflurane	False	True
7877.97956	0.0003999999998995918	trials	electrical	biphasic	60	MOs	superficial	isoflurane	False	True
7882.4794900000015	0.0003999999980806024	trials	electrical	biphasic	40	MOs	superficial	isoflurane	False	True
7886.26776	0.0003999999998995918	trials	electrical	biphasic	60	MOs	superficial	isoflurane	False	True
7890.182709999999	0.0003999999998995918	trials	electrical	biphasic	60	MOs	superficial	isoflurane	False	True
7894.14797	0.0003999999998995918	trials	electrical	biphasic	60	MOs	superficial	isoflurane	False	True
7898.412359999998	0.0003999999998995918	trials	electrical	biphasic	20	MOs	superficial	isoflurane	False	True
7902.730990000001	0.0003999999998995918	trials	electrical	biphasic	60	MOs	superficial	isoflurane	False	True
