onset	duration	nwb_table	stimulus_type	stimulus_description	estim_current	estim_target_region	estim_target_depth	behavioral_epoch	is_running	is_valid
82.58399	0.00039999999999906777	trials	electrical	biphasic	70	MOs	deep	awake	False	True
86.48836999999996	0.00040000000004170033	trials	electrical	biphasic	50	MOs	deep	awake	True	True
90.16804	0.00039999999999906777	trials	electrical	biphasic	50	MOs	deep	awake	True	True
94.63739	0.00039999999999906777	trials	electrical	biphasic	50	MOs	deep	awake	True	True
98.54527	0.00039999999999906777	trials	electrical	biphasic	50	MOs	deep	awake	True	True
102.89018	0.00039999999999906777	trials	electrical	biphasic	70	MOs	deep	awake	True	True
107.00593	0.00039999999999906777	trials	electrical	biphasic	70	MOs	deep	awake	True	True
110.88297	0.00039999999999906777	trials	electrical	biphasic	90	MOs	deep	awake	False	True
115.26058	0.00039999999999906777	trials	electrical	biphasic	50	MOs	deep	awake	False	True
119.54587	0.0004000000000132786	trials	electrical	biphasic	70	MOs	deep	awake	False	True
123.51125	0.00039999999999906777	trials	electrical	biphasic	50	MOs	deep	awake	False	True
127.82566	0.00039999999999906777	trials	electrical	biphasic	90	MOs	deep	awake	False	True
132.22453000000002	0.0003999999999848569	trials	electrical	biphasic	50	MOs	deep	awake	False	True
136.15419	0.0003999999999848569	trials	electrical	biphasic	90	MOs	deep	awake	False	True
139.98894	0.0003999999999848569	trials	electrical	biphasic	70	MOs	deep	awake	False	True
144.08601000000004	0.0003999999999564352	trials	electrical	biphasic	90	MOs	deep	awake	False	True
148.48843	0.0004000000000132786	trials	electrical	biphasic	90	MOs	deep	awake	False	True
152.69092	0.0003999999999848569	trials	electrical	biphasic	50	MOs	deep	awake	False	True
156.56881	0.0003999999999848569	trials	electrical	biphasic	50	MOs	deep	awake	False	True
160.80418999999995	0.00040000000004170033	trials	electrical	biphasic	70	MOs	deep	awake	False	True
165.25871999999995	0.00040000000004170033	trials	electrical	biphasic	70	MOs	deep	awake	False	True
169.30196999999995	0.00040000000004170033	trials	electrical	biphasic	70	MOs	deep	awake	False	True
173.3425	0.0003999999999848569	trials	electrical	biphasic	90	MOs	deep	awake	True	True
177.15403999999995	0.00040000000004170033	trials	electrical	biphasic	70	MOs	deep	awake	True	True
180.7257	0.0004000000000132786	trials	electrical	biphasic	50	MOs	deep	awake	True	True
184.40811	0.0004000000000132786	trials	electrical	biphasic	90	MOs	deep	awake	True	True
188.00151	0.0004000000000132786	trials	electrical	biphasic	50	MOs	deep	awake	True	True
191.96542	0.0004000000000132786	trials	electrical	biphasic	90	MOs	deep	awake	True	True
195.47518	0.0004000000000132786	trials	electrical	biphasic	50	MOs	deep	awake	True	True
199.89063	0.0004000000000132786	trials	electrical	biphasic	50	MOs	deep	awake	True	True
204.03379	0.0003999999999848569	trials	electrical	biphasic	90	MOs	deep	awake	True	True
207.53564	0.0004000000000132786	trials	electrical	biphasic	70	MOs	deep	awake	True	True
211.06644	0.0004000000000132786	trials	electrical	biphasic	70	MOs	deep	awake	True	True
214.77534	0.0004000000000132786	trials	electrical	biphasic	70	MOs	deep	awake	True	True
218.73073	0.0004000000000132786	trials	electrical	biphasic	70	MOs	deep	awake	False	True
222.35841	0.0004000000000132786	trials	electrical	biphasic	50	MOs	deep	awake	False	True
225.86747000000005	0.0003999999999564352	trials	electrical	biphasic	50	MOs	deep	awake	False	True
230.09498	0.0004000000000132786	trials	electrical	biphasic	50	MOs	deep	awake	False	True
233.94953	0.0003999999999848569	trials	electrical	biphasic	90	MOs	deep	awake	False	True
238.23039	0.0004000000000132786	trials	electrical	biphasic	90	MOs	deep	awake	True	True
242.16748	0.0003999999999848569	trials	electrical	biphasic	50	MOs	deep	awake	True	True
246.10446	0.0004000000000132786	trials	electrical	biphasic	90	MOs	deep	awake	True	True
249.65411	0.0003999999999848569	trials	electrical	biphasic	70	MOs	deep	awake	True	True
253.20417	0.0003999999999848569	trials	electrical	biphasic	50	MOs	deep	awake	True	True
256.79569	0.0004000000000132786	trials	electrical	biphasic	70	MOs	deep	awake	True	True
260.89016000000004	0.0003999999999564352	trials	electrical	biphasic	70	MOs	deep	awake	True	True
264.63166	0.0004000000000132786	trials	electrical	biphasic	90	MOs	deep	awake	True	True
268.97345	0.0004000000000132786	trials	electrical	biphasic	50	MOs	deep	awake	True	True
273.3311	0.0004000000000132786	trials	electrical	biphasic	50	MOs	deep	awake	True	True
277.79515	0.0004000000000132786	trials	electrical	biphasic	50	MOs	deep	awake	False	True
281.78447	0.0004000000000132786	trials	electrical	biphasic	90	MOs	deep	awake	False	True
285.50522	0.0004000000000132786	trials	electrical	biphasic	50	MOs	deep	awake	False	True
289.23184	0.0004000000000132786	trials	electrical	biphasic	90	MOs	deep	awake	False	True
293.26905	0.0004000000000132786	trials	electrical	biphasic	70	MOs	deep	awake	False	True
297.5316	0.0003999999999564352	trials	electrical	biphasic	70	MOs	deep	awake	False	True
301.37958	0.0004000000000132786	trials	electrical	biphasic	50	MOs	deep	awake	True	True
305.34125	0.0004000000000132786	trials	electrical	biphasic	70	MOs	deep	awake	True	True
309.48099	0.0003999999999564352	trials	electrical	biphasic	90	MOs	deep	awake	True	True
313.89876	0.0004000000000132786	trials	electrical	biphasic	90	MOs	deep	awake	True	True
317.56076	0.00040000000007012204	trials	electrical	biphasic	50	MOs	deep	awake	True	True
321.77683	0.0003999999999564352	trials	electrical	biphasic	70	MOs	deep	awake	False	True
325.855	0.0003999999999564352	trials	electrical	biphasic	50	MOs	deep	awake	False	True
329.78872	0.0004000000000132786	trials	electrical	biphasic	50	MOs	deep	awake	True	True
334.17339	0.0004000000000132786	trials	electrical	biphasic	70	MOs	deep	awake	True	True
338.06688	0.0003999999999564352	trials	electrical	biphasic	50	MOs	deep	awake	True	True
341.74628	0.0004000000000132786	trials	electrical	biphasic	90	MOs	deep	awake	True	True
345.88005	0.0004000000000132786	trials	electrical	biphasic	70	MOs	deep	awake	True	True
350.00447	0.00040000000007012204	trials	electrical	biphasic	90	MOs	deep	awake	True	True
353.83284	0.0004000000000132786	trials	electrical	biphasic	50	MOs	deep	awake	True	True
358.13622999999984	0.0004000000001838089	trials	electrical	biphasic	70	MOs	deep	awake	True	True
362.63613	0.0004000000000132786	trials	electrical	biphasic	50	MOs	deep	awake	True	True
367.11754	0.0003999999999564352	trials	electrical	biphasic	90	MOs	deep	awake	True	True
370.74501	0.0004000000000132786	trials	electrical	biphasic	70	MOs	deep	awake	True	True
374.47767000000016	0.00039999999984274837	trials	electrical	biphasic	90	MOs	deep	awake	False	True
378.00173	0.0004000000000132786	trials	electrical	biphasic	90	MOs	deep	awake	False	True
382.1096	0.0004000000000132786	trials	electrical	biphasic	90	MOs	deep	awake	True	True
385.72082	0.0004000000000132786	trials	electrical	biphasic	70	MOs	deep	awake	True	True
389.62871	0.0004000000000132786	trials	electrical	biphasic	90	MOs	deep	awake	True	True
394.01322000000016	0.00039999999984274837	trials	electrical	biphasic	90	MOs	deep	awake	True	True
398.06178	0.0004000000000132786	trials	electrical	biphasic	50	MOs	deep	awake	True	True
401.93121	0.0003999999999564352	trials	electrical	biphasic	50	MOs	deep	awake	True	True
405.63997	0.0004000000000132786	trials	electrical	biphasic	50	MOs	deep	awake	True	True
409.58133	0.0004000000000132786	trials	electrical	biphasic	70	MOs	deep	awake	True	True
414.03796	0.0004000000000132786	trials	electrical	biphasic	50	MOs	deep	awake	True	True
417.66241	0.0003999999999564352	trials	electrical	biphasic	70	MOs	deep	awake	True	True
421.63359	0.0003999999999564352	trials	electrical	biphasic	90	MOs	deep	awake	True	True
425.99092	0.0003999999999564352	trials	electrical	biphasic	70	MOs	deep	awake	True	True
429.53474000000006	0.0003999999999564352	trials	electrical	biphasic	70	MOs	deep	awake	False	True
433.7267900000001	0.0003999999999564352	trials	electrical	biphasic	50	MOs	deep	awake	True	True
438.2062	0.0003999999999564352	trials	electrical	biphasic	70	MOs	deep	awake	True	True
441.98988	0.0003999999999564352	trials	electrical	biphasic	70	MOs	deep	awake	True	True
445.62409	0.0003999999999564352	trials	electrical	biphasic	50	MOs	deep	awake	True	True
449.80979	0.0003999999999564352	trials	electrical	biphasic	70	MOs	deep	awake	True	True
454.21968	0.0004000000000132786	trials	electrical	biphasic	90	MOs	deep	awake	True	True
458.33097	0.0004000000000132786	trials	electrical	biphasic	70	MOs	deep	awake	True	True
462.73137	0.0003999999999564352	trials	electrical	biphasic	90	MOs	deep	awake	True	True
466.42524	0.0004000000000132786	trials	electrical	biphasic	50	MOs	deep	awake	True	True
470.68009000000006	0.0003999999999564352	trials	electrical	biphasic	50	MOs	deep	awake	True	True
474.52677	0.0004000000000132786	trials	electrical	biphasic	90	MOs	deep	awake	True	True
478.44582	0.0003999999999564352	trials	electrical	biphasic	50	MOs	deep	awake	True	True
482.10196	0.0003999999999564352	trials	electrical	biphasic	50	MOs	deep	awake	True	True
486.42139	0.0004000000000132786	trials	electrical	biphasic	90	MOs	deep	awake	True	True
490.54673	0.0003999999999564352	trials	electrical	biphasic	50	MOs	deep	awake	True	True
494.78572	0.0003999999999564352	trials	electrical	biphasic	70	MOs	deep	awake	True	True
499.09127	0.0004000000000132786	trials	electrical	biphasic	70	MOs	deep	awake	True	True
502.65890999999993	0.00040000000007012204	trials	electrical	biphasic	90	MOs	deep	awake	True	True
507.11014000000006	0.0003999999999564352	trials	electrical	biphasic	70	MOs	deep	awake	True	True
511.1081400000001	0.0003999999999564352	trials	electrical	biphasic	70	MOs	deep	awake	True	True
515.36371	0.0004000000000132786	trials	electrical	biphasic	70	MOs	deep	awake	True	True
519.60654	0.0004000000000132786	trials	electrical	biphasic	90	MOs	deep	awake	True	True
523.9381099999998	0.00040000000012696546	trials	electrical	biphasic	70	MOs	deep	awake	True	True
527.59503	0.0004000000000132786	trials	electrical	biphasic	90	MOs	deep	awake	True	True
531.55275	0.0004000000000132786	trials	electrical	biphasic	50	MOs	deep	awake	True	True
535.67128	0.0004000000000132786	trials	electrical	biphasic	50	MOs	deep	awake	True	True
540.1038900000002	0.00039999999978590495	trials	electrical	biphasic	90	MOs	deep	awake	True	True
544.4394	0.0004000000000132786	trials	electrical	biphasic	90	MOs	deep	awake	True	True
548.83524	0.0004000000000132786	trials	electrical	biphasic	90	MOs	deep	awake	True	True
552.91819	0.0004000000000132786	trials	electrical	biphasic	70	MOs	deep	awake	True	True
557.00136	0.0004000000000132786	trials	electrical	biphasic	70	MOs	deep	awake	True	True
561.3567	0.0003999999998995918	trials	electrical	biphasic	50	MOs	deep	awake	True	True
564.8919900000002	0.0004000000000132786	trials	electrical	biphasic	90	MOs	deep	awake	True	True
569.2778400000002	0.00039999999978590495	trials	electrical	biphasic	70	MOs	deep	awake	True	True
573.186	0.0004000000000132786	trials	electrical	biphasic	70	MOs	deep	awake	True	True
576.7228	0.0004000000000132786	trials	electrical	biphasic	90	MOs	deep	awake	True	True
580.96937	0.0004000000000132786	trials	electrical	biphasic	90	MOs	deep	awake	True	True
584.62461	0.0004000000000132786	trials	electrical	biphasic	50	MOs	deep	awake	True	True
588.26894	0.0004000000000132786	trials	electrical	biphasic	50	MOs	deep	awake	True	True
592.37532	0.0004000000000132786	trials	electrical	biphasic	70	MOs	deep	awake	True	True
596.13023	0.0004000000000132786	trials	electrical	biphasic	70	MOs	deep	awake	True	True
599.95481	0.0004000000000132786	trials	electrical	biphasic	90	MOs	deep	awake	False	True
603.85704	0.0004000000000132786	trials	electrical	biphasic	70	MOs	deep	awake	True	True
607.7638400000002	0.0004000000000132786	trials	electrical	biphasic	50	MOs	deep	awake	True	True
611.65047	0.0004000000000132786	trials	electrical	biphasic	90	MOs	deep	awake	True	True
615.7606900000002	0.0004000000000132786	trials	electrical	biphasic	50	MOs	deep	awake	True	True
619.42801	0.0004100000002154047	trials	electrical	biphasic	90	MOs	deep	awake	False	True
623.11654	0.0004000000000132786	trials	electrical	biphasic	50	MOs	deep	awake	True	True
626.71158	0.00039999999978590495	trials	electrical	biphasic	70	MOs	deep	awake	True	True
630.5351900000003	0.0003999999998995918	trials	electrical	biphasic	70	MOs	deep	awake	True	True
634.80521	0.0004000000000132786	trials	electrical	biphasic	50	MOs	deep	awake	True	True
638.53976	0.0004000000000132786	trials	electrical	biphasic	90	MOs	deep	awake	True	True
642.7805400000002	0.00039999999978590495	trials	electrical	biphasic	50	MOs	deep	awake	True	True
646.97379	0.0004000000000132786	trials	electrical	biphasic	70	MOs	deep	awake	True	True
651.2983	0.0004000000000132786	trials	electrical	biphasic	70	MOs	deep	awake	True	True
655.62671	0.0004000000000132786	trials	electrical	biphasic	90	MOs	deep	awake	True	True
659.4204900000002	0.00039999999978590495	trials	electrical	biphasic	50	MOs	deep	awake	True	True
663.23027	0.0004000000000132786	trials	electrical	biphasic	90	MOs	deep	awake	True	True
667.25374	0.0004000000000132786	trials	electrical	biphasic	70	MOs	deep	awake	True	True
671.0794599999998	0.0004000000000132786	trials	electrical	biphasic	50	MOs	deep	awake	True	True
675.41173	0.00039999999978590495	trials	electrical	biphasic	50	MOs	deep	awake	True	True
679.72246	0.0004000000000132786	trials	electrical	biphasic	90	MOs	deep	awake	False	True
683.77989	0.0004000000000132786	trials	electrical	biphasic	50	MOs	deep	awake	False	True
687.54327	0.0004000000000132786	trials	electrical	biphasic	70	MOs	deep	awake	True	True
691.72426	0.0004000000000132786	trials	electrical	biphasic	70	MOs	deep	awake	True	True
695.45834	0.0004000000000132786	trials	electrical	biphasic	50	MOs	deep	awake	True	True
699.41518	0.0004000000000132786	trials	electrical	biphasic	90	MOs	deep	awake	True	True
703.30017	0.0004000000000132786	trials	electrical	biphasic	90	MOs	deep	awake	False	True
707.3392	0.0004000000000132786	trials	electrical	biphasic	50	MOs	deep	awake	False	True
711.83132	0.0004000000000132786	trials	electrical	biphasic	50	MOs	deep	awake	False	True
716.0869700000003	0.0003999999996722181	trials	electrical	biphasic	50	MOs	deep	awake	True	True
720.56786	0.0004000000000132786	trials	electrical	biphasic	70	MOs	deep	awake	True	True
724.30306	0.0004000000000132786	trials	electrical	biphasic	90	MOs	deep	awake	True	True
728.33205	0.0004000000000132786	trials	electrical	biphasic	90	MOs	deep	awake	True	True
731.88391	0.0003999999996722181	trials	electrical	biphasic	70	MOs	deep	awake	True	True
736.14122	0.0004000000000132786	trials	electrical	biphasic	50	MOs	deep	awake	True	True
740.2436299999997	0.0004000000002406523	trials	electrical	biphasic	50	MOs	deep	awake	True	True
744.6012099999997	0.0004000000000132786	trials	electrical	biphasic	70	MOs	deep	awake	True	True
749.08992	0.0004000000000132786	trials	electrical	biphasic	50	MOs	deep	awake	True	True
753.51983	0.0004000000000132786	trials	electrical	biphasic	50	MOs	deep	awake	True	True
757.42977	0.0004000000000132786	trials	electrical	biphasic	90	MOs	deep	awake	True	True
760.9305400000003	0.0004000000000132786	trials	electrical	biphasic	50	MOs	deep	awake	True	True
764.97184	0.0004000000000132786	trials	electrical	biphasic	70	MOs	deep	awake	False	True
768.6800099999997	0.0004000000000132786	trials	electrical	biphasic	70	MOs	deep	awake	False	True
772.3997099999997	0.0004000000000132786	trials	electrical	biphasic	90	MOs	deep	awake	False	True
776.22593	0.0004000000000132786	trials	electrical	biphasic	50	MOs	deep	awake	False	True
779.8223	0.0004000000000132786	trials	electrical	biphasic	90	MOs	deep	awake	False	True
784.07026	0.0004000000000132786	trials	electrical	biphasic	90	MOs	deep	awake	True	True
788.31919	0.0004000000002406523	trials	electrical	biphasic	90	MOs	deep	awake	True	True
792.36292	0.0004000000000132786	trials	electrical	biphasic	90	MOs	deep	awake	True	True
796.20148	0.0004000000000132786	trials	electrical	biphasic	90	MOs	deep	awake	True	True
800.53425	0.0004000000000132786	trials	electrical	biphasic	50	MOs	deep	awake	True	True
804.58726	0.0003999999996722181	trials	electrical	biphasic	50	MOs	deep	awake	False	True
809.04522	0.0004000000000132786	trials	electrical	biphasic	70	MOs	deep	awake	True	True
813.43849	0.0004000000000132786	trials	electrical	biphasic	90	MOs	deep	awake	True	True
817.29542	0.0004000000000132786	trials	electrical	biphasic	90	MOs	deep	awake	False	True
821.3422400000003	0.0004000000000132786	trials	electrical	biphasic	70	MOs	deep	awake	False	True
825.18935	0.0004000000000132786	trials	electrical	biphasic	70	MOs	deep	awake	False	True
829.31257	0.0004000000002406523	trials	electrical	biphasic	50	MOs	deep	awake	False	True
833.6096200000003	0.0003999999996722181	trials	electrical	biphasic	70	MOs	deep	awake	False	True
837.85593	0.0004000000000132786	trials	electrical	biphasic	50	MOs	deep	awake	False	True
841.48189	0.0004000000000132786	trials	electrical	biphasic	70	MOs	deep	awake	False	True
845.80472	0.0003999999998995918	trials	electrical	biphasic	50	MOs	deep	awake	False	True
849.3303	0.0004000000000132786	trials	electrical	biphasic	50	MOs	deep	awake	False	True
853.24515	0.0004000000000132786	trials	electrical	biphasic	90	MOs	deep	awake	False	True
857.4769699999997	0.0004000000002406523	trials	electrical	biphasic	50	MOs	deep	awake	True	True
861.7587800000001	0.0004000000000132786	trials	electrical	biphasic	50	MOs	deep	awake	True	True
865.6264800000001	0.0003999999998995918	trials	electrical	biphasic	90	MOs	deep	awake	True	True
869.87177	0.0003999999998995918	trials	electrical	biphasic	70	MOs	deep	awake	True	True
874.26446	0.0004000000000132786	trials	electrical	biphasic	90	MOs	deep	awake	False	True
878.0074800000001	0.0004000000000132786	trials	electrical	biphasic	70	MOs	deep	awake	True	True
881.6375099999997	0.0004000000000132786	trials	electrical	biphasic	90	MOs	deep	awake	False	True
885.3629900000003	0.0003999999996722181	trials	electrical	biphasic	50	MOs	deep	awake	True	True
889.2134300000001	0.0003999999998995918	trials	electrical	biphasic	50	MOs	deep	awake	True	True
893.00094	0.0004000000000132786	trials	electrical	biphasic	90	MOs	deep	awake	True	True
897.42885	0.0004000000000132786	trials	electrical	biphasic	90	MOs	deep	awake	True	True
900.98059	0.0004000000000132786	trials	electrical	biphasic	90	MOs	deep	awake	True	True
905.07368	0.0004000000000132786	trials	electrical	biphasic	70	MOs	deep	awake	False	True
908.737	0.0004000000000132786	trials	electrical	biphasic	70	MOs	deep	awake	False	True
913.07583	0.0004000000000132786	trials	electrical	biphasic	90	MOs	deep	awake	False	True
916.74381	0.0003999999998995918	trials	electrical	biphasic	50	MOs	deep	awake	False	True
920.74643	0.0004000000000132786	trials	electrical	biphasic	70	MOs	deep	awake	True	True
925.24618	0.0004000000000132786	trials	electrical	biphasic	50	MOs	deep	awake	True	True
929.10201	0.0004000000000132786	trials	electrical	biphasic	70	MOs	deep	awake	True	True
932.64951	0.0004000000000132786	trials	electrical	biphasic	90	MOs	deep	awake	True	True
936.36359	0.0003999999998995918	trials	electrical	biphasic	90	MOs	deep	awake	True	True
940.26186	0.0004000000000132786	trials	electrical	biphasic	50	MOs	deep	awake	True	True
944.09594	0.0004000000000132786	trials	electrical	biphasic	70	MOs	deep	awake	True	True
947.82597	0.0004000000000132786	trials	electrical	biphasic	90	MOs	deep	awake	True	True
952.26251	0.00040999999998803105	trials	electrical	biphasic	70	MOs	deep	awake	True	True
956.44612	0.0004000000000132786	trials	electrical	biphasic	70	MOs	deep	awake	False	True
960.90867	0.0004000000000132786	trials	electrical	biphasic	70	MOs	deep	awake	False	True
964.84707	0.0004000000000132786	trials	electrical	biphasic	50	MOs	deep	awake	True	True
969.28784	0.0004000000000132786	trials	electrical	biphasic	90	MOs	deep	awake	True	True
972.79411	0.0003999999998995918	trials	electrical	biphasic	70	MOs	deep	awake	True	True
976.90483	0.0004000000000132786	trials	electrical	biphasic	70	MOs	deep	awake	True	True
981.20634	0.0004000000000132786	trials	electrical	biphasic	90	MOs	deep	awake	False	True
984.93974	0.0004000000000132786	trials	electrical	biphasic	90	MOs	deep	awake	False	True
989.37263	0.0004000000000132786	trials	electrical	biphasic	50	MOs	deep	awake	False	True
993.63632	0.0004000000000132786	trials	electrical	biphasic	90	MOs	deep	awake	True	True
997.9632	0.00040999999998803105	trials	electrical	biphasic	50	MOs	deep	awake	True	True
1002.03709	0.0004000000000132786	trials	electrical	biphasic	90	MOs	deep	awake	True	True
1006.3301	0.0004000000000132786	trials	electrical	biphasic	50	MOs	deep	awake	True	True
1010.15956	0.0003999999998995918	trials	electrical	biphasic	70	MOs	deep	awake	True	True
1013.88345	0.0004000000000132786	trials	electrical	biphasic	50	MOs	deep	awake	True	True
1017.69625	0.0004000000000132786	trials	electrical	biphasic	50	MOs	deep	awake	False	True
1021.7812	0.0004000000000132786	trials	electrical	biphasic	70	MOs	deep	awake	True	True
1026.11154	0.0003999999998995918	trials	electrical	biphasic	50	MOs	deep	awake	False	True
1029.90243	0.0003999999998995918	trials	electrical	biphasic	70	MOs	deep	awake	False	True
1033.80541	0.00040000000012696546	trials	electrical	biphasic	50	MOs	deep	awake	False	True
1038.1679	0.00040000000012696546	trials	electrical	biphasic	70	MOs	deep	awake	True	True
1042.28307	0.00040000000012696546	trials	electrical	biphasic	70	MOs	deep	awake	True	True
1046.77467	0.0003999999998995918	trials	electrical	biphasic	90	MOs	deep	awake	True	True
1050.4788	0.0003999999998995918	trials	electrical	biphasic	70	MOs	deep	awake	False	True
1054.80643	0.0003999999998995918	trials	electrical	biphasic	50	MOs	deep	awake	False	True
1058.98271	0.0003999999998995918	trials	electrical	biphasic	70	MOs	deep	awake	True	True
1062.73208	0.0003999999998995918	trials	electrical	biphasic	70	MOs	deep	awake	True	True
1066.70828	0.00040000000035433914	trials	electrical	biphasic	90	MOs	deep	awake	True	True
1070.60779	0.0003999999998995918	trials	electrical	biphasic	50	MOs	deep	awake	True	True
1074.70765	0.0003999999998995918	trials	electrical	biphasic	50	MOs	deep	awake	False	True
1079.0086	0.00040000000012696546	trials	electrical	biphasic	90	MOs	deep	awake	False	True
1082.61408	0.00040000000035433914	trials	electrical	biphasic	50	MOs	deep	awake	False	True
1086.93595	0.0003999999998995918	trials	electrical	biphasic	70	MOs	deep	awake	False	True
1091.27746	0.0003999999998995918	trials	electrical	biphasic	90	MOs	deep	awake	False	True
1095.13238	0.0003999999998995918	trials	electrical	biphasic	70	MOs	deep	awake	False	True
1099.06287	0.00040000000012696546	trials	electrical	biphasic	90	MOs	deep	awake	False	True
1103.13553	0.0003999999998995918	trials	electrical	biphasic	90	MOs	deep	awake	False	True
1107.33678	0.0003999999998995918	trials	electrical	biphasic	50	MOs	deep	awake	False	True
1111.57969	0.0003999999998995918	trials	electrical	biphasic	50	MOs	deep	awake	False	True
1115.83799	0.0003999999998995918	trials	electrical	biphasic	70	MOs	deep	awake	False	True
1119.72754	0.0003999999998995918	trials	electrical	biphasic	70	MOs	deep	awake	False	True
1123.65726	0.00040000000012696546	trials	electrical	biphasic	70	MOs	deep	awake	False	True
1128.1140300000004	0.0003999999996722181	trials	electrical	biphasic	70	MOs	deep	awake	True	True
1132.18744	0.00040000000012696546	trials	electrical	biphasic	90	MOs	deep	awake	True	True
1136.5375800000004	0.0003999999996722181	trials	electrical	biphasic	50	MOs	deep	awake	False	True
1140.31435	0.0003999999998995918	trials	electrical	biphasic	50	MOs	deep	awake	False	True
1144.43709	0.00040000000012696546	trials	electrical	biphasic	90	MOs	deep	awake	False	True
1148.52588	0.00040000000012696546	trials	electrical	biphasic	90	MOs	deep	awake	True	True
1152.98977	0.00040000000012696546	trials	electrical	biphasic	90	MOs	deep	awake	True	True
1156.57609	0.0003999999998995918	trials	electrical	biphasic	50	MOs	deep	awake	True	True
1160.57702	0.0003999999996722181	trials	electrical	biphasic	70	MOs	deep	awake	True	True
1164.59904	0.0003999999998995918	trials	electrical	biphasic	70	MOs	deep	awake	True	True
1168.18962	0.0003999999998995918	trials	electrical	biphasic	70	MOs	deep	awake	True	True
1172.5947099999996	0.00040000000035433914	trials	electrical	biphasic	70	MOs	deep	awake	True	True
1176.97952	0.0003999999998995918	trials	electrical	biphasic	70	MOs	deep	awake	True	True
1180.91894	0.0003999999998995918	trials	electrical	biphasic	90	MOs	deep	awake	True	True
1185.20109	0.0003999999998995918	trials	electrical	biphasic	70	MOs	deep	awake	True	True
1188.84997	0.00040000000012696546	trials	electrical	biphasic	70	MOs	deep	awake	True	True
1192.97022	0.0003999999996722181	trials	electrical	biphasic	90	MOs	deep	awake	True	True
1196.73126	0.0003999999998995918	trials	electrical	biphasic	90	MOs	deep	awake	True	True
1200.67735	0.00040000000012696546	trials	electrical	biphasic	90	MOs	deep	awake	True	True
1205.02178	0.00040000000035433914	trials	electrical	biphasic	90	MOs	deep	awake	False	True
1208.7184	0.00040000000012696546	trials	electrical	biphasic	70	MOs	deep	awake	False	True
1212.52268	0.00040000000035433914	trials	electrical	biphasic	70	MOs	deep	awake	True	True
1216.50641	0.00040000000012696546	trials	electrical	biphasic	50	MOs	deep	awake	True	True
1220.34465	0.0003999999998995918	trials	electrical	biphasic	50	MOs	deep	awake	True	True
1224.64356	0.00040000000012696546	trials	electrical	biphasic	90	MOs	deep	awake	True	True
1229.13147	0.0003999999998995918	trials	electrical	biphasic	50	MOs	deep	awake	False	True
1232.79093	0.00040000000012696546	trials	electrical	biphasic	50	MOs	deep	awake	True	True
1236.52824	0.0003999999998995918	trials	electrical	biphasic	90	MOs	deep	awake	True	True
1240.7309	0.0003999999998995918	trials	electrical	biphasic	50	MOs	deep	awake	True	True
1244.60681	0.0003999999998995918	trials	electrical	biphasic	70	MOs	deep	awake	True	True
1249.08094	0.0003999999998995918	trials	electrical	biphasic	90	MOs	deep	awake	True	True
1253.55366	0.0003999999998995918	trials	electrical	biphasic	70	MOs	deep	awake	True	True
1257.69779	0.00040000000012696546	trials	electrical	biphasic	90	MOs	deep	awake	False	True
1262.05832	0.0003999999998995918	trials	electrical	biphasic	90	MOs	deep	awake	False	True
1265.9606199999996	0.00040000000035433914	trials	electrical	biphasic	90	MOs	deep	awake	True	True
1270.09299	0.0003999999998995918	trials	electrical	biphasic	90	MOs	deep	awake	True	True
1274.57866	0.00040000000012696546	trials	electrical	biphasic	70	MOs	deep	awake	True	True
1278.63856	0.0003999999998995918	trials	electrical	biphasic	70	MOs	deep	awake	True	True
1283.07259	0.0003999999998995918	trials	electrical	biphasic	90	MOs	deep	awake	True	True
1287.29336	0.00040000000012696546	trials	electrical	biphasic	90	MOs	deep	awake	True	True
1291.27782	0.0003999999998995918	trials	electrical	biphasic	70	MOs	deep	awake	True	True
1295.41729	0.0003999999998995918	trials	electrical	biphasic	50	MOs	deep	awake	True	True
1299.80536	0.0003999999998995918	trials	electrical	biphasic	50	MOs	deep	awake	True	True
1303.50452	0.00040000000012696546	trials	electrical	biphasic	70	MOs	deep	awake	False	True
1307.40031	0.0003999999998995918	trials	electrical	biphasic	70	MOs	deep	awake	True	True
1311.89291	0.0003999999998995918	trials	electrical	biphasic	90	MOs	deep	awake	True	True
1315.7957	0.00040000000012696546	trials	electrical	biphasic	50	MOs	deep	awake	True	True
1319.95498	0.00040000000012696546	trials	electrical	biphasic	70	MOs	deep	awake	True	True
1324.35675	0.00040000000012696546	trials	electrical	biphasic	50	MOs	deep	awake	True	True
1328.85256	0.0003999999998995918	trials	electrical	biphasic	90	MOs	deep	awake	True	True
1333.00615	0.00040000000012696546	trials	electrical	biphasic	50	MOs	deep	awake	True	True
1336.61501	0.00040000000012696546	trials	electrical	biphasic	90	MOs	deep	awake	True	True
1340.15155	0.0003999999998995918	trials	electrical	biphasic	50	MOs	deep	awake	True	True
1344.27008	0.0003999999998995918	trials	electrical	biphasic	70	MOs	deep	awake	False	True
1348.33764	0.00040000000012696546	trials	electrical	biphasic	70	MOs	deep	awake	False	True
1352.80003	0.0003999999998995918	trials	electrical	biphasic	50	MOs	deep	awake	True	True
1357.04656	0.0003999999998995918	trials	electrical	biphasic	50	MOs	deep	awake	True	True
1361.20951	0.00040000000012696546	trials	electrical	biphasic	90	MOs	deep	awake	True	True
1365.23325	0.0003999999998995918	trials	electrical	biphasic	90	MOs	deep	awake	True	True
1368.99357	0.0004099999998743442	trials	electrical	biphasic	50	MOs	deep	awake	True	True
1373.456	0.00040000000012696546	trials	electrical	biphasic	50	MOs	deep	awake	False	True
1377.49663	0.0003999999998995918	trials	electrical	biphasic	90	MOs	deep	awake	True	True
1381.02733	0.00040000000012696546	trials	electrical	biphasic	50	MOs	deep	awake	False	True
1385.2240800000006	0.00039999999944484443	trials	electrical	biphasic	70	MOs	deep	awake	False	True
1389.2442199999994	0.0004000000005817128	trials	electrical	biphasic	50	MOs	deep	awake	True	True
1392.80369	0.00040000000012696546	trials	electrical	biphasic	90	MOs	deep	awake	True	True
1397.19415	0.0003999999998995918	trials	electrical	biphasic	50	MOs	deep	awake	True	True
1401.02478	0.00040000000012696546	trials	electrical	biphasic	90	MOs	deep	awake	False	True
1404.7549	0.00040000000012696546	trials	electrical	biphasic	50	MOs	deep	awake	False	True
1408.36926	0.00040000000012696546	trials	electrical	biphasic	70	MOs	deep	awake	False	True
1412.18061	0.00040000000012696546	trials	electrical	biphasic	90	MOs	deep	awake	False	True
1415.9094699999994	0.0004000000005817128	trials	electrical	biphasic	50	MOs	deep	awake	False	True
1420.0619	0.00040000000012696546	trials	electrical	biphasic	70	MOs	deep	awake	True	True
1423.62848	0.0003999999998995918	trials	electrical	biphasic	90	MOs	deep	awake	True	True
1427.40434	0.0003999999998995918	trials	electrical	biphasic	70	MOs	deep	awake	True	True
1431.18659	0.0004000000005817128	trials	electrical	biphasic	50	MOs	deep	awake	True	True
1435.56708	0.0004000000005817128	trials	electrical	biphasic	50	MOs	deep	awake	True	True
1439.51184	0.00040000000012696546	trials	electrical	biphasic	50	MOs	deep	awake	False	True
1443.76819	0.0003999999998995918	trials	electrical	biphasic	70	MOs	deep	awake	False	True
1447.87191	0.0003999999998995918	trials	electrical	biphasic	90	MOs	deep	awake	True	True
1452.1556	0.0003999999998995918	trials	electrical	biphasic	90	MOs	deep	awake	True	False
1455.76996	0.0003999999998995918	trials	electrical	biphasic	50	MOs	deep	awake	True	True
1460.24895	0.00040000000012696546	trials	electrical	biphasic	70	MOs	deep	awake	False	True
1464.59798	0.0003999999998995918	trials	electrical	biphasic	70	MOs	deep	awake	False	True
1468.14904	0.0003999999998995918	trials	electrical	biphasic	50	MOs	deep	awake	False	True
1472.11567	0.00040000000012696546	trials	electrical	biphasic	70	MOs	deep	awake	False	True
1475.94175	0.00040000000012696546	trials	electrical	biphasic	90	MOs	deep	awake	False	True
1480.07238	0.0003999999998995918	trials	electrical	biphasic	90	MOs	deep	awake	False	True
1483.8031	0.0003999999998995918	trials	electrical	biphasic	90	MOs	deep	awake	False	True
1487.88341	0.00040000000012696546	trials	electrical	biphasic	70	MOs	deep	awake	True	True
1491.98699	0.0003999999998995918	trials	electrical	biphasic	70	MOs	deep	awake	True	True
1496.0873	0.00040000000012696546	trials	electrical	biphasic	90	MOs	deep	awake	False	True
1500.03614	0.00040000000012696546	trials	electrical	biphasic	90	MOs	deep	awake	False	True
1503.57199	0.00040000000012696546	trials	electrical	biphasic	70	MOs	deep	awake	False	True
1507.58623	0.00040000000012696546	trials	electrical	biphasic	50	MOs	deep	awake	False	True
1511.4944	0.0003999999998995918	trials	electrical	biphasic	70	MOs	deep	awake	False	True
1515.10286	0.00040000000012696546	trials	electrical	biphasic	90	MOs	deep	awake	True	True
1519.06316	0.0004100000001017179	trials	electrical	biphasic	90	MOs	deep	awake	True	True
1523.0144699999994	0.0004000000005817128	trials	electrical	biphasic	90	MOs	deep	awake	True	True
1527.06604	0.00040000000012696546	trials	electrical	biphasic	90	MOs	deep	awake	True	True
1573.26191	0.2647899999999481	trials	visual	white fullscreen	n/a	n/a	n/a	awake	True	True
1577.81574	0.26477999999997337	trials	visual	white fullscreen	n/a	n/a	n/a	awake	True	True
1581.6522699999994	0.2647800000006555	trials	visual	white fullscreen	n/a	n/a	n/a	awake	True	True
1585.82241	0.2647999999999229	trials	visual	white fullscreen	n/a	n/a	n/a	awake	True	True
1590.04261	0.2647999999999229	trials	visual	white fullscreen	n/a	n/a	n/a	awake	True	True
1594.7132	0.2647699999999986	trials	visual	white fullscreen	n/a	n/a	n/a	awake	True	True
1598.88335	0.2647899999999481	trials	visual	white fullscreen	n/a	n/a	n/a	awake	True	True
1603.12024	0.26477999999997337	trials	visual	white fullscreen	n/a	n/a	n/a	awake	True	True
1607.25701	0.2647999999999229	trials	visual	white fullscreen	n/a	n/a	n/a	awake	True	True
1611.5106	0.26474999999982174	trials	visual	white fullscreen	n/a	n/a	n/a	awake	True	True
1615.81419	0.26476000000002387	trials	visual	white fullscreen	n/a	n/a	n/a	awake	True	True
1620.53479	0.2647900000001755	trials	visual	white fullscreen	n/a	n/a	n/a	awake	True	True
1625.2720800000006	0.264789999999266	trials	visual	white fullscreen	n/a	n/a	n/a	awake	True	True
1629.7925300000006	0.2647999999994681	trials	visual	white fullscreen	n/a	n/a	n/a	awake	True	True
1634.07946	0.26477000000068074	trials	visual	white fullscreen	n/a	n/a	n/a	awake	True	True
1638.68331	0.26478000000020074	trials	visual	white fullscreen	n/a	n/a	n/a	awake	True	True
1643.00359	0.26477999999997337	trials	visual	white fullscreen	n/a	n/a	n/a	awake	True	True
1647.25715	0.2647699999999986	trials	visual	white fullscreen	n/a	n/a	n/a	awake	True	True
1651.22712	0.2647899999999481	trials	visual	white fullscreen	n/a	n/a	n/a	awake	True	True
1655.16373	0.2647899999999481	trials	visual	white fullscreen	n/a	n/a	n/a	awake	True	True
1659.83431	0.26477000000068074	trials	visual	white fullscreen	n/a	n/a	n/a	awake	True	True
1663.85434	0.2647599999997965	trials	visual	white fullscreen	n/a	n/a	n/a	awake	True	True
1668.00777	0.2647900000001755	trials	visual	white fullscreen	n/a	n/a	n/a	awake	True	True
1672.09452	0.26477999999997337	trials	visual	white fullscreen	n/a	n/a	n/a	awake	True	True
1676.665	0.2647999999999229	trials	visual	white fullscreen	n/a	n/a	n/a	awake	True	True
1680.43483	0.26477999999997337	trials	visual	white fullscreen	n/a	n/a	n/a	awake	True	True
1685.05536	0.2647699999999986	trials	visual	white fullscreen	n/a	n/a	n/a	awake	True	True
1689.0086600000006	0.2647699999993165	trials	visual	white fullscreen	n/a	n/a	n/a	awake	True	True
1693.2955600000007	0.264789999999266	trials	visual	white fullscreen	n/a	n/a	n/a	awake	True	True
1697.13212	0.26476000000002387	trials	visual	white fullscreen	n/a	n/a	n/a	awake	True	True
1700.93529	0.2647699999999986	trials	visual	white fullscreen	n/a	n/a	n/a	awake	True	True
1704.9052800000006	0.2647699999993165	trials	visual	white fullscreen	n/a	n/a	n/a	awake	True	True
1709.5257800000006	0.26480999999876076	trials	visual	white fullscreen	n/a	n/a	n/a	awake	True	True
1713.92947	0.26477999999997337	trials	visual	white fullscreen	n/a	n/a	n/a	awake	True	True
1717.7993800000006	0.26477999999929125	trials	visual	white fullscreen	n/a	n/a	n/a	awake	True	True
1722.1196699999994	0.2647699999999986	trials	visual	white fullscreen	n/a	n/a	n/a	awake	True	True
1725.8728199999994	0.26475000000073123	trials	visual	white fullscreen	n/a	n/a	n/a	awake	True	True
1730.47662	0.2647900000001755	trials	visual	white fullscreen	n/a	n/a	n/a	awake	True	True
1734.54673	0.26475999999934174	trials	visual	white fullscreen	n/a	n/a	n/a	awake	True	True
1738.46665	0.26478999999972075	trials	visual	white fullscreen	n/a	n/a	n/a	awake	True	True
1742.7035399999993	0.2647700000009081	trials	visual	white fullscreen	n/a	n/a	n/a	awake	True	True
1746.94042	0.26478000000020074	trials	visual	white fullscreen	n/a	n/a	n/a	awake	True	True
1750.76027	0.26477999999997337	trials	visual	white fullscreen	n/a	n/a	n/a	awake	True	True
1754.63018	0.2647699999999986	trials	visual	white fullscreen	n/a	n/a	n/a	awake	True	True
1758.63353	0.2647699999999986	trials	visual	white fullscreen	n/a	n/a	n/a	awake	True	True
1763.30408	0.2647999999999229	trials	visual	white fullscreen	n/a	n/a	n/a	awake	True	True
1767.6076899999994	0.26479000000063024	trials	visual	white fullscreen	n/a	n/a	n/a	awake	False	True
1771.4442600000002	0.2647599999997965	trials	visual	white fullscreen	n/a	n/a	n/a	awake	False	True
1776.0647600000002	0.2647999999996955	trials	visual	white fullscreen	n/a	n/a	n/a	awake	False	True
1780.53517	0.2647899999999481	trials	visual	white fullscreen	n/a	n/a	n/a	awake	True	True
1784.75537	0.2647999999999229	trials	visual	white fullscreen	n/a	n/a	n/a	awake	True	True
1789.42593	0.2647999999999229	trials	visual	white fullscreen	n/a	n/a	n/a	awake	True	True
1794.07986	0.2647699999999986	trials	visual	white fullscreen	n/a	n/a	n/a	awake	True	True
1798.30003	0.26480999999967025	trials	visual	white fullscreen	n/a	n/a	n/a	awake	True	True
1802.32007	0.26477999999997337	trials	visual	white fullscreen	n/a	n/a	n/a	awake	True	True
1806.15661	0.2647899999999481	trials	visual	white fullscreen	n/a	n/a	n/a	awake	True	True
1810.00984	0.2647899999999481	trials	visual	white fullscreen	n/a	n/a	n/a	awake	True	True
1814.02985	0.264810000000125	trials	visual	white fullscreen	n/a	n/a	n/a	awake	True	True
1817.94984	0.26476000000002387	trials	visual	white fullscreen	n/a	n/a	n/a	awake	True	True
1822.13665	0.26477999999997337	trials	visual	white fullscreen	n/a	n/a	n/a	awake	True	True
1826.03992	0.2647899999999481	trials	visual	white fullscreen	n/a	n/a	n/a	awake	True	True
1830.00993	0.26476000000002387	trials	visual	white fullscreen	n/a	n/a	n/a	awake	True	True
1834.09666	0.2647900000001755	trials	visual	white fullscreen	n/a	n/a	n/a	awake	True	True
1838.7005	0.26480000000015025	trials	visual	white fullscreen	n/a	n/a	n/a	awake	True	True
1843.03747	0.2647899999999481	trials	visual	white fullscreen	n/a	n/a	n/a	awake	True	True
1847.25766	0.2647999999999229	trials	visual	white fullscreen	n/a	n/a	n/a	awake	True	True
1851.04419	0.2647699999999986	trials	visual	white fullscreen	n/a	n/a	n/a	awake	True	True
1855.01416	0.26480000000015025	trials	visual	white fullscreen	n/a	n/a	n/a	awake	True	True
1858.90077	0.26477999999997337	trials	visual	white fullscreen	n/a	n/a	n/a	awake	True	True
1863.63804	0.2647999999999229	trials	visual	white fullscreen	n/a	n/a	n/a	awake	True	True
1867.97502	0.2647999999999229	trials	visual	white fullscreen	n/a	n/a	n/a	awake	True	True
1872.44543	0.2647899999999481	trials	visual	white fullscreen	n/a	n/a	n/a	awake	True	True
1876.56555	0.26477999999997337	trials	visual	white fullscreen	n/a	n/a	n/a	awake	True	True
1880.50215	0.2648199999998724	trials	visual	white fullscreen	n/a	n/a	n/a	awake	True	True
1885.13939	0.26477999999997337	trials	visual	white fullscreen	n/a	n/a	n/a	awake	True	True
1889.37627	0.26477999999997337	trials	visual	white fullscreen	n/a	n/a	n/a	awake	True	True
1893.47971	0.2647699999999986	trials	visual	white fullscreen	n/a	n/a	n/a	awake	True	True
1897.73327	0.2647699999999986	trials	visual	white fullscreen	n/a	n/a	n/a	awake	True	True
1901.70327	0.26477999999997337	trials	visual	white fullscreen	n/a	n/a	n/a	awake	True	True
1905.63988	0.2647899999999481	trials	visual	white fullscreen	n/a	n/a	n/a	awake	True	True
1909.69326	0.2647999999999229	trials	visual	white fullscreen	n/a	n/a	n/a	awake	True	True
1913.86343	0.26477999999997337	trials	visual	white fullscreen	n/a	n/a	n/a	awake	True	True
1917.73335	0.2647699999999986	trials	visual	white fullscreen	n/a	n/a	n/a	awake	True	True
1921.9035	0.26478000000020074	trials	visual	white fullscreen	n/a	n/a	n/a	awake	True	True
1926.62412	0.26477999999997337	trials	visual	white fullscreen	n/a	n/a	n/a	awake	True	True
1930.97776	0.2647999999999229	trials	visual	white fullscreen	n/a	n/a	n/a	awake	True	True
1935.1813	0.26476000000002387	trials	visual	white fullscreen	n/a	n/a	n/a	awake	True	True
1939.30142	0.26476000000002387	trials	visual	white fullscreen	n/a	n/a	n/a	awake	True	True
1943.90525	0.2647899999999481	trials	visual	white fullscreen	n/a	n/a	n/a	awake	True	True
1948.22554	0.2647900000001755	trials	visual	white fullscreen	n/a	n/a	n/a	awake	True	True
1952.52912	0.26480000000015025	trials	visual	white fullscreen	n/a	n/a	n/a	awake	True	True
1956.89946	0.2647899999999481	trials	visual	white fullscreen	n/a	n/a	n/a	awake	True	True
1961.63677	0.2647699999999986	trials	visual	white fullscreen	n/a	n/a	n/a	awake	True	True
1966.00708	0.2647899999999481	trials	visual	white fullscreen	n/a	n/a	n/a	awake	True	True
1970.07717	0.2647899999999481	trials	visual	white fullscreen	n/a	n/a	n/a	awake	True	True
1974.7978	0.2647500000000491	trials	visual	white fullscreen	n/a	n/a	n/a	awake	True	True
1979.16812	0.26477999999997337	trials	visual	white fullscreen	n/a	n/a	n/a	awake	True	True
1983.50507	0.26477999999997337	trials	visual	white fullscreen	n/a	n/a	n/a	awake	True	True
1987.82536	0.26477999999997337	trials	visual	white fullscreen	n/a	n/a	n/a	awake	True	True
1991.99553	0.26476000000002387	trials	visual	white fullscreen	n/a	n/a	n/a	awake	True	True
2006.054146408319	355.96000000000004	epochs								
2362.0241464083188	2161.7599999999998	epochs								
2606.6439800000007	0.00039999999944484443	trials	electrical	biphasic	70	MOs	deep	isoflurane	False	True
2610.54836	0.00040000000035433914	trials	electrical	biphasic	50	MOs	deep	isoflurane	False	True
2614.22802	0.0003999999998995918	trials	electrical	biphasic	50	MOs	deep	isoflurane	False	True
2618.69736	0.0003999999998995918	trials	electrical	biphasic	50	MOs	deep	isoflurane	False	True
2622.60524	0.00040000000035433914	trials	electrical	biphasic	50	MOs	deep	isoflurane	False	True
2626.95014	0.0003999999998995918	trials	electrical	biphasic	70	MOs	deep	isoflurane	False	True
2631.06589	0.00040000000035433914	trials	electrical	biphasic	70	MOs	deep	isoflurane	False	True
2634.94293	0.0003999999998995918	trials	electrical	biphasic	90	MOs	deep	isoflurane	False	True
2639.32053	0.0003999999998995918	trials	electrical	biphasic	50	MOs	deep	isoflurane	False	True
2643.60581	0.0004000000008090865	trials	electrical	biphasic	70	MOs	deep	isoflurane	False	True
2647.57119	0.0003999999998995918	trials	electrical	biphasic	50	MOs	deep	isoflurane	False	True
2651.88559	0.00040000000035433914	trials	electrical	biphasic	90	MOs	deep	isoflurane	False	True
2656.2844600000008	0.00039999999944484443	trials	electrical	biphasic	50	MOs	deep	isoflurane	False	True
2660.21412	0.0003999999998995918	trials	electrical	biphasic	90	MOs	deep	isoflurane	False	True
2664.048860000001	0.0003999999989900971	trials	electrical	biphasic	70	MOs	deep	isoflurane	False	True
2668.14592	0.0003999999998995918	trials	electrical	biphasic	90	MOs	deep	isoflurane	False	True
2672.54834	0.00040000000035433914	trials	electrical	biphasic	90	MOs	deep	isoflurane	False	True
2676.75082	0.0003999999998995918	trials	electrical	biphasic	50	MOs	deep	isoflurane	False	True
2680.6287	0.0003999999998995918	trials	electrical	biphasic	50	MOs	deep	isoflurane	False	True
2684.86409	0.0003999999998995918	trials	electrical	biphasic	70	MOs	deep	isoflurane	False	True
2689.3186100000007	0.00039999999944484443	trials	electrical	biphasic	70	MOs	deep	isoflurane	False	True
2693.36185	0.00040000000035433914	trials	electrical	biphasic	70	MOs	deep	isoflurane	False	True
2697.40237	0.00040000000035433914	trials	electrical	biphasic	90	MOs	deep	isoflurane	False	True
2701.21391	0.0004000000008090865	trials	electrical	biphasic	70	MOs	deep	isoflurane	False	True
2704.78557	0.0003999999998995918	trials	electrical	biphasic	50	MOs	deep	isoflurane	False	True
2708.46797	0.0003999999998995918	trials	electrical	biphasic	90	MOs	deep	isoflurane	False	True
2712.06137	0.0003999999998995918	trials	electrical	biphasic	50	MOs	deep	isoflurane	False	True
2716.02527	0.0003999999998995918	trials	electrical	biphasic	90	MOs	deep	isoflurane	False	True
2719.53503	0.0003999999998995918	trials	electrical	biphasic	50	MOs	deep	isoflurane	False	True
2723.95047	0.0003999999998995918	trials	electrical	biphasic	50	MOs	deep	isoflurane	False	True
2728.09363	0.00040000000035433914	trials	electrical	biphasic	90	MOs	deep	isoflurane	False	True
2731.59547	0.0003999999998995918	trials	electrical	biphasic	70	MOs	deep	isoflurane	False	True
2735.12627	0.0003999999998995918	trials	electrical	biphasic	70	MOs	deep	isoflurane	False	True
2738.83517	0.00040000000035433914	trials	electrical	biphasic	70	MOs	deep	isoflurane	False	True
2742.79055	0.0003999999998995918	trials	electrical	biphasic	70	MOs	deep	isoflurane	False	True
2746.41823	0.0003999999998995918	trials	electrical	biphasic	50	MOs	deep	isoflurane	False	True
2749.92728	0.0003999999998995918	trials	electrical	biphasic	50	MOs	deep	isoflurane	False	True
2754.15479	0.0003999999998995918	trials	electrical	biphasic	50	MOs	deep	isoflurane	False	True
2758.00933	0.00040000000035433914	trials	electrical	biphasic	90	MOs	deep	isoflurane	False	True
2762.29019	0.0003999999998995918	trials	electrical	biphasic	90	MOs	deep	isoflurane	False	True
2766.22727	0.00040000000035433914	trials	electrical	biphasic	50	MOs	deep	isoflurane	False	True
2770.16425	0.00040000000035433914	trials	electrical	biphasic	90	MOs	deep	isoflurane	False	True
2773.71389	0.0003999999998995918	trials	electrical	biphasic	70	MOs	deep	isoflurane	False	True
2777.26395	0.0003999999998995918	trials	electrical	biphasic	50	MOs	deep	isoflurane	False	True
2780.85546	0.00040999999964697054	trials	electrical	biphasic	70	MOs	deep	isoflurane	False	True
2784.94993	0.0003999999998995918	trials	electrical	biphasic	70	MOs	deep	isoflurane	False	True
2788.69143	0.00040000000035433914	trials	electrical	biphasic	90	MOs	deep	isoflurane	False	True
2793.03321	0.0003999999998995918	trials	electrical	biphasic	50	MOs	deep	isoflurane	False	True
2797.39085	0.00040000000035433914	trials	electrical	biphasic	50	MOs	deep	isoflurane	False	True
2801.85489	0.0003999999998995918	trials	electrical	biphasic	50	MOs	deep	isoflurane	False	True
2805.84422	0.0003999999998995918	trials	electrical	biphasic	90	MOs	deep	isoflurane	False	True
2809.56495	0.0003999999998995918	trials	electrical	biphasic	50	MOs	deep	isoflurane	False	True
2813.29157	0.00040000000035433914	trials	electrical	biphasic	90	MOs	deep	isoflurane	False	True
2817.328780000001	0.0003999999989900971	trials	electrical	biphasic	70	MOs	deep	isoflurane	False	True
2821.59132	0.0003999999998995918	trials	electrical	biphasic	70	MOs	deep	isoflurane	False	True
2825.4393	0.0003999999998995918	trials	electrical	biphasic	50	MOs	deep	isoflurane	False	False
2829.40096	0.00040000000126383384	trials	electrical	biphasic	70	MOs	deep	isoflurane	False	True
2833.5407	0.0003999999998995918	trials	electrical	biphasic	90	MOs	deep	isoflurane	False	True
2837.958460000001	0.0003999999989900971	trials	electrical	biphasic	90	MOs	deep	isoflurane	False	True
2841.62046	0.0003999999998995918	trials	electrical	biphasic	50	MOs	deep	isoflurane	False	True
2845.83652	0.00040000000035433914	trials	electrical	biphasic	70	MOs	deep	isoflurane	False	True
2849.91469	0.0003999999998995918	trials	electrical	biphasic	50	MOs	deep	isoflurane	False	True
2853.84841	0.0003999999998995918	trials	electrical	biphasic	50	MOs	deep	isoflurane	False	True
2858.23307	0.0003999999998995918	trials	electrical	biphasic	70	MOs	deep	isoflurane	False	True
2862.12655	0.0003999999998995918	trials	electrical	biphasic	50	MOs	deep	isoflurane	False	True
2865.80595	0.0003999999998995918	trials	electrical	biphasic	90	MOs	deep	isoflurane	False	True
2869.93971	0.0003999999998995918	trials	electrical	biphasic	70	MOs	deep	isoflurane	False	True
2874.06413	0.0003999999998995918	trials	electrical	biphasic	90	MOs	deep	isoflurane	False	True
2877.89249	0.0003999999998995918	trials	electrical	biphasic	50	MOs	deep	isoflurane	False	True
2882.19587	0.0003999999998995918	trials	electrical	biphasic	70	MOs	deep	isoflurane	False	True
2886.69578	0.0003999999998995918	trials	electrical	biphasic	50	MOs	deep	isoflurane	False	True
2891.17718	0.0003999999998995918	trials	electrical	biphasic	90	MOs	deep	isoflurane	False	True
2894.80464	0.00040000000035433914	trials	electrical	biphasic	70	MOs	deep	isoflurane	False	True
2898.5373	0.0003999999998995918	trials	electrical	biphasic	90	MOs	deep	isoflurane	False	True
2902.06136	0.0003999999998995918	trials	electrical	biphasic	90	MOs	deep	isoflurane	False	True
2906.16922	0.0003999999998995918	trials	electrical	biphasic	90	MOs	deep	isoflurane	False	True
2909.78044	0.0003999999998995918	trials	electrical	biphasic	70	MOs	deep	isoflurane	False	True
2913.68832	0.0003999999998995918	trials	electrical	biphasic	90	MOs	deep	isoflurane	False	True
2918.07282	0.00040000000035433914	trials	electrical	biphasic	90	MOs	deep	isoflurane	False	True
2922.12138	0.0003999999998995918	trials	electrical	biphasic	50	MOs	deep	isoflurane	False	True
2925.9908	0.0003999999998995918	trials	electrical	biphasic	50	MOs	deep	isoflurane	False	True
2929.69956	0.00040000000126383384	trials	electrical	biphasic	50	MOs	deep	isoflurane	False	True
2933.64092	0.00040000000035433914	trials	electrical	biphasic	70	MOs	deep	isoflurane	False	True
2938.09755	0.0003999999998995918	trials	electrical	biphasic	50	MOs	deep	isoflurane	False	True
2941.721980000001	0.0003999999989900971	trials	electrical	biphasic	70	MOs	deep	isoflurane	False	True
2945.693160000001	0.0003999999989900971	trials	electrical	biphasic	90	MOs	deep	isoflurane	False	True
2950.05049	0.0003999999998995918	trials	electrical	biphasic	70	MOs	deep	isoflurane	False	True
2953.59431	0.00040000000126383384	trials	electrical	biphasic	70	MOs	deep	isoflurane	False	True
2957.78635	0.00040000000035433914	trials	electrical	biphasic	50	MOs	deep	isoflurane	False	True
2962.26575	0.0003999999998995918	trials	electrical	biphasic	70	MOs	deep	isoflurane	False	True
2966.04943	0.0003999999998995918	trials	electrical	biphasic	70	MOs	deep	isoflurane	False	True
2969.68363	0.0003999999998995918	trials	electrical	biphasic	50	MOs	deep	isoflurane	False	True
2973.86933	0.0003999999998995918	trials	electrical	biphasic	70	MOs	deep	isoflurane	False	True
2978.27921	0.0003999999998995918	trials	electrical	biphasic	90	MOs	deep	isoflurane	False	True
2982.3905	0.0003999999998995918	trials	electrical	biphasic	70	MOs	deep	isoflurane	False	True
2986.7909	0.0003999999998995918	trials	electrical	biphasic	90	MOs	deep	isoflurane	True	True
2990.484760000001	0.0003999999989900971	trials	electrical	biphasic	50	MOs	deep	isoflurane	False	True
2994.7396	0.0003999999998995918	trials	electrical	biphasic	50	MOs	deep	isoflurane	False	True
2998.58628	0.0003999999998995918	trials	electrical	biphasic	90	MOs	deep	isoflurane	False	True
3002.50532	0.0003999999998995918	trials	electrical	biphasic	50	MOs	deep	isoflurane	False	True
3006.161460000001	0.0003999999989900971	trials	electrical	biphasic	50	MOs	deep	isoflurane	False	True
3010.48088	0.0003999999998995918	trials	electrical	biphasic	90	MOs	deep	isoflurane	False	True
3014.60622	0.0003999999998995918	trials	electrical	biphasic	50	MOs	deep	isoflurane	False	True
3018.84521	0.00040000000126383384	trials	electrical	biphasic	70	MOs	deep	isoflurane	False	True
3023.15075	0.00040000000035433914	trials	electrical	biphasic	70	MOs	deep	isoflurane	False	True
3026.71839	0.0003999999998995918	trials	electrical	biphasic	90	MOs	deep	isoflurane	False	True
3031.1696100000013	0.0003999999998995918	trials	electrical	biphasic	70	MOs	deep	isoflurane	False	True
3035.16761	0.0004000000008090865	trials	electrical	biphasic	70	MOs	deep	isoflurane	False	True
3039.42317	0.0003999999998995918	trials	electrical	biphasic	70	MOs	deep	isoflurane	False	True
3043.66599	0.0003999999998995918	trials	electrical	biphasic	90	MOs	deep	isoflurane	False	True
3047.99756	0.00040000000035433914	trials	electrical	biphasic	70	MOs	deep	isoflurane	False	True
3051.65448	0.0003999999998995918	trials	electrical	biphasic	90	MOs	deep	isoflurane	False	True
3055.6122	0.0003999999998995918	trials	electrical	biphasic	50	MOs	deep	isoflurane	False	True
3059.73072	0.0003999999998995918	trials	electrical	biphasic	50	MOs	deep	isoflurane	False	True
3064.16332	0.0003999999998995918	trials	electrical	biphasic	90	MOs	deep	isoflurane	False	True
3068.49882	0.00040000000035433914	trials	electrical	biphasic	90	MOs	deep	isoflurane	False	True
3072.89467	0.0003999999998995918	trials	electrical	biphasic	90	MOs	deep	isoflurane	False	True
3076.9776100000013	0.0003999999998995918	trials	electrical	biphasic	70	MOs	deep	isoflurane	False	True
3081.06077	0.0003999999998995918	trials	electrical	biphasic	70	MOs	deep	isoflurane	False	True
3085.41611	0.0003999999998995918	trials	electrical	biphasic	50	MOs	deep	isoflurane	False	True
3088.95139	0.0003999999998995918	trials	electrical	biphasic	90	MOs	deep	isoflurane	False	True
3093.33723	0.0003999999998995918	trials	electrical	biphasic	70	MOs	deep	isoflurane	False	True
3097.24539	0.0003999999998995918	trials	electrical	biphasic	70	MOs	deep	isoflurane	False	True
3100.78219	0.0003999999998995918	trials	electrical	biphasic	90	MOs	deep	isoflurane	False	True
3105.02875	0.0003999999998995918	trials	electrical	biphasic	90	MOs	deep	isoflurane	False	True
3108.68399	0.0003999999998995918	trials	electrical	biphasic	50	MOs	deep	isoflurane	False	True
3112.328310000001	0.0003999999989900971	trials	electrical	biphasic	50	MOs	deep	isoflurane	False	True
3116.43469	0.0003999999998995918	trials	electrical	biphasic	70	MOs	deep	isoflurane	False	True
3120.18959	0.0003999999998995918	trials	electrical	biphasic	70	MOs	deep	isoflurane	False	True
3124.01417	0.0003999999998995918	trials	electrical	biphasic	90	MOs	deep	isoflurane	False	False
3127.91639	0.00040000000035433914	trials	electrical	biphasic	70	MOs	deep	isoflurane	False	True
3131.82319	0.0003999999998995918	trials	electrical	biphasic	50	MOs	deep	isoflurane	False	True
3135.709810000001	0.0003999999989900971	trials	electrical	biphasic	90	MOs	deep	isoflurane	False	False
3139.82003	0.00040000000035433914	trials	electrical	biphasic	50	MOs	deep	isoflurane	False	True
3143.48735	0.0003999999998995918	trials	electrical	biphasic	90	MOs	deep	isoflurane	False	False
3147.17587	0.0003999999998995918	trials	electrical	biphasic	50	MOs	deep	isoflurane	False	True
3150.77091	0.0003999999998995918	trials	electrical	biphasic	70	MOs	deep	isoflurane	False	True
3154.5945100000013	0.0003999999998995918	trials	electrical	biphasic	70	MOs	deep	isoflurane	False	True
3158.864530000001	0.0003999999989900971	trials	electrical	biphasic	50	MOs	deep	isoflurane	False	True
3162.59907	0.0003999999998995918	trials	electrical	biphasic	90	MOs	deep	isoflurane	False	False
3166.83985	0.00040000000035433914	trials	electrical	biphasic	50	MOs	deep	isoflurane	False	True
3171.0331	0.0003999999998995918	trials	electrical	biphasic	70	MOs	deep	isoflurane	False	True
3175.3576	0.00040000000035433914	trials	electrical	biphasic	70	MOs	deep	isoflurane	False	True
3179.686	0.0003999999998995918	trials	electrical	biphasic	90	MOs	deep	isoflurane	False	False
3183.47978	0.0003999999998995918	trials	electrical	biphasic	50	MOs	deep	isoflurane	False	True
3187.28956	0.0003999999998995918	trials	electrical	biphasic	90	MOs	deep	isoflurane	False	False
3191.31302	0.0003999999998995918	trials	electrical	biphasic	70	MOs	deep	isoflurane	False	True
3195.13874	0.00040000000035433914	trials	electrical	biphasic	50	MOs	deep	isoflurane	False	True
3199.4709999999995	0.00040000000035433914	trials	electrical	biphasic	50	MOs	deep	isoflurane	False	True
3203.78173	0.0003999999998995918	trials	electrical	biphasic	90	MOs	deep	isoflurane	False	False
3207.83915	0.00040000000035433914	trials	electrical	biphasic	50	MOs	deep	isoflurane	False	True
3211.60253	0.0003999999998995918	trials	electrical	biphasic	70	MOs	deep	isoflurane	False	True
3215.78351	0.0003999999998995918	trials	electrical	biphasic	70	MOs	deep	isoflurane	False	False
3219.51759	0.0003999999998995918	trials	electrical	biphasic	50	MOs	deep	isoflurane	False	True
3223.47443	0.0003999999998995918	trials	electrical	biphasic	90	MOs	deep	isoflurane	False	False
3227.35941	0.0003999999998995918	trials	electrical	biphasic	90	MOs	deep	isoflurane	False	False
3231.39843	0.0003999999998995918	trials	electrical	biphasic	50	MOs	deep	isoflurane	False	True
3235.89055	0.0003999999998995918	trials	electrical	biphasic	50	MOs	deep	isoflurane	False	True
3240.1462	0.0003999999998995918	trials	electrical	biphasic	50	MOs	deep	isoflurane	False	True
3244.62708	0.0003999999998995918	trials	electrical	biphasic	70	MOs	deep	isoflurane	False	False
3248.362280000001	0.0003999999989900971	trials	electrical	biphasic	90	MOs	deep	isoflurane	False	False
3252.391260000001	0.0003999999989900971	trials	electrical	biphasic	90	MOs	deep	isoflurane	False	False
3255.94312	0.0003999999998995918	trials	electrical	biphasic	70	MOs	deep	isoflurane	False	False
3260.20042	0.0003999999998995918	trials	electrical	biphasic	50	MOs	deep	isoflurane	False	True
3264.30282	0.0003999999998995918	trials	electrical	biphasic	50	MOs	deep	isoflurane	False	True
3268.66041	0.00040000000126383384	trials	electrical	biphasic	70	MOs	deep	isoflurane	False	False
3273.149110000001	0.0003999999989900971	trials	electrical	biphasic	50	MOs	deep	isoflurane	False	False
3277.57901	0.00040000000126383384	trials	electrical	biphasic	50	MOs	deep	isoflurane	False	True
3281.48895	0.0003999999998995918	trials	electrical	biphasic	90	MOs	deep	isoflurane	False	False
3284.989710000001	0.0003999999989900971	trials	electrical	biphasic	50	MOs	deep	isoflurane	False	True
3289.03101	0.0003999999998995918	trials	electrical	biphasic	70	MOs	deep	isoflurane	False	False
3292.73917	0.00040000000035433914	trials	electrical	biphasic	70	MOs	deep	isoflurane	False	False
3296.45887	0.0003999999998995918	trials	electrical	biphasic	90	MOs	deep	isoflurane	False	False
3300.28509	0.00040000000035433914	trials	electrical	biphasic	50	MOs	deep	isoflurane	False	True
3303.88145	0.00040000000035433914	trials	electrical	biphasic	90	MOs	deep	isoflurane	False	True
3308.12941	0.00040000000126383384	trials	electrical	biphasic	90	MOs	deep	isoflurane	False	True
3312.37833	0.0003999999998995918	trials	electrical	biphasic	90	MOs	deep	isoflurane	False	True
3316.422060000001	0.0003999999989900971	trials	electrical	biphasic	90	MOs	deep	isoflurane	False	True
3320.26062	0.0003999999998995918	trials	electrical	biphasic	90	MOs	deep	isoflurane	False	True
3324.593380000001	0.0003999999989900971	trials	electrical	biphasic	50	MOs	deep	isoflurane	False	True
3328.64638	0.0003999999998995918	trials	electrical	biphasic	50	MOs	deep	isoflurane	False	True
3333.10434	0.00040000000035433914	trials	electrical	biphasic	70	MOs	deep	isoflurane	False	True
3337.4976100000013	0.00039999999853534973	trials	electrical	biphasic	90	MOs	deep	isoflurane	False	True
3341.35453	0.0003999999998995918	trials	electrical	biphasic	90	MOs	deep	isoflurane	False	True
3345.40135	0.0003999999998995918	trials	electrical	biphasic	70	MOs	deep	isoflurane	False	True
3349.24845	0.0003999999998995918	trials	electrical	biphasic	70	MOs	deep	isoflurane	False	True
3353.37167	0.0003999999998995918	trials	electrical	biphasic	50	MOs	deep	isoflurane	False	True
3357.6687100000013	0.0003999999998995918	trials	electrical	biphasic	70	MOs	deep	isoflurane	False	True
3361.91501	0.0003999999998995918	trials	electrical	biphasic	50	MOs	deep	isoflurane	False	True
3365.5409700000005	0.0004000000008090865	trials	electrical	biphasic	70	MOs	deep	isoflurane	False	True
3369.8638	0.0003999999998995918	trials	electrical	biphasic	50	MOs	deep	isoflurane	False	True
3373.389370000001	0.00039999999944484443	trials	electrical	biphasic	50	MOs	deep	isoflurane	False	True
3377.30421	0.00040000000035433914	trials	electrical	biphasic	90	MOs	deep	isoflurane	False	True
3381.53604	0.0003999999998995918	trials	electrical	biphasic	50	MOs	deep	isoflurane	False	True
3385.81784	0.0003999999998995918	trials	electrical	biphasic	50	MOs	deep	isoflurane	False	True
3389.68554	0.0003999999998995918	trials	electrical	biphasic	90	MOs	deep	isoflurane	False	True
3393.9308200000005	0.0003999999998995918	trials	electrical	biphasic	70	MOs	deep	isoflurane	False	True
3398.3235	0.0003999999998995918	trials	electrical	biphasic	90	MOs	deep	isoflurane	False	True
3402.066520000001	0.0003999999989900971	trials	electrical	biphasic	70	MOs	deep	isoflurane	False	True
3405.69654	0.0003999999998995918	trials	electrical	biphasic	90	MOs	deep	isoflurane	False	True
3409.4220200000004	0.00040000000035433914	trials	electrical	biphasic	50	MOs	deep	isoflurane	False	True
3413.27246	0.0003999999998995918	trials	electrical	biphasic	50	MOs	deep	isoflurane	False	True
3417.05996	0.0003999999998995918	trials	electrical	biphasic	90	MOs	deep	isoflurane	False	True
3421.4878700000004	0.0004000000008090865	trials	electrical	biphasic	90	MOs	deep	isoflurane	False	True
3425.0396	0.0003999999998995918	trials	electrical	biphasic	90	MOs	deep	isoflurane	False	True
3429.13269	0.0003999999998995918	trials	electrical	biphasic	70	MOs	deep	isoflurane	False	True
3432.79601	0.0003999999998995918	trials	electrical	biphasic	70	MOs	deep	isoflurane	False	True
3437.1348299999995	0.00040000000035433914	trials	electrical	biphasic	90	MOs	deep	isoflurane	False	True
3440.80281	0.0003999999998995918	trials	electrical	biphasic	50	MOs	deep	isoflurane	False	True
3444.80543	0.0003999999998995918	trials	electrical	biphasic	70	MOs	deep	isoflurane	False	True
3449.30517	0.00040000000035433914	trials	electrical	biphasic	50	MOs	deep	isoflurane	False	True
3453.16099	0.00040000000035433914	trials	electrical	biphasic	70	MOs	deep	isoflurane	False	True
3456.70849	0.0003999999998995918	trials	electrical	biphasic	90	MOs	deep	isoflurane	False	True
3460.42257	0.0003999999998995918	trials	electrical	biphasic	90	MOs	deep	isoflurane	False	True
3464.32083	0.0003999999998995918	trials	electrical	biphasic	50	MOs	deep	isoflurane	False	True
3468.15491	0.0003999999998995918	trials	electrical	biphasic	70	MOs	deep	isoflurane	False	True
3471.88493	0.0003999999998995918	trials	electrical	biphasic	90	MOs	deep	isoflurane	False	True
3476.321470000001	0.0003999999989900971	trials	electrical	biphasic	70	MOs	deep	isoflurane	False	True
3480.50508	0.0003999999998995918	trials	electrical	biphasic	70	MOs	deep	isoflurane	False	True
3484.9676200000013	0.0003999999998995918	trials	electrical	biphasic	70	MOs	deep	isoflurane	False	True
3488.9060200000013	0.0003999999998995918	trials	electrical	biphasic	50	MOs	deep	isoflurane	False	True
3493.34678	0.00040000000035433914	trials	electrical	biphasic	90	MOs	deep	isoflurane	False	True
3496.85304	0.0003999999998995918	trials	electrical	biphasic	70	MOs	deep	isoflurane	False	True
3500.96376	0.0003999999998995918	trials	electrical	biphasic	70	MOs	deep	isoflurane	False	True
3505.265270000001	0.0003999999989900971	trials	electrical	biphasic	90	MOs	deep	isoflurane	False	True
3508.9986700000004	0.0004000000008090865	trials	electrical	biphasic	90	MOs	deep	isoflurane	False	True
3513.43155	0.00040000000035433914	trials	electrical	biphasic	50	MOs	deep	isoflurane	False	True
3517.69523	0.00040000000035433914	trials	electrical	biphasic	90	MOs	deep	isoflurane	False	True
3522.022110000001	0.0003999999989900971	trials	electrical	biphasic	50	MOs	deep	isoflurane	False	True
3526.0959999999995	0.00040000000035433914	trials	electrical	biphasic	90	MOs	deep	isoflurane	False	False
3530.389	0.0003999999998995918	trials	electrical	biphasic	50	MOs	deep	isoflurane	False	False
3534.21846	0.0003999999998995918	trials	electrical	biphasic	70	MOs	deep	isoflurane	False	True
3537.94234	0.0003999999998995918	trials	electrical	biphasic	50	MOs	deep	isoflurane	False	True
3541.75514	0.0003999999998995918	trials	electrical	biphasic	50	MOs	deep	isoflurane	False	True
3545.8400799999995	0.00040000000035433914	trials	electrical	biphasic	70	MOs	deep	isoflurane	False	False
3550.1704200000013	0.0003999999998995918	trials	electrical	biphasic	50	MOs	deep	isoflurane	False	True
3553.9613	0.0003999999998995918	trials	electrical	biphasic	70	MOs	deep	isoflurane	False	False
3557.86428	0.00040000000035433914	trials	electrical	biphasic	50	MOs	deep	isoflurane	False	True
3562.22677	0.0003999999998995918	trials	electrical	biphasic	70	MOs	deep	isoflurane	False	True
3566.34193	0.00039999999944484443	trials	electrical	biphasic	70	MOs	deep	isoflurane	False	False
3570.83353	0.0003999999998995918	trials	electrical	biphasic	90	MOs	deep	isoflurane	False	True
3574.53765	0.0003999999998995918	trials	electrical	biphasic	70	MOs	deep	isoflurane	False	True
3578.86527	0.00040000000035433914	trials	electrical	biphasic	50	MOs	deep	isoflurane	False	True
3583.04156	0.0003999999998995918	trials	electrical	biphasic	70	MOs	deep	isoflurane	False	True
3586.7909200000013	0.0003999999998995918	trials	electrical	biphasic	70	MOs	deep	isoflurane	False	False
3590.7671200000004	0.00040000000035433914	trials	electrical	biphasic	90	MOs	deep	isoflurane	False	True
3594.6666200000004	0.00040000000035433914	trials	electrical	biphasic	50	MOs	deep	isoflurane	False	True
3598.76648	0.00040000000035433914	trials	electrical	biphasic	50	MOs	deep	isoflurane	False	True
3603.06742	0.00040000000035433914	trials	electrical	biphasic	90	MOs	deep	isoflurane	False	True
3606.6729	0.0003999999998995918	trials	electrical	biphasic	50	MOs	deep	isoflurane	False	True
3610.99476	0.0003999999998995918	trials	electrical	biphasic	70	MOs	deep	isoflurane	False	True
3615.33627	0.00040000000035433914	trials	electrical	biphasic	90	MOs	deep	isoflurane	False	True
3619.19119	0.0003999999998995918	trials	electrical	biphasic	70	MOs	deep	isoflurane	False	True
3623.12167	0.0003999999998995918	trials	electrical	biphasic	90	MOs	deep	isoflurane	True	True
3627.19433	0.00040000000035433914	trials	electrical	biphasic	90	MOs	deep	isoflurane	True	True
3631.39557	0.00040000000126383384	trials	electrical	biphasic	50	MOs	deep	isoflurane	False	True
3635.63847	0.00040000000035433914	trials	electrical	biphasic	50	MOs	deep	isoflurane	False	True
3639.89678	0.0003999999998995918	trials	electrical	biphasic	70	MOs	deep	isoflurane	False	True
3643.78632	0.00040000000126383384	trials	electrical	biphasic	70	MOs	deep	isoflurane	False	True
3647.71604	0.00040000000035433914	trials	electrical	biphasic	70	MOs	deep	isoflurane	False	True
3652.1728	0.00040000000035433914	trials	electrical	biphasic	70	MOs	deep	isoflurane	False	True
3656.2462	0.0003999999998995918	trials	electrical	biphasic	90	MOs	deep	isoflurane	False	True
3660.59634	0.0003999999998995918	trials	electrical	biphasic	50	MOs	deep	isoflurane	False	True
3664.3731	0.00040000000035433914	trials	electrical	biphasic	50	MOs	deep	isoflurane	False	True
3668.49585	0.00040000000035433914	trials	electrical	biphasic	90	MOs	deep	isoflurane	False	True
3672.58463	0.00040000000035433914	trials	electrical	biphasic	90	MOs	deep	isoflurane	False	True
3677.04851	0.0003999999998995918	trials	electrical	biphasic	90	MOs	deep	isoflurane	False	True
3680.63483	0.0003999999998995918	trials	electrical	biphasic	50	MOs	deep	isoflurane	False	True
3684.63575	0.0003999999998995918	trials	electrical	biphasic	70	MOs	deep	isoflurane	False	True
3688.65777	0.00040000000035433914	trials	electrical	biphasic	70	MOs	deep	isoflurane	False	True
3692.24835	0.00040000000035433914	trials	electrical	biphasic	70	MOs	deep	isoflurane	False	True
3696.65344	0.0003999999998995918	trials	electrical	biphasic	70	MOs	deep	isoflurane	False	True
3701.03824	0.00040000000035433914	trials	electrical	biphasic	70	MOs	deep	isoflurane	False	True
3704.97766	0.0003999999998995918	trials	electrical	biphasic	90	MOs	deep	isoflurane	False	True
3709.2598	0.00040000000035433914	trials	electrical	biphasic	70	MOs	deep	isoflurane	False	True
3712.90868	0.0003999999998995918	trials	electrical	biphasic	70	MOs	deep	isoflurane	False	False
3717.02892	0.0003999999998995918	trials	electrical	biphasic	90	MOs	deep	isoflurane	False	True
3720.78996	0.0003999999998995918	trials	electrical	biphasic	90	MOs	deep	isoflurane	False	True
3724.73604	0.00040000000035433914	trials	electrical	biphasic	90	MOs	deep	isoflurane	False	True
3729.08047	0.0003999999998995918	trials	electrical	biphasic	90	MOs	deep	isoflurane	False	False
3732.77709	0.0003999999998995918	trials	electrical	biphasic	70	MOs	deep	isoflurane	False	True
3736.58137	0.0003999999998995918	trials	electrical	biphasic	70	MOs	deep	isoflurane	False	True
3740.56509	0.0003999999998995918	trials	electrical	biphasic	50	MOs	deep	isoflurane	False	True
3744.40333	0.0003999999998995918	trials	electrical	biphasic	50	MOs	deep	isoflurane	False	True
3748.70223	0.00040000000035433914	trials	electrical	biphasic	90	MOs	deep	isoflurane	False	False
3753.19013	0.0003999999998995918	trials	electrical	biphasic	50	MOs	deep	isoflurane	False	True
3756.84959	0.00040000000035433914	trials	electrical	biphasic	50	MOs	deep	isoflurane	False	True
3760.58689	0.0003999999998995918	trials	electrical	biphasic	90	MOs	deep	isoflurane	False	False
3764.78956	0.0003999999998995918	trials	electrical	biphasic	50	MOs	deep	isoflurane	False	True
3768.66546	0.0003999999998995918	trials	electrical	biphasic	70	MOs	deep	isoflurane	False	True
3773.13958	0.0003999999998995918	trials	electrical	biphasic	90	MOs	deep	isoflurane	False	False
3777.6123	0.00040000000035433914	trials	electrical	biphasic	70	MOs	deep	isoflurane	False	True
3781.75643	0.0003999999998995918	trials	electrical	biphasic	90	MOs	deep	isoflurane	False	False
3786.11695	0.0003999999998995918	trials	electrical	biphasic	90	MOs	deep	isoflurane	False	False
3790.01925	0.00040000000035433914	trials	electrical	biphasic	90	MOs	deep	isoflurane	False	False
3794.15161	0.0003999999998995918	trials	electrical	biphasic	90	MOs	deep	isoflurane	False	False
3798.63727	0.0003999999998995918	trials	electrical	biphasic	70	MOs	deep	isoflurane	False	True
3802.69718	0.0003999999998995918	trials	electrical	biphasic	70	MOs	deep	isoflurane	False	True
3807.1312	0.00040000000035433914	trials	electrical	biphasic	90	MOs	deep	isoflurane	False	False
3811.35196	0.0003999999998995918	trials	electrical	biphasic	90	MOs	deep	isoflurane	False	False
3815.33642	0.0003999999998995918	trials	electrical	biphasic	70	MOs	deep	isoflurane	False	True
3819.47588	0.0003999999998995918	trials	electrical	biphasic	50	MOs	deep	isoflurane	False	True
3823.86395	0.0003999999998995918	trials	electrical	biphasic	50	MOs	deep	isoflurane	False	True
3827.56311	0.0003999999998995918	trials	electrical	biphasic	70	MOs	deep	isoflurane	False	True
3831.45889	0.0003999999998995918	trials	electrical	biphasic	70	MOs	deep	isoflurane	False	True
3835.95149	0.0003999999998995918	trials	electrical	biphasic	90	MOs	deep	isoflurane	False	False
3839.85427	0.00040000000035433914	trials	electrical	biphasic	50	MOs	deep	isoflurane	False	True
3844.01355	0.0003999999998995918	trials	electrical	biphasic	70	MOs	deep	isoflurane	False	True
3848.4153200000014	0.00039999999853534973	trials	electrical	biphasic	50	MOs	deep	isoflurane	False	True
3852.91112	0.0003999999998995918	trials	electrical	biphasic	90	MOs	deep	isoflurane	False	False
3857.0647	0.0003999999998995918	trials	electrical	biphasic	50	MOs	deep	isoflurane	False	True
3860.67356	0.0003999999998995918	trials	electrical	biphasic	90	MOs	deep	isoflurane	False	False
3864.2101	0.00040000000035433914	trials	electrical	biphasic	50	MOs	deep	isoflurane	False	True
3868.32862	0.00040000000035433914	trials	electrical	biphasic	70	MOs	deep	isoflurane	False	True
3872.39619	0.0003999999998995918	trials	electrical	biphasic	70	MOs	deep	isoflurane	False	True
3876.85857	0.00040000000035433914	trials	electrical	biphasic	50	MOs	deep	isoflurane	False	True
3881.10509	0.0003999999998995918	trials	electrical	biphasic	50	MOs	deep	isoflurane	False	True
3885.26803	0.0003999999998995918	trials	electrical	biphasic	90	MOs	deep	isoflurane	False	False
3889.29177	0.00040000000035433914	trials	electrical	biphasic	90	MOs	deep	isoflurane	False	False
3893.05209	0.0003999999998995918	trials	electrical	biphasic	50	MOs	deep	isoflurane	False	True
3897.51452	0.0003999999998995918	trials	electrical	biphasic	50	MOs	deep	isoflurane	False	True
3901.55514	0.0003999999998995918	trials	electrical	biphasic	90	MOs	deep	isoflurane	False	False
3905.08584	0.0003999999998995918	trials	electrical	biphasic	50	MOs	deep	isoflurane	False	True
3909.28258	0.0003999999998995918	trials	electrical	biphasic	70	MOs	deep	isoflurane	False	True
3913.30272	0.00040000000126383384	trials	electrical	biphasic	50	MOs	deep	isoflurane	False	True
3916.86218	0.0003999999998995918	trials	electrical	biphasic	90	MOs	deep	isoflurane	True	False
3921.25264	0.0003999999998995918	trials	electrical	biphasic	50	MOs	deep	isoflurane	False	True
3925.08326	0.0003999999998995918	trials	electrical	biphasic	90	MOs	deep	isoflurane	False	False
3928.81338	0.0003999999998995918	trials	electrical	biphasic	50	MOs	deep	isoflurane	False	True
3932.42774	0.0003999999998995918	trials	electrical	biphasic	70	MOs	deep	isoflurane	False	True
3936.23908	0.00040000000035433914	trials	electrical	biphasic	90	MOs	deep	isoflurane	False	False
3939.96794	0.0003999999998995918	trials	electrical	biphasic	50	MOs	deep	isoflurane	False	True
3944.12037	0.0003999999998995918	trials	electrical	biphasic	70	MOs	deep	isoflurane	False	True
3947.68694	0.0003999999998995918	trials	electrical	biphasic	90	MOs	deep	isoflurane	False	False
3951.4628	0.00040000000035433914	trials	electrical	biphasic	70	MOs	deep	isoflurane	True	True
3955.24504	0.00040000000035433914	trials	electrical	biphasic	50	MOs	deep	isoflurane	False	True
3959.62553	0.00040000000035433914	trials	electrical	biphasic	50	MOs	deep	isoflurane	False	True
3963.57029	0.0003999999998995918	trials	electrical	biphasic	50	MOs	deep	isoflurane	False	True
3967.82663	0.0003999999998995918	trials	electrical	biphasic	70	MOs	deep	isoflurane	False	True
3971.93035	0.0003999999998995918	trials	electrical	biphasic	90	MOs	deep	isoflurane	False	False
3976.21404	0.00040000000035433914	trials	electrical	biphasic	90	MOs	deep	isoflurane	False	False
3979.82839	0.0003999999998995918	trials	electrical	biphasic	50	MOs	deep	isoflurane	False	True
3984.30738	0.0003999999998995918	trials	electrical	biphasic	70	MOs	deep	isoflurane	False	True
3988.6564	0.00040000000035433914	trials	electrical	biphasic	70	MOs	deep	isoflurane	False	True
3992.20746	0.0003999999998995918	trials	electrical	biphasic	50	MOs	deep	isoflurane	False	True
3996.17408	0.00040000000035433914	trials	electrical	biphasic	70	MOs	deep	isoflurane	False	True
4000.00016	0.0003999999998995918	trials	electrical	biphasic	90	MOs	deep	isoflurane	True	False
4004.13078	0.0003999999998995918	trials	electrical	biphasic	90	MOs	deep	isoflurane	True	False
4007.8615	0.0003999999998995918	trials	electrical	biphasic	90	MOs	deep	isoflurane	False	False
4011.9418	0.0004100000001017179	trials	electrical	biphasic	70	MOs	deep	isoflurane	False	True
4016.04539	0.0003999999998995918	trials	electrical	biphasic	70	MOs	deep	isoflurane	False	True
4020.14569	0.00040000000035433914	trials	electrical	biphasic	90	MOs	deep	isoflurane	False	False
4024.09453	0.00040000000035433914	trials	electrical	biphasic	90	MOs	deep	isoflurane	False	False
4027.63037	0.00040000000035433914	trials	electrical	biphasic	70	MOs	deep	isoflurane	False	True
4031.64461	0.00040000000035433914	trials	electrical	biphasic	50	MOs	deep	isoflurane	False	True
4035.55277	0.00040000000035433914	trials	electrical	biphasic	70	MOs	deep	isoflurane	False	True
4039.16123	0.0003999999998995918	trials	electrical	biphasic	90	MOs	deep	isoflurane	False	False
4043.12153	0.0003999999998995918	trials	electrical	biphasic	90	MOs	deep	isoflurane	False	False
4047.07283	0.0003999999998995918	trials	electrical	biphasic	90	MOs	deep	isoflurane	False	False
4051.12439	0.0003999999998995918	trials	electrical	biphasic	90	MOs	deep	isoflurane	False	False
4079.01942	0.264810000000125	trials	visual	white fullscreen	n/a	n/a	n/a	isoflurane	False	True
4083.58988	0.2648300000000745	trials	visual	white fullscreen	n/a	n/a	n/a	isoflurane	False	True
4087.40973	0.26484000000027663	trials	visual	white fullscreen	n/a	n/a	n/a	isoflurane	False	True
4091.57988	0.2648300000000745	trials	visual	white fullscreen	n/a	n/a	n/a	isoflurane	False	True
4095.80005	0.26485000000047876	trials	visual	white fullscreen	n/a	n/a	n/a	isoflurane	False	True
4100.47064	0.2648200000003271	trials	visual	white fullscreen	n/a	n/a	n/a	isoflurane	False	True
4104.65747	0.2648200000003271	trials	visual	white fullscreen	n/a	n/a	n/a	isoflurane	False	True
4108.89432	0.2648399999998219	trials	visual	white fullscreen	n/a	n/a	n/a	isoflurane	False	True
4113.03109	0.2648699999999735	trials	visual	white fullscreen	n/a	n/a	n/a	isoflurane	False	True
4117.26798	0.2648400000007314	trials	visual	white fullscreen	n/a	n/a	n/a	isoflurane	False	True
4121.57158	0.26484999999956926	trials	visual	white fullscreen	n/a	n/a	n/a	isoflurane	False	True
4126.2922	0.26481000000057975	trials	visual	white fullscreen	n/a	n/a	n/a	isoflurane	False	True
4131.02946	0.26485000000047876	trials	visual	white fullscreen	n/a	n/a	n/a	isoflurane	False	True
4135.566620000001	0.26480999999694177	trials	visual	white fullscreen	n/a	n/a	n/a	isoflurane	False	True
4139.836829999998	0.2648300000018935	trials	visual	white fullscreen	n/a	n/a	n/a	isoflurane	False	True
4144.440689999999	0.264830000000984	trials	visual	white fullscreen	n/a	n/a	n/a	isoflurane	False	True
4148.76097	0.26480999999967025	trials	visual	white fullscreen	n/a	n/a	n/a	isoflurane	False	True
4153.01454	0.2647999999999229	trials	visual	white fullscreen	n/a	n/a	n/a	isoflurane	False	True
4156.98449	0.2648200000003271	trials	visual	white fullscreen	n/a	n/a	n/a	isoflurane	False	True
4160.92114	0.2648300000000745	trials	visual	white fullscreen	n/a	n/a	n/a	isoflurane	False	True
4165.59172	0.2647999999999229	trials	visual	white fullscreen	n/a	n/a	n/a	isoflurane	False	True
4169.62841	0.264829999999165	trials	visual	white fullscreen	n/a	n/a	n/a	isoflurane	False	True
4173.765210000001	0.2648299999982555	trials	visual	white fullscreen	n/a	n/a	n/a	isoflurane	False	True
4177.86863	0.2648300000000745	trials	visual	white fullscreen	n/a	n/a	n/a	isoflurane	False	True
4182.43913	0.2648200000003271	trials	visual	white fullscreen	n/a	n/a	n/a	isoflurane	False	True
4186.19223	0.26485000000047876	trials	visual	white fullscreen	n/a	n/a	n/a	isoflurane	False	True
4190.82946	0.2648300000000745	trials	visual	white fullscreen	n/a	n/a	n/a	isoflurane	False	True
4194.7660700000015	0.26484999999865977	trials	visual	white fullscreen	n/a	n/a	n/a	isoflurane	False	True
4199.06969	0.2648300000000745	trials	visual	white fullscreen	n/a	n/a	n/a	isoflurane	False	True
4202.88957	0.26480999999967025	trials	visual	white fullscreen	n/a	n/a	n/a	isoflurane	False	True
4206.69272	0.26485000000138825	trials	visual	white fullscreen	n/a	n/a	n/a	isoflurane	False	True
4210.6794	0.2648399999998219	trials	visual	white fullscreen	n/a	n/a	n/a	isoflurane	False	True
4215.29992	0.26484999999956926	trials	visual	white fullscreen	n/a	n/a	n/a	isoflurane	False	True
4219.70362	0.2648300000000745	trials	visual	white fullscreen	n/a	n/a	n/a	isoflurane	False	True
4223.55683	0.26484999999956926	trials	visual	white fullscreen	n/a	n/a	n/a	isoflurane	False	True
4227.87711	0.2648399999998219	trials	visual	white fullscreen	n/a	n/a	n/a	isoflurane	False	True
4231.64696	0.2648300000000745	trials	visual	white fullscreen	n/a	n/a	n/a	isoflurane	False	True
4236.25079	0.2648399999998219	trials	visual	white fullscreen	n/a	n/a	n/a	isoflurane	False	True
4240.320879999998	0.2648300000018935	trials	visual	white fullscreen	n/a	n/a	n/a	isoflurane	False	True
4244.22416	0.26481000000057975	trials	visual	white fullscreen	n/a	n/a	n/a	isoflurane	False	True
4248.47769	0.2648300000018935	trials	visual	white fullscreen	n/a	n/a	n/a	isoflurane	False	True
4252.6979	0.2648200000003271	trials	visual	white fullscreen	n/a	n/a	n/a	isoflurane	False	True
4256.51776	0.26481000000057975	trials	visual	white fullscreen	n/a	n/a	n/a	isoflurane	False	True
4260.404329999999	0.264830000000984	trials	visual	white fullscreen	n/a	n/a	n/a	isoflurane	False	True
4264.40769	0.2648300000000745	trials	visual	white fullscreen	n/a	n/a	n/a	isoflurane	False	True
4269.06158	0.2648400000007314	trials	visual	white fullscreen	n/a	n/a	n/a	isoflurane	False	True
4273.3652	0.26480999999967025	trials	visual	white fullscreen	n/a	n/a	n/a	isoflurane	False	True
4277.20173	0.2648200000003271	trials	visual	white fullscreen	n/a	n/a	n/a	isoflurane	False	True
4281.8222700000015	0.26481999999850814	trials	visual	white fullscreen	n/a	n/a	n/a	isoflurane	False	True
4286.30934	0.26485000000047876	trials	visual	white fullscreen	n/a	n/a	n/a	isoflurane	False	True
4290.52955	0.264829999999165	trials	visual	white fullscreen	n/a	n/a	n/a	isoflurane	False	True
4295.18344	0.2648399999998219	trials	visual	white fullscreen	n/a	n/a	n/a	isoflurane	False	True
4299.83734	0.2648200000003271	trials	visual	white fullscreen	n/a	n/a	n/a	isoflurane	False	True
4304.074229999998	0.2648200000012366	trials	visual	white fullscreen	n/a	n/a	n/a	isoflurane	False	True
4308.07757	0.2648300000000745	trials	visual	white fullscreen	n/a	n/a	n/a	isoflurane	False	True
4311.91411	0.2648300000000745	trials	visual	white fullscreen	n/a	n/a	n/a	isoflurane	False	True
4315.76733	0.2648400000007314	trials	visual	white fullscreen	n/a	n/a	n/a	isoflurane	False	True
4319.78738	0.2648300000000745	trials	visual	white fullscreen	n/a	n/a	n/a	isoflurane	False	True
4323.72399	0.26484999999956926	trials	visual	white fullscreen	n/a	n/a	n/a	isoflurane	False	True
4327.89416	0.2648300000000745	trials	visual	white fullscreen	n/a	n/a	n/a	isoflurane	False	True
4331.8141	0.2648300000000745	trials	visual	white fullscreen	n/a	n/a	n/a	isoflurane	False	True
4335.76741	0.26486000000113563	trials	visual	white fullscreen	n/a	n/a	n/a	isoflurane	False	True
4339.85415	0.26486000000022614	trials	visual	white fullscreen	n/a	n/a	n/a	isoflurane	False	True
4344.45802	0.26481999999941763	trials	visual	white fullscreen	n/a	n/a	n/a	isoflurane	False	True
4348.79498	0.2648400000007314	trials	visual	white fullscreen	n/a	n/a	n/a	isoflurane	False	True
4353.03185	0.26484999999956926	trials	visual	white fullscreen	n/a	n/a	n/a	isoflurane	False	True
4356.80168	0.2648400000007314	trials	visual	white fullscreen	n/a	n/a	n/a	isoflurane	False	True
4360.788360000001	0.2648299999982555	trials	visual	white fullscreen	n/a	n/a	n/a	isoflurane	False	True
4364.65826	0.26484999999956926	trials	visual	white fullscreen	n/a	n/a	n/a	isoflurane	False	True
4369.39556	0.2648399999998219	trials	visual	white fullscreen	n/a	n/a	n/a	isoflurane	False	True
4373.74921	0.2648399999998219	trials	visual	white fullscreen	n/a	n/a	n/a	isoflurane	False	True
4378.20295	0.2648300000000745	trials	visual	white fullscreen	n/a	n/a	n/a	isoflurane	False	True
4382.339739999999	0.264830000000984	trials	visual	white fullscreen	n/a	n/a	n/a	isoflurane	False	True
4386.25968	0.26484999999956926	trials	visual	white fullscreen	n/a	n/a	n/a	isoflurane	False	True
4390.896879999998	0.26485000000138825	trials	visual	white fullscreen	n/a	n/a	n/a	isoflurane	False	True
4395.13377	0.26484999999956926	trials	visual	white fullscreen	n/a	n/a	n/a	isoflurane	False	True
4399.25386	0.26486000000022614	trials	visual	white fullscreen	n/a	n/a	n/a	isoflurane	False	True
4403.49077	0.2648399999998219	trials	visual	white fullscreen	n/a	n/a	n/a	isoflurane	False	True
4407.4607700000015	0.2648299999982555	trials	visual	white fullscreen	n/a	n/a	n/a	isoflurane	False	True
4411.414070000002	0.2648399999998219	trials	visual	white fullscreen	n/a	n/a	n/a	isoflurane	False	True
4415.45078	0.26484999999956926	trials	visual	white fullscreen	n/a	n/a	n/a	isoflurane	False	True
4419.62093	0.26486000000022614	trials	visual	white fullscreen	n/a	n/a	n/a	isoflurane	False	True
4423.49082	0.2481900000002497	trials	visual	white fullscreen	n/a	n/a	n/a	isoflurane	False	True
4427.67769	0.264830000000984	trials	visual	white fullscreen	n/a	n/a	n/a	isoflurane	False	True
4432.38163	0.2648400000016409	trials	visual	white fullscreen	n/a	n/a	n/a	isoflurane	False	True
4436.75195	0.2648399999998219	trials	visual	white fullscreen	n/a	n/a	n/a	isoflurane	False	True
4440.93879	0.26486000000022614	trials	visual	white fullscreen	n/a	n/a	n/a	isoflurane	False	True
4445.07559	0.2648399999980029	trials	visual	white fullscreen	n/a	n/a	n/a	isoflurane	False	True
4449.66277	0.2648300000000745	trials	visual	white fullscreen	n/a	n/a	n/a	isoflurane	False	True
4453.98304	0.2648399999998219	trials	visual	white fullscreen	n/a	n/a	n/a	isoflurane	False	True
4458.30334	0.2481499999994412	trials	visual	white fullscreen	n/a	n/a	n/a	isoflurane	False	True
4462.67367	0.2648300000000745	trials	visual	white fullscreen	n/a	n/a	n/a	isoflurane	False	True
4467.394270000002	0.2648399999998219	trials	visual	white fullscreen	n/a	n/a	n/a	isoflurane	False	True
4471.76459	0.26486000000022614	trials	visual	white fullscreen	n/a	n/a	n/a	isoflurane	False	True
4475.83467	0.26485000000138825	trials	visual	white fullscreen	n/a	n/a	n/a	isoflurane	False	True
4480.55529	0.26484999999956926	trials	visual	white fullscreen	n/a	n/a	n/a	isoflurane	False	True
4484.92564	0.26481999999941763	trials	visual	white fullscreen	n/a	n/a	n/a	isoflurane	False	True
4489.26258	0.26485000000047876	trials	visual	white fullscreen	n/a	n/a	n/a	isoflurane	False	True
4493.58287	0.2648399999998219	trials	visual	white fullscreen	n/a	n/a	n/a	isoflurane	False	True
4497.76973	0.2648300000000745	trials	visual	white fullscreen	n/a	n/a	n/a	isoflurane	False	True
4546.42919	0.0003999999998995918	trials	electrical	biphasic	70	MOs	deep	recovery	False	False
4550.333570000002	0.0003999999998995918	trials	electrical	biphasic	50	MOs	deep	recovery	False	True
4554.01323	0.0004000000008090865	trials	electrical	biphasic	50	MOs	deep	recovery	False	True
4558.48257	0.0003999999998995918	trials	electrical	biphasic	50	MOs	deep	recovery	False	True
4562.39045	0.0003999999998995918	trials	electrical	biphasic	50	MOs	deep	recovery	False	True
4566.73535	0.00041000000146595994	trials	electrical	biphasic	70	MOs	deep	recovery	False	False
4570.8511	0.0003999999998995918	trials	electrical	biphasic	70	MOs	deep	recovery	False	True
4574.72814	0.0003999999998995918	trials	electrical	biphasic	90	MOs	deep	recovery	False	False
4579.10574	0.0003999999998995918	trials	electrical	biphasic	50	MOs	deep	recovery	False	True
4583.39102	0.0003999999998995918	trials	electrical	biphasic	70	MOs	deep	recovery	False	True
4587.3564	0.00041000000055646524	trials	electrical	biphasic	50	MOs	deep	recovery	False	True
4591.670810000001	0.0003999999989900971	trials	electrical	biphasic	90	MOs	deep	recovery	False	False
4596.06967	0.0004000000017185812	trials	electrical	biphasic	50	MOs	deep	recovery	False	True
4599.99933	0.0004000000008090865	trials	electrical	biphasic	90	MOs	deep	recovery	False	False
4603.83407	0.0004000000017185812	trials	electrical	biphasic	70	MOs	deep	recovery	False	True
4607.93113	0.0003999999998995918	trials	electrical	biphasic	90	MOs	deep	recovery	False	False
4612.33356	0.0003999999998995918	trials	electrical	biphasic	90	MOs	deep	recovery	False	False
4616.53604	0.0003999999998995918	trials	electrical	biphasic	50	MOs	deep	recovery	False	True
4620.41392	0.0003999999998995918	trials	electrical	biphasic	50	MOs	deep	recovery	False	True
4624.6493	0.0003999999998995918	trials	electrical	biphasic	70	MOs	deep	recovery	False	True
4629.10383	0.0003999999998995918	trials	electrical	biphasic	70	MOs	deep	recovery	False	True
4633.14707	0.0003999999998995918	trials	electrical	biphasic	70	MOs	deep	recovery	False	True
4637.18759	0.0003999999998995918	trials	electrical	biphasic	90	MOs	deep	recovery	False	False
4640.99913	0.0003999999998995918	trials	electrical	biphasic	70	MOs	deep	recovery	False	True
4644.57079	0.0003999999998995918	trials	electrical	biphasic	50	MOs	deep	recovery	False	True
4648.253189999999	0.0004000000008090865	trials	electrical	biphasic	90	MOs	deep	recovery	False	False
4651.84659	0.0003999999998995918	trials	electrical	biphasic	50	MOs	deep	recovery	False	True
4655.81049	0.0003999999998995918	trials	electrical	biphasic	90	MOs	deep	recovery	False	False
4659.32025	0.0003999999998995918	trials	electrical	biphasic	50	MOs	deep	recovery	False	True
4663.73569	0.0003999999989900971	trials	electrical	biphasic	50	MOs	deep	recovery	False	True
4667.87885	0.0003999999998995918	trials	electrical	biphasic	90	MOs	deep	recovery	False	False
4671.38069	0.0003999999998995918	trials	electrical	biphasic	70	MOs	deep	recovery	False	True
4674.91149	0.0003999999989900971	trials	electrical	biphasic	70	MOs	deep	recovery	False	True
4678.62039	0.0003999999998995918	trials	electrical	biphasic	70	MOs	deep	recovery	False	True
4682.57577	0.0003999999998995918	trials	electrical	biphasic	70	MOs	deep	recovery	False	True
4686.20345	0.0003999999998995918	trials	electrical	biphasic	50	MOs	deep	recovery	False	True
4689.71251	0.0003999999998995918	trials	electrical	biphasic	50	MOs	deep	recovery	False	True
4693.94001	0.0003999999998995918	trials	electrical	biphasic	50	MOs	deep	recovery	False	True
4697.79455	0.0004000000008090865	trials	electrical	biphasic	90	MOs	deep	recovery	False	False
4702.07542	0.0003999999998995918	trials	electrical	biphasic	90	MOs	deep	recovery	False	False
4706.0125	0.0003999999998995918	trials	electrical	biphasic	50	MOs	deep	recovery	False	True
4709.949479999998	0.0004000000017185812	trials	electrical	biphasic	90	MOs	deep	recovery	False	False
4713.49912	0.0003999999998995918	trials	electrical	biphasic	70	MOs	deep	recovery	False	True
4717.04918	0.0003999999998995918	trials	electrical	biphasic	50	MOs	deep	recovery	False	True
4720.6407	0.0003999999998995918	trials	electrical	biphasic	70	MOs	deep	recovery	False	True
4724.73516	0.0003999999998995918	trials	electrical	biphasic	70	MOs	deep	recovery	False	True
4728.47666	0.0003999999998995918	trials	electrical	biphasic	90	MOs	deep	recovery	False	False
4732.81844	0.0003999999998995918	trials	electrical	biphasic	50	MOs	deep	recovery	False	True
4737.176079999998	0.0004000000017185812	trials	electrical	biphasic	50	MOs	deep	recovery	False	True
4741.64013	0.0003999999998995918	trials	electrical	biphasic	50	MOs	deep	recovery	False	True
4745.62945	0.0003999999998995918	trials	electrical	biphasic	90	MOs	deep	recovery	False	False
4749.35019	0.0003999999998995918	trials	electrical	biphasic	50	MOs	deep	recovery	False	True
4753.076810000001	0.0003999999989900971	trials	electrical	biphasic	90	MOs	deep	recovery	False	False
4757.11401	0.0003999999998995918	trials	electrical	biphasic	70	MOs	deep	recovery	False	True
4761.37655	0.0003999999998995918	trials	electrical	biphasic	70	MOs	deep	recovery	False	True
4765.22453	0.0003999999989900971	trials	electrical	biphasic	50	MOs	deep	recovery	False	True
4769.186189999999	0.0004000000008090865	trials	electrical	biphasic	70	MOs	deep	recovery	False	True
4773.32594	0.0003999999998995918	trials	electrical	biphasic	90	MOs	deep	recovery	False	False
4777.7437	0.0003999999998995918	trials	electrical	biphasic	90	MOs	deep	recovery	False	False
4781.4057	0.0003999999998995918	trials	electrical	biphasic	50	MOs	deep	recovery	False	True
4785.62176	0.0003999999998995918	trials	electrical	biphasic	70	MOs	deep	recovery	False	True
4789.69992	0.0003999999998995918	trials	electrical	biphasic	50	MOs	deep	recovery	False	True
4793.63365	0.0003999999998995918	trials	electrical	biphasic	50	MOs	deep	recovery	False	True
4798.01831	0.0003999999998995918	trials	electrical	biphasic	70	MOs	deep	recovery	False	True
4801.91179	0.0003999999998995918	trials	electrical	biphasic	50	MOs	deep	recovery	False	True
4805.59119	0.0003999999998995918	trials	electrical	biphasic	90	MOs	deep	recovery	False	False
4809.72495	0.0003999999998995918	trials	electrical	biphasic	70	MOs	deep	recovery	False	True
4813.84937	0.0004000000017185812	trials	electrical	biphasic	90	MOs	deep	recovery	False	False
4817.677729999999	0.0003999999989900971	trials	electrical	biphasic	50	MOs	deep	recovery	False	True
4821.98112	0.0003999999998995918	trials	electrical	biphasic	70	MOs	deep	recovery	False	True
4826.48102	0.0003999999998995918	trials	electrical	biphasic	50	MOs	deep	recovery	False	True
4830.962420000002	0.0003999999998995918	trials	electrical	biphasic	90	MOs	deep	recovery	False	False
4834.58988	0.0003999999989900971	trials	electrical	biphasic	70	MOs	deep	recovery	False	True
4838.32254	0.0003999999998995918	trials	electrical	biphasic	90	MOs	deep	recovery	False	False
4841.8466	0.0003999999998995918	trials	electrical	biphasic	90	MOs	deep	recovery	False	False
4845.95446	0.0003999999998995918	trials	electrical	biphasic	90	MOs	deep	recovery	False	False
4849.56568	0.0003999999998995918	trials	electrical	biphasic	70	MOs	deep	recovery	False	True
4853.47356	0.0003999999998995918	trials	electrical	biphasic	90	MOs	deep	recovery	False	False
4857.85807	0.0003999999998995918	trials	electrical	biphasic	90	MOs	deep	recovery	False	False
4861.90663	0.0003999999989900971	trials	electrical	biphasic	50	MOs	deep	recovery	False	True
4865.77605	0.0003999999998995918	trials	electrical	biphasic	50	MOs	deep	recovery	False	True
4869.48481	0.0003999999998995918	trials	electrical	biphasic	50	MOs	deep	recovery	False	True
4873.426170000002	0.0003999999998995918	trials	electrical	biphasic	70	MOs	deep	recovery	False	True
4877.88279	0.0003999999998995918	trials	electrical	biphasic	50	MOs	deep	recovery	False	True
4881.507229999998	0.0004000000017185812	trials	electrical	biphasic	70	MOs	deep	recovery	False	True
4885.47841	0.00041000000055646524	trials	electrical	biphasic	90	MOs	deep	recovery	False	False
4889.83574	0.0003999999989900971	trials	electrical	biphasic	70	MOs	deep	recovery	False	True
4893.37956	0.0003999999998995918	trials	electrical	biphasic	70	MOs	deep	recovery	False	True
4897.5716	0.0003999999998995918	trials	electrical	biphasic	50	MOs	deep	recovery	False	True
4902.051	0.0003999999998995918	trials	electrical	biphasic	70	MOs	deep	recovery	False	True
4905.83468	0.0003999999998995918	trials	electrical	biphasic	70	MOs	deep	recovery	False	True
4909.468879999999	0.0003999999989900971	trials	electrical	biphasic	50	MOs	deep	recovery	False	True
4913.654579999999	0.00041000000055646524	trials	electrical	biphasic	70	MOs	deep	recovery	False	True
4918.06447	0.0003999999998995918	trials	electrical	biphasic	90	MOs	deep	recovery	False	False
4922.17575	0.0003999999998995918	trials	electrical	biphasic	70	MOs	deep	recovery	False	True
4926.57615	0.0003999999998995918	trials	electrical	biphasic	90	MOs	deep	recovery	False	False
4930.27001	0.0003999999998995918	trials	electrical	biphasic	50	MOs	deep	recovery	False	True
4934.52486	0.0003999999998995918	trials	electrical	biphasic	50	MOs	deep	recovery	False	True
4938.37154	0.0003999999998995918	trials	electrical	biphasic	90	MOs	deep	recovery	False	False
4942.29058	0.0003999999998995918	trials	electrical	biphasic	50	MOs	deep	recovery	False	True
4945.94672	0.0004000000017185812	trials	electrical	biphasic	50	MOs	deep	recovery	False	True
4950.26614	0.0003999999998995918	trials	electrical	biphasic	90	MOs	deep	recovery	False	False
4954.391479999998	0.0004000000017185812	trials	electrical	biphasic	50	MOs	deep	recovery	False	True
4958.63046	0.0003999999998995918	trials	electrical	biphasic	70	MOs	deep	recovery	False	True
4962.93601	0.0003999999998995918	trials	electrical	biphasic	70	MOs	deep	recovery	False	True
4966.50365	0.0003999999998995918	trials	electrical	biphasic	90	MOs	deep	recovery	False	False
4970.954870000001	0.0003999999989900971	trials	electrical	biphasic	70	MOs	deep	recovery	False	True
4974.95287	0.0003999999998995918	trials	electrical	biphasic	70	MOs	deep	recovery	False	True
4979.20843	0.0003999999998995918	trials	electrical	biphasic	70	MOs	deep	recovery	False	True
4983.45126	0.0003999999998995918	trials	electrical	biphasic	90	MOs	deep	recovery	False	False
4987.78282	0.0003999999998995918	trials	electrical	biphasic	70	MOs	deep	recovery	False	True
4991.43974	0.0003999999998995918	trials	electrical	biphasic	90	MOs	deep	recovery	False	False
4995.39746	0.0003999999998995918	trials	electrical	biphasic	50	MOs	deep	recovery	False	True
4999.51598	0.0003999999998995918	trials	electrical	biphasic	50	MOs	deep	recovery	False	True
5003.94859	0.0003999999998995918	trials	electrical	biphasic	90	MOs	deep	recovery	False	False
5008.28409	0.0003999999998995918	trials	electrical	biphasic	90	MOs	deep	recovery	False	False
5012.679929999998	0.0004000000017185812	trials	electrical	biphasic	90	MOs	deep	recovery	False	False
5016.762870000001	0.0003999999989900971	trials	electrical	biphasic	70	MOs	deep	recovery	False	True
5020.846039999999	0.0004000000008090865	trials	electrical	biphasic	70	MOs	deep	recovery	False	True
5025.20138	0.0003999999989900971	trials	electrical	biphasic	50	MOs	deep	recovery	False	True
5028.736660000001	0.0003999999989900971	trials	electrical	biphasic	90	MOs	deep	recovery	False	False
5033.1225	0.0003999999998995918	trials	electrical	biphasic	70	MOs	deep	recovery	False	True
5037.03066	0.0003999999998995918	trials	electrical	biphasic	70	MOs	deep	recovery	False	True
5040.56746	0.0003999999998995918	trials	electrical	biphasic	90	MOs	deep	recovery	False	False
5044.814020000002	0.0003999999998995918	trials	electrical	biphasic	90	MOs	deep	recovery	False	False
5048.46926	0.0003999999998995918	trials	electrical	biphasic	50	MOs	deep	recovery	False	True
5052.113579999998	0.0004000000017185812	trials	electrical	biphasic	50	MOs	deep	recovery	True	True
5056.21996	0.0003999999998995918	trials	electrical	biphasic	70	MOs	deep	recovery	False	False
5059.97486	0.0003999999998995918	trials	electrical	biphasic	70	MOs	deep	recovery	False	False
5063.79944	0.00041000000055646524	trials	electrical	biphasic	90	MOs	deep	recovery	False	False
5067.70167	0.0003999999998995918	trials	electrical	biphasic	70	MOs	deep	recovery	False	True
5071.60847	0.0003999999998995918	trials	electrical	biphasic	50	MOs	deep	recovery	False	False
5075.495089999999	0.0004000000008090865	trials	electrical	biphasic	90	MOs	deep	recovery	False	False
5079.60531	0.0003999999998995918	trials	electrical	biphasic	50	MOs	deep	recovery	False	True
5083.27263	0.0003999999989900971	trials	electrical	biphasic	90	MOs	deep	recovery	False	False
5086.96115	0.0003999999998995918	trials	electrical	biphasic	50	MOs	deep	recovery	False	False
5090.55619	0.0003999999998995918	trials	electrical	biphasic	70	MOs	deep	recovery	False	False
5094.37979	0.0003999999998995918	trials	electrical	biphasic	70	MOs	deep	recovery	False	False
5098.64981	0.0003999999998995918	trials	electrical	biphasic	50	MOs	deep	recovery	False	True
5102.38435	0.0003999999998995918	trials	electrical	biphasic	90	MOs	deep	recovery	False	False
5106.625129999999	0.0003999999989900971	trials	electrical	biphasic	50	MOs	deep	recovery	False	True
5110.81838	0.0003999999998995918	trials	electrical	biphasic	70	MOs	deep	recovery	False	True
5115.142879999999	0.0003999999989900971	trials	electrical	biphasic	70	MOs	deep	recovery	False	True
5119.47128	0.0003999999998995918	trials	electrical	biphasic	90	MOs	deep	recovery	False	False
5123.26506	0.0004000000017185812	trials	electrical	biphasic	50	MOs	deep	recovery	False	True
5127.07484	0.0003999999998995918	trials	electrical	biphasic	90	MOs	deep	recovery	False	False
5131.0983	0.0003999999998995918	trials	electrical	biphasic	70	MOs	deep	recovery	False	True
5134.92402	0.0003999999998995918	trials	electrical	biphasic	50	MOs	deep	recovery	False	True
5139.25629	0.0003999999998995918	trials	electrical	biphasic	50	MOs	deep	recovery	False	True
5143.56701	0.0004000000017185812	trials	electrical	biphasic	90	MOs	deep	recovery	False	False
5147.62443	0.0003999999998995918	trials	electrical	biphasic	50	MOs	deep	recovery	False	True
5151.38781	0.0003999999998995918	trials	electrical	biphasic	70	MOs	deep	recovery	False	True
5155.56879	0.0003999999998995918	trials	electrical	biphasic	70	MOs	deep	recovery	False	True
5159.30287	0.0003999999998995918	trials	electrical	biphasic	50	MOs	deep	recovery	False	True
5163.25971	0.0003999999998995918	trials	electrical	biphasic	90	MOs	deep	recovery	False	False
5167.1447	0.0003999999998995918	trials	electrical	biphasic	90	MOs	deep	recovery	False	False
5171.18372	0.0003999999998995918	trials	electrical	biphasic	50	MOs	deep	recovery	False	True
5175.67584	0.0003999999998995918	trials	electrical	biphasic	50	MOs	deep	recovery	False	True
5179.931479999998	0.0004000000017185812	trials	electrical	biphasic	50	MOs	deep	recovery	False	True
5184.41237	0.0003999999998995918	trials	electrical	biphasic	70	MOs	deep	recovery	False	True
5188.14757	0.0003999999998995918	trials	electrical	biphasic	90	MOs	deep	recovery	False	False
5192.17655	0.0003999999998995918	trials	electrical	biphasic	90	MOs	deep	recovery	False	False
5195.72841	0.0004000000017185812	trials	electrical	biphasic	70	MOs	deep	recovery	False	True
5199.98571	0.0003999999998995918	trials	electrical	biphasic	50	MOs	deep	recovery	False	True
5204.0881100000015	0.0003999999998995918	trials	electrical	biphasic	50	MOs	deep	recovery	False	True
5208.44569	0.0004000000008090865	trials	electrical	biphasic	70	MOs	deep	recovery	False	True
5212.9344	0.0003999999998995918	trials	electrical	biphasic	50	MOs	deep	recovery	True	True
5217.3643	0.0003999999998995918	trials	electrical	biphasic	50	MOs	deep	recovery	False	True
5221.27424	0.0003999999998995918	trials	electrical	biphasic	90	MOs	deep	recovery	False	False
5224.775	0.0004000000008090865	trials	electrical	biphasic	50	MOs	deep	recovery	False	True
5228.8163	0.0003999999998995918	trials	electrical	biphasic	70	MOs	deep	recovery	False	True
5232.524460000001	0.0003999999989900971	trials	electrical	biphasic	70	MOs	deep	recovery	False	True
5236.24416	0.0003999999998995918	trials	electrical	biphasic	90	MOs	deep	recovery	False	False
5240.07038	0.0003999999998995918	trials	electrical	biphasic	50	MOs	deep	recovery	False	True
5243.66674	0.0003999999998995918	trials	electrical	biphasic	90	MOs	deep	recovery	False	False
5247.9147	0.0003999999998995918	trials	electrical	biphasic	90	MOs	deep	recovery	False	False
5252.16363	0.0003999999998995918	trials	electrical	biphasic	90	MOs	deep	recovery	False	False
5256.20735	0.0003999999998995918	trials	electrical	biphasic	90	MOs	deep	recovery	False	False
5260.04591	0.0003999999998995918	trials	electrical	biphasic	90	MOs	deep	recovery	False	False
5264.37867	0.0003999999998995918	trials	electrical	biphasic	50	MOs	deep	recovery	False	True
5268.43167	0.0004000000017185812	trials	electrical	biphasic	50	MOs	deep	recovery	False	True
5272.889639999999	0.0004000000008090865	trials	electrical	biphasic	70	MOs	deep	recovery	False	True
5277.2829	0.0003999999998995918	trials	electrical	biphasic	90	MOs	deep	recovery	False	False
5281.13982	0.0003999999998995918	trials	electrical	biphasic	90	MOs	deep	recovery	False	False
5285.18664	0.0003999999998995918	trials	electrical	biphasic	70	MOs	deep	recovery	False	True
5289.03374	0.0003999999998995918	trials	electrical	biphasic	70	MOs	deep	recovery	False	True
5293.15697	0.0003999999998995918	trials	electrical	biphasic	50	MOs	deep	recovery	False	True
5297.45401	0.0003999999998995918	trials	electrical	biphasic	70	MOs	deep	recovery	False	True
5301.70031	0.0003999999998995918	trials	electrical	biphasic	50	MOs	deep	recovery	False	True
5305.326270000001	0.0003999999989900971	trials	electrical	biphasic	70	MOs	deep	recovery	False	True
5309.64909	0.0003999999998995918	trials	electrical	biphasic	50	MOs	deep	recovery	False	True
5313.17467	0.0003999999998995918	trials	electrical	biphasic	50	MOs	deep	recovery	False	True
5317.08951	0.0004000000017185812	trials	electrical	biphasic	90	MOs	deep	recovery	False	False
5321.32134	0.0003999999989900971	trials	electrical	biphasic	50	MOs	deep	recovery	False	True
5325.60314	0.0003999999998995918	trials	electrical	biphasic	50	MOs	deep	recovery	False	True
5329.47084	0.0003999999998995918	trials	electrical	biphasic	90	MOs	deep	recovery	False	False
5333.71612	0.0003999999998995918	trials	electrical	biphasic	70	MOs	deep	recovery	True	True
5338.1088	0.0003999999998995918	trials	electrical	biphasic	90	MOs	deep	recovery	False	False
5341.85182	0.0004000000017185812	trials	electrical	biphasic	70	MOs	deep	recovery	False	True
5345.48184	0.0003999999998995918	trials	electrical	biphasic	90	MOs	deep	recovery	False	False
5349.20732	0.0003999999998995918	trials	electrical	biphasic	50	MOs	deep	recovery	True	True
5353.0577600000015	0.0003999999998995918	trials	electrical	biphasic	50	MOs	deep	recovery	False	True
5356.84526	0.0003999999998995918	trials	electrical	biphasic	90	MOs	deep	recovery	False	False
5361.27317	0.0003999999998995918	trials	electrical	biphasic	90	MOs	deep	recovery	False	False
5364.82491	0.0003999999998995918	trials	electrical	biphasic	90	MOs	deep	recovery	False	False
5368.91799	0.0003999999998995918	trials	electrical	biphasic	70	MOs	deep	recovery	False	True
5372.581310000001	0.0003999999989900971	trials	electrical	biphasic	70	MOs	deep	recovery	False	True
5376.92013	0.0003999999989900971	trials	electrical	biphasic	90	MOs	deep	recovery	False	False
5380.5881100000015	0.0003999999998995918	trials	electrical	biphasic	50	MOs	deep	recovery	False	True
5384.59073	0.0003999999998995918	trials	electrical	biphasic	70	MOs	deep	recovery	False	False
5389.09048	0.0003999999998995918	trials	electrical	biphasic	50	MOs	deep	recovery	False	True
5392.9463	0.0004000000008090865	trials	electrical	biphasic	70	MOs	deep	recovery	True	True
5396.4938	0.0003999999998995918	trials	electrical	biphasic	90	MOs	deep	recovery	False	False
5400.20788	0.0003999999998995918	trials	electrical	biphasic	90	MOs	deep	recovery	True	False
5404.10614	0.0003999999998995918	trials	electrical	biphasic	50	MOs	deep	recovery	True	True
5407.94022	0.0003999999998995918	trials	electrical	biphasic	70	MOs	deep	recovery	True	True
5411.67024	0.0003999999998995918	trials	electrical	biphasic	90	MOs	deep	recovery	False	False
5416.10678	0.0003999999998995918	trials	electrical	biphasic	70	MOs	deep	recovery	False	False
5420.29038	0.0003999999980806024	trials	electrical	biphasic	70	MOs	deep	recovery	False	True
5424.75293	0.0003999999998995918	trials	electrical	biphasic	70	MOs	deep	recovery	True	True
5428.69133	0.0003999999998995918	trials	electrical	biphasic	50	MOs	deep	recovery	False	True
5433.13209	0.0003999999998995918	trials	electrical	biphasic	90	MOs	deep	recovery	False	False
5436.63835	0.0003999999998995918	trials	electrical	biphasic	70	MOs	deep	recovery	False	True
5440.74907	0.0004000000017185812	trials	electrical	biphasic	70	MOs	deep	recovery	False	True
5445.05057	0.0003999999998995918	trials	electrical	biphasic	90	MOs	deep	recovery	False	False
5448.78397	0.0003999999998995918	trials	electrical	biphasic	90	MOs	deep	recovery	False	False
5453.21686	0.0003999999998995918	trials	electrical	biphasic	50	MOs	deep	recovery	False	True
5457.48054	0.0004000000008090865	trials	electrical	biphasic	90	MOs	deep	recovery	False	False
5461.80742	0.0003999999998995918	trials	electrical	biphasic	50	MOs	deep	recovery	True	True
5465.8813	0.00041000000146595994	trials	electrical	biphasic	90	MOs	deep	recovery	False	False
5470.17431	0.0003999999998995918	trials	electrical	biphasic	50	MOs	deep	recovery	False	True
5474.00377	0.0003999999998995918	trials	electrical	biphasic	70	MOs	deep	recovery	False	True
5477.72765	0.0003999999998995918	trials	electrical	biphasic	50	MOs	deep	recovery	False	True
5481.54045	0.0003999999998995918	trials	electrical	biphasic	50	MOs	deep	recovery	False	True
5485.62539	0.0003999999998995918	trials	electrical	biphasic	70	MOs	deep	recovery	False	True
5489.95573	0.0003999999998995918	trials	electrical	biphasic	50	MOs	deep	recovery	False	True
5493.74661	0.0003999999998995918	trials	electrical	biphasic	70	MOs	deep	recovery	False	True
5497.64959	0.0003999999998995918	trials	electrical	biphasic	50	MOs	deep	recovery	False	True
5502.01208	0.0003999999989900971	trials	electrical	biphasic	70	MOs	deep	recovery	False	True
5506.12724	0.0003999999998995918	trials	electrical	biphasic	70	MOs	deep	recovery	False	True
5510.61884	0.0003999999998995918	trials	electrical	biphasic	90	MOs	deep	recovery	False	False
5514.32296	0.0003999999998995918	trials	electrical	biphasic	70	MOs	deep	recovery	False	True
5518.65059	0.0003999999998995918	trials	electrical	biphasic	50	MOs	deep	recovery	False	False
5522.82687	0.0004000000026280759	trials	electrical	biphasic	70	MOs	deep	recovery	False	True
5526.57623	0.0003999999998995918	trials	electrical	biphasic	70	MOs	deep	recovery	False	True
5530.55243	0.0003999999998995918	trials	electrical	biphasic	90	MOs	deep	recovery	False	False
5534.451929999997	0.0004000000026280759	trials	electrical	biphasic	50	MOs	deep	recovery	True	True
5538.55179	0.0003999999989900971	trials	electrical	biphasic	50	MOs	deep	recovery	False	True
5542.85274	0.0003999999998995918	trials	electrical	biphasic	90	MOs	deep	recovery	False	False
5546.45821	0.0004000000026280759	trials	electrical	biphasic	50	MOs	deep	recovery	False	True
5550.78008	0.0003999999989900971	trials	electrical	biphasic	70	MOs	deep	recovery	True	True
5555.12158	0.0003999999998995918	trials	electrical	biphasic	90	MOs	deep	recovery	False	False
5558.9765	0.0003999999998995918	trials	electrical	biphasic	70	MOs	deep	recovery	False	True
5562.90698	0.0003999999998995918	trials	electrical	biphasic	90	MOs	deep	recovery	False	True
5566.97964	0.0004000000008090865	trials	electrical	biphasic	90	MOs	deep	recovery	False	False
5571.18089	0.0004000000008090865	trials	electrical	biphasic	50	MOs	deep	recovery	False	True
5575.42379	0.0003999999998995918	trials	electrical	biphasic	50	MOs	deep	recovery	True	True
5579.68209	0.0003999999998995918	trials	electrical	biphasic	70	MOs	deep	recovery	False	True
5583.57163	0.0003999999971711077	trials	electrical	biphasic	70	MOs	deep	recovery	False	True
5587.50135	0.0004000000008090865	trials	electrical	biphasic	70	MOs	deep	recovery	False	True
5591.95812	0.0003999999998995918	trials	electrical	biphasic	70	MOs	deep	recovery	False	True
5596.031520000001	0.0003999999989900971	trials	electrical	biphasic	90	MOs	deep	recovery	False	False
5600.38166	0.0003999999998995918	trials	electrical	biphasic	50	MOs	deep	recovery	False	True
5604.1584200000025	0.0003999999998995918	trials	electrical	biphasic	50	MOs	deep	recovery	False	True
5608.28116	0.0003999999998995918	trials	electrical	biphasic	90	MOs	deep	recovery	False	False
5612.36995	0.0003999999998995918	trials	electrical	biphasic	90	MOs	deep	recovery	False	False
5616.83383	0.0004000000008090865	trials	electrical	biphasic	90	MOs	deep	recovery	False	False
5620.42015	0.0003999999998995918	trials	electrical	biphasic	50	MOs	deep	recovery	False	True
5624.42107	0.0003999999998995918	trials	electrical	biphasic	70	MOs	deep	recovery	False	True
5628.44309	0.0003999999998995918	trials	electrical	biphasic	70	MOs	deep	recovery	False	True
5632.0336700000025	0.0003999999998995918	trials	electrical	biphasic	70	MOs	deep	recovery	False	True
5636.43875	0.0003999999998995918	trials	electrical	biphasic	70	MOs	deep	recovery	False	True
5640.82356	0.0003999999998995918	trials	electrical	biphasic	70	MOs	deep	recovery	False	True
5644.76298	0.0003999999989900971	trials	electrical	biphasic	90	MOs	deep	recovery	False	False
5649.0451200000025	0.0003999999998995918	trials	electrical	biphasic	70	MOs	deep	recovery	False	True
5652.694	0.0003999999998995918	trials	electrical	biphasic	70	MOs	deep	recovery	False	True
5656.81424	0.0003999999998995918	trials	electrical	biphasic	90	MOs	deep	recovery	False	False
5660.57528	0.0003999999998995918	trials	electrical	biphasic	90	MOs	deep	recovery	False	False
5664.52136	0.0004000000017185812	trials	electrical	biphasic	90	MOs	deep	recovery	False	False
5668.86579	0.0003999999998995918	trials	electrical	biphasic	90	MOs	deep	recovery	True	False
5672.56241	0.0003999999998995918	trials	electrical	biphasic	70	MOs	deep	recovery	False	True
5676.36669	0.0003999999998995918	trials	electrical	biphasic	70	MOs	deep	recovery	False	True
5680.35041	0.0003999999998995918	trials	electrical	biphasic	50	MOs	deep	recovery	False	True
5684.18865	0.0003999999998995918	trials	electrical	biphasic	50	MOs	deep	recovery	False	True
5688.48755	0.0003999999998995918	trials	electrical	biphasic	90	MOs	deep	recovery	False	False
5692.975460000002	0.0003999999989900971	trials	electrical	biphasic	50	MOs	deep	recovery	True	True
5696.63492	0.0003999999998995918	trials	electrical	biphasic	50	MOs	deep	recovery	False	True
5700.37222	0.0003999999998995918	trials	electrical	biphasic	90	MOs	deep	recovery	False	False
5704.57488	0.0003999999998995918	trials	electrical	biphasic	50	MOs	deep	recovery	False	True
5708.45078	0.0003999999998995918	trials	electrical	biphasic	70	MOs	deep	recovery	False	True
5712.9249	0.0003999999998995918	trials	electrical	biphasic	90	MOs	deep	recovery	False	False
5717.39763	0.0003999999989900971	trials	electrical	biphasic	70	MOs	deep	recovery	False	True
5721.54175	0.0003999999998995918	trials	electrical	biphasic	90	MOs	deep	recovery	False	False
5725.902270000001	0.0003999999989900971	trials	electrical	biphasic	90	MOs	deep	recovery	False	False
5729.80457	0.0003999999998995918	trials	electrical	biphasic	90	MOs	deep	recovery	False	False
5733.93694	0.0004000000008090865	trials	electrical	biphasic	90	MOs	deep	recovery	False	False
5738.4226	0.0004000000026280759	trials	electrical	biphasic	70	MOs	deep	recovery	False	True
5742.4825	0.0003999999998995918	trials	electrical	biphasic	70	MOs	deep	recovery	False	True
5746.91653	0.0003999999989900971	trials	electrical	biphasic	90	MOs	deep	recovery	False	False
5751.13729	0.0003999999998995918	trials	electrical	biphasic	90	MOs	deep	recovery	False	False
5755.12175	0.0003999999998995918	trials	electrical	biphasic	70	MOs	deep	recovery	False	True
5759.261210000002	0.0003999999989900971	trials	electrical	biphasic	50	MOs	deep	recovery	False	True
5763.64927	0.0004000000026280759	trials	electrical	biphasic	50	MOs	deep	recovery	False	True
5767.34843	0.0003999999998995918	trials	electrical	biphasic	70	MOs	deep	recovery	False	True
5771.244220000001	0.0003999999989900971	trials	electrical	biphasic	70	MOs	deep	recovery	False	True
5775.73682	0.0003999999998995918	trials	electrical	biphasic	90	MOs	deep	recovery	False	False
5779.6396	0.0003999999998995918	trials	electrical	biphasic	50	MOs	deep	recovery	False	True
5783.798879999999	0.0003999999980806024	trials	electrical	biphasic	70	MOs	deep	recovery	False	True
5788.20065	0.0003999999998995918	trials	electrical	biphasic	50	MOs	deep	recovery	False	True
5792.69645	0.0003999999998995918	trials	electrical	biphasic	90	MOs	deep	recovery	False	False
5796.85003	0.0004000000008090865	trials	electrical	biphasic	50	MOs	deep	recovery	False	True
5800.45889	0.0003999999998995918	trials	electrical	biphasic	90	MOs	deep	recovery	False	False
5803.99543	0.0003999999998995918	trials	electrical	biphasic	50	MOs	deep	recovery	False	True
5808.11395	0.0003999999998995918	trials	electrical	biphasic	70	MOs	deep	recovery	False	True
5812.18151	0.0003999999998995918	trials	electrical	biphasic	70	MOs	deep	recovery	False	True
5816.6439	0.0003999999998995918	trials	electrical	biphasic	50	MOs	deep	recovery	False	True
5820.890420000002	0.0003999999989900971	trials	electrical	biphasic	50	MOs	deep	recovery	False	True
5825.05336	0.0003999999998995918	trials	electrical	biphasic	90	MOs	deep	recovery	False	False
5829.07711	0.0003999999998995918	trials	electrical	biphasic	90	MOs	deep	recovery	False	False
5832.83743	0.0004000000008090865	trials	electrical	biphasic	50	MOs	deep	recovery	False	True
5837.29985	0.0003999999998995918	trials	electrical	biphasic	50	MOs	deep	recovery	False	True
5841.34047	0.0003999999998995918	trials	electrical	biphasic	90	MOs	deep	recovery	False	False
5844.87117	0.0003999999998995918	trials	electrical	biphasic	50	MOs	deep	recovery	False	True
5849.06791	0.0004000000026280759	trials	electrical	biphasic	70	MOs	deep	recovery	False	True
5853.08805	0.0003999999998995918	trials	electrical	biphasic	50	MOs	deep	recovery	False	True
5856.64751	0.0004000000026280759	trials	electrical	biphasic	90	MOs	deep	recovery	False	False
5861.03798	0.0003999999998995918	trials	electrical	biphasic	50	MOs	deep	recovery	True	True
5864.8686	0.0004000000026280759	trials	electrical	biphasic	90	MOs	deep	recovery	False	False
5868.59872	0.0003999999998995918	trials	electrical	biphasic	50	MOs	deep	recovery	True	True
5872.21308	0.0003999999989900971	trials	electrical	biphasic	70	MOs	deep	recovery	True	True
5876.0244200000025	0.0003999999998995918	trials	electrical	biphasic	90	MOs	deep	recovery	False	False
5879.75328	0.0003999999998995918	trials	electrical	biphasic	50	MOs	deep	recovery	False	True
5883.9057	0.0003999999998995918	trials	electrical	biphasic	70	MOs	deep	recovery	False	True
5887.47228	0.0003999999998995918	trials	electrical	biphasic	90	MOs	deep	recovery	False	False
5891.24814	0.0003999999998995918	trials	electrical	biphasic	70	MOs	deep	recovery	False	True
5895.03038	0.0003999999998995918	trials	electrical	biphasic	50	MOs	deep	recovery	True	True
5899.41086	0.0003999999998995918	trials	electrical	biphasic	50	MOs	deep	recovery	True	True
5903.35562	0.0003999999998995918	trials	electrical	biphasic	50	MOs	deep	recovery	True	True
5907.61197	0.0004000000026280759	trials	electrical	biphasic	70	MOs	deep	recovery	True	False
5911.71569	0.0003999999998995918	trials	electrical	biphasic	90	MOs	deep	recovery	True	False
5915.99937	0.0003999999998995918	trials	electrical	biphasic	90	MOs	deep	recovery	True	False
5919.61373	0.0003999999998995918	trials	electrical	biphasic	50	MOs	deep	recovery	False	True
5924.09271	0.00041000000055646524	trials	electrical	biphasic	70	MOs	deep	recovery	False	True
5928.44174	0.0003999999998995918	trials	electrical	biphasic	70	MOs	deep	recovery	False	True
5931.9928	0.0003999999998995918	trials	electrical	biphasic	50	MOs	deep	recovery	True	True
5935.95942	0.0003999999998995918	trials	electrical	biphasic	70	MOs	deep	recovery	True	True
5939.7855	0.0003999999998995918	trials	electrical	biphasic	90	MOs	deep	recovery	True	False
5943.91612	0.0004000000026280759	trials	electrical	biphasic	90	MOs	deep	recovery	True	False
5947.646839999999	0.0004000000008090865	trials	electrical	biphasic	90	MOs	deep	recovery	True	False
5951.72714	0.0003999999998995918	trials	electrical	biphasic	70	MOs	deep	recovery	True	True
5955.83073	0.0003999999998995918	trials	electrical	biphasic	70	MOs	deep	recovery	True	True
5959.93103	0.0003999999998995918	trials	electrical	biphasic	90	MOs	deep	recovery	True	False
5963.8798700000025	0.0003999999998995918	trials	electrical	biphasic	90	MOs	deep	recovery	True	False
5967.41571	0.0003999999998995918	trials	electrical	biphasic	70	MOs	deep	recovery	True	True
5971.42995	0.0003999999998995918	trials	electrical	biphasic	50	MOs	deep	recovery	True	True
5975.338110000002	0.0003999999989900971	trials	electrical	biphasic	70	MOs	deep	recovery	True	True
5978.94657	0.0003999999998995918	trials	electrical	biphasic	90	MOs	deep	recovery	True	False
5982.9068700000025	0.0003999999998995918	trials	electrical	biphasic	90	MOs	deep	recovery	True	False
5986.85817	0.0003999999998995918	trials	electrical	biphasic	90	MOs	deep	recovery	True	False
5990.909729999999	0.0003999999980806024	trials	electrical	biphasic	90	MOs	deep	recovery	True	False
6189.5153	0.2649099999998725	trials	visual	white fullscreen	n/a	n/a	n/a	recovery	True	True
6194.08579	0.2648899999994683	trials	visual	white fullscreen	n/a	n/a	n/a	recovery	True	True
6197.90564	0.2649099999998725	trials	visual	white fullscreen	n/a	n/a	n/a	recovery	True	True
6202.0758	0.26489000000037777	trials	visual	white fullscreen	n/a	n/a	n/a	recovery	True	True
6206.2960200000025	0.26485999999749765	trials	visual	white fullscreen	n/a	n/a	n/a	recovery	True	True
6210.96656	0.2648799999997209	trials	visual	white fullscreen	n/a	n/a	n/a	recovery	True	True
6215.15337	0.26489000000037777	trials	visual	white fullscreen	n/a	n/a	n/a	recovery	True	True
6219.39026	0.2648899999994683	trials	visual	white fullscreen	n/a	n/a	n/a	recovery	True	True
6223.52704	0.2648899999994683	trials	visual	white fullscreen	n/a	n/a	n/a	recovery	False	True
6227.763910000002	0.26489999999739666	trials	visual	white fullscreen	n/a	n/a	n/a	recovery	False	True
6232.06751	0.26489000000037777	trials	visual	white fullscreen	n/a	n/a	n/a	recovery	False	True
6236.78812	0.26489000000128726	trials	visual	white fullscreen	n/a	n/a	n/a	recovery	False	True
6241.52542	0.26489000000037777	trials	visual	white fullscreen	n/a	n/a	n/a	recovery	True	True
6246.06257	0.2648699999999735	trials	visual	white fullscreen	n/a	n/a	n/a	recovery	True	True
6250.33278	0.26489000000037777	trials	visual	white fullscreen	n/a	n/a	n/a	recovery	True	True
6254.93661	0.2649199999996199	trials	visual	white fullscreen	n/a	n/a	n/a	recovery	True	True
6259.2569	0.2648899999994683	trials	visual	white fullscreen	n/a	n/a	n/a	recovery	True	True
6263.51046	0.2648899999994683	trials	visual	white fullscreen	n/a	n/a	n/a	recovery	True	True
6267.48045	0.2648799999997209	trials	visual	white fullscreen	n/a	n/a	n/a	recovery	True	True
6271.41707	0.2648899999994683	trials	visual	white fullscreen	n/a	n/a	n/a	recovery	True	True
6276.08764	0.26489000000037777	trials	visual	white fullscreen	n/a	n/a	n/a	recovery	True	True
6280.12436	0.26489000000037777	trials	visual	white fullscreen	n/a	n/a	n/a	recovery	True	True
6284.26114	0.2648800000006304	trials	visual	white fullscreen	n/a	n/a	n/a	recovery	True	True
6288.3645700000025	0.2648899999976493	trials	visual	white fullscreen	n/a	n/a	n/a	recovery	False	True
6292.93507	0.2648699999999735	trials	visual	white fullscreen	n/a	n/a	n/a	recovery	True	True
6296.68819	0.2648899999976493	trials	visual	white fullscreen	n/a	n/a	n/a	recovery	True	True
6301.32541	0.2648799999997209	trials	visual	white fullscreen	n/a	n/a	n/a	recovery	True	True
6305.26203	0.26489000000037777	trials	visual	white fullscreen	n/a	n/a	n/a	recovery	True	True
6309.56562	0.2648899999994683	trials	visual	white fullscreen	n/a	n/a	n/a	recovery	True	True
6313.38548	0.26490000000012515	trials	visual	white fullscreen	n/a	n/a	n/a	recovery	True	True
6317.18866	0.26490000000012515	trials	visual	white fullscreen	n/a	n/a	n/a	recovery	True	True
6321.17533	0.26489000000037777	trials	visual	white fullscreen	n/a	n/a	n/a	recovery	True	True
6325.79588	0.26489000000037777	trials	visual	white fullscreen	n/a	n/a	n/a	recovery	True	True
6330.19956	0.2648799999997209	trials	visual	white fullscreen	n/a	n/a	n/a	recovery	False	True
6334.0528	0.26485999999931664	trials	visual	white fullscreen	n/a	n/a	n/a	recovery	True	True
6338.37306	0.26489000000037777	trials	visual	white fullscreen	n/a	n/a	n/a	recovery	True	True
6342.142879999999	0.26489000000310625	trials	visual	white fullscreen	n/a	n/a	n/a	recovery	False	True
6346.74672	0.2649199999996199	trials	visual	white fullscreen	n/a	n/a	n/a	recovery	True	True
6350.81681	0.2648899999994683	trials	visual	white fullscreen	n/a	n/a	n/a	recovery	True	True
6354.72008	0.2648799999997209	trials	visual	white fullscreen	n/a	n/a	n/a	recovery	True	True
6358.9736200000025	0.2648899999976493	trials	visual	white fullscreen	n/a	n/a	n/a	recovery	True	True
6363.19384	0.2648699999999735	trials	visual	white fullscreen	n/a	n/a	n/a	recovery	True	True
6367.01367	0.2649099999998725	trials	visual	white fullscreen	n/a	n/a	n/a	recovery	False	True
6370.90027	0.2648799999997209	trials	visual	white fullscreen	n/a	n/a	n/a	recovery	True	True
6374.90362	0.26489000000037777	trials	visual	white fullscreen	n/a	n/a	n/a	recovery	True	True
6379.55752	0.2648799999997209	trials	visual	white fullscreen	n/a	n/a	n/a	recovery	True	True
6383.8611299999975	0.264870000002702	trials	visual	white fullscreen	n/a	n/a	n/a	recovery	True	True
6387.697639999999	0.264910000000782	trials	visual	white fullscreen	n/a	n/a	n/a	recovery	True	True
6392.31819	0.26490000000012515	trials	visual	white fullscreen	n/a	n/a	n/a	recovery	True	True
6396.805270000003	0.26490999999714404	trials	visual	white fullscreen	n/a	n/a	n/a	recovery	False	True
6401.02549	0.2648800000024494	trials	visual	white fullscreen	n/a	n/a	n/a	recovery	False	True
6405.679370000003	0.2648899999976493	trials	visual	white fullscreen	n/a	n/a	n/a	recovery	True	True
6410.3333	0.26486000000113563	trials	visual	white fullscreen	n/a	n/a	n/a	recovery	True	True
6414.57016	0.2648899999994683	trials	visual	white fullscreen	n/a	n/a	n/a	recovery	True	True
6418.57349	0.2649099999998725	trials	visual	white fullscreen	n/a	n/a	n/a	recovery	True	True
6422.41005	0.2648799999997209	trials	visual	white fullscreen	n/a	n/a	n/a	recovery	False	True
6426.26329	0.2648699999999735	trials	visual	white fullscreen	n/a	n/a	n/a	recovery	False	True
6430.28331	0.2648800000006304	trials	visual	white fullscreen	n/a	n/a	n/a	recovery	True	True
6434.21995	0.2648799999997209	trials	visual	white fullscreen	n/a	n/a	n/a	recovery	True	True
6438.39011	0.26484999999956926	trials	visual	white fullscreen	n/a	n/a	n/a	recovery	True	True
6442.31003	0.2648800000006304	trials	visual	white fullscreen	n/a	n/a	n/a	recovery	True	True
6446.26334	0.26489999999921565	trials	visual	white fullscreen	n/a	n/a	n/a	recovery	True	True
6450.35011	0.2648799999997209	trials	visual	white fullscreen	n/a	n/a	n/a	recovery	False	True
6454.95396	0.26489000000037777	trials	visual	white fullscreen	n/a	n/a	n/a	recovery	False	True
6459.29091	0.26489000000037777	trials	visual	white fullscreen	n/a	n/a	n/a	recovery	True	True
6463.5278	0.26489000000037777	trials	visual	white fullscreen	n/a	n/a	n/a	recovery	True	True
6467.29762	0.2648899999994683	trials	visual	white fullscreen	n/a	n/a	n/a	recovery	True	True
6471.28428	0.26490000000012515	trials	visual	white fullscreen	n/a	n/a	n/a	recovery	True	True
6475.154210000002	0.2648799999969924	trials	visual	white fullscreen	n/a	n/a	n/a	recovery	True	True
6479.8915	0.26489000000037777	trials	visual	white fullscreen	n/a	n/a	n/a	recovery	True	True
6484.24514	0.26489000000037777	trials	visual	white fullscreen	n/a	n/a	n/a	recovery	True	True
6488.69889	0.264870000002702	trials	visual	white fullscreen	n/a	n/a	n/a	recovery	True	True
6492.83567	0.2648899999994683	trials	visual	white fullscreen	n/a	n/a	n/a	recovery	True	True
6496.75562	0.2648799999997209	trials	visual	white fullscreen	n/a	n/a	n/a	recovery	True	True
6501.39283	0.26490000000012515	trials	visual	white fullscreen	n/a	n/a	n/a	recovery	False	True
6505.62972	0.2648799999997209	trials	visual	white fullscreen	n/a	n/a	n/a	recovery	False	True
6509.74984	0.2648699999999735	trials	visual	white fullscreen	n/a	n/a	n/a	recovery	True	True
6513.98671	0.26490000000012515	trials	visual	white fullscreen	n/a	n/a	n/a	recovery	True	True
6517.9566799999975	0.264910000002601	trials	visual	white fullscreen	n/a	n/a	n/a	recovery	True	True
6521.91002	0.2648899999994683	trials	visual	white fullscreen	n/a	n/a	n/a	recovery	True	True
6525.94672	0.26489000000037777	trials	visual	white fullscreen	n/a	n/a	n/a	recovery	False	True
6530.11688	0.26490000000012515	trials	visual	white fullscreen	n/a	n/a	n/a	recovery	False	True
6533.98677	0.26490000000194414	trials	visual	white fullscreen	n/a	n/a	n/a	recovery	False	True
6538.1736299999975	0.26489000000492524	trials	visual	white fullscreen	n/a	n/a	n/a	recovery	True	True
6542.87756	0.26489000000037777	trials	visual	white fullscreen	n/a	n/a	n/a	recovery	True	True
6547.24787	0.26490000000012515	trials	visual	white fullscreen	n/a	n/a	n/a	recovery	True	True
6551.43473	0.2648800000024494	trials	visual	white fullscreen	n/a	n/a	n/a	recovery	True	True
6555.571529999997	0.26489000000401575	trials	visual	white fullscreen	n/a	n/a	n/a	recovery	False	True
6560.1587	0.26490000000012515	trials	visual	white fullscreen	n/a	n/a	n/a	recovery	False	True
6564.47898	0.26490000000012515	trials	visual	white fullscreen	n/a	n/a	n/a	recovery	False	True
6568.7826	0.26489000000037777	trials	visual	white fullscreen	n/a	n/a	n/a	recovery	False	True
6573.16959	0.2649099999998725	trials	visual	white fullscreen	n/a	n/a	n/a	recovery	False	True
6577.890210000001	0.26489999999830616	trials	visual	white fullscreen	n/a	n/a	n/a	recovery	False	True
6582.26055	0.2648899999994683	trials	visual	white fullscreen	n/a	n/a	n/a	recovery	False	True
6586.330620000002	0.2648899999976493	trials	visual	white fullscreen	n/a	n/a	n/a	recovery	False	True
6591.05125	0.2648799999969924	trials	visual	white fullscreen	n/a	n/a	n/a	recovery	False	True
6595.42155	0.2649200000023484	trials	visual	white fullscreen	n/a	n/a	n/a	recovery	False	True
6599.75853	0.26489000000037777	trials	visual	white fullscreen	n/a	n/a	n/a	recovery	False	True
6604.0788	0.26490000000012515	trials	visual	white fullscreen	n/a	n/a	n/a	recovery	False	True
6608.26565	0.2649099999998725	trials	visual	white fullscreen	n/a	n/a	n/a	recovery	False	True
6675.72536	0.0003999999998995918	trials	electrical	biphasic	70	MOs	deep	recovery	False	False
6679.629739999999	0.0004000000008090865	trials	electrical	biphasic	50	MOs	deep	recovery	False	True
6683.3094	0.0003999999998995918	trials	electrical	biphasic	50	MOs	deep	recovery	False	True
6687.77874	0.0003999999998995918	trials	electrical	biphasic	50	MOs	deep	recovery	False	True
6691.68662	0.0003999999998995918	trials	electrical	biphasic	50	MOs	deep	recovery	False	True
6696.031520000001	0.00040999999873747583	trials	electrical	biphasic	70	MOs	deep	recovery	False	True
6700.14727	0.0003999999998995918	trials	electrical	biphasic	70	MOs	deep	recovery	False	True
6704.02431	0.0004000000026280759	trials	electrical	biphasic	90	MOs	deep	recovery	False	True
6708.401910000001	0.0003999999989900971	trials	electrical	biphasic	50	MOs	deep	recovery	False	True
6712.687190000002	0.0003999999989900971	trials	electrical	biphasic	70	MOs	deep	recovery	False	True
6716.65258	0.0003999999998995918	trials	electrical	biphasic	50	MOs	deep	recovery	False	True
6720.96698	0.0003999999998995918	trials	electrical	biphasic	90	MOs	deep	recovery	False	False
6725.36584	0.0003999999998995918	trials	electrical	biphasic	50	MOs	deep	recovery	False	True
6729.2955	0.00040999999964697054	trials	electrical	biphasic	90	MOs	deep	recovery	False	False
6733.13025	0.0003999999998995918	trials	electrical	biphasic	70	MOs	deep	recovery	False	True
6737.2273099999975	0.0004000000017185812	trials	electrical	biphasic	90	MOs	deep	recovery	False	False
6741.62973	0.0003999999998995918	trials	electrical	biphasic	90	MOs	deep	recovery	False	True
6745.83222	0.0003999999998995918	trials	electrical	biphasic	50	MOs	deep	recovery	False	True
6749.7101	0.0003999999998995918	trials	electrical	biphasic	50	MOs	deep	recovery	False	True
6753.945479999999	0.0003999999980806024	trials	electrical	biphasic	70	MOs	deep	recovery	False	True
6758.400009999999	0.0003999999980806024	trials	electrical	biphasic	70	MOs	deep	recovery	False	True
6762.44325	0.0003999999998995918	trials	electrical	biphasic	70	MOs	deep	recovery	False	True
6766.483770000003	0.0003999999998995918	trials	electrical	biphasic	90	MOs	deep	recovery	False	False
6770.29531	0.0003999999989900971	trials	electrical	biphasic	70	MOs	deep	recovery	False	True
6773.86697	0.0003999999998995918	trials	electrical	biphasic	50	MOs	deep	recovery	False	True
6777.54938	0.0003999999989900971	trials	electrical	biphasic	90	MOs	deep	recovery	False	False
6781.14278	0.0003999999998995918	trials	electrical	biphasic	50	MOs	deep	recovery	False	True
6785.10668	0.0003999999998995918	trials	electrical	biphasic	90	MOs	deep	recovery	False	False
6788.6164400000025	0.0003999999998995918	trials	electrical	biphasic	50	MOs	deep	recovery	False	True
6793.03188	0.0003999999998995918	trials	electrical	biphasic	50	MOs	deep	recovery	False	True
6797.17505	0.0003999999998995918	trials	electrical	biphasic	90	MOs	deep	recovery	False	False
6800.6768900000025	0.0003999999989900971	trials	electrical	biphasic	70	MOs	deep	recovery	True	True
6804.20769	0.0004000000008090865	trials	electrical	biphasic	70	MOs	deep	recovery	True	True
6807.9165900000025	0.0003999999998995918	trials	electrical	biphasic	70	MOs	deep	recovery	True	True
6811.87197	0.0003999999998995918	trials	electrical	biphasic	70	MOs	deep	recovery	True	True
6815.49965	0.0003999999998995918	trials	electrical	biphasic	50	MOs	deep	recovery	True	True
6819.0087200000025	0.0003999999998995918	trials	electrical	biphasic	50	MOs	deep	recovery	True	True
6823.2362200000025	0.0003999999998995918	trials	electrical	biphasic	50	MOs	deep	recovery	True	True
6827.090759999999	0.0003999999998995918	trials	electrical	biphasic	90	MOs	deep	recovery	True	False
6831.37163	0.0004000000008090865	trials	electrical	biphasic	90	MOs	deep	recovery	True	False
6835.3087099999975	0.0003999999998995918	trials	electrical	biphasic	50	MOs	deep	recovery	True	True
6839.2456900000025	0.0003999999998995918	trials	electrical	biphasic	90	MOs	deep	recovery	True	False
6842.795340000002	0.0003999999989900971	trials	electrical	biphasic	70	MOs	deep	recovery	True	True
6846.3454	0.0003999999998995918	trials	electrical	biphasic	50	MOs	deep	recovery	True	True
6849.93692	0.0003999999998995918	trials	electrical	biphasic	70	MOs	deep	recovery	True	True
6854.031379999999	0.0003999999980806024	trials	electrical	biphasic	70	MOs	deep	recovery	True	False
6857.77289	0.0004000000008090865	trials	electrical	biphasic	90	MOs	deep	recovery	True	False
6862.11467	0.0004000000026280759	trials	electrical	biphasic	50	MOs	deep	recovery	True	True
6866.47232	0.0004000000026280759	trials	electrical	biphasic	50	MOs	deep	recovery	True	True
6870.93636	0.0003999999998995918	trials	electrical	biphasic	50	MOs	deep	recovery	True	True
6874.925690000001	0.0003999999998995918	trials	electrical	biphasic	90	MOs	deep	recovery	True	False
6878.64643	0.0003999999998995918	trials	electrical	biphasic	50	MOs	deep	recovery	True	True
6882.37305	0.0003999999998995918	trials	electrical	biphasic	90	MOs	deep	recovery	True	False
6886.41026	0.0003999999998995918	trials	electrical	biphasic	70	MOs	deep	recovery	True	True
6890.6728	0.0003999999998995918	trials	electrical	biphasic	70	MOs	deep	recovery	True	True
6894.520790000001	0.0003999999989900971	trials	electrical	biphasic	50	MOs	deep	recovery	True	True
6898.48245	0.0003999999998995918	trials	electrical	biphasic	70	MOs	deep	recovery	True	True
6902.6222	0.0003999999998995918	trials	electrical	biphasic	90	MOs	deep	recovery	False	False
6907.039959999999	0.0003999999998995918	trials	electrical	biphasic	90	MOs	deep	recovery	True	False
6910.70197	0.0003999999998995918	trials	electrical	biphasic	50	MOs	deep	recovery	True	True
6914.91803	0.0003999999998995918	trials	electrical	biphasic	70	MOs	deep	recovery	True	True
6918.9962	0.0004000000008090865	trials	electrical	biphasic	50	MOs	deep	recovery	True	True
6922.929920000001	0.0003999999989900971	trials	electrical	biphasic	50	MOs	deep	recovery	True	True
6927.314590000001	0.0004000000017185812	trials	electrical	biphasic	70	MOs	deep	recovery	True	True
6931.208070000002	0.0003999999989900971	trials	electrical	biphasic	50	MOs	deep	recovery	True	True
6934.887479999999	0.0003999999980806024	trials	electrical	biphasic	90	MOs	deep	recovery	True	False
6939.021240000001	0.0003999999998995918	trials	electrical	biphasic	70	MOs	deep	recovery	True	True
6943.14567	0.0004000000026280759	trials	electrical	biphasic	90	MOs	deep	recovery	True	False
6946.974029999999	0.0003999999980806024	trials	electrical	biphasic	50	MOs	deep	recovery	True	True
6951.27742	0.0003999999998995918	trials	electrical	biphasic	70	MOs	deep	recovery	True	True
6955.77733	0.0003999999998995918	trials	electrical	biphasic	50	MOs	deep	recovery	True	True
6960.25873	0.0004000000008090865	trials	electrical	biphasic	90	MOs	deep	recovery	True	False
6963.8862	0.0003999999998995918	trials	electrical	biphasic	70	MOs	deep	recovery	True	True
6967.61886	0.0004000000008090865	trials	electrical	biphasic	90	MOs	deep	recovery	True	False
6971.14292	0.0003999999998995918	trials	electrical	biphasic	90	MOs	deep	recovery	True	False
6975.250790000001	0.0003999999998995918	trials	electrical	biphasic	90	MOs	deep	recovery	True	False
6978.86201	0.0003999999998995918	trials	electrical	biphasic	70	MOs	deep	recovery	True	True
6982.7699	0.0003999999998995918	trials	electrical	biphasic	90	MOs	deep	recovery	True	False
6987.1544	0.0003999999998995918	trials	electrical	biphasic	90	MOs	deep	recovery	True	False
