onset	duration	nwb_table	stimulus_type	stimulus_description	estim_current	estim_target_region	estim_target_depth	behavioral_epoch	is_running	is_valid
365.22333	0.0004000000000132786	trials	electrical	biphasic	70	MOs	superficial	awake	True	True
369.12771	0.0004000000000132786	trials	electrical	biphasic	50	MOs	superficial	awake	True	True
372.80737	0.0004000000000132786	trials	electrical	biphasic	50	MOs	superficial	awake	True	True
377.27672	0.0004000000000132786	trials	electrical	biphasic	50	MOs	superficial	awake	True	True
381.1846	0.0004000000000132786	trials	electrical	biphasic	50	MOs	superficial	awake	True	True
385.5295	0.0004000000000132786	trials	electrical	biphasic	70	MOs	superficial	awake	False	True
389.64524	0.0004000000000132786	trials	electrical	biphasic	70	MOs	superficial	awake	True	True
393.52228	0.0003999999999564352	trials	electrical	biphasic	90	MOs	superficial	awake	True	True
397.89988	0.0004000000000132786	trials	electrical	biphasic	50	MOs	superficial	awake	True	True
402.18517	0.0003999999999564352	trials	electrical	biphasic	70	MOs	superficial	awake	False	True
406.15055	0.0004000000000132786	trials	electrical	biphasic	50	MOs	superficial	awake	False	True
410.46495	0.0004000000000132786	trials	electrical	biphasic	90	MOs	superficial	awake	False	True
414.86381	0.0004000000000132786	trials	electrical	biphasic	50	MOs	superficial	awake	False	True
418.79347	0.00040999999998803105	trials	electrical	biphasic	90	MOs	superficial	awake	True	True
422.62822	0.0004000000000132786	trials	electrical	biphasic	70	MOs	superficial	awake	True	True
426.72528	0.0004000000000132786	trials	electrical	biphasic	90	MOs	superficial	awake	False	True
431.1277	0.0004000000000132786	trials	electrical	biphasic	90	MOs	superficial	awake	False	True
435.33018	0.0004000000000132786	trials	electrical	biphasic	50	MOs	superficial	awake	False	True
439.20806	0.0004000000000132786	trials	electrical	biphasic	50	MOs	superficial	awake	False	True
443.44345	0.0004000000000132786	trials	electrical	biphasic	70	MOs	superficial	awake	False	True
447.89797	0.0004000000000132786	trials	electrical	biphasic	70	MOs	superficial	awake	False	True
451.94121	0.0004000000000132786	trials	electrical	biphasic	70	MOs	superficial	awake	False	True
455.98173	0.0003999999999564352	trials	electrical	biphasic	90	MOs	superficial	awake	False	True
459.79327	0.0004000000000132786	trials	electrical	biphasic	70	MOs	superficial	awake	False	True
463.36493	0.0003999999999564352	trials	electrical	biphasic	50	MOs	superficial	awake	False	True
467.04733	0.0004000000000132786	trials	electrical	biphasic	90	MOs	superficial	awake	False	True
470.64073	0.0003999999999564352	trials	electrical	biphasic	50	MOs	superficial	awake	False	True
474.60463	0.0004000000000132786	trials	electrical	biphasic	90	MOs	superficial	awake	False	True
478.11439	0.0004000000000132786	trials	electrical	biphasic	50	MOs	superficial	awake	True	True
482.52983	0.0004000000000132786	trials	electrical	biphasic	50	MOs	superficial	awake	False	True
486.67299	0.0003999999999564352	trials	electrical	biphasic	90	MOs	superficial	awake	True	True
490.17483	0.0004000000000132786	trials	electrical	biphasic	70	MOs	superficial	awake	True	True
493.70563	0.0004000000000132786	trials	electrical	biphasic	70	MOs	superficial	awake	True	True
497.41453	0.0004000000000132786	trials	electrical	biphasic	70	MOs	superficial	awake	False	True
501.36991	0.0004000000000132786	trials	electrical	biphasic	70	MOs	superficial	awake	True	True
504.99759	0.0004000000000132786	trials	electrical	biphasic	50	MOs	superficial	awake	True	True
508.50665	0.0004000000000132786	trials	electrical	biphasic	50	MOs	superficial	awake	True	True
512.73415	0.0004000000000132786	trials	electrical	biphasic	50	MOs	superficial	awake	True	True
516.58869	0.0004000000000132786	trials	electrical	biphasic	90	MOs	superficial	awake	False	True
520.86955	0.0004000000000132786	trials	electrical	biphasic	90	MOs	superficial	awake	False	True
524.80664	0.0004000000000132786	trials	electrical	biphasic	50	MOs	superficial	awake	True	True
528.74362	0.0004000000000132786	trials	electrical	biphasic	90	MOs	superficial	awake	True	True
532.29325	0.0004100000001017179	trials	electrical	biphasic	70	MOs	superficial	awake	True	True
535.84331	0.0004000000000132786	trials	electrical	biphasic	50	MOs	superficial	awake	True	True
539.43483	0.0004000000000132786	trials	electrical	biphasic	70	MOs	superficial	awake	True	True
543.52929	0.0004000000000132786	trials	electrical	biphasic	70	MOs	superficial	awake	True	True
547.27079	0.0004000000000132786	trials	electrical	biphasic	90	MOs	superficial	awake	True	True
551.61258	0.0004000000000132786	trials	electrical	biphasic	50	MOs	superficial	awake	True	True
555.97022	0.0004000000000132786	trials	electrical	biphasic	50	MOs	superficial	awake	True	True
560.43426	0.0004000000000132786	trials	electrical	biphasic	50	MOs	superficial	awake	False	True
564.42358	0.0004000000000132786	trials	electrical	biphasic	90	MOs	superficial	awake	True	True
568.14432	0.0004000000000132786	trials	electrical	biphasic	50	MOs	superficial	awake	False	True
571.87094	0.0004000000000132786	trials	electrical	biphasic	90	MOs	superficial	awake	False	True
575.90815	0.0004000000000132786	trials	electrical	biphasic	70	MOs	superficial	awake	False	True
580.17069	0.0004000000000132786	trials	electrical	biphasic	70	MOs	superficial	awake	True	True
584.01867	0.0004000000000132786	trials	electrical	biphasic	50	MOs	superficial	awake	False	True
587.98033	0.0004000000000132786	trials	electrical	biphasic	70	MOs	superficial	awake	False	True
592.12007	0.0003999999998995918	trials	electrical	biphasic	90	MOs	superficial	awake	False	True
596.53783	0.0004000000000132786	trials	electrical	biphasic	90	MOs	superficial	awake	False	True
600.19983	0.0004000000000132786	trials	electrical	biphasic	50	MOs	superficial	awake	False	True
604.4159	0.0004000000000132786	trials	electrical	biphasic	70	MOs	superficial	awake	False	True
608.49406	0.0004000000000132786	trials	electrical	biphasic	50	MOs	superficial	awake	False	True
612.42778	0.0004000000000132786	trials	electrical	biphasic	50	MOs	superficial	awake	False	True
616.81244	0.0004000000000132786	trials	electrical	biphasic	70	MOs	superficial	awake	False	True
620.70592	0.0004000000000132786	trials	electrical	biphasic	50	MOs	superficial	awake	False	True
624.38532	0.0004000000000132786	trials	electrical	biphasic	90	MOs	superficial	awake	False	True
628.51908	0.0004000000000132786	trials	electrical	biphasic	70	MOs	superficial	awake	True	True
632.64351	0.0004000000000132786	trials	electrical	biphasic	90	MOs	superficial	awake	False	True
636.47187	0.0004000000000132786	trials	electrical	biphasic	50	MOs	superficial	awake	False	True
640.77525	0.0004000000000132786	trials	electrical	biphasic	70	MOs	superficial	awake	False	True
645.27515	0.0003999999998995918	trials	electrical	biphasic	50	MOs	superficial	awake	True	True
649.75656	0.0004000000000132786	trials	electrical	biphasic	90	MOs	superficial	awake	True	True
653.38402	0.0004000000000132786	trials	electrical	biphasic	70	MOs	superficial	awake	True	True
657.11668	0.0004000000000132786	trials	electrical	biphasic	90	MOs	superficial	awake	True	True
660.64073	0.0004000000000132786	trials	electrical	biphasic	90	MOs	superficial	awake	True	True
664.7486	0.0004000000000132786	trials	electrical	biphasic	90	MOs	superficial	awake	True	True
668.35982	0.0004000000000132786	trials	electrical	biphasic	70	MOs	superficial	awake	True	True
672.2677	0.0004000000000132786	trials	electrical	biphasic	90	MOs	superficial	awake	False	True
676.6522	0.0004000000000132786	trials	electrical	biphasic	90	MOs	superficial	awake	False	True
680.70076	0.0004000000000132786	trials	electrical	biphasic	50	MOs	superficial	awake	False	True
684.57018	0.0003999999998995918	trials	electrical	biphasic	50	MOs	superficial	awake	True	True
688.27894	0.0004000000000132786	trials	electrical	biphasic	50	MOs	superficial	awake	True	True
692.2203	0.0004000000000132786	trials	electrical	biphasic	70	MOs	superficial	awake	True	True
696.67693	0.0004000000000132786	trials	electrical	biphasic	50	MOs	superficial	awake	True	True
700.30137	0.0004000000000132786	trials	electrical	biphasic	70	MOs	superficial	awake	True	True
704.27255	0.0004000000000132786	trials	electrical	biphasic	90	MOs	superficial	awake	True	True
708.62987	0.0004000000000132786	trials	electrical	biphasic	70	MOs	superficial	awake	True	True
712.17369	0.0004000000000132786	trials	electrical	biphasic	70	MOs	superficial	awake	False	True
716.36573	0.0004000000000132786	trials	electrical	biphasic	50	MOs	superficial	awake	False	True
720.84513	0.0004000000000132786	trials	electrical	biphasic	70	MOs	superficial	awake	True	True
724.62881	0.0003999999998995918	trials	electrical	biphasic	70	MOs	superficial	awake	True	True
728.26301	0.0004000000000132786	trials	electrical	biphasic	50	MOs	superficial	awake	True	True
732.44872	0.0004000000000132786	trials	electrical	biphasic	70	MOs	superficial	awake	True	True
736.8586	0.0004000000000132786	trials	electrical	biphasic	90	MOs	superficial	awake	True	True
740.96988	0.0004000000000132786	trials	electrical	biphasic	70	MOs	superficial	awake	True	True
745.37028	0.00040999999998803105	trials	electrical	biphasic	90	MOs	superficial	awake	True	True
749.06414	0.0004000000000132786	trials	electrical	biphasic	50	MOs	superficial	awake	False	True
753.31899	0.0004000000000132786	trials	electrical	biphasic	50	MOs	superficial	awake	False	True
757.16567	0.0004000000000132786	trials	electrical	biphasic	90	MOs	superficial	awake	False	True
761.08471	0.0004000000000132786	trials	electrical	biphasic	50	MOs	superficial	awake	False	True
764.74085	0.0004000000000132786	trials	electrical	biphasic	50	MOs	superficial	awake	False	True
769.06027	0.0004000000000132786	trials	electrical	biphasic	90	MOs	superficial	awake	False	True
773.18561	0.0004000000000132786	trials	electrical	biphasic	50	MOs	superficial	awake	False	True
777.4246	0.0003999999998995918	trials	electrical	biphasic	70	MOs	superficial	awake	False	True
781.73014	0.0004000000000132786	trials	electrical	biphasic	70	MOs	superficial	awake	False	True
785.29778	0.0004000000000132786	trials	electrical	biphasic	90	MOs	superficial	awake	False	True
789.749	0.0004000000000132786	trials	electrical	biphasic	70	MOs	superficial	awake	False	True
793.747	0.0004000000000132786	trials	electrical	biphasic	70	MOs	superficial	awake	False	True
798.00257	0.0004000000000132786	trials	electrical	biphasic	70	MOs	superficial	awake	False	True
802.24539	0.0004000000000132786	trials	electrical	biphasic	90	MOs	superficial	awake	False	True
806.57695	0.0004000000000132786	trials	electrical	biphasic	70	MOs	superficial	awake	False	True
810.23387	0.0004000000000132786	trials	electrical	biphasic	90	MOs	superficial	awake	False	True
814.19159	0.0004000000000132786	trials	electrical	biphasic	50	MOs	superficial	awake	False	True
818.31011	0.0004000000000132786	trials	electrical	biphasic	50	MOs	superficial	awake	False	True
822.74272	0.0004000000000132786	trials	electrical	biphasic	90	MOs	superficial	awake	False	True
827.07822	0.0004000000000132786	trials	electrical	biphasic	90	MOs	superficial	awake	False	True
831.47406	0.0004000000000132786	trials	electrical	biphasic	90	MOs	superficial	awake	False	True
835.55701	0.0004000000000132786	trials	electrical	biphasic	70	MOs	superficial	awake	False	True
839.64017	0.0004000000000132786	trials	electrical	biphasic	70	MOs	superficial	awake	False	True
843.99551	0.0004000000000132786	trials	electrical	biphasic	50	MOs	superficial	awake	False	True
847.53079	0.0004000000000132786	trials	electrical	biphasic	90	MOs	superficial	awake	False	True
851.91663	0.0003999999998995918	trials	electrical	biphasic	70	MOs	superficial	awake	False	True
855.82479	0.0004000000000132786	trials	electrical	biphasic	70	MOs	superficial	awake	False	True
859.36159	0.0004000000000132786	trials	electrical	biphasic	90	MOs	superficial	awake	False	True
863.60816	0.0004000000000132786	trials	electrical	biphasic	90	MOs	superficial	awake	False	True
867.2634	0.0003999999998995918	trials	electrical	biphasic	50	MOs	superficial	awake	False	True
870.90772	0.0004000000000132786	trials	electrical	biphasic	50	MOs	superficial	awake	False	True
875.0141	0.0004000000000132786	trials	electrical	biphasic	70	MOs	superficial	awake	False	True
878.769	0.0004000000000132786	trials	electrical	biphasic	70	MOs	superficial	awake	False	True
882.59358	0.0004000000000132786	trials	electrical	biphasic	90	MOs	superficial	awake	True	True
886.4958	0.0004000000000132786	trials	electrical	biphasic	70	MOs	superficial	awake	True	True
890.4026	0.0004000000000132786	trials	electrical	biphasic	50	MOs	superficial	awake	True	True
894.28922	0.0004000000000132786	trials	electrical	biphasic	90	MOs	superficial	awake	False	True
898.39944	0.0004000000000132786	trials	electrical	biphasic	50	MOs	superficial	awake	True	True
902.06676	0.0003999999998995918	trials	electrical	biphasic	90	MOs	superficial	awake	False	True
905.75528	0.0004000000000132786	trials	electrical	biphasic	50	MOs	superficial	awake	False	True
909.35032	0.0004000000000132786	trials	electrical	biphasic	70	MOs	superficial	awake	False	True
913.17392	0.0004000000000132786	trials	electrical	biphasic	70	MOs	superficial	awake	False	True
917.44394	0.0004000000000132786	trials	electrical	biphasic	50	MOs	superficial	awake	False	True
921.17848	0.0004000000000132786	trials	electrical	biphasic	90	MOs	superficial	awake	False	True
925.41927	0.0004000000000132786	trials	electrical	biphasic	50	MOs	superficial	awake	False	True
929.61251	0.0004000000000132786	trials	electrical	biphasic	70	MOs	superficial	awake	False	True
933.93701	0.0004000000000132786	trials	electrical	biphasic	70	MOs	superficial	awake	False	True
938.26542	0.0004000000000132786	trials	electrical	biphasic	90	MOs	superficial	awake	False	True
942.0592	0.0004000000000132786	trials	electrical	biphasic	50	MOs	superficial	awake	False	True
945.86898	0.0004000000000132786	trials	electrical	biphasic	90	MOs	superficial	awake	False	True
949.89244	0.0004000000000132786	trials	electrical	biphasic	70	MOs	superficial	awake	False	True
953.71816	0.0004000000000132786	trials	electrical	biphasic	50	MOs	superficial	awake	False	True
958.05042	0.0004000000000132786	trials	electrical	biphasic	50	MOs	superficial	awake	False	True
962.36115	0.0004000000000132786	trials	electrical	biphasic	90	MOs	superficial	awake	False	True
966.41857	0.0003999999998995918	trials	electrical	biphasic	50	MOs	superficial	awake	False	True
970.18195	0.0004000000000132786	trials	electrical	biphasic	70	MOs	superficial	awake	False	True
974.36293	0.0004000000000132786	trials	electrical	biphasic	70	MOs	superficial	awake	False	True
978.09701	0.0004000000000132786	trials	electrical	biphasic	50	MOs	superficial	awake	False	True
982.05385	0.0004000000000132786	trials	electrical	biphasic	90	MOs	superficial	awake	False	True
985.93883	0.0003999999998995918	trials	electrical	biphasic	90	MOs	superficial	awake	False	True
989.97785	0.0004000000000132786	trials	electrical	biphasic	50	MOs	superficial	awake	False	True
994.46998	0.0004000000000132786	trials	electrical	biphasic	50	MOs	superficial	awake	False	True
998.72562	0.0003999999998995918	trials	electrical	biphasic	50	MOs	superficial	awake	False	True
1003.20651	0.0004000000000132786	trials	electrical	biphasic	70	MOs	superficial	awake	False	True
1006.94171	0.0004000000000132786	trials	electrical	biphasic	90	MOs	superficial	awake	False	True
1010.97069	0.0004000000000132786	trials	electrical	biphasic	90	MOs	superficial	awake	False	True
1014.52255	0.0004000000000132786	trials	electrical	biphasic	70	MOs	superficial	awake	False	True
1018.77985	0.0004000000000132786	trials	electrical	biphasic	50	MOs	superficial	awake	False	True
1022.88225	0.0004000000000132786	trials	electrical	biphasic	50	MOs	superficial	awake	False	True
1027.23983	0.00040000000012696546	trials	electrical	biphasic	70	MOs	superficial	awake	True	True
1031.72854	0.0003999999998995918	trials	electrical	biphasic	50	MOs	superficial	awake	True	True
1036.15844	0.00040000000012696546	trials	electrical	biphasic	50	MOs	superficial	awake	False	True
1040.06838	0.00040000000012696546	trials	electrical	biphasic	90	MOs	superficial	awake	True	True
1043.56914	0.0003999999998995918	trials	electrical	biphasic	50	MOs	superficial	awake	False	True
1047.61044	0.00040000000012696546	trials	electrical	biphasic	70	MOs	superficial	awake	False	True
1051.3186	0.0003999999998995918	trials	electrical	biphasic	70	MOs	superficial	awake	False	True
1055.0383	0.00040000000012696546	trials	electrical	biphasic	90	MOs	superficial	awake	False	True
1058.86453	0.0003999999998995918	trials	electrical	biphasic	50	MOs	superficial	awake	False	True
1062.46088	0.0003999999998995918	trials	electrical	biphasic	90	MOs	superficial	awake	False	True
1066.70885	0.00040000000012696546	trials	electrical	biphasic	90	MOs	superficial	awake	False	True
1070.95777	0.00040000000012696546	trials	electrical	biphasic	90	MOs	superficial	awake	False	True
1075.00149	0.0003999999998995918	trials	electrical	biphasic	90	MOs	superficial	awake	False	True
1078.84005	0.0003999999998995918	trials	electrical	biphasic	90	MOs	superficial	awake	True	True
1083.17282	0.0003999999998995918	trials	electrical	biphasic	50	MOs	superficial	awake	False	True
1087.22582	0.0003999999998995918	trials	electrical	biphasic	50	MOs	superficial	awake	True	True
1091.68378	0.0003999999998995918	trials	electrical	biphasic	70	MOs	superficial	awake	True	True
1096.07705	0.0003999999998995918	trials	electrical	biphasic	90	MOs	superficial	awake	True	True
1099.93397	0.0003999999998995918	trials	electrical	biphasic	90	MOs	superficial	awake	True	True
1103.98079	0.0003999999998995918	trials	electrical	biphasic	70	MOs	superficial	awake	True	True
1107.82789	0.0003999999998995918	trials	electrical	biphasic	70	MOs	superficial	awake	False	True
1111.95111	0.00040000000012696546	trials	electrical	biphasic	50	MOs	superficial	awake	True	True
1116.24815	0.00040000000012696546	trials	electrical	biphasic	70	MOs	superficial	awake	False	True
1120.49446	0.00040000000012696546	trials	electrical	biphasic	50	MOs	superficial	awake	True	True
1124.12042	0.00040000000012696546	trials	electrical	biphasic	70	MOs	superficial	awake	True	True
1128.44324	0.0003999999998995918	trials	electrical	biphasic	50	MOs	superficial	awake	False	True
1131.96882	0.0003999999998995918	trials	electrical	biphasic	50	MOs	superficial	awake	False	True
1135.88366	0.00040000000012696546	trials	electrical	biphasic	90	MOs	superficial	awake	False	True
1140.11548	0.00040000000012696546	trials	electrical	biphasic	50	MOs	superficial	awake	False	True
1144.39729	0.0003999999998995918	trials	electrical	biphasic	50	MOs	superficial	awake	True	True
1148.26499	0.00040000000012696546	trials	electrical	biphasic	90	MOs	superficial	awake	False	True
1152.51027	0.0003999999998995918	trials	electrical	biphasic	70	MOs	superficial	awake	False	True
1156.90295	0.00040000000012696546	trials	electrical	biphasic	90	MOs	superficial	awake	False	True
1160.64597	0.0003999999998995918	trials	electrical	biphasic	70	MOs	superficial	awake	False	True
1164.27599	0.0003999999998995918	trials	electrical	biphasic	90	MOs	superficial	awake	False	True
1168.00147	0.00040000000012696546	trials	electrical	biphasic	50	MOs	superficial	awake	False	True
1171.85192	0.0003999999998995918	trials	electrical	biphasic	50	MOs	superficial	awake	False	True
1175.63942	0.00040000000012696546	trials	electrical	biphasic	90	MOs	superficial	awake	False	True
1180.06732	0.0003999999998995918	trials	electrical	biphasic	90	MOs	superficial	awake	False	True
1183.61906	0.0003999999998995918	trials	electrical	biphasic	90	MOs	superficial	awake	False	True
1187.71214	0.0003999999998995918	trials	electrical	biphasic	70	MOs	superficial	awake	False	True
1191.37546	0.00040000000012696546	trials	electrical	biphasic	70	MOs	superficial	awake	False	True
1195.71428	0.00040000000012696546	trials	electrical	biphasic	90	MOs	superficial	awake	False	True
1199.38226	0.0003999999998995918	trials	electrical	biphasic	50	MOs	superficial	awake	False	True
1203.38489	0.0003999999998995918	trials	electrical	biphasic	70	MOs	superficial	awake	False	True
1207.88463	0.0003999999998995918	trials	electrical	biphasic	50	MOs	superficial	awake	False	True
1211.74045	0.0003999999998995918	trials	electrical	biphasic	70	MOs	superficial	awake	False	True
1215.28795	0.00040000000012696546	trials	electrical	biphasic	90	MOs	superficial	awake	False	True
1219.00203	0.0003999999998995918	trials	electrical	biphasic	90	MOs	superficial	awake	False	True
1222.90029	0.0003999999998995918	trials	electrical	biphasic	50	MOs	superficial	awake	False	True
1226.73437	0.00040000000012696546	trials	electrical	biphasic	70	MOs	superficial	awake	False	True
1230.46439	0.0003999999998995918	trials	electrical	biphasic	90	MOs	superficial	awake	False	True
1234.90094	0.0003999999998995918	trials	electrical	biphasic	70	MOs	superficial	awake	False	True
1239.08454	0.0003999999998995918	trials	electrical	biphasic	70	MOs	superficial	awake	False	True
1243.54708	0.0003999999998995918	trials	electrical	biphasic	70	MOs	superficial	awake	False	True
1247.48549	0.0003999999998995918	trials	electrical	biphasic	50	MOs	superficial	awake	False	True
1251.92625	0.00040000000012696546	trials	electrical	biphasic	90	MOs	superficial	awake	False	True
1255.43251	0.0003999999998995918	trials	electrical	biphasic	70	MOs	superficial	awake	False	True
1259.54323	0.0003999999998995918	trials	electrical	biphasic	70	MOs	superficial	awake	False	True
1263.84473	0.0003999999998995918	trials	electrical	biphasic	90	MOs	superficial	awake	False	True
1267.57813	0.0003999999998995918	trials	electrical	biphasic	90	MOs	superficial	awake	False	True
1272.01102	0.00040000000012696546	trials	electrical	biphasic	50	MOs	superficial	awake	False	True
1276.2747	0.00040000000012696546	trials	electrical	biphasic	90	MOs	superficial	awake	False	True
1280.60159	0.0003999999998995918	trials	electrical	biphasic	50	MOs	superficial	awake	True	True
1284.67547	0.00040000000012696546	trials	electrical	biphasic	90	MOs	superficial	awake	True	True
1288.96847	0.0003999999998995918	trials	electrical	biphasic	50	MOs	superficial	awake	True	True
1292.79793	0.00040000000012696546	trials	electrical	biphasic	70	MOs	superficial	awake	True	True
1296.52181	0.00040000000012696546	trials	electrical	biphasic	50	MOs	superficial	awake	True	True
1300.33461	0.0003999999998995918	trials	electrical	biphasic	50	MOs	superficial	awake	False	True
1304.41955	0.0003999999998995918	trials	electrical	biphasic	70	MOs	superficial	awake	False	True
1308.7499	0.0003999999998995918	trials	electrical	biphasic	50	MOs	superficial	awake	False	True
1312.54078	0.0003999999998995918	trials	electrical	biphasic	70	MOs	superficial	awake	False	True
1316.44376	0.0003999999998995918	trials	electrical	biphasic	50	MOs	superficial	awake	False	True
1320.80624	0.00040000000012696546	trials	electrical	biphasic	70	MOs	superficial	awake	False	True
1324.92141	0.00040000000012696546	trials	electrical	biphasic	70	MOs	superficial	awake	False	True
1329.41301	0.00040000000012696546	trials	electrical	biphasic	90	MOs	superficial	awake	False	True
1333.11713	0.0003999999998995918	trials	electrical	biphasic	70	MOs	superficial	awake	False	True
1337.44475	0.0003999999998995918	trials	electrical	biphasic	50	MOs	superficial	awake	False	True
1341.62104	0.0003999999998995918	trials	electrical	biphasic	70	MOs	superficial	awake	False	True
1345.3704	0.0003999999998995918	trials	electrical	biphasic	70	MOs	superficial	awake	False	True
1349.3466	0.0003999999998995918	trials	electrical	biphasic	90	MOs	superficial	awake	False	True
1353.2461	0.0003999999998995918	trials	electrical	biphasic	50	MOs	superficial	awake	False	True
1357.34596	0.0003999999998995918	trials	electrical	biphasic	50	MOs	superficial	awake	False	True
1361.64691	0.00040000000012696546	trials	electrical	biphasic	90	MOs	superficial	awake	False	True
1365.25238	0.0004100000001017179	trials	electrical	biphasic	50	MOs	superficial	awake	False	True
1369.57425	0.00040000000012696546	trials	electrical	biphasic	70	MOs	superficial	awake	True	True
1373.91575	0.00040000000012696546	trials	electrical	biphasic	90	MOs	superficial	awake	True	True
1377.77067	0.0003999999998995918	trials	electrical	biphasic	70	MOs	superficial	awake	True	True
1381.70115	0.0003999999998995918	trials	electrical	biphasic	90	MOs	superficial	awake	True	True
1385.77382	0.00040000000012696546	trials	electrical	biphasic	90	MOs	superficial	awake	True	True
1389.97506	0.00040000000012696546	trials	electrical	biphasic	50	MOs	superficial	awake	True	True
1394.21796	0.00040000000012696546	trials	electrical	biphasic	50	MOs	superficial	awake	False	True
1398.47627	0.0003999999998995918	trials	electrical	biphasic	70	MOs	superficial	awake	True	True
1402.36581	0.0003999999998995918	trials	electrical	biphasic	70	MOs	superficial	awake	True	True
1406.29553	0.0003999999998995918	trials	electrical	biphasic	70	MOs	superficial	awake	False	True
1410.75229	0.00040000000012696546	trials	electrical	biphasic	70	MOs	superficial	awake	True	True
1414.82569	0.0004100000001017179	trials	electrical	biphasic	90	MOs	superficial	awake	False	True
1419.17584	0.0003999999998995918	trials	electrical	biphasic	50	MOs	superficial	awake	True	True
1422.9526	0.0003999999998995918	trials	electrical	biphasic	50	MOs	superficial	awake	True	True
1427.07534	0.0003999999998995918	trials	electrical	biphasic	90	MOs	superficial	awake	True	True
1431.16412	0.00040000000012696546	trials	electrical	biphasic	90	MOs	superficial	awake	True	True
1435.62801	0.00040000000012696546	trials	electrical	biphasic	90	MOs	superficial	awake	True	True
1439.21433	0.0003999999998995918	trials	electrical	biphasic	50	MOs	superficial	awake	True	True
1443.21525	0.00040000000012696546	trials	electrical	biphasic	70	MOs	superficial	awake	True	True
1447.23727	0.0003999999998995918	trials	electrical	biphasic	70	MOs	superficial	awake	True	True
1450.82785	0.00040000000012696546	trials	electrical	biphasic	70	MOs	superficial	awake	True	True
1455.23293	0.0004100000001017179	trials	electrical	biphasic	70	MOs	superficial	awake	True	True
1459.61774	0.00040000000012696546	trials	electrical	biphasic	70	MOs	superficial	awake	True	True
1463.55716	0.0003999999998995918	trials	electrical	biphasic	90	MOs	superficial	awake	True	True
1467.8393	0.0003999999998995918	trials	electrical	biphasic	70	MOs	superficial	awake	False	True
1471.48818	0.0003999999998995918	trials	electrical	biphasic	70	MOs	superficial	awake	False	True
1475.60843	0.0003999999998995918	trials	electrical	biphasic	90	MOs	superficial	awake	False	True
1479.36947	0.0003999999998995918	trials	electrical	biphasic	90	MOs	superficial	awake	False	True
1483.31555	0.0003999999998995918	trials	electrical	biphasic	90	MOs	superficial	awake	False	True
1487.65997	0.00040000000012696546	trials	electrical	biphasic	90	MOs	superficial	awake	False	True
1491.35659	0.0003999999998995918	trials	electrical	biphasic	70	MOs	superficial	awake	False	True
1495.16087	0.00040000000012696546	trials	electrical	biphasic	70	MOs	superficial	awake	False	True
1499.14459	0.0003999999998995918	trials	electrical	biphasic	50	MOs	superficial	awake	False	True
1502.98284	0.00040000000012696546	trials	electrical	biphasic	50	MOs	superficial	awake	False	True
1507.28174	0.00040000000012696546	trials	electrical	biphasic	90	MOs	superficial	awake	False	True
1511.76964	0.00040000000012696546	trials	electrical	biphasic	50	MOs	superficial	awake	False	True
1515.4291	0.0003999999998995918	trials	electrical	biphasic	50	MOs	superficial	awake	False	True
1519.1664	0.0003999999998995918	trials	electrical	biphasic	90	MOs	superficial	awake	False	True
1523.36907	0.00040000000012696546	trials	electrical	biphasic	50	MOs	superficial	awake	False	True
1527.24497	0.00040000000012696546	trials	electrical	biphasic	70	MOs	superficial	awake	False	True
1531.71909	0.0003999999998995918	trials	electrical	biphasic	90	MOs	superficial	awake	False	True
1536.19182	0.0003999999998995918	trials	electrical	biphasic	70	MOs	superficial	awake	False	True
1540.33594	0.00040000000012696546	trials	electrical	biphasic	90	MOs	superficial	awake	False	True
1544.69646	0.00040000000012696546	trials	electrical	biphasic	90	MOs	superficial	awake	False	True
1548.59876	0.0003999999998995918	trials	electrical	biphasic	90	MOs	superficial	awake	False	True
1552.73113	0.00040000000012696546	trials	electrical	biphasic	90	MOs	superficial	awake	False	True
1557.21679	0.00040000000012696546	trials	electrical	biphasic	70	MOs	superficial	awake	False	True
1561.27669	0.00040000000012696546	trials	electrical	biphasic	70	MOs	superficial	awake	False	True
1565.71072	0.0003999999998995918	trials	electrical	biphasic	90	MOs	superficial	awake	False	True
1569.93148	0.00040000000012696546	trials	electrical	biphasic	90	MOs	superficial	awake	False	True
1573.91594	0.0003999999998995918	trials	electrical	biphasic	70	MOs	superficial	awake	False	True
1578.0554	0.00040000000012696546	trials	electrical	biphasic	50	MOs	superficial	awake	False	True
1582.44347	0.00040000000012696546	trials	electrical	biphasic	50	MOs	superficial	awake	True	True
1586.14263	0.0003999999998995918	trials	electrical	biphasic	70	MOs	superficial	awake	False	True
1590.03841	0.0003999999998995918	trials	electrical	biphasic	70	MOs	superficial	awake	False	True
1594.53101	0.00040000000012696546	trials	electrical	biphasic	90	MOs	superficial	awake	False	True
1598.4338	0.0003999999998995918	trials	electrical	biphasic	50	MOs	superficial	awake	False	True
1602.59308	0.0003999999998995918	trials	electrical	biphasic	70	MOs	superficial	awake	False	True
1606.99484	0.0003999999998995918	trials	electrical	biphasic	50	MOs	superficial	awake	True	True
1611.49065	0.00040000000012696546	trials	electrical	biphasic	90	MOs	superficial	awake	False	True
1615.64423	0.0003999999998995918	trials	electrical	biphasic	50	MOs	superficial	awake	False	True
1619.25309	0.00040000000012696546	trials	electrical	biphasic	90	MOs	superficial	awake	False	True
1622.78963	0.0003999999998995918	trials	electrical	biphasic	50	MOs	superficial	awake	False	True
1626.90815	0.00040000000012696546	trials	electrical	biphasic	70	MOs	superficial	awake	False	True
1630.97571	0.00040000000012696546	trials	electrical	biphasic	70	MOs	superficial	awake	False	True
1635.4381	0.0003999999998995918	trials	electrical	biphasic	50	MOs	superficial	awake	False	True
1639.68462	0.0003999999998995918	trials	electrical	biphasic	50	MOs	superficial	awake	False	True
1643.84756	0.00040000000012696546	trials	electrical	biphasic	90	MOs	superficial	awake	False	True
1647.87131	0.0003999999998995918	trials	electrical	biphasic	90	MOs	superficial	awake	True	True
1651.63163	0.0003999999998995918	trials	electrical	biphasic	50	MOs	superficial	awake	False	True
1656.09405	0.00040000000012696546	trials	electrical	biphasic	50	MOs	superficial	awake	True	True
1660.13468	0.00040000000012696546	trials	electrical	biphasic	90	MOs	superficial	awake	False	True
1663.66538	0.00040000000012696546	trials	electrical	biphasic	50	MOs	superficial	awake	True	True
1667.86212	0.0003999999998995918	trials	electrical	biphasic	70	MOs	superficial	awake	False	True
1671.88226	0.0003999999998995918	trials	electrical	biphasic	50	MOs	superficial	awake	False	True
1675.44172	0.0003999999998995918	trials	electrical	biphasic	90	MOs	superficial	awake	False	True
1679.83219	0.0003999999998995918	trials	electrical	biphasic	50	MOs	superficial	awake	False	True
1683.66281	0.0003999999998995918	trials	electrical	biphasic	90	MOs	superficial	awake	False	True
1687.39293	0.00040000000012696546	trials	electrical	biphasic	50	MOs	superficial	awake	False	True
1691.00729	0.0003999999998995918	trials	electrical	biphasic	70	MOs	superficial	awake	False	True
1694.81863	0.00040000000012696546	trials	electrical	biphasic	90	MOs	superficial	awake	False	True
1698.54749	0.00040000000012696546	trials	electrical	biphasic	50	MOs	superficial	awake	False	True
1702.69992	0.0003999999998995918	trials	electrical	biphasic	70	MOs	superficial	awake	False	True
1706.2665	0.00040000000012696546	trials	electrical	biphasic	90	MOs	superficial	awake	False	True
1710.04236	0.00040000000012696546	trials	electrical	biphasic	70	MOs	superficial	awake	False	True
1713.8246	0.00040000000012696546	trials	electrical	biphasic	50	MOs	superficial	awake	False	True
1718.20509	0.00040000000012696546	trials	electrical	biphasic	50	MOs	superficial	awake	False	True
1722.14985	0.0003999999998995918	trials	electrical	biphasic	50	MOs	superficial	awake	False	True
1726.4062	0.00040000000012696546	trials	electrical	biphasic	70	MOs	superficial	awake	False	True
1730.50992	0.00040000000012696546	trials	electrical	biphasic	90	MOs	superficial	awake	False	True
1734.79361	0.00040000000012696546	trials	electrical	biphasic	90	MOs	superficial	awake	False	True
1738.40797	0.00040000000012696546	trials	electrical	biphasic	50	MOs	superficial	awake	False	True
1742.88696	0.0003999999998995918	trials	electrical	biphasic	70	MOs	superficial	awake	False	True
1747.23598	0.00040000000012696546	trials	electrical	biphasic	70	MOs	superficial	awake	True	True
1750.78705	0.00040000000012696546	trials	electrical	biphasic	50	MOs	superficial	awake	False	True
1754.75367	0.0003999999998995918	trials	electrical	biphasic	70	MOs	superficial	awake	False	True
1758.57975	0.0003999999998995918	trials	electrical	biphasic	90	MOs	superficial	awake	False	True
1762.71038	0.00040000000012696546	trials	electrical	biphasic	90	MOs	superficial	awake	False	True
1766.4411	0.0003999999998995918	trials	electrical	biphasic	90	MOs	superficial	awake	False	True
1770.52141	0.0003999999998995918	trials	electrical	biphasic	70	MOs	superficial	awake	False	True
1774.62499	0.0003999999998995918	trials	electrical	biphasic	70	MOs	superficial	awake	False	True
1778.7253	0.0003999999998995918	trials	electrical	biphasic	90	MOs	superficial	awake	False	True
1782.67414	0.0003999999998995918	trials	electrical	biphasic	90	MOs	superficial	awake	False	True
1786.20998	0.0003999999998995918	trials	electrical	biphasic	70	MOs	superficial	awake	False	True
1790.22423	0.0003999999998995918	trials	electrical	biphasic	50	MOs	superficial	awake	False	True
1794.13239	0.00040000000012696546	trials	electrical	biphasic	70	MOs	superficial	awake	False	True
1797.74086	0.0003999999998995918	trials	electrical	biphasic	90	MOs	superficial	awake	False	True
1801.70116	0.0003999999998995918	trials	electrical	biphasic	90	MOs	superficial	awake	True	True
1805.65247	0.0003999999998995918	trials	electrical	biphasic	90	MOs	superficial	awake	True	True
1809.70403	0.0003999999998995918	trials	electrical	biphasic	90	MOs	superficial	awake	True	True
1893.3797	0.24944000000004962	trials	visual	white circle	n/a	n/a	n/a	awake	False	True
1897.68327	0.24947999999994863	trials	visual	white circle	n/a	n/a	n/a	awake	False	True
1902.00355	0.24945000000002437	trials	visual	white circle	n/a	n/a	n/a	awake	False	True
1906.04025	0.24944000000004962	trials	visual	white circle	n/a	n/a	n/a	awake	False	True
1909.96016	0.24945999999999913	trials	visual	white circle	n/a	n/a	n/a	awake	False	True
1914.16368	0.249449999999797	trials	visual	white circle	n/a	n/a	n/a	awake	False	True
1918.21708	0.24942000000010012	trials	visual	white circle	n/a	n/a	n/a	awake	False	True
1922.53736	0.24944000000004962	trials	visual	white circle	n/a	n/a	n/a	awake	False	True
1926.30716	0.24943999999982225	trials	visual	white circle	n/a	n/a	n/a	awake	False	True
1930.11033	0.24944000000004962	trials	visual	white circle	n/a	n/a	n/a	awake	False	True
1934.38056	0.24944000000004962	trials	visual	white circle	n/a	n/a	n/a	awake	False	True
1939.01776	0.24945000000002437	trials	visual	white circle	n/a	n/a	n/a	awake	False	True
1943.07115	0.24945999999999913	trials	visual	white circle	n/a	n/a	n/a	awake	False	True
1947.54156	0.24944000000004962	trials	visual	white circle	n/a	n/a	n/a	awake	False	True
1952.2455	0.24942000000010012	trials	visual	white circle	n/a	n/a	n/a	awake	False	True
1956.89937	0.249449999999797	trials	visual	white circle	n/a	n/a	n/a	awake	False	True
1960.65251	0.24945999999999913	trials	visual	white circle	n/a	n/a	n/a	awake	False	True
1965.08955	0.24945000000002437	trials	visual	white circle	n/a	n/a	n/a	awake	False	True
1969.05954	0.24944000000004962	trials	visual	white circle	n/a	n/a	n/a	awake	False	True
1973.63002	0.24945000000002437	trials	visual	white circle	n/a	n/a	n/a	awake	False	True
1977.60001	0.24941999999987274	trials	visual	white circle	n/a	n/a	n/a	awake	False	True
1981.56997	0.24945999999999913	trials	visual	white circle	n/a	n/a	n/a	awake	False	True
1985.35649	0.24944000000004962	trials	visual	white circle	n/a	n/a	n/a	awake	True	True
1989.39319	0.24945999999999913	trials	visual	white circle	n/a	n/a	n/a	awake	True	True
1993.17968	0.24945000000002437	trials	visual	white circle	n/a	n/a	n/a	awake	False	True
1997.41656	0.24945999999999913	trials	visual	white circle	n/a	n/a	n/a	awake	True	True
2002.15386	0.24944000000004962	trials	visual	white circle	n/a	n/a	n/a	awake	False	True
2006.02377	0.24944000000004962	trials	visual	white circle	n/a	n/a	n/a	awake	False	True
2010.32736	0.24943000000007487	trials	visual	white circle	n/a	n/a	n/a	awake	False	True
2014.94787	0.24948999999992338	trials	visual	white circle	n/a	n/a	n/a	awake	False	True
2019.63515	0.24945000000002437	trials	visual	white circle	n/a	n/a	n/a	awake	False	True
2023.40497	0.24945000000002437	trials	visual	white circle	n/a	n/a	n/a	awake	False	True
2027.52507	0.249480000000176	trials	visual	white circle	n/a	n/a	n/a	awake	False	True
2032.06218	0.24947000000020125	trials	visual	white circle	n/a	n/a	n/a	awake	False	True
2036.38247	0.24945999999999913	trials	visual	white circle	n/a	n/a	n/a	awake	False	True
2040.26907	0.24944000000004962	trials	visual	white circle	n/a	n/a	n/a	awake	False	True
2044.57265	0.24948999999992338	trials	visual	white circle	n/a	n/a	n/a	awake	False	True
2048.77618	0.24945999999999913	trials	visual	white circle	n/a	n/a	n/a	awake	False	True
2052.5627	0.24945999999999913	trials	visual	white circle	n/a	n/a	n/a	awake	False	True
2056.88297	0.24944000000004962	trials	visual	white circle	n/a	n/a	n/a	awake	False	True
2061.28664	0.24947000000020125	trials	visual	white circle	n/a	n/a	n/a	awake	False	True
2065.92386	0.24945000000025175	trials	visual	white circle	n/a	n/a	n/a	awake	False	True
2069.89387	0.24945000000025175	trials	visual	white circle	n/a	n/a	n/a	awake	False	True
2073.88053	0.24945000000025175	trials	visual	white circle	n/a	n/a	n/a	awake	False	True
2078.03402	0.24942000000010012	trials	visual	white circle	n/a	n/a	n/a	awake	False	True
2082.63787	0.24942000000010012	trials	visual	white circle	n/a	n/a	n/a	awake	False	True
2086.55779	0.24947000000020125	trials	visual	white circle	n/a	n/a	n/a	awake	False	True
2090.57782	0.24944000000004962	trials	visual	white circle	n/a	n/a	n/a	awake	False	True
2095.03156	0.24943000000030224	trials	visual	white circle	n/a	n/a	n/a	awake	False	True
2099.61871	0.24947999999994863	trials	visual	white circle	n/a	n/a	n/a	awake	False	True
2103.92232	0.2494699999997465	trials	visual	white circle	n/a	n/a	n/a	awake	False	True
2108.07581	0.24945000000025175	trials	visual	white circle	n/a	n/a	n/a	awake	False	True
2111.86228	0.24947000000020125	trials	visual	white circle	n/a	n/a	n/a	awake	False	True
2116.38273	0.24949000000015076	trials	visual	white circle	n/a	n/a	n/a	awake	False	True
2120.23599	0.26612999999997555	trials	visual	white circle	n/a	n/a	n/a	awake	False	True
2124.65633	0.24947000000020125	trials	visual	white circle	n/a	n/a	n/a	awake	True	True
2128.69308	0.24942000000010012	trials	visual	white circle	n/a	n/a	n/a	awake	True	True
2132.87989	0.24945999999999913	trials	visual	white circle	n/a	n/a	n/a	awake	True	True
2136.66641	0.24945000000025175	trials	visual	white circle	n/a	n/a	n/a	awake	True	True
2141.07008	0.24945000000025175	trials	visual	white circle	n/a	n/a	n/a	awake	True	True
2145.69062	0.24945000000025175	trials	visual	white circle	n/a	n/a	n/a	awake	True	True
2150.22774	0.24948000000040338	trials	visual	white circle	n/a	n/a	n/a	awake	True	True
2154.71481	0.24947000000020125	trials	visual	white circle	n/a	n/a	n/a	awake	True	True
2158.75154	0.24945999999999913	trials	visual	white circle	n/a	n/a	n/a	awake	True	True
2163.23864	0.249449999999797	trials	visual	white circle	n/a	n/a	n/a	awake	True	True
2167.242	0.2494699999997465	trials	visual	white circle	n/a	n/a	n/a	awake	True	True
2171.47886	0.249449999999797	trials	visual	white circle	n/a	n/a	n/a	awake	False	True
2176.13277	0.24944000000004962	trials	visual	white circle	n/a	n/a	n/a	awake	False	True
2180.4864	0.2661500000003798	trials	visual	white circle	n/a	n/a	n/a	awake	True	True
2184.68991	0.2494699999997465	trials	visual	white circle	n/a	n/a	n/a	awake	False	True
2188.70995	0.24945000000025175	trials	visual	white circle	n/a	n/a	n/a	awake	False	True
2193.18036	0.24945000000025175	trials	visual	white circle	n/a	n/a	n/a	awake	False	True
2197.65078	0.24945999999999913	trials	visual	white circle	n/a	n/a	n/a	awake	False	True
2201.63744	0.24947999999994863	trials	visual	white circle	n/a	n/a	n/a	awake	False	True
2205.50735	0.24945999999999913	trials	visual	white circle	n/a	n/a	n/a	awake	False	True
2209.42731	0.2494299999998475	trials	visual	white circle	n/a	n/a	n/a	awake	False	True
2213.61414	0.24944000000004962	trials	visual	white circle	n/a	n/a	n/a	awake	False	True
2217.61749	0.2494699999997465	trials	visual	white circle	n/a	n/a	n/a	awake	False	True
2221.38731	0.24945999999999913	trials	visual	white circle	n/a	n/a	n/a	awake	False	True
2225.17382	0.24945999999999913	trials	visual	white circle	n/a	n/a	n/a	awake	False	True
2228.99368	0.24945999999999913	trials	visual	white circle	n/a	n/a	n/a	awake	False	True
2233.58086	0.249449999999797	trials	visual	white circle	n/a	n/a	n/a	awake	False	True
2237.36734	0.24948000000040338	trials	visual	white circle	n/a	n/a	n/a	awake	False	True
2241.9879	0.249449999999797	trials	visual	white circle	n/a	n/a	n/a	awake	False	True
2246.07465	0.24944000000004962	trials	visual	white circle	n/a	n/a	n/a	awake	False	True
2250.04463	0.24947000000020125	trials	visual	white circle	n/a	n/a	n/a	awake	False	True
2253.91453	0.24949000000015076	trials	visual	white circle	n/a	n/a	n/a	awake	False	True
2257.81781	0.24945999999999913	trials	visual	white circle	n/a	n/a	n/a	awake	True	True
2262.35495	0.24944000000004962	trials	visual	white circle	n/a	n/a	n/a	awake	True	True
2266.37496	0.2494699999997465	trials	visual	white circle	n/a	n/a	n/a	awake	False	True
2270.36165	0.24945000000025175	trials	visual	white circle	n/a	n/a	n/a	awake	False	True
2274.91547	0.24945000000025175	trials	visual	white circle	n/a	n/a	n/a	awake	False	True
2279.06894	0.24944000000004962	trials	visual	white circle	n/a	n/a	n/a	awake	False	True
2283.70613	0.2661400000001777	trials	visual	white circle	n/a	n/a	n/a	awake	False	True
2287.69281	0.24947999999994863	trials	visual	white circle	n/a	n/a	n/a	awake	False	True
2291.89635	0.249449999999797	trials	visual	white circle	n/a	n/a	n/a	awake	False	True
2296.46682	0.2494699999997465	trials	visual	white circle	n/a	n/a	n/a	awake	True	True
2300.53692	0.24944000000004962	trials	visual	white circle	n/a	n/a	n/a	awake	False	True
2304.49023	0.24945000000025175	trials	visual	white circle	n/a	n/a	n/a	awake	True	True
2308.79384	0.24943000000030224	trials	visual	white circle	n/a	n/a	n/a	awake	True	True
2313.41434	0.24949000000015076	trials	visual	white circle	n/a	n/a	n/a	awake	True	True
2317.40104	0.249449999999797	trials	visual	white circle	n/a	n/a	n/a	awake	True	True
2321.78803	0.249449999999797	trials	visual	white circle	n/a	n/a	n/a	awake	False	True
2326.45859	0.24949999999989814	trials	visual	white circle	n/a	n/a	n/a	awake	False	True
2330.44525	0.26618999999982407	trials	visual	white circle	n/a	n/a	n/a	awake	False	True
2335.04914	0.249449999999797	trials	visual	white circle	n/a	n/a	n/a	awake	False	True
2339.28602	0.249449999999797	trials	visual	white circle	n/a	n/a	n/a	awake	False	True
2343.65634	0.24945999999999913	trials	visual	white circle	n/a	n/a	n/a	awake	False	True
2347.84318	0.24947999999994863	trials	visual	white circle	n/a	n/a	n/a	awake	False	True
2351.62969	0.2494699999997465	trials	visual	white circle	n/a	n/a	n/a	awake	False	True
2355.88325	0.24947000000020125	trials	visual	white circle	n/a	n/a	n/a	awake	False	True
2360.43704	0.24948000000040338	trials	visual	white circle	n/a	n/a	n/a	awake	False	True
2364.69062	0.24945999999999913	trials	visual	white circle	n/a	n/a	n/a	awake	False	True
2368.71064	0.24948000000040338	trials	visual	white circle	n/a	n/a	n/a	awake	False	True
2372.5472	0.24945999999999913	trials	visual	white circle	n/a	n/a	n/a	awake	False	True
2377.18442	0.24945999999999913	trials	visual	white circle	n/a	n/a	n/a	awake	False	True
2381.63816	0.24945999999999913	trials	visual	white circle	n/a	n/a	n/a	awake	False	True
2385.80831	0.24945999999999913	trials	visual	white circle	n/a	n/a	n/a	awake	False	True
2390.26202	0.2494699999997465	trials	visual	white circle	n/a	n/a	n/a	awake	False	True
2394.98266	0.24945999999999913	trials	visual	white circle	n/a	n/a	n/a	awake	True	True
2520.5180180660577	215.15999999999985	epochs								
2735.688018066058	2637.7099999999996	epochs								
3356.09744	0.0003999999998995918	trials	electrical	biphasic	70	MOs	superficial	isoflurane	False	True
3360.00183	0.0003999999998995918	trials	electrical	biphasic	50	MOs	superficial	isoflurane	False	True
3363.6815	0.0003999999998995918	trials	electrical	biphasic	50	MOs	superficial	isoflurane	False	True
3368.15085	0.0003999999998995918	trials	electrical	biphasic	50	MOs	superficial	isoflurane	False	True
3372.05874	0.0003999999998995918	trials	electrical	biphasic	50	MOs	superficial	isoflurane	False	True
3376.40365	0.0003999999998995918	trials	electrical	biphasic	70	MOs	superficial	isoflurane	False	True
3380.5194	0.0003999999998995918	trials	electrical	biphasic	70	MOs	superficial	isoflurane	False	True
3384.39645	0.0003999999998995918	trials	electrical	biphasic	90	MOs	superficial	isoflurane	False	True
3388.77406	0.0003999999998995918	trials	electrical	biphasic	50	MOs	superficial	isoflurane	False	True
3393.05935	0.0003999999998995918	trials	electrical	biphasic	70	MOs	superficial	isoflurane	False	True
3397.02474	0.00040000000035433914	trials	electrical	biphasic	50	MOs	superficial	isoflurane	False	True
3401.33915	0.00040000000035433914	trials	electrical	biphasic	90	MOs	superficial	isoflurane	False	True
3405.73802	0.00040000000035433914	trials	electrical	biphasic	50	MOs	superficial	isoflurane	False	True
3409.66769	0.0003999999998995918	trials	electrical	biphasic	90	MOs	superficial	isoflurane	False	True
3413.50243	0.0003999999998995918	trials	electrical	biphasic	70	MOs	superficial	isoflurane	False	True
3417.5995	0.00040000000035433914	trials	electrical	biphasic	90	MOs	superficial	isoflurane	False	True
3422.00193	0.0003999999998995918	trials	electrical	biphasic	90	MOs	superficial	isoflurane	False	True
3426.20442	0.0003999999998995918	trials	electrical	biphasic	50	MOs	superficial	isoflurane	False	True
3430.08231	0.00040000000035433914	trials	electrical	biphasic	50	MOs	superficial	isoflurane	False	True
3434.3177	0.0003999999998995918	trials	electrical	biphasic	70	MOs	superficial	isoflurane	False	True
3438.77223	0.0003999999998995918	trials	electrical	biphasic	70	MOs	superficial	isoflurane	False	True
3442.81548	0.0003999999998995918	trials	electrical	biphasic	70	MOs	superficial	isoflurane	False	True
3446.85601	0.0003999999998995918	trials	electrical	biphasic	90	MOs	superficial	isoflurane	False	True
3450.66756	0.00040000000035433914	trials	electrical	biphasic	70	MOs	superficial	isoflurane	False	True
3454.23922	0.0003999999998995918	trials	electrical	biphasic	50	MOs	superficial	isoflurane	False	True
3457.92163	0.00040000000035433914	trials	electrical	biphasic	90	MOs	superficial	isoflurane	False	True
3461.51503	0.0003999999998995918	trials	electrical	biphasic	50	MOs	superficial	isoflurane	False	True
3465.47894	0.0003999999998995918	trials	electrical	biphasic	90	MOs	superficial	isoflurane	False	True
3468.98871	0.0003999999998995918	trials	electrical	biphasic	50	MOs	superficial	isoflurane	False	True
3473.40416	0.0003999999998995918	trials	electrical	biphasic	50	MOs	superficial	isoflurane	False	True
3477.54733	0.0003999999998995918	trials	electrical	biphasic	90	MOs	superficial	isoflurane	False	True
3481.04917	0.00040000000035433914	trials	electrical	biphasic	70	MOs	superficial	isoflurane	False	True
3484.57998	0.0003999999998995918	trials	electrical	biphasic	70	MOs	superficial	isoflurane	False	True
3488.28888	0.0003999999998995918	trials	electrical	biphasic	70	MOs	superficial	isoflurane	False	True
3492.24427	0.0003999999998995918	trials	electrical	biphasic	70	MOs	superficial	isoflurane	False	True
3495.87196	0.0003999999998995918	trials	electrical	biphasic	50	MOs	superficial	isoflurane	False	True
3499.38102	0.00040000000035433914	trials	electrical	biphasic	50	MOs	superficial	isoflurane	False	True
3503.60853	0.0003999999998995918	trials	electrical	biphasic	50	MOs	superficial	isoflurane	False	True
3507.46308	0.0003999999998995918	trials	electrical	biphasic	90	MOs	superficial	isoflurane	False	True
3511.74395	0.0003999999998995918	trials	electrical	biphasic	90	MOs	superficial	isoflurane	False	True
3515.68104	0.0003999999998995918	trials	electrical	biphasic	50	MOs	superficial	isoflurane	False	True
3519.61803	0.0003999999998995918	trials	electrical	biphasic	90	MOs	superficial	isoflurane	False	True
3523.16767	0.00040000000035433914	trials	electrical	biphasic	70	MOs	superficial	isoflurane	False	True
3526.71774	0.0003999999998995918	trials	electrical	biphasic	50	MOs	superficial	isoflurane	False	True
3530.30926	0.0003999999998995918	trials	electrical	biphasic	70	MOs	superficial	isoflurane	False	True
3534.40373	0.0003999999998995918	trials	electrical	biphasic	70	MOs	superficial	isoflurane	False	True
3538.14524	0.00040000000035433914	trials	electrical	biphasic	90	MOs	superficial	isoflurane	False	True
3542.48703	0.00040000000035433914	trials	electrical	biphasic	50	MOs	superficial	isoflurane	False	True
3546.84468	0.0003999999998995918	trials	electrical	biphasic	50	MOs	superficial	isoflurane	False	True
3551.30873	0.0003999999998995918	trials	electrical	biphasic	50	MOs	superficial	isoflurane	False	True
3555.29806	0.0003999999998995918	trials	electrical	biphasic	90	MOs	superficial	isoflurane	False	True
3559.01881	0.0003999999998995918	trials	electrical	biphasic	50	MOs	superficial	isoflurane	False	True
3562.74543	0.0003999999998995918	trials	electrical	biphasic	90	MOs	superficial	isoflurane	False	True
3566.78264	0.0003999999998995918	trials	electrical	biphasic	70	MOs	superficial	isoflurane	False	True
3571.04519	0.00040000000035433914	trials	electrical	biphasic	70	MOs	superficial	isoflurane	False	True
3574.89318	0.0003999999998995918	trials	electrical	biphasic	50	MOs	superficial	isoflurane	False	True
3578.85485	0.0003999999998995918	trials	electrical	biphasic	70	MOs	superficial	isoflurane	False	True
3582.99459	0.00040000000035433914	trials	electrical	biphasic	90	MOs	superficial	isoflurane	False	True
3587.41237	0.0003999999998995918	trials	electrical	biphasic	90	MOs	superficial	isoflurane	False	True
3591.07437	0.00040000000035433914	trials	electrical	biphasic	50	MOs	superficial	isoflurane	False	True
3595.29044	0.0003999999998995918	trials	electrical	biphasic	70	MOs	superficial	isoflurane	False	True
3599.36861	0.0003999999998995918	trials	electrical	biphasic	50	MOs	superficial	isoflurane	False	True
3603.30234	0.0003999999998995918	trials	electrical	biphasic	50	MOs	superficial	isoflurane	False	True
3607.68701	0.0003999999998995918	trials	electrical	biphasic	70	MOs	superficial	isoflurane	False	True
3611.5805	0.0003999999998995918	trials	electrical	biphasic	50	MOs	superficial	isoflurane	False	True
3615.2599	0.0003999999998995918	trials	electrical	biphasic	90	MOs	superficial	isoflurane	False	True
3619.39367	0.0003999999998995918	trials	electrical	biphasic	70	MOs	superficial	isoflurane	False	True
3623.5181	0.00040000000035433914	trials	electrical	biphasic	90	MOs	superficial	isoflurane	False	True
3627.34647	0.0003999999998995918	trials	electrical	biphasic	50	MOs	superficial	isoflurane	False	True
3631.64986	0.0003999999998995918	trials	electrical	biphasic	70	MOs	superficial	isoflurane	False	True
3636.14977	0.0003999999998995918	trials	electrical	biphasic	50	MOs	superficial	isoflurane	False	True
3640.63118	0.00040000000035433914	trials	electrical	biphasic	90	MOs	superficial	isoflurane	False	True
3644.25865	0.0003999999998995918	trials	electrical	biphasic	70	MOs	superficial	isoflurane	False	True
3647.99131	0.0003999999998995918	trials	electrical	biphasic	90	MOs	superficial	isoflurane	False	True
3651.51538	0.00040000000035433914	trials	electrical	biphasic	90	MOs	superficial	isoflurane	False	True
3655.62325	0.0003999999998995918	trials	electrical	biphasic	90	MOs	superficial	isoflurane	False	True
3659.23447	0.0003999999998995918	trials	electrical	biphasic	70	MOs	superficial	isoflurane	False	True
3663.14236	0.00040000000035433914	trials	electrical	biphasic	90	MOs	superficial	isoflurane	False	True
3667.52687	0.0003999999998995918	trials	electrical	biphasic	90	MOs	superficial	isoflurane	False	True
3671.57544	0.0003999999998995918	trials	electrical	biphasic	50	MOs	superficial	isoflurane	False	True
3675.44487	0.00040000000035433914	trials	electrical	biphasic	50	MOs	superficial	isoflurane	False	True
3679.15363	0.00040000000035433914	trials	electrical	biphasic	50	MOs	superficial	isoflurane	False	True
3683.095	0.00040000000035433914	trials	electrical	biphasic	70	MOs	superficial	isoflurane	False	True
3687.55163	0.0003999999998995918	trials	electrical	biphasic	50	MOs	superficial	isoflurane	False	True
3691.17608	0.0003999999998995918	trials	electrical	biphasic	70	MOs	superficial	isoflurane	False	True
3695.14727	0.0003999999998995918	trials	electrical	biphasic	90	MOs	superficial	isoflurane	False	True
3699.5046	0.0003999999998995918	trials	electrical	biphasic	70	MOs	superficial	isoflurane	False	True
3703.04842	0.0003999999998995918	trials	electrical	biphasic	70	MOs	superficial	isoflurane	False	True
3707.24047	0.0003999999998995918	trials	electrical	biphasic	50	MOs	superficial	isoflurane	False	True
3711.71988	0.0003999999998995918	trials	electrical	biphasic	70	MOs	superficial	isoflurane	False	True
3715.50357	0.00040000000035433914	trials	electrical	biphasic	70	MOs	superficial	isoflurane	False	True
3719.13778	0.0003999999998995918	trials	electrical	biphasic	50	MOs	superficial	isoflurane	False	True
3723.32348	0.0003999999998995918	trials	electrical	biphasic	70	MOs	superficial	isoflurane	False	True
3727.73338	0.0003999999998995918	trials	electrical	biphasic	90	MOs	superficial	isoflurane	False	True
3731.84466	0.0003999999998995918	trials	electrical	biphasic	70	MOs	superficial	isoflurane	False	True
3736.24508	0.0003999999998995918	trials	electrical	biphasic	90	MOs	superficial	isoflurane	False	True
3739.93894	0.0003999999998995918	trials	electrical	biphasic	50	MOs	superficial	isoflurane	False	True
3744.19379	0.00040000000035433914	trials	electrical	biphasic	50	MOs	superficial	isoflurane	False	True
3748.04048	0.0003999999998995918	trials	electrical	biphasic	90	MOs	superficial	isoflurane	False	True
3751.95953	0.0003999999998995918	trials	electrical	biphasic	50	MOs	superficial	isoflurane	False	True
3755.61567	0.0003999999998995918	trials	electrical	biphasic	50	MOs	superficial	isoflurane	False	True
3759.9351	0.0003999999998995918	trials	electrical	biphasic	90	MOs	superficial	isoflurane	False	True
3764.06045	0.0003999999998995918	trials	electrical	biphasic	50	MOs	superficial	isoflurane	False	True
3768.29944	0.00040000000035433914	trials	electrical	biphasic	70	MOs	superficial	isoflurane	False	True
3772.60499	0.00040000000035433914	trials	electrical	biphasic	70	MOs	superficial	isoflurane	False	True
3776.17264	0.00040000000035433914	trials	electrical	biphasic	90	MOs	superficial	isoflurane	False	True
3780.62387	0.0003999999998995918	trials	electrical	biphasic	70	MOs	superficial	isoflurane	False	True
3784.62188	0.0003999999998995918	trials	electrical	biphasic	70	MOs	superficial	isoflurane	False	True
3788.87744	0.00040999999964697054	trials	electrical	biphasic	70	MOs	superficial	isoflurane	False	True
3793.12027	0.0003999999998995918	trials	electrical	biphasic	90	MOs	superficial	isoflurane	False	True
3797.45185	0.0003999999998995918	trials	electrical	biphasic	70	MOs	superficial	isoflurane	False	True
3801.10877	0.00040000000035433914	trials	electrical	biphasic	90	MOs	superficial	isoflurane	False	True
3805.0665	0.0003999999998995918	trials	electrical	biphasic	50	MOs	superficial	isoflurane	False	True
3809.18503	0.0003999999998995918	trials	electrical	biphasic	50	MOs	superficial	isoflurane	False	True
3813.61764	0.0003999999998995918	trials	electrical	biphasic	90	MOs	superficial	isoflurane	False	True
3817.95315	0.00040000000035433914	trials	electrical	biphasic	90	MOs	superficial	isoflurane	False	True
3822.349	0.0003999999998995918	trials	electrical	biphasic	90	MOs	superficial	isoflurane	False	True
3826.43195	0.0003999999998995918	trials	electrical	biphasic	70	MOs	superficial	isoflurane	False	True
3830.51512	0.0003999999998995918	trials	electrical	biphasic	70	MOs	superficial	isoflurane	False	True
3834.87047	0.00040000000035433914	trials	electrical	biphasic	50	MOs	superficial	isoflurane	False	True
3838.40575	0.0003999999998995918	trials	electrical	biphasic	90	MOs	superficial	isoflurane	False	True
3842.7916	0.0003999999998995918	trials	electrical	biphasic	70	MOs	superficial	isoflurane	False	True
3846.69977	0.0003999999998995918	trials	electrical	biphasic	70	MOs	superficial	isoflurane	False	True
3850.23657	0.0003999999998995918	trials	electrical	biphasic	90	MOs	superficial	isoflurane	False	True
3854.48314	0.00040000000035433914	trials	electrical	biphasic	90	MOs	superficial	isoflurane	False	True
3858.13839	0.0003999999998995918	trials	electrical	biphasic	50	MOs	superficial	isoflurane	False	True
3861.78272	0.0003999999998995918	trials	electrical	biphasic	50	MOs	superficial	isoflurane	False	True
3865.8891	0.00040000000035433914	trials	electrical	biphasic	70	MOs	superficial	isoflurane	False	True
3869.64401	0.0003999999998995918	trials	electrical	biphasic	70	MOs	superficial	isoflurane	False	True
3873.4686	0.0003999999998995918	trials	electrical	biphasic	90	MOs	superficial	isoflurane	False	True
3877.37082	0.0003999999998995918	trials	electrical	biphasic	70	MOs	superficial	isoflurane	False	True
3881.27763	0.0003999999998995918	trials	electrical	biphasic	50	MOs	superficial	isoflurane	False	True
3885.16426	0.0003999999998995918	trials	electrical	biphasic	90	MOs	superficial	isoflurane	False	True
3889.27449	0.00040000000035433914	trials	electrical	biphasic	50	MOs	superficial	isoflurane	False	True
3892.94181	0.00040000000035433914	trials	electrical	biphasic	90	MOs	superficial	isoflurane	False	True
3896.63034	0.0003999999998995918	trials	electrical	biphasic	50	MOs	superficial	isoflurane	False	True
3900.22538	0.00040000000035433914	trials	electrical	biphasic	70	MOs	superficial	isoflurane	False	True
3904.04899	0.00040000000035433914	trials	electrical	biphasic	70	MOs	superficial	isoflurane	False	True
3908.31902	0.0003999999998995918	trials	electrical	biphasic	50	MOs	superficial	isoflurane	False	True
3912.05357	0.0003999999998995918	trials	electrical	biphasic	90	MOs	superficial	isoflurane	False	True
3916.29436	0.00040000000035433914	trials	electrical	biphasic	50	MOs	superficial	isoflurane	False	True
3920.48761	0.0003999999998995918	trials	electrical	biphasic	70	MOs	superficial	isoflurane	False	True
3924.81212	0.0003999999998995918	trials	electrical	biphasic	70	MOs	superficial	isoflurane	False	True
3929.14053	0.0003999999998995918	trials	electrical	biphasic	90	MOs	superficial	isoflurane	False	True
3932.93431	0.0003999999998995918	trials	electrical	biphasic	50	MOs	superficial	isoflurane	False	True
3936.7441	0.0003999999998995918	trials	electrical	biphasic	90	MOs	superficial	isoflurane	False	True
3940.76757	0.0003999999998995918	trials	electrical	biphasic	70	MOs	superficial	isoflurane	False	True
3944.59329	0.00040000000035433914	trials	electrical	biphasic	50	MOs	superficial	isoflurane	False	True
3948.92556	0.0003999999998995918	trials	electrical	biphasic	50	MOs	superficial	isoflurane	False	True
3953.23629	0.00040000000035433914	trials	electrical	biphasic	90	MOs	superficial	isoflurane	False	True
3957.29372	0.0003999999998995918	trials	electrical	biphasic	50	MOs	superficial	isoflurane	False	True
3961.05711	0.0003999999998995918	trials	electrical	biphasic	70	MOs	superficial	isoflurane	False	True
3965.2381	0.0003999999998995918	trials	electrical	biphasic	70	MOs	superficial	isoflurane	False	True
3968.97218	0.0003999999998995918	trials	electrical	biphasic	50	MOs	superficial	isoflurane	False	True
3972.92903	0.00040000000035433914	trials	electrical	biphasic	90	MOs	superficial	isoflurane	False	True
3976.81402	0.00040000000035433914	trials	electrical	biphasic	90	MOs	superficial	isoflurane	False	True
3980.85305	0.0003999999998995918	trials	electrical	biphasic	50	MOs	superficial	isoflurane	False	True
3985.34518	0.00040000000035433914	trials	electrical	biphasic	50	MOs	superficial	isoflurane	False	True
3989.60083	0.00040000000035433914	trials	electrical	biphasic	50	MOs	superficial	isoflurane	False	True
3994.08172	0.0003999999998995918	trials	electrical	biphasic	70	MOs	superficial	isoflurane	False	True
3997.81692	0.0003999999998995918	trials	electrical	biphasic	90	MOs	superficial	isoflurane	False	True
4001.84591	0.0003999999998995918	trials	electrical	biphasic	90	MOs	superficial	isoflurane	False	True
4005.39778	0.00040000000035433914	trials	electrical	biphasic	70	MOs	superficial	isoflurane	False	True
4009.65509	0.0003999999998995918	trials	electrical	biphasic	50	MOs	superficial	isoflurane	False	True
4013.7575	0.0003999999998995918	trials	electrical	biphasic	50	MOs	superficial	isoflurane	False	True
4018.11509	0.00040000000035433914	trials	electrical	biphasic	70	MOs	superficial	isoflurane	False	True
4022.6038	0.00040000000035433914	trials	electrical	biphasic	50	MOs	superficial	isoflurane	False	True
4027.03371	0.0003999999998995918	trials	electrical	biphasic	50	MOs	superficial	isoflurane	False	True
4030.94365	0.0003999999998995918	trials	electrical	biphasic	90	MOs	superficial	isoflurane	False	True
4034.44442	0.00040000000035433914	trials	electrical	biphasic	50	MOs	superficial	isoflurane	False	True
4038.48573	0.0003999999998995918	trials	electrical	biphasic	70	MOs	superficial	isoflurane	False	True
4042.19389	0.0003999999998995918	trials	electrical	biphasic	70	MOs	superficial	isoflurane	False	True
4045.9136	0.00040000000035433914	trials	electrical	biphasic	90	MOs	superficial	isoflurane	False	True
4049.73983	0.0003999999998995918	trials	electrical	biphasic	50	MOs	superficial	isoflurane	False	True
4053.33619	0.0003999999998995918	trials	electrical	biphasic	90	MOs	superficial	isoflurane	False	True
4057.58416	0.0003999999998995918	trials	electrical	biphasic	90	MOs	superficial	isoflurane	False	True
4061.83309	0.0003999999998995918	trials	electrical	biphasic	90	MOs	superficial	isoflurane	False	True
4065.87682	0.0003999999998995918	trials	electrical	biphasic	90	MOs	superficial	isoflurane	False	True
4069.71538	0.0003999999998995918	trials	electrical	biphasic	90	MOs	superficial	isoflurane	False	True
4074.04815	0.0003999999998995918	trials	electrical	biphasic	50	MOs	superficial	isoflurane	False	True
4078.10116	0.0003999999998995918	trials	electrical	biphasic	50	MOs	superficial	isoflurane	False	True
4082.55913	0.0003999999998995918	trials	electrical	biphasic	70	MOs	superficial	isoflurane	False	True
4086.9524	0.0003999999998995918	trials	electrical	biphasic	90	MOs	superficial	isoflurane	False	True
4090.80933	0.0003999999998995918	trials	electrical	biphasic	90	MOs	superficial	isoflurane	False	True
4094.85616	0.00040000000035433914	trials	electrical	biphasic	70	MOs	superficial	isoflurane	False	True
4098.70326	0.0003999999998995918	trials	electrical	biphasic	70	MOs	superficial	isoflurane	False	True
4102.82649	0.0003999999998995918	trials	electrical	biphasic	50	MOs	superficial	isoflurane	False	True
4107.12354	0.0004000000008090865	trials	electrical	biphasic	70	MOs	superficial	isoflurane	False	True
4111.36985	0.0003999999998995918	trials	electrical	biphasic	50	MOs	superficial	isoflurane	False	True
4114.99582	0.0003999999998995918	trials	electrical	biphasic	70	MOs	superficial	isoflurane	False	True
4119.31865	0.0003999999998995918	trials	electrical	biphasic	50	MOs	superficial	isoflurane	False	True
4122.84423	0.0003999999998995918	trials	electrical	biphasic	50	MOs	superficial	isoflurane	False	True
4126.75908	0.0003999999998995918	trials	electrical	biphasic	90	MOs	superficial	isoflurane	False	True
4130.99091	0.0003999999998995918	trials	electrical	biphasic	50	MOs	superficial	isoflurane	False	True
4135.27272	0.0003999999998995918	trials	electrical	biphasic	50	MOs	superficial	isoflurane	False	True
4139.14042	0.0003999999998995918	trials	electrical	biphasic	90	MOs	superficial	isoflurane	False	True
4143.38571	0.0004000000008090865	trials	electrical	biphasic	70	MOs	superficial	isoflurane	False	True
4147.7784	0.0003999999998995918	trials	electrical	biphasic	90	MOs	superficial	isoflurane	False	True
4151.52143	0.0003999999998995918	trials	electrical	biphasic	70	MOs	superficial	isoflurane	False	True
4155.15145	0.00040999999964697054	trials	electrical	biphasic	90	MOs	superficial	isoflurane	False	True
4158.87694	0.0003999999998995918	trials	electrical	biphasic	50	MOs	superficial	isoflurane	False	True
4162.72739	0.0003999999998995918	trials	electrical	biphasic	50	MOs	superficial	isoflurane	False	True
4166.51489	0.0003999999998995918	trials	electrical	biphasic	90	MOs	superficial	isoflurane	False	True
4170.9428	0.0003999999998995918	trials	electrical	biphasic	90	MOs	superficial	isoflurane	False	True
4174.49455	0.0003999999998995918	trials	electrical	biphasic	90	MOs	superficial	isoflurane	False	True
4178.58764	0.0003999999998995918	trials	electrical	biphasic	70	MOs	superficial	isoflurane	False	True
4182.25096	0.0003999999998995918	trials	electrical	biphasic	70	MOs	superficial	isoflurane	False	True
4186.58979	0.0003999999998995918	trials	electrical	biphasic	90	MOs	superficial	isoflurane	False	True
4190.25778	0.0003999999998995918	trials	electrical	biphasic	50	MOs	superficial	isoflurane	False	True
4194.2604	0.0003999999998995918	trials	electrical	biphasic	70	MOs	superficial	isoflurane	False	True
4198.76016	0.0003999999998995918	trials	electrical	biphasic	50	MOs	superficial	isoflurane	False	True
4202.61598	0.0004000000008090865	trials	electrical	biphasic	70	MOs	superficial	isoflurane	False	True
4206.16349	0.0003999999998995918	trials	electrical	biphasic	90	MOs	superficial	isoflurane	False	True
4209.87757	0.0003999999998995918	trials	electrical	biphasic	90	MOs	superficial	isoflurane	False	True
4213.77584	0.0003999999998995918	trials	electrical	biphasic	50	MOs	superficial	isoflurane	False	True
4217.60993	0.0004000000008090865	trials	electrical	biphasic	70	MOs	superficial	isoflurane	False	True
4221.33995	0.0004000000008090865	trials	electrical	biphasic	90	MOs	superficial	isoflurane	False	True
4225.7765	0.0003999999998995918	trials	electrical	biphasic	70	MOs	superficial	isoflurane	False	True
4229.96011	0.0003999999998995918	trials	electrical	biphasic	70	MOs	superficial	isoflurane	False	True
4234.42266	0.0003999999998995918	trials	electrical	biphasic	70	MOs	superficial	isoflurane	False	True
4238.36107	0.0003999999998995918	trials	electrical	biphasic	50	MOs	superficial	isoflurane	False	True
4242.80184	0.0003999999998995918	trials	electrical	biphasic	90	MOs	superficial	isoflurane	False	True
4246.3081	0.0003999999998995918	trials	electrical	biphasic	70	MOs	superficial	isoflurane	False	True
4250.41883	0.0004000000008090865	trials	electrical	biphasic	70	MOs	superficial	isoflurane	False	True
4254.72034	0.0003999999998995918	trials	electrical	biphasic	90	MOs	superficial	isoflurane	False	True
4258.45375	0.0003999999998995918	trials	electrical	biphasic	90	MOs	superficial	isoflurane	False	True
4262.88664	0.0003999999998995918	trials	electrical	biphasic	50	MOs	superficial	isoflurane	False	True
4267.15033	0.0003999999998995918	trials	electrical	biphasic	90	MOs	superficial	isoflurane	False	True
4271.47722	0.0003999999998995918	trials	electrical	biphasic	50	MOs	superficial	isoflurane	False	True
4275.5511	0.0003999999998995918	trials	electrical	biphasic	90	MOs	superficial	isoflurane	False	True
4279.84411	0.0003999999998995918	trials	electrical	biphasic	50	MOs	superficial	isoflurane	False	True
4283.67358	0.0003999999998995918	trials	electrical	biphasic	70	MOs	superficial	isoflurane	False	True
4287.39747	0.0003999999998995918	trials	electrical	biphasic	50	MOs	superficial	isoflurane	False	True
4291.21027	0.0004000000008090865	trials	electrical	biphasic	50	MOs	superficial	isoflurane	False	True
4295.29522	0.0003999999998995918	trials	electrical	biphasic	70	MOs	superficial	isoflurane	False	True
4299.62557	0.0003999999998995918	trials	electrical	biphasic	50	MOs	superficial	isoflurane	False	True
4303.41646	0.0003999999998995918	trials	electrical	biphasic	70	MOs	superficial	isoflurane	False	True
4307.31944	0.0003999999998995918	trials	electrical	biphasic	50	MOs	superficial	isoflurane	False	True
4311.68193	0.0003999999998995918	trials	electrical	biphasic	70	MOs	superficial	isoflurane	False	True
4315.7971	0.0003999999998995918	trials	electrical	biphasic	70	MOs	superficial	isoflurane	False	True
4320.28871	0.0003999999998995918	trials	electrical	biphasic	90	MOs	superficial	isoflurane	False	True
4323.99284	0.0003999999998995918	trials	electrical	biphasic	70	MOs	superficial	isoflurane	False	True
4328.32047	0.0003999999998995918	trials	electrical	biphasic	50	MOs	superficial	isoflurane	False	True
4332.49676	0.0003999999998995918	trials	electrical	biphasic	70	MOs	superficial	isoflurane	False	True
4336.24612	0.0003999999998995918	trials	electrical	biphasic	70	MOs	superficial	isoflurane	False	True
4340.22233	0.0004000000008090865	trials	electrical	biphasic	90	MOs	superficial	isoflurane	False	True
4344.12184	0.0003999999998995918	trials	electrical	biphasic	50	MOs	superficial	isoflurane	False	True
4348.2217	0.0003999999998995918	trials	electrical	biphasic	50	MOs	superficial	isoflurane	False	True
4352.52265	0.0003999999998995918	trials	electrical	biphasic	90	MOs	superficial	isoflurane	False	True
4356.12814	0.0003999999998995918	trials	electrical	biphasic	50	MOs	superficial	isoflurane	False	True
4360.45001	0.0004000000008090865	trials	electrical	biphasic	70	MOs	superficial	isoflurane	False	True
4364.79152	0.0003999999998995918	trials	electrical	biphasic	90	MOs	superficial	isoflurane	False	True
4368.64644	0.0003999999998995918	trials	electrical	biphasic	70	MOs	superficial	isoflurane	False	True
4372.57693	0.0003999999998995918	trials	electrical	biphasic	90	MOs	superficial	isoflurane	False	True
4376.6496	0.0003999999998995918	trials	electrical	biphasic	90	MOs	superficial	isoflurane	False	True
4380.85085	0.0003999999998995918	trials	electrical	biphasic	50	MOs	superficial	isoflurane	False	True
4385.09376	0.0003999999998995918	trials	electrical	biphasic	50	MOs	superficial	isoflurane	False	True
4389.35207	0.0003999999998995918	trials	electrical	biphasic	70	MOs	superficial	isoflurane	False	True
4393.24161	0.0003999999998995918	trials	electrical	biphasic	70	MOs	superficial	isoflurane	False	True
4397.17134	0.0003999999998995918	trials	electrical	biphasic	70	MOs	superficial	isoflurane	False	True
4401.62811	0.0003999999998995918	trials	electrical	biphasic	70	MOs	superficial	isoflurane	False	True
4405.70152	0.0004000000008090865	trials	electrical	biphasic	90	MOs	superficial	isoflurane	False	True
4410.05167	0.0003999999998995918	trials	electrical	biphasic	50	MOs	superficial	isoflurane	False	True
4413.82843	0.0004000000008090865	trials	electrical	biphasic	50	MOs	superficial	isoflurane	False	True
4417.95118	0.0003999999998995918	trials	electrical	biphasic	90	MOs	superficial	isoflurane	False	True
4422.03997	0.0003999999998995918	trials	electrical	biphasic	90	MOs	superficial	isoflurane	False	True
4426.50386	0.0003999999998995918	trials	electrical	biphasic	90	MOs	superficial	isoflurane	False	True
4430.09018	0.0003999999998995918	trials	electrical	biphasic	50	MOs	superficial	isoflurane	False	True
4434.09111	0.0003999999998995918	trials	electrical	biphasic	70	MOs	superficial	isoflurane	False	True
4438.11314	0.0003999999998995918	trials	electrical	biphasic	70	MOs	superficial	isoflurane	False	True
4441.70372	0.0003999999998995918	trials	electrical	biphasic	70	MOs	superficial	isoflurane	False	True
4446.10881	0.0003999999998995918	trials	electrical	biphasic	70	MOs	superficial	isoflurane	False	True
4450.49362	0.0003999999998995918	trials	electrical	biphasic	70	MOs	superficial	isoflurane	False	True
4454.43305	0.0004000000008090865	trials	electrical	biphasic	90	MOs	superficial	isoflurane	False	True
4458.7152	0.0004000000008090865	trials	electrical	biphasic	70	MOs	superficial	isoflurane	False	True
4462.36408	0.0003999999998995918	trials	electrical	biphasic	70	MOs	superficial	isoflurane	False	True
4466.48433	0.0003999999998995918	trials	electrical	biphasic	90	MOs	superficial	isoflurane	False	True
4470.24538	0.0003999999998995918	trials	electrical	biphasic	90	MOs	superficial	isoflurane	False	True
4474.19147	0.0003999999998995918	trials	electrical	biphasic	90	MOs	superficial	isoflurane	False	True
4478.5359	0.0003999999998995918	trials	electrical	biphasic	90	MOs	superficial	isoflurane	False	True
4482.23252	0.0004000000008090865	trials	electrical	biphasic	70	MOs	superficial	isoflurane	False	True
4486.03681	0.0004000000008090865	trials	electrical	biphasic	70	MOs	superficial	isoflurane	False	True
4490.02053	0.0003999999998995918	trials	electrical	biphasic	50	MOs	superficial	isoflurane	False	True
4493.85878	0.0004000000008090865	trials	electrical	biphasic	50	MOs	superficial	isoflurane	False	True
4498.15769	0.0003999999998995918	trials	electrical	biphasic	90	MOs	superficial	isoflurane	False	True
4502.6456	0.0003999999998995918	trials	electrical	biphasic	50	MOs	superficial	isoflurane	False	True
4506.30506	0.0003999999998995918	trials	electrical	biphasic	50	MOs	superficial	isoflurane	False	True
4510.04237	0.0003999999998995918	trials	electrical	biphasic	90	MOs	superficial	isoflurane	False	True
4514.24504	0.0003999999998995918	trials	electrical	biphasic	50	MOs	superficial	isoflurane	False	True
4518.12094	0.00041000000055646524	trials	electrical	biphasic	70	MOs	superficial	isoflurane	False	True
4522.59508	0.0003999999998995918	trials	electrical	biphasic	90	MOs	superficial	isoflurane	False	True
4527.06781	0.0004000000008090865	trials	electrical	biphasic	70	MOs	superficial	isoflurane	False	True
4531.21193	0.0003999999998995918	trials	electrical	biphasic	90	MOs	superficial	isoflurane	False	True
4535.57246	0.0003999999998995918	trials	electrical	biphasic	90	MOs	superficial	isoflurane	False	True
4539.47477	0.0003999999998995918	trials	electrical	biphasic	90	MOs	superficial	isoflurane	False	True
4543.60714	0.0003999999998995918	trials	electrical	biphasic	90	MOs	superficial	isoflurane	False	True
4548.09281	0.0003999999998995918	trials	electrical	biphasic	70	MOs	superficial	isoflurane	False	True
4552.15272	0.0003999999998995918	trials	electrical	biphasic	70	MOs	superficial	isoflurane	False	True
4556.58675	0.0003999999998995918	trials	electrical	biphasic	90	MOs	superficial	isoflurane	False	True
4560.80752	0.0003999999998995918	trials	electrical	biphasic	90	MOs	superficial	isoflurane	False	True
4564.79198	0.0003999999998995918	trials	electrical	biphasic	70	MOs	superficial	isoflurane	False	True
4568.93145	0.0003999999998995918	trials	electrical	biphasic	50	MOs	superficial	isoflurane	False	True
4573.31952	0.0003999999998995918	trials	electrical	biphasic	50	MOs	superficial	isoflurane	False	True
4577.01869	0.0003999999998995918	trials	electrical	biphasic	70	MOs	superficial	isoflurane	False	True
4580.91447	0.0003999999998995918	trials	electrical	biphasic	70	MOs	superficial	isoflurane	False	True
4585.40708	0.0003999999998995918	trials	electrical	biphasic	90	MOs	superficial	isoflurane	False	True
4589.30987	0.0003999999998995918	trials	electrical	biphasic	50	MOs	superficial	isoflurane	False	True
4593.46916	0.0003999999998995918	trials	electrical	biphasic	70	MOs	superficial	isoflurane	False	True
4597.87093	0.0003999999998995918	trials	electrical	biphasic	50	MOs	superficial	isoflurane	False	True
4602.36674	0.0003999999998995918	trials	electrical	biphasic	90	MOs	superficial	isoflurane	False	True
4606.52033	0.0003999999998995918	trials	electrical	biphasic	50	MOs	superficial	isoflurane	False	True
4610.12919	0.0003999999998995918	trials	electrical	biphasic	90	MOs	superficial	isoflurane	False	True
4613.66574	0.0003999999998995918	trials	electrical	biphasic	50	MOs	superficial	isoflurane	False	True
4617.78426	0.0003999999998995918	trials	electrical	biphasic	70	MOs	superficial	isoflurane	False	True
4621.85183	0.0004000000008090865	trials	electrical	biphasic	70	MOs	superficial	isoflurane	False	True
4626.31422	0.0003999999998995918	trials	electrical	biphasic	50	MOs	superficial	isoflurane	False	True
4630.56075	0.0004000000008090865	trials	electrical	biphasic	50	MOs	superficial	isoflurane	False	True
4634.7237	0.0004000000008090865	trials	electrical	biphasic	90	MOs	superficial	isoflurane	False	True
4638.74745	0.0003999999998995918	trials	electrical	biphasic	90	MOs	superficial	isoflurane	False	True
4642.50777	0.0003999999998995918	trials	electrical	biphasic	50	MOs	superficial	isoflurane	False	True
4646.9702	0.0003999999998995918	trials	electrical	biphasic	50	MOs	superficial	isoflurane	False	True
4651.01083	0.0003999999998995918	trials	electrical	biphasic	90	MOs	superficial	isoflurane	False	True
4654.54153	0.0003999999998995918	trials	electrical	biphasic	50	MOs	superficial	isoflurane	False	True
4658.73828	0.0004000000008090865	trials	electrical	biphasic	70	MOs	superficial	isoflurane	False	True
4662.75843	0.0003999999998995918	trials	electrical	biphasic	50	MOs	superficial	isoflurane	False	True
4666.31789	0.0003999999998995918	trials	electrical	biphasic	90	MOs	superficial	isoflurane	False	True
4670.70836	0.0004000000008090865	trials	electrical	biphasic	50	MOs	superficial	isoflurane	False	True
4674.53899	0.0003999999998995918	trials	electrical	biphasic	90	MOs	superficial	isoflurane	False	True
4678.26911	0.0003999999998995918	trials	electrical	biphasic	50	MOs	superficial	isoflurane	False	True
4681.88348	0.0003999999998995918	trials	electrical	biphasic	70	MOs	superficial	isoflurane	False	True
4685.69482	0.0003999999998995918	trials	electrical	biphasic	90	MOs	superficial	isoflurane	False	True
4689.42369	0.0004000000008090865	trials	electrical	biphasic	50	MOs	superficial	isoflurane	False	True
4693.57612	0.0003999999998995918	trials	electrical	biphasic	70	MOs	superficial	isoflurane	False	True
4697.1427	0.0003999999998995918	trials	electrical	biphasic	90	MOs	superficial	isoflurane	False	True
4700.91857	0.0003999999998995918	trials	electrical	biphasic	70	MOs	superficial	isoflurane	False	True
4704.70081	0.0003999999998995918	trials	electrical	biphasic	50	MOs	superficial	isoflurane	False	True
4709.0813	0.0003999999998995918	trials	electrical	biphasic	50	MOs	superficial	isoflurane	False	True
4713.02607	0.0003999999998995918	trials	electrical	biphasic	50	MOs	superficial	isoflurane	False	True
4717.28242	0.0004000000008090865	trials	electrical	biphasic	70	MOs	superficial	isoflurane	False	True
4721.38615	0.0003999999998995918	trials	electrical	biphasic	90	MOs	superficial	isoflurane	False	True
4725.66984	0.0004000000008090865	trials	electrical	biphasic	90	MOs	superficial	isoflurane	False	True
4729.2842	0.0003999999998995918	trials	electrical	biphasic	50	MOs	superficial	isoflurane	False	True
4733.76319	0.0003999999998995918	trials	electrical	biphasic	70	MOs	superficial	isoflurane	False	True
4738.11222	0.0003999999998995918	trials	electrical	biphasic	70	MOs	superficial	isoflurane	False	True
4741.66328	0.0003999999998995918	trials	electrical	biphasic	50	MOs	superficial	isoflurane	False	True
4745.62991	0.0003999999998995918	trials	electrical	biphasic	70	MOs	superficial	isoflurane	False	True
4749.456	0.0003999999998995918	trials	electrical	biphasic	90	MOs	superficial	isoflurane	False	True
4753.58663	0.0003999999998995918	trials	electrical	biphasic	90	MOs	superficial	isoflurane	False	True
4757.31735	0.0003999999998995918	trials	electrical	biphasic	90	MOs	superficial	isoflurane	False	True
4761.39766	0.0004000000008090865	trials	electrical	biphasic	70	MOs	superficial	isoflurane	False	True
4765.50125	0.0003999999998995918	trials	electrical	biphasic	70	MOs	superficial	isoflurane	False	True
4769.60155	0.0003999999998995918	trials	electrical	biphasic	90	MOs	superficial	isoflurane	False	True
4773.5504	0.0003999999998995918	trials	electrical	biphasic	90	MOs	superficial	isoflurane	False	True
4777.08624	0.0004000000008090865	trials	electrical	biphasic	70	MOs	superficial	isoflurane	False	True
4781.10049	0.0003999999998995918	trials	electrical	biphasic	50	MOs	superficial	isoflurane	False	True
4785.00866	0.0003999999998995918	trials	electrical	biphasic	70	MOs	superficial	isoflurane	False	True
4788.61712	0.0003999999998995918	trials	electrical	biphasic	90	MOs	superficial	isoflurane	False	True
4792.57743	0.0003999999998995918	trials	electrical	biphasic	90	MOs	superficial	isoflurane	False	True
4796.52874	0.0003999999998995918	trials	electrical	biphasic	90	MOs	superficial	isoflurane	False	True
4800.5803	0.0004000000008090865	trials	electrical	biphasic	90	MOs	superficial	isoflurane	False	True
4835.00612	0.24927999999999884	trials	visual	white circle	n/a	n/a	n/a	isoflurane	False	True
4839.30972	0.24928999999974621	trials	visual	white circle	n/a	n/a	n/a	isoflurane	False	True
4843.63002	0.24926000000050408	trials	visual	white circle	n/a	n/a	n/a	isoflurane	False	True
4847.6667	0.2492900000006557	trials	visual	white circle	n/a	n/a	n/a	isoflurane	False	True
4851.58666	0.24928999999974621	trials	visual	white circle	n/a	n/a	n/a	isoflurane	False	True
4855.79017	0.2492999999994936	trials	visual	white circle	n/a	n/a	n/a	isoflurane	False	True
4859.84354	0.24927999999999884	trials	visual	white circle	n/a	n/a	n/a	isoflurane	False	True
4864.16384	0.24928999999974621	trials	visual	white circle	n/a	n/a	n/a	isoflurane	False	True
4867.93365	0.24931000000015047	trials	visual	white circle	n/a	n/a	n/a	isoflurane	False	True
4871.72016	0.2659800000001269	trials	visual	white circle	n/a	n/a	n/a	isoflurane	False	True
4876.00708	0.2492999999994936	trials	visual	white circle	n/a	n/a	n/a	isoflurane	False	True
4880.64429	0.24928999999974621	trials	visual	white circle	n/a	n/a	n/a	isoflurane	False	True
4884.69769	0.24927999999999884	trials	visual	white circle	n/a	n/a	n/a	isoflurane	False	True
4889.16808	0.2492999999994936	trials	visual	white circle	n/a	n/a	n/a	isoflurane	False	True
4893.87201	0.24928999999974621	trials	visual	white circle	n/a	n/a	n/a	isoflurane	False	True
4898.52592	0.24927000000025146	trials	visual	white circle	n/a	n/a	n/a	isoflurane	False	True
4902.27904	0.24928999999974621	trials	visual	white circle	n/a	n/a	n/a	isoflurane	False	True
4906.71608	0.24928999999974621	trials	visual	white circle	n/a	n/a	n/a	isoflurane	False	True
4910.68605	0.24928999999974621	trials	visual	white circle	n/a	n/a	n/a	isoflurane	False	True
4915.25655	0.24927999999999884	trials	visual	white circle	n/a	n/a	n/a	isoflurane	False	True
4919.22652	0.24927000000025146	trials	visual	white circle	n/a	n/a	n/a	isoflurane	False	True
4923.1965	0.24928999999974621	trials	visual	white circle	n/a	n/a	n/a	isoflurane	False	True
4926.98296	0.2492999999994936	trials	visual	white circle	n/a	n/a	n/a	isoflurane	False	True
4931.01968	0.2492999999994936	trials	visual	white circle	n/a	n/a	n/a	isoflurane	False	True
4934.80619	0.24926999999934196	trials	visual	white circle	n/a	n/a	n/a	isoflurane	False	True
4939.04305	0.24931000000015047	trials	visual	white circle	n/a	n/a	n/a	isoflurane	False	True
4943.78035	0.2493000000004031	trials	visual	white circle	n/a	n/a	n/a	isoflurane	False	True
4947.65025	0.2492900000006557	trials	visual	white circle	n/a	n/a	n/a	isoflurane	False	True
4951.97051	0.2492999999994936	trials	visual	white circle	n/a	n/a	n/a	isoflurane	False	True
4956.57436	0.2492900000006557	trials	visual	white circle	n/a	n/a	n/a	isoflurane	False	True
4961.26162	0.24927999999999884	trials	visual	white circle	n/a	n/a	n/a	isoflurane	False	True
4965.03143	0.24927999999999884	trials	visual	white circle	n/a	n/a	n/a	isoflurane	False	True
4969.15153	0.2492999999994936	trials	visual	white circle	n/a	n/a	n/a	isoflurane	False	True
4973.68865	0.24931999999989785	trials	visual	white circle	n/a	n/a	n/a	isoflurane	False	True
4978.00895	0.24928999999974621	trials	visual	white circle	n/a	n/a	n/a	isoflurane	False	True
4981.89552	0.24931000000015047	trials	visual	white circle	n/a	n/a	n/a	isoflurane	False	True
4986.19914	0.2493000000004031	trials	visual	white circle	n/a	n/a	n/a	isoflurane	False	True
4990.40265	0.24927999999999884	trials	visual	white circle	n/a	n/a	n/a	isoflurane	False	True
4994.18912	0.24928999999974621	trials	visual	white circle	n/a	n/a	n/a	isoflurane	False	True
4998.50941	0.2493000000004031	trials	visual	white circle	n/a	n/a	n/a	isoflurane	False	True
5002.9298	0.24926000000050408	trials	visual	white circle	n/a	n/a	n/a	isoflurane	False	True
5007.55032	0.24928999999974621	trials	visual	white circle	n/a	n/a	n/a	isoflurane	False	True
5011.5203	0.24928999999974621	trials	visual	white circle	n/a	n/a	n/a	isoflurane	False	True
5015.50694	0.24932999999964522	trials	visual	white circle	n/a	n/a	n/a	isoflurane	False	True
5019.66044	0.2493000000004031	trials	visual	white circle	n/a	n/a	n/a	isoflurane	False	True
5024.26426	0.24935000000004948	trials	visual	white circle	n/a	n/a	n/a	isoflurane	False	True
5028.18422	0.2492999999994936	trials	visual	white circle	n/a	n/a	n/a	isoflurane	False	True
5032.20426	0.2492999999994936	trials	visual	white circle	n/a	n/a	n/a	isoflurane	False	True
5036.65798	0.24928999999974621	trials	visual	white circle	n/a	n/a	n/a	isoflurane	False	True
5041.24514	0.24931000000015047	trials	visual	white circle	n/a	n/a	n/a	isoflurane	False	True
5045.54877	0.24928999999974621	trials	visual	white circle	n/a	n/a	n/a	isoflurane	False	True
5049.70222	0.2492999999994936	trials	visual	white circle	n/a	n/a	n/a	isoflurane	False	True
5053.48874	0.2492900000006557	trials	visual	white circle	n/a	n/a	n/a	isoflurane	False	True
5058.02586	0.2493000000004031	trials	visual	white circle	n/a	n/a	n/a	isoflurane	False	True
5061.87909	0.24928999999974621	trials	visual	white circle	n/a	n/a	n/a	isoflurane	False	True
5066.28277	0.2493000000004031	trials	visual	white circle	n/a	n/a	n/a	isoflurane	False	True
5070.31947	0.24928999999974621	trials	visual	white circle	n/a	n/a	n/a	isoflurane	False	True
5074.50634	0.24927000000025146	trials	visual	white circle	n/a	n/a	n/a	isoflurane	False	True
5078.2928	0.24931999999989785	trials	visual	white circle	n/a	n/a	n/a	isoflurane	False	True
5082.71318	0.2492900000006557	trials	visual	white circle	n/a	n/a	n/a	isoflurane	False	True
5087.31701	0.24933000000055472	trials	visual	white circle	n/a	n/a	n/a	isoflurane	False	True
5091.85418	0.24924000000009983	trials	visual	white circle	n/a	n/a	n/a	isoflurane	False	True
5096.34127	0.2493000000004031	trials	visual	white circle	n/a	n/a	n/a	isoflurane	False	True
5100.37796	0.2493000000004031	trials	visual	white circle	n/a	n/a	n/a	isoflurane	False	True
5104.86503	0.24931999999989785	trials	visual	white circle	n/a	n/a	n/a	isoflurane	False	True
5108.86838	0.24933000000055472	trials	visual	white circle	n/a	n/a	n/a	isoflurane	False	True
5113.10528	0.24931000000015047	trials	visual	white circle	n/a	n/a	n/a	isoflurane	False	True
5117.75917	0.24931000000015047	trials	visual	white circle	n/a	n/a	n/a	isoflurane	False	True
5122.12951	0.24927999999999884	trials	visual	white circle	n/a	n/a	n/a	isoflurane	False	True
5126.31633	0.2493000000004031	trials	visual	white circle	n/a	n/a	n/a	isoflurane	False	True
5130.33635	0.24931000000015047	trials	visual	white circle	n/a	n/a	n/a	isoflurane	False	True
5134.80679	0.2492900000006557	trials	visual	white circle	n/a	n/a	n/a	isoflurane	False	True
5139.27719	0.2492900000006557	trials	visual	white circle	n/a	n/a	n/a	isoflurane	False	True
5143.26385	0.24928999999974621	trials	visual	white circle	n/a	n/a	n/a	isoflurane	False	True
5147.13377	0.24927999999999884	trials	visual	white circle	n/a	n/a	n/a	isoflurane	False	True
5151.03701	0.2660200000000259	trials	visual	white circle	n/a	n/a	n/a	isoflurane	False	True
5155.24056	0.24927999999999884	trials	visual	white circle	n/a	n/a	n/a	isoflurane	False	True
5159.24393	0.24927999999999884	trials	visual	white circle	n/a	n/a	n/a	isoflurane	False	True
5163.01373	0.2493000000004031	trials	visual	white circle	n/a	n/a	n/a	isoflurane	False	True
5166.80021	0.24930999999924097	trials	visual	white circle	n/a	n/a	n/a	isoflurane	False	True
5170.6201	0.2492999999994936	trials	visual	white circle	n/a	n/a	n/a	isoflurane	False	True
5175.20723	0.24932999999964522	trials	visual	white circle	n/a	n/a	n/a	isoflurane	False	True
5178.99378	0.2492900000006557	trials	visual	white circle	n/a	n/a	n/a	isoflurane	False	True
5183.61431	0.24928999999974621	trials	visual	white circle	n/a	n/a	n/a	isoflurane	False	True
5187.71773	0.2492999999994936	trials	visual	white circle	n/a	n/a	n/a	isoflurane	False	True
5191.68771	0.24931000000015047	trials	visual	white circle	n/a	n/a	n/a	isoflurane	False	True
5195.54095	0.24931000000015047	trials	visual	white circle	n/a	n/a	n/a	isoflurane	False	True
5199.44422	0.2492999999994936	trials	visual	white circle	n/a	n/a	n/a	isoflurane	False	True
5203.98135	0.24927000000025146	trials	visual	white circle	n/a	n/a	n/a	isoflurane	False	True
5208.00138	0.24931000000015047	trials	visual	white circle	n/a	n/a	n/a	isoflurane	False	True
5211.98805	0.24928999999974621	trials	visual	white circle	n/a	n/a	n/a	isoflurane	False	True
5216.54189	0.24926999999934196	trials	visual	white circle	n/a	n/a	n/a	isoflurane	False	True
5220.69533	0.2493000000004031	trials	visual	white circle	n/a	n/a	n/a	isoflurane	False	True
5225.34923	0.24928999999974621	trials	visual	white circle	n/a	n/a	n/a	isoflurane	False	True
5229.31922	0.24928999999974621	trials	visual	white circle	n/a	n/a	n/a	isoflurane	False	True
5233.52274	0.2492999999994936	trials	visual	white circle	n/a	n/a	n/a	isoflurane	False	True
5238.09325	0.24928999999974621	trials	visual	white circle	n/a	n/a	n/a	isoflurane	False	True
5242.17999	0.2493000000004031	trials	visual	white circle	n/a	n/a	n/a	isoflurane	False	True
5246.11665	0.24927999999999884	trials	visual	white circle	n/a	n/a	n/a	isoflurane	False	True
5250.42023	0.2492900000006557	trials	visual	white circle	n/a	n/a	n/a	isoflurane	False	True
5255.04076	0.24928999999974621	trials	visual	white circle	n/a	n/a	n/a	isoflurane	False	True
5259.0441	0.24928999999974621	trials	visual	white circle	n/a	n/a	n/a	isoflurane	False	True
5263.41444	0.2492900000006557	trials	visual	white circle	n/a	n/a	n/a	isoflurane	False	True
5268.08503	0.24927000000025146	trials	visual	white circle	n/a	n/a	n/a	isoflurane	False	True
5272.08838	0.2492999999994936	trials	visual	white circle	n/a	n/a	n/a	isoflurane	False	True
5276.67554	0.24928999999974621	trials	visual	white circle	n/a	n/a	n/a	isoflurane	False	True
5280.91244	0.24927000000025146	trials	visual	white circle	n/a	n/a	n/a	isoflurane	False	True
5285.28275	0.24927999999999884	trials	visual	white circle	n/a	n/a	n/a	isoflurane	False	True
5289.48627	0.24926999999934196	trials	visual	white circle	n/a	n/a	n/a	isoflurane	False	True
5293.25611	0.24927999999999884	trials	visual	white circle	n/a	n/a	n/a	isoflurane	False	True
5297.50964	0.24931999999989785	trials	visual	white circle	n/a	n/a	n/a	isoflurane	False	True
5302.06347	0.24928999999974621	trials	visual	white circle	n/a	n/a	n/a	isoflurane	False	True
5306.30032	0.26599999999962165	trials	visual	white circle	n/a	n/a	n/a	isoflurane	False	True
5310.33706	0.24927000000025146	trials	visual	white circle	n/a	n/a	n/a	isoflurane	False	True
5314.1736	0.24928999999974621	trials	visual	white circle	n/a	n/a	n/a	isoflurane	False	True
5318.81082	0.2493000000004031	trials	visual	white circle	n/a	n/a	n/a	isoflurane	False	True
5323.26454	0.24928999999974621	trials	visual	white circle	n/a	n/a	n/a	isoflurane	False	True
5327.4347	0.2492900000006557	trials	visual	white circle	n/a	n/a	n/a	isoflurane	False	True
5331.88845	0.24928999999974621	trials	visual	white circle	n/a	n/a	n/a	isoflurane	False	True
5336.60904	0.24931000000015047	trials	visual	white circle	n/a	n/a	n/a	isoflurane	False	True
5386.19312	0.0003999999998995918	trials	electrical	biphasic	70	MOs	superficial	recovery	False	True
5390.09751	0.0004000000008090865	trials	electrical	biphasic	50	MOs	superficial	recovery	False	True
5393.77717	0.0003999999998995918	trials	electrical	biphasic	50	MOs	superficial	recovery	False	True
5398.24652	0.0003999999998995918	trials	electrical	biphasic	50	MOs	superficial	recovery	False	True
5402.15441	0.0003999999998995918	trials	electrical	biphasic	50	MOs	superficial	recovery	False	True
5406.49932	0.0003999999998995918	trials	electrical	biphasic	70	MOs	superficial	recovery	False	True
5410.61506	0.0003999999998995918	trials	electrical	biphasic	70	MOs	superficial	recovery	False	True
5414.49211	0.0003999999998995918	trials	electrical	biphasic	90	MOs	superficial	recovery	False	True
5418.86972	0.0003999999998995918	trials	electrical	biphasic	50	MOs	superficial	recovery	False	True
5423.15501	0.0003999999998995918	trials	electrical	biphasic	70	MOs	superficial	recovery	False	True
5427.12039	0.0003999999998995918	trials	electrical	biphasic	50	MOs	superficial	recovery	False	True
5431.4348	0.0003999999998995918	trials	electrical	biphasic	90	MOs	superficial	recovery	False	True
5435.83367	0.0003999999998995918	trials	electrical	biphasic	50	MOs	superficial	recovery	False	True
5439.76334	0.0003999999998995918	trials	electrical	biphasic	90	MOs	superficial	recovery	False	True
5443.59808	0.0003999999998995918	trials	electrical	biphasic	70	MOs	superficial	recovery	False	True
5447.69515	0.0004000000008090865	trials	electrical	biphasic	90	MOs	superficial	recovery	False	True
5452.09758	0.0003999999998995918	trials	electrical	biphasic	90	MOs	superficial	recovery	False	True
5456.30007	0.0003999999998995918	trials	electrical	biphasic	50	MOs	superficial	recovery	False	True
5460.17795	0.0003999999998995918	trials	electrical	biphasic	50	MOs	superficial	recovery	False	True
5464.41334	0.0003999999998995918	trials	electrical	biphasic	70	MOs	superficial	recovery	False	True
5468.86787	0.0003999999998995918	trials	electrical	biphasic	70	MOs	superficial	recovery	False	True
5472.91112	0.0003999999998995918	trials	electrical	biphasic	70	MOs	superficial	recovery	False	True
5476.95165	0.0003999999998995918	trials	electrical	biphasic	90	MOs	superficial	recovery	False	True
5480.76319	0.0003999999998995918	trials	electrical	biphasic	70	MOs	superficial	recovery	False	True
5484.33486	0.0003999999998995918	trials	electrical	biphasic	50	MOs	superficial	recovery	False	True
5488.01726	0.0004000000008090865	trials	electrical	biphasic	90	MOs	superficial	recovery	False	True
5491.61066	0.0003999999998995918	trials	electrical	biphasic	50	MOs	superficial	recovery	False	True
5495.57457	0.0003999999998995918	trials	electrical	biphasic	90	MOs	superficial	recovery	False	True
5499.08433	0.0003999999998995918	trials	electrical	biphasic	50	MOs	superficial	recovery	False	True
5503.49978	0.0003999999998995918	trials	electrical	biphasic	50	MOs	superficial	recovery	False	True
5507.64295	0.0003999999998995918	trials	electrical	biphasic	90	MOs	superficial	recovery	False	True
5511.14479	0.0003999999998995918	trials	electrical	biphasic	70	MOs	superficial	recovery	False	True
5514.6756	0.0004000000008090865	trials	electrical	biphasic	70	MOs	superficial	recovery	False	True
5518.3845	0.0003999999998995918	trials	electrical	biphasic	70	MOs	superficial	recovery	False	True
5522.33989	0.0003999999998995918	trials	electrical	biphasic	70	MOs	superficial	recovery	False	True
5525.96757	0.0003999999998995918	trials	electrical	biphasic	50	MOs	superficial	recovery	False	True
5529.47664	0.0003999999998995918	trials	electrical	biphasic	50	MOs	superficial	recovery	False	True
5533.70414	0.00041000000055646524	trials	electrical	biphasic	50	MOs	superficial	recovery	False	True
5537.55869	0.0003999999998995918	trials	electrical	biphasic	90	MOs	superficial	recovery	False	True
5541.83956	0.0003999999998995918	trials	electrical	biphasic	90	MOs	superficial	recovery	False	True
5545.77665	0.0003999999998995918	trials	electrical	biphasic	50	MOs	superficial	recovery	False	True
5549.71363	0.0003999999998995918	trials	electrical	biphasic	90	MOs	superficial	recovery	False	True
5553.26328	0.0003999999998995918	trials	electrical	biphasic	70	MOs	superficial	recovery	False	True
5556.81334	0.0003999999998995918	trials	electrical	biphasic	50	MOs	superficial	recovery	False	True
5560.40486	0.0004000000008090865	trials	electrical	biphasic	70	MOs	superficial	recovery	False	True
5564.49933	0.0004000000008090865	trials	electrical	biphasic	70	MOs	superficial	recovery	False	True
5568.24083	0.00041000000055646524	trials	electrical	biphasic	90	MOs	superficial	recovery	False	True
5572.58262	0.0003999999998995918	trials	electrical	biphasic	50	MOs	superficial	recovery	False	True
5576.94027	0.0003999999998995918	trials	electrical	biphasic	50	MOs	superficial	recovery	False	True
5581.40432	0.0004000000008090865	trials	electrical	biphasic	50	MOs	superficial	recovery	False	True
5585.39365	0.0003999999998995918	trials	electrical	biphasic	90	MOs	superficial	recovery	False	True
5589.11439	0.0003999999998995918	trials	electrical	biphasic	50	MOs	superficial	recovery	False	True
5592.84102	0.0003999999998995918	trials	electrical	biphasic	90	MOs	superficial	recovery	False	True
5596.87822	0.0004000000008090865	trials	electrical	biphasic	70	MOs	superficial	recovery	False	True
5601.14077	0.0003999999998995918	trials	electrical	biphasic	70	MOs	superficial	recovery	False	True
5604.98876	0.0003999999998995918	trials	electrical	biphasic	50	MOs	superficial	recovery	False	True
5608.95042	0.0003999999998995918	trials	electrical	biphasic	70	MOs	superficial	recovery	False	True
5613.09017	0.0003999999998995918	trials	electrical	biphasic	90	MOs	superficial	recovery	False	True
5617.50794	0.0003999999998995918	trials	electrical	biphasic	90	MOs	superficial	recovery	False	True
5621.16994	0.0003999999998995918	trials	electrical	biphasic	50	MOs	superficial	recovery	False	True
5625.38601	0.0003999999998995918	trials	electrical	biphasic	70	MOs	superficial	recovery	False	True
5629.46418	0.0003999999998995918	trials	electrical	biphasic	50	MOs	superficial	recovery	False	True
5633.3979	0.0003999999998995918	trials	electrical	biphasic	50	MOs	superficial	recovery	False	True
5637.78257	0.0003999999998995918	trials	electrical	biphasic	70	MOs	superficial	recovery	False	True
5641.67606	0.0003999999998995918	trials	electrical	biphasic	50	MOs	superficial	recovery	False	True
5645.35546	0.0003999999998995918	trials	electrical	biphasic	90	MOs	superficial	recovery	False	True
5649.48923	0.0003999999998995918	trials	electrical	biphasic	70	MOs	superficial	recovery	False	True
5653.61366	0.0003999999998995918	trials	electrical	biphasic	90	MOs	superficial	recovery	False	True
5657.44202	0.0003999999998995918	trials	electrical	biphasic	50	MOs	superficial	recovery	False	True
5661.74541	0.0003999999998995918	trials	electrical	biphasic	70	MOs	superficial	recovery	False	True
5666.24532	0.0003999999998995918	trials	electrical	biphasic	50	MOs	superficial	recovery	False	True
5670.72673	0.0003999999998995918	trials	electrical	biphasic	90	MOs	superficial	recovery	False	True
5674.35419	0.0003999999998995918	trials	electrical	biphasic	70	MOs	superficial	recovery	False	True
5678.08685	0.0003999999998995918	trials	electrical	biphasic	90	MOs	superficial	recovery	False	True
5681.61091	0.0003999999998995918	trials	electrical	biphasic	90	MOs	superficial	recovery	False	True
5685.71878	0.0003999999998995918	trials	electrical	biphasic	90	MOs	superficial	recovery	False	True
5689.33	0.0003999999998995918	trials	electrical	biphasic	70	MOs	superficial	recovery	False	True
5693.23789	0.0003999999998995918	trials	electrical	biphasic	90	MOs	superficial	recovery	False	True
5697.6224	0.0003999999998995918	trials	electrical	biphasic	90	MOs	superficial	recovery	False	True
5701.67096	0.0003999999998995918	trials	electrical	biphasic	50	MOs	superficial	recovery	False	True
5705.54039	0.0003999999998995918	trials	electrical	biphasic	50	MOs	superficial	recovery	False	True
5709.24915	0.0004000000008090865	trials	electrical	biphasic	50	MOs	superficial	recovery	False	True
5713.19051	0.0003999999998995918	trials	electrical	biphasic	70	MOs	superficial	recovery	False	True
5717.64714	0.0003999999998995918	trials	electrical	biphasic	50	MOs	superficial	recovery	False	True
5721.27158	0.0004000000008090865	trials	electrical	biphasic	70	MOs	superficial	recovery	False	True
5725.24277	0.0003999999998995918	trials	electrical	biphasic	90	MOs	superficial	recovery	False	True
5729.60009	0.0003999999998995918	trials	electrical	biphasic	70	MOs	superficial	recovery	False	True
5733.14392	0.0003999999998995918	trials	electrical	biphasic	70	MOs	superficial	recovery	False	True
5737.33596	0.0003999999998995918	trials	electrical	biphasic	50	MOs	superficial	recovery	False	True
5741.81537	0.0003999999998995918	trials	electrical	biphasic	70	MOs	superficial	recovery	False	True
5745.59905	0.0003999999998995918	trials	electrical	biphasic	70	MOs	superficial	recovery	False	True
5749.23326	0.0003999999998995918	trials	electrical	biphasic	50	MOs	superficial	recovery	False	True
5753.41896	0.0003999999998995918	trials	electrical	biphasic	70	MOs	superficial	recovery	False	True
5757.82885	0.0003999999998995918	trials	electrical	biphasic	90	MOs	superficial	recovery	False	True
5761.94013	0.0003999999998995918	trials	electrical	biphasic	70	MOs	superficial	recovery	False	True
5766.34054	0.0003999999998995918	trials	electrical	biphasic	90	MOs	superficial	recovery	False	True
5770.0344	0.0004000000008090865	trials	electrical	biphasic	50	MOs	superficial	recovery	False	True
5774.28925	0.0003999999998995918	trials	electrical	biphasic	50	MOs	superficial	recovery	False	True
5778.13593	0.0003999999998995918	trials	electrical	biphasic	90	MOs	superficial	recovery	False	True
5782.05497	0.0003999999998995918	trials	electrical	biphasic	50	MOs	superficial	recovery	False	True
5785.71112	0.0003999999998995918	trials	electrical	biphasic	50	MOs	superficial	recovery	False	True
5790.03054	0.0003999999998995918	trials	electrical	biphasic	90	MOs	superficial	recovery	False	True
5794.15589	0.0003999999998995918	trials	electrical	biphasic	50	MOs	superficial	recovery	False	True
5798.39487	0.0003999999998995918	trials	electrical	biphasic	70	MOs	superficial	recovery	False	True
5802.70042	0.0003999999998995918	trials	electrical	biphasic	70	MOs	superficial	recovery	False	True
5806.26806	0.0003999999998995918	trials	electrical	biphasic	90	MOs	superficial	recovery	False	True
5810.71929	0.0003999999998995918	trials	electrical	biphasic	70	MOs	superficial	recovery	False	True
5814.71729	0.0004000000008090865	trials	electrical	biphasic	70	MOs	superficial	recovery	False	True
5818.97285	0.0003999999998995918	trials	electrical	biphasic	70	MOs	superficial	recovery	False	True
5823.21568	0.0003999999998995918	trials	electrical	biphasic	90	MOs	superficial	recovery	False	True
5827.54725	0.0004000000008090865	trials	electrical	biphasic	70	MOs	superficial	recovery	False	True
5831.20417	0.0003999999998995918	trials	electrical	biphasic	90	MOs	superficial	recovery	False	True
5835.16189	0.0003999999998995918	trials	electrical	biphasic	50	MOs	superficial	recovery	False	True
5839.28041	0.0003999999998995918	trials	electrical	biphasic	50	MOs	superficial	recovery	True	True
5843.71302	0.0003999999998995918	trials	electrical	biphasic	90	MOs	superficial	recovery	True	True
5848.04853	0.0003999999998995918	trials	electrical	biphasic	90	MOs	superficial	recovery	True	True
5852.44437	0.0003999999998995918	trials	electrical	biphasic	90	MOs	superficial	recovery	True	True
5856.52731	0.0003999999998995918	trials	electrical	biphasic	70	MOs	superficial	recovery	True	True
5860.61048	0.0003999999998995918	trials	electrical	biphasic	70	MOs	superficial	recovery	True	True
5864.96582	0.0003999999998995918	trials	electrical	biphasic	50	MOs	superficial	recovery	True	True
5868.5011	0.0003999999998995918	trials	electrical	biphasic	90	MOs	superficial	recovery	True	True
5872.88695	0.0003999999998995918	trials	electrical	biphasic	70	MOs	superficial	recovery	True	True
5876.79511	0.0003999999998995918	trials	electrical	biphasic	70	MOs	superficial	recovery	True	True
5880.33191	0.0003999999998995918	trials	electrical	biphasic	90	MOs	superficial	recovery	False	True
5884.57848	0.0003999999998995918	trials	electrical	biphasic	90	MOs	superficial	recovery	False	True
5888.23372	0.0003999999998995918	trials	electrical	biphasic	50	MOs	superficial	recovery	True	True
5891.87804	0.0004000000008090865	trials	electrical	biphasic	50	MOs	superficial	recovery	False	True
5895.98442	0.0003999999998995918	trials	electrical	biphasic	70	MOs	superficial	recovery	False	True
5899.73932	0.0003999999998995918	trials	electrical	biphasic	70	MOs	superficial	recovery	True	True
5903.56391	0.0003999999998995918	trials	electrical	biphasic	90	MOs	superficial	recovery	False	True
5907.46613	0.0003999999998995918	trials	electrical	biphasic	70	MOs	superficial	recovery	False	True
5911.37293	0.0003999999998995918	trials	electrical	biphasic	50	MOs	superficial	recovery	False	True
5915.25955	0.0003999999998995918	trials	electrical	biphasic	90	MOs	superficial	recovery	True	True
5919.36978	0.0003999999998995918	trials	electrical	biphasic	50	MOs	superficial	recovery	True	True
5923.0371	0.0004000000008090865	trials	electrical	biphasic	90	MOs	superficial	recovery	False	True
5926.72562	0.0003999999998995918	trials	electrical	biphasic	50	MOs	superficial	recovery	False	True
5930.32066	0.0003999999998995918	trials	electrical	biphasic	70	MOs	superficial	recovery	False	True
5934.14426	0.0003999999998995918	trials	electrical	biphasic	70	MOs	superficial	recovery	False	True
5938.41428	0.0003999999998995918	trials	electrical	biphasic	50	MOs	superficial	recovery	False	True
5942.14882	0.0003999999998995918	trials	electrical	biphasic	90	MOs	superficial	recovery	False	True
5946.38961	0.0003999999998995918	trials	electrical	biphasic	50	MOs	superficial	recovery	False	True
5950.58285	0.0003999999998995918	trials	electrical	biphasic	70	MOs	superficial	recovery	False	True
5954.90736	0.0003999999998995918	trials	electrical	biphasic	70	MOs	superficial	recovery	False	True
5959.23576	0.0004000000008090865	trials	electrical	biphasic	90	MOs	superficial	recovery	False	True
5963.02954	0.0003999999998995918	trials	electrical	biphasic	50	MOs	superficial	recovery	False	True
5966.83932	0.0003999999998995918	trials	electrical	biphasic	90	MOs	superficial	recovery	False	True
5970.86278	0.0003999999998995918	trials	electrical	biphasic	70	MOs	superficial	recovery	True	True
5974.68851	0.0003999999998995918	trials	electrical	biphasic	50	MOs	superficial	recovery	False	True
5979.02077	0.0003999999998995918	trials	electrical	biphasic	50	MOs	superficial	recovery	False	True
5983.33149	0.0004000000008090865	trials	electrical	biphasic	90	MOs	superficial	recovery	True	True
5987.38892	0.0003999999998995918	trials	electrical	biphasic	50	MOs	superficial	recovery	False	True
5991.1523	0.0003999999998995918	trials	electrical	biphasic	70	MOs	superficial	recovery	False	True
5995.33328	0.0003999999998995918	trials	electrical	biphasic	70	MOs	superficial	recovery	False	True
5999.06736	0.0003999999998995918	trials	electrical	biphasic	50	MOs	superficial	recovery	False	True
6003.0242	0.0003999999998995918	trials	electrical	biphasic	90	MOs	superficial	recovery	False	True
6006.90918	0.0003999999998995918	trials	electrical	biphasic	90	MOs	superficial	recovery	True	True
6010.94821	0.0004000000008090865	trials	electrical	biphasic	50	MOs	superficial	recovery	False	True
6015.44033	0.0003999999998995918	trials	electrical	biphasic	50	MOs	superficial	recovery	False	True
6019.69597	0.0003999999998995918	trials	electrical	biphasic	50	MOs	superficial	recovery	False	True
6024.17686	0.0004000000008090865	trials	electrical	biphasic	70	MOs	superficial	recovery	False	True
6027.91206	0.0003999999998995918	trials	electrical	biphasic	90	MOs	superficial	recovery	False	True
6031.94104	0.0003999999998995918	trials	electrical	biphasic	90	MOs	superficial	recovery	False	True
6035.4929	0.0003999999998995918	trials	electrical	biphasic	70	MOs	superficial	recovery	False	True
6039.7502	0.0003999999998995918	trials	electrical	biphasic	50	MOs	superficial	recovery	False	True
6043.85261	0.0003999999998995918	trials	electrical	biphasic	50	MOs	superficial	recovery	False	True
6048.21019	0.0003999999998995918	trials	electrical	biphasic	70	MOs	superficial	recovery	False	True
6052.69889	0.0003999999998995918	trials	electrical	biphasic	50	MOs	superficial	recovery	False	True
6057.1288	0.0003999999998995918	trials	electrical	biphasic	50	MOs	superficial	recovery	False	True
6061.03874	0.0003999999998995918	trials	electrical	biphasic	90	MOs	superficial	recovery	False	True
6064.5395	0.0003999999998995918	trials	electrical	biphasic	50	MOs	superficial	recovery	False	True
6068.5808	0.0003999999998995918	trials	electrical	biphasic	70	MOs	superficial	recovery	False	True
6072.28896	0.0003999999998995918	trials	electrical	biphasic	70	MOs	superficial	recovery	False	True
6076.00866	0.0003999999998995918	trials	electrical	biphasic	90	MOs	superficial	recovery	False	True
6079.83488	0.0003999999998995918	trials	electrical	biphasic	50	MOs	superficial	recovery	False	True
6083.43124	0.0003999999998995918	trials	electrical	biphasic	90	MOs	superficial	recovery	False	True
6087.6792	0.0004000000008090865	trials	electrical	biphasic	90	MOs	superficial	recovery	False	True
6091.92813	0.0003999999998995918	trials	electrical	biphasic	90	MOs	superficial	recovery	False	True
6095.97185	0.0003999999998995918	trials	electrical	biphasic	90	MOs	superficial	recovery	False	True
6099.81041	0.0003999999998995918	trials	electrical	biphasic	90	MOs	superficial	recovery	False	True
6104.14317	0.0003999999998995918	trials	electrical	biphasic	50	MOs	superficial	recovery	False	True
6108.19618	0.0003999999998995918	trials	electrical	biphasic	50	MOs	superficial	recovery	False	True
6112.65414	0.0004000000008090865	trials	electrical	biphasic	70	MOs	superficial	recovery	False	True
6117.0474	0.0003999999998995918	trials	electrical	biphasic	90	MOs	superficial	recovery	False	True
6120.90432	0.0004000000008090865	trials	electrical	biphasic	90	MOs	superficial	recovery	False	True
6124.95115	0.0003999999998995918	trials	electrical	biphasic	70	MOs	superficial	recovery	False	True
6128.79825	0.0003999999998995918	trials	electrical	biphasic	70	MOs	superficial	recovery	False	True
6132.92147	0.0003999999998995918	trials	electrical	biphasic	50	MOs	superficial	recovery	False	True
6137.21851	0.0003999999998995918	trials	electrical	biphasic	70	MOs	superficial	recovery	False	True
6141.46481	0.0003999999998995918	trials	electrical	biphasic	50	MOs	superficial	recovery	False	True
6145.09077	0.0003999999998995918	trials	electrical	biphasic	70	MOs	superficial	recovery	False	True
6149.4136	0.0003999999998995918	trials	electrical	biphasic	50	MOs	superficial	recovery	False	True
6152.93918	0.0003999999998995918	trials	electrical	biphasic	50	MOs	superficial	recovery	False	True
6156.85402	0.0003999999998995918	trials	electrical	biphasic	90	MOs	superficial	recovery	False	True
6161.08584	0.0003999999998995918	trials	electrical	biphasic	50	MOs	superficial	recovery	False	True
6165.36764	0.0003999999998995918	trials	electrical	biphasic	50	MOs	superficial	recovery	False	True
6169.23534	0.0003999999998995918	trials	electrical	biphasic	90	MOs	superficial	recovery	False	True
6173.48063	0.0003999999998995918	trials	electrical	biphasic	70	MOs	superficial	recovery	False	True
6177.87331	0.0003999999998995918	trials	electrical	biphasic	90	MOs	superficial	recovery	False	True
6181.61633	0.0003999999998995918	trials	electrical	biphasic	70	MOs	superficial	recovery	False	True
6185.24635	0.0003999999998995918	trials	electrical	biphasic	90	MOs	superficial	recovery	False	True
6188.97183	0.0003999999998995918	trials	electrical	biphasic	50	MOs	superficial	recovery	False	True
6192.82227	0.0003999999998995918	trials	electrical	biphasic	50	MOs	superficial	recovery	True	True
6196.60977	0.0003999999998995918	trials	electrical	biphasic	90	MOs	superficial	recovery	True	True
6201.03767	0.0003999999998995918	trials	electrical	biphasic	90	MOs	superficial	recovery	False	True
6204.58941	0.0004000000008090865	trials	electrical	biphasic	90	MOs	superficial	recovery	True	True
6208.68249	0.0003999999998995918	trials	electrical	biphasic	70	MOs	superficial	recovery	True	True
6212.34581	0.0003999999998995918	trials	electrical	biphasic	70	MOs	superficial	recovery	True	True
6216.68464	0.0003999999998995918	trials	electrical	biphasic	90	MOs	superficial	recovery	True	True
6220.35262	0.0003999999998995918	trials	electrical	biphasic	50	MOs	superficial	recovery	True	True
6224.35524	0.0003999999998995918	trials	electrical	biphasic	70	MOs	superficial	recovery	True	True
6228.85498	0.0003999999998995918	trials	electrical	biphasic	50	MOs	superficial	recovery	True	True
6232.7108	0.0003999999998995918	trials	electrical	biphasic	70	MOs	superficial	recovery	True	True
6236.2583	0.0003999999998995918	trials	electrical	biphasic	90	MOs	superficial	recovery	True	True
6239.97238	0.0003999999998995918	trials	electrical	biphasic	90	MOs	superficial	recovery	True	True
6243.87064	0.0003999999998995918	trials	electrical	biphasic	50	MOs	superficial	recovery	True	True
6247.70472	0.0003999999998995918	trials	electrical	biphasic	70	MOs	superficial	recovery	True	True
6251.43474	0.0003999999998995918	trials	electrical	biphasic	90	MOs	superficial	recovery	True	True
6255.87128	0.0003999999998995918	trials	electrical	biphasic	70	MOs	superficial	recovery	True	True
6260.05489	0.0003999999998995918	trials	electrical	biphasic	70	MOs	superficial	recovery	True	True
6264.51743	0.0003999999998995918	trials	electrical	biphasic	70	MOs	superficial	recovery	True	True
6268.45583	0.0003999999998995918	trials	electrical	biphasic	50	MOs	superficial	recovery	True	True
6272.89659	0.0003999999998995918	trials	electrical	biphasic	90	MOs	superficial	recovery	True	True
6276.40285	0.0003999999998995918	trials	electrical	biphasic	70	MOs	superficial	recovery	True	True
6280.51357	0.0003999999998995918	trials	electrical	biphasic	70	MOs	superficial	recovery	True	True
6284.81508	0.0003999999998995918	trials	electrical	biphasic	90	MOs	superficial	recovery	True	True
6288.54848	0.0003999999998995918	trials	electrical	biphasic	90	MOs	superficial	recovery	True	True
6292.98136	0.0003999999998995918	trials	electrical	biphasic	50	MOs	superficial	recovery	True	True
6297.24504	0.0003999999998995918	trials	electrical	biphasic	90	MOs	superficial	recovery	True	True
6301.57192	0.0003999999998995918	trials	electrical	biphasic	50	MOs	superficial	recovery	True	True
6305.64581	0.0003999999998995918	trials	electrical	biphasic	90	MOs	superficial	recovery	True	True
6309.93881	0.0003999999998995918	trials	electrical	biphasic	50	MOs	superficial	recovery	True	True
6313.76827	0.0004000000008090865	trials	electrical	biphasic	70	MOs	superficial	recovery	True	True
6317.49215	0.0003999999998995918	trials	electrical	biphasic	50	MOs	superficial	recovery	True	True
6321.30495	0.0003999999998995918	trials	electrical	biphasic	50	MOs	superficial	recovery	True	True
6325.38989	0.0003999999998995918	trials	electrical	biphasic	70	MOs	superficial	recovery	True	True
6329.72023	0.0003999999998995918	trials	electrical	biphasic	50	MOs	superficial	recovery	False	True
6333.51111	0.0003999999998995918	trials	electrical	biphasic	70	MOs	superficial	recovery	True	True
6337.41409	0.0003999999998995918	trials	electrical	biphasic	50	MOs	superficial	recovery	True	True
6341.77658	0.0003999999998995918	trials	electrical	biphasic	70	MOs	superficial	recovery	True	True
6345.89174	0.0003999999998995918	trials	electrical	biphasic	70	MOs	superficial	recovery	True	True
6350.38334	0.0003999999998995918	trials	electrical	biphasic	90	MOs	superficial	recovery	True	True
6354.08746	0.0003999999998995918	trials	electrical	biphasic	70	MOs	superficial	recovery	True	True
6358.41508	0.0003999999998995918	trials	electrical	biphasic	50	MOs	superficial	recovery	True	True
6362.59136	0.00040999999964697054	trials	electrical	biphasic	70	MOs	superficial	recovery	True	True
6366.34072	0.0003999999998995918	trials	electrical	biphasic	70	MOs	superficial	recovery	True	True
6370.31693	0.0003999999998995918	trials	electrical	biphasic	90	MOs	superficial	recovery	True	True
6374.21643	0.0003999999998995918	trials	electrical	biphasic	50	MOs	superficial	recovery	True	True
6378.31629	0.0003999999998995918	trials	electrical	biphasic	50	MOs	superficial	recovery	True	True
6382.61723	0.0003999999998995918	trials	electrical	biphasic	90	MOs	superficial	recovery	True	True
6386.22271	0.0003999999998995918	trials	electrical	biphasic	50	MOs	superficial	recovery	True	True
6390.54457	0.0003999999998995918	trials	electrical	biphasic	70	MOs	superficial	recovery	True	True
6394.88607	0.0004000000008090865	trials	electrical	biphasic	90	MOs	superficial	recovery	True	True
6398.74099	0.0003999999998995918	trials	electrical	biphasic	70	MOs	superficial	recovery	True	True
6402.67147	0.0003999999998995918	trials	electrical	biphasic	90	MOs	superficial	recovery	True	True
6406.74414	0.0003999999998995918	trials	electrical	biphasic	90	MOs	superficial	recovery	True	True
6410.94538	0.0003999999998995918	trials	electrical	biphasic	50	MOs	superficial	recovery	True	True
6415.18828	0.0003999999998995918	trials	electrical	biphasic	50	MOs	superficial	recovery	True	True
6419.44658	0.0003999999998995918	trials	electrical	biphasic	70	MOs	superficial	recovery	True	True
6423.33612	0.0003999999998995918	trials	electrical	biphasic	70	MOs	superficial	recovery	True	True
6427.26584	0.0003999999998995918	trials	electrical	biphasic	70	MOs	superficial	recovery	True	True
6431.72261	0.0003999999998995918	trials	electrical	biphasic	70	MOs	superficial	recovery	True	True
6435.79601	0.0003999999998995918	trials	electrical	biphasic	90	MOs	superficial	recovery	True	True
6440.14615	0.0004000000008090865	trials	electrical	biphasic	50	MOs	superficial	recovery	True	True
6443.92291	0.0003999999998995918	trials	electrical	biphasic	50	MOs	superficial	recovery	True	True
6448.04565	0.0003999999998995918	trials	electrical	biphasic	90	MOs	superficial	recovery	True	True
6452.13443	0.0003999999998995918	trials	electrical	biphasic	90	MOs	superficial	recovery	True	True
6456.59831	0.00040999999964697054	trials	electrical	biphasic	90	MOs	superficial	recovery	True	True
6460.18463	0.0003999999998995918	trials	electrical	biphasic	50	MOs	superficial	recovery	True	True
6464.18555	0.0003999999998995918	trials	electrical	biphasic	70	MOs	superficial	recovery	True	True
6468.20758	0.0003999999998995918	trials	electrical	biphasic	70	MOs	superficial	recovery	True	True
6471.79815	0.0004000000008090865	trials	electrical	biphasic	70	MOs	superficial	recovery	True	True
6476.20324	0.0003999999998995918	trials	electrical	biphasic	70	MOs	superficial	recovery	True	True
6480.58804	0.0004000000008090865	trials	electrical	biphasic	70	MOs	superficial	recovery	True	True
6484.52746	0.0003999999998995918	trials	electrical	biphasic	90	MOs	superficial	recovery	True	True
6488.8096	0.0004000000008090865	trials	electrical	biphasic	70	MOs	superficial	recovery	True	True
6492.45848	0.0003999999998995918	trials	electrical	biphasic	70	MOs	superficial	recovery	True	True
6496.57872	0.0003999999998995918	trials	electrical	biphasic	90	MOs	superficial	recovery	True	True
6500.33976	0.0003999999998995918	trials	electrical	biphasic	90	MOs	superficial	recovery	True	True
6504.28584	0.0004000000008090865	trials	electrical	biphasic	90	MOs	superficial	recovery	True	True
6508.63027	0.0003999999998995918	trials	electrical	biphasic	90	MOs	superficial	recovery	True	True
6512.32688	0.0004000000008090865	trials	electrical	biphasic	70	MOs	superficial	recovery	True	True
6516.13116	0.0003999999998995918	trials	electrical	biphasic	70	MOs	superficial	recovery	True	True
6520.11488	0.0003999999998995918	trials	electrical	biphasic	50	MOs	superficial	recovery	True	True
6523.95312	0.0003999999998995918	trials	electrical	biphasic	50	MOs	superficial	recovery	True	True
6528.25203	0.0003999999998995918	trials	electrical	biphasic	90	MOs	superficial	recovery	True	True
6532.73993	0.0003999999998995918	trials	electrical	biphasic	50	MOs	superficial	recovery	True	True
6536.39939	0.0004000000008090865	trials	electrical	biphasic	50	MOs	superficial	recovery	True	True
6540.13669	0.0003999999998995918	trials	electrical	biphasic	90	MOs	superficial	recovery	True	True
6544.33935	0.0003999999998995918	trials	electrical	biphasic	50	MOs	superficial	recovery	True	True
6548.21525	0.0003999999998995918	trials	electrical	biphasic	70	MOs	superficial	recovery	True	True
6552.68937	0.0003999999998995918	trials	electrical	biphasic	90	MOs	superficial	recovery	True	True
6557.1621	0.0004000000008090865	trials	electrical	biphasic	70	MOs	superficial	recovery	True	True
6561.30622	0.0003999999998995918	trials	electrical	biphasic	90	MOs	superficial	recovery	True	True
6565.66674	0.0003999999998995918	trials	electrical	biphasic	90	MOs	superficial	recovery	True	True
6569.56904	0.0003999999998995918	trials	electrical	biphasic	90	MOs	superficial	recovery	True	True
6573.7014	0.0003999999998995918	trials	electrical	biphasic	90	MOs	superficial	recovery	True	True
6578.18707	0.0003999999998995918	trials	electrical	biphasic	70	MOs	superficial	recovery	True	True
6582.24697	0.0003999999998995918	trials	electrical	biphasic	70	MOs	superficial	recovery	True	True
6586.68099	0.0003999999998995918	trials	electrical	biphasic	90	MOs	superficial	recovery	True	True
6590.90175	0.0003999999998995918	trials	electrical	biphasic	90	MOs	superficial	recovery	True	True
6594.88621	0.0003999999998995918	trials	electrical	biphasic	70	MOs	superficial	recovery	True	True
6599.02567	0.0003999999998995918	trials	electrical	biphasic	50	MOs	superficial	recovery	True	True
6603.41374	0.0003999999998995918	trials	electrical	biphasic	50	MOs	superficial	recovery	True	True
6607.1129	0.0003999999998995918	trials	electrical	biphasic	70	MOs	superficial	recovery	True	True
6611.00868	0.0003999999998995918	trials	electrical	biphasic	70	MOs	superficial	recovery	True	True
6615.50128	0.0003999999998995918	trials	electrical	biphasic	90	MOs	superficial	recovery	True	True
6619.40406	0.0003999999998995918	trials	electrical	biphasic	50	MOs	superficial	recovery	True	True
6623.56334	0.0003999999998995918	trials	electrical	biphasic	70	MOs	superficial	recovery	True	True
6627.9651	0.0003999999998995918	trials	electrical	biphasic	50	MOs	superficial	recovery	True	True
6632.46091	0.0003999999998995918	trials	electrical	biphasic	90	MOs	superficial	recovery	True	True
6636.61449	0.0003999999998995918	trials	electrical	biphasic	50	MOs	superficial	recovery	True	True
6640.22335	0.0003999999998995918	trials	electrical	biphasic	90	MOs	superficial	recovery	True	True
6643.75989	0.0003999999998995918	trials	electrical	biphasic	50	MOs	superficial	recovery	True	True
6647.87841	0.0003999999998995918	trials	electrical	biphasic	70	MOs	superficial	recovery	True	True
6651.94597	0.0003999999998995918	trials	electrical	biphasic	70	MOs	superficial	recovery	True	True
6656.40835	0.0003999999998995918	trials	electrical	biphasic	50	MOs	superficial	recovery	True	True
6660.65487	0.0003999999998995918	trials	electrical	biphasic	50	MOs	superficial	recovery	True	True
6664.81782	0.0003999999998995918	trials	electrical	biphasic	90	MOs	superficial	recovery	True	True
6668.84156	0.0003999999998995918	trials	electrical	biphasic	90	MOs	superficial	recovery	True	True
6672.60188	0.0003999999998995918	trials	electrical	biphasic	50	MOs	superficial	recovery	True	True
6677.0643	0.0003999999998995918	trials	electrical	biphasic	50	MOs	superficial	recovery	True	True
6681.10492	0.0003999999998995918	trials	electrical	biphasic	90	MOs	superficial	recovery	True	True
6684.63562	0.0003999999998995918	trials	electrical	biphasic	50	MOs	superficial	recovery	True	True
6688.83236	0.0003999999998995918	trials	electrical	biphasic	70	MOs	superficial	recovery	True	True
6692.8525	0.0003999999998995918	trials	electrical	biphasic	50	MOs	superficial	recovery	True	True
6696.41196	0.0003999999998995918	trials	electrical	biphasic	90	MOs	superficial	recovery	True	True
6700.80242	0.0003999999998995918	trials	electrical	biphasic	50	MOs	superficial	recovery	True	True
6704.63304	0.0003999999998995918	trials	electrical	biphasic	90	MOs	superficial	recovery	True	True
6708.36316	0.0003999999998995918	trials	electrical	biphasic	50	MOs	superficial	recovery	True	True
6711.97752	0.0003999999998995918	trials	electrical	biphasic	70	MOs	superficial	recovery	True	True
6715.78886	0.0003999999998995918	trials	electrical	biphasic	90	MOs	superficial	recovery	True	True
6719.51772	0.0003999999998995918	trials	electrical	biphasic	50	MOs	superficial	recovery	True	True
6723.67014	0.0003999999998995918	trials	electrical	biphasic	70	MOs	superficial	recovery	True	True
6727.23672	0.0003999999998995918	trials	electrical	biphasic	90	MOs	superficial	recovery	True	True
6731.01258	0.0004000000008090865	trials	electrical	biphasic	70	MOs	superficial	recovery	True	True
6734.79482	0.0003999999998995918	trials	electrical	biphasic	50	MOs	superficial	recovery	True	True
6739.1753	0.0003999999998995918	trials	electrical	biphasic	50	MOs	superficial	recovery	True	True
6743.12006	0.0003999999998995918	trials	electrical	biphasic	50	MOs	superficial	recovery	True	True
6747.3764	0.0003999999998995918	trials	electrical	biphasic	70	MOs	superficial	recovery	True	True
6751.48012	0.0003999999998995918	trials	electrical	biphasic	90	MOs	superficial	recovery	True	True
6755.76381	0.0003999999998995918	trials	electrical	biphasic	90	MOs	superficial	recovery	True	True
6759.37817	0.0003999999998995918	trials	electrical	biphasic	50	MOs	superficial	recovery	True	True
6763.85715	0.0003999999998995918	trials	electrical	biphasic	70	MOs	superficial	recovery	True	True
6768.20617	0.0003999999998995918	trials	electrical	biphasic	70	MOs	superficial	recovery	True	True
6771.75723	0.0003999999998995918	trials	electrical	biphasic	50	MOs	superficial	recovery	True	True
6775.72385	0.0003999999998995918	trials	electrical	biphasic	70	MOs	superficial	recovery	True	True
6779.54993	0.0003999999998995918	trials	electrical	biphasic	90	MOs	superficial	recovery	True	True
6783.68055	0.0003999999998995918	trials	electrical	biphasic	90	MOs	superficial	recovery	True	True
6787.41127	0.0004000000008090865	trials	electrical	biphasic	90	MOs	superficial	recovery	True	True
6791.49157	0.0003999999998995918	trials	electrical	biphasic	70	MOs	superficial	recovery	True	True
6795.59515	0.0003999999998995918	trials	electrical	biphasic	70	MOs	superficial	recovery	True	True
6799.69545	0.00040999999964697054	trials	electrical	biphasic	90	MOs	superficial	recovery	True	True
6803.6443	0.0003999999998995918	trials	electrical	biphasic	90	MOs	superficial	recovery	True	True
6807.18013	0.0003999999998995918	trials	electrical	biphasic	70	MOs	superficial	recovery	True	True
6811.19437	0.0003999999998995918	trials	electrical	biphasic	50	MOs	superficial	recovery	True	True
6815.10253	0.0003999999998995918	trials	electrical	biphasic	70	MOs	superficial	recovery	True	True
6818.71099	0.0004000000008090865	trials	electrical	biphasic	90	MOs	superficial	recovery	False	True
6822.67129	0.0003999999998995918	trials	electrical	biphasic	90	MOs	superficial	recovery	True	True
6826.62259	0.0003999999998995918	trials	electrical	biphasic	90	MOs	superficial	recovery	True	True
6830.67416	0.0004000000008090865	trials	electrical	biphasic	90	MOs	superficial	recovery	True	True
6941.01452	0.24935000000004948	trials	visual	white circle	n/a	n/a	n/a	recovery	True	True
6945.31813	0.24933000000055472	trials	visual	white circle	n/a	n/a	n/a	recovery	True	True
6949.63838	0.24935000000004948	trials	visual	white circle	n/a	n/a	n/a	recovery	True	True
6953.67508	0.24935000000004948	trials	visual	white circle	n/a	n/a	n/a	recovery	True	True
6957.59504	0.24931999999989785	trials	visual	white circle	n/a	n/a	n/a	recovery	True	True
6961.79855	0.24930999999924097	trials	visual	white circle	n/a	n/a	n/a	recovery	True	True
6965.85192	0.24931000000015047	trials	visual	white circle	n/a	n/a	n/a	recovery	True	True
6970.17219	0.2493399999993926	trials	visual	white circle	n/a	n/a	n/a	recovery	True	True
6973.942	0.24931999999989785	trials	visual	white circle	n/a	n/a	n/a	recovery	True	True
6977.74516	0.2493399999993926	trials	visual	white circle	n/a	n/a	n/a	recovery	True	True
6982.01544	0.2492999999994936	trials	visual	white circle	n/a	n/a	n/a	recovery	True	True
6986.6526	0.2493399999993926	trials	visual	white circle	n/a	n/a	n/a	recovery	True	True
6990.70599	0.2493399999993926	trials	visual	white circle	n/a	n/a	n/a	recovery	True	True
6995.17642	0.24931000000015047	trials	visual	white circle	n/a	n/a	n/a	recovery	True	True
6999.88034	0.24931000000015047	trials	visual	white circle	n/a	n/a	n/a	recovery	True	True
7004.5342	0.24935999999979686	trials	visual	white circle	n/a	n/a	n/a	recovery	True	True
7008.28735	0.24933000000055472	trials	visual	white circle	n/a	n/a	n/a	recovery	True	True
7012.72439	0.24931999999989785	trials	visual	white circle	n/a	n/a	n/a	recovery	True	True
7016.69437	0.24935000000004948	trials	visual	white circle	n/a	n/a	n/a	recovery	True	True
7021.26486	0.24932999999964522	trials	visual	white circle	n/a	n/a	n/a	recovery	True	True
7025.23484	0.24935000000004948	trials	visual	white circle	n/a	n/a	n/a	recovery	True	True
7029.20483	0.24933000000055472	trials	visual	white circle	n/a	n/a	n/a	recovery	True	True
7032.99134	0.24931000000015047	trials	visual	white circle	n/a	n/a	n/a	recovery	True	True
7037.02805	0.24931999999989785	trials	visual	white circle	n/a	n/a	n/a	recovery	True	True
7040.81452	0.24935000000004948	trials	visual	white circle	n/a	n/a	n/a	recovery	True	True
7045.0514	0.24936999999954423	trials	visual	white circle	n/a	n/a	n/a	recovery	True	True
7049.7887	0.2493400000003021	trials	visual	white circle	n/a	n/a	n/a	recovery	True	True
7053.65859	0.24935999999979686	trials	visual	white circle	n/a	n/a	n/a	recovery	True	True
7057.9622	0.24935000000004948	trials	visual	white circle	n/a	n/a	n/a	recovery	True	True
7062.58272	0.24935000000004948	trials	visual	white circle	n/a	n/a	n/a	recovery	True	True
7067.26999	0.24931999999989785	trials	visual	white circle	n/a	n/a	n/a	recovery	True	True
7071.03977	0.24936999999954423	trials	visual	white circle	n/a	n/a	n/a	recovery	True	True
7075.15991	0.24936999999954423	trials	visual	white circle	n/a	n/a	n/a	recovery	True	True
7079.69706	0.24931999999989785	trials	visual	white circle	n/a	n/a	n/a	recovery	True	True
7084.01729	0.2493800000002011	trials	visual	white circle	n/a	n/a	n/a	recovery	True	True
7087.9039	0.24935000000004948	trials	visual	white circle	n/a	n/a	n/a	recovery	True	True
7092.20751	0.2493399999993926	trials	visual	white circle	n/a	n/a	n/a	recovery	True	True
7096.41101	0.24935000000004948	trials	visual	white circle	n/a	n/a	n/a	recovery	False	True
7100.19751	0.2493400000003021	trials	visual	white circle	n/a	n/a	n/a	recovery	True	True
7104.5178	0.24935000000004948	trials	visual	white circle	n/a	n/a	n/a	recovery	True	True
7108.9048	0.26603999999952066	trials	visual	white circle	n/a	n/a	n/a	recovery	True	True
7113.55869	0.24935999999979686	trials	visual	white circle	n/a	n/a	n/a	recovery	True	True
7117.52868	0.2493399999993926	trials	visual	white circle	n/a	n/a	n/a	recovery	True	True
7121.51533	0.24935999999979686	trials	visual	white circle	n/a	n/a	n/a	recovery	True	True
7125.66885	0.24931999999989785	trials	visual	white circle	n/a	n/a	n/a	recovery	True	True
7130.27267	0.24935999999979686	trials	visual	white circle	n/a	n/a	n/a	recovery	True	True
7134.19261	0.24935999999979686	trials	visual	white circle	n/a	n/a	n/a	recovery	True	True
7138.21265	0.24935999999979686	trials	visual	white circle	n/a	n/a	n/a	recovery	True	True
7142.66638	0.24936000000070635	trials	visual	white circle	n/a	n/a	n/a	recovery	True	True
7147.25355	0.2493399999993926	trials	visual	white circle	n/a	n/a	n/a	recovery	True	True
7151.55714	0.2493800000002011	trials	visual	white circle	n/a	n/a	n/a	recovery	False	True
7155.71063	0.24935000000004948	trials	visual	white circle	n/a	n/a	n/a	recovery	True	True
7159.49714	0.24931999999989785	trials	visual	white circle	n/a	n/a	n/a	recovery	True	True
7164.01756	0.24936999999954423	trials	visual	white circle	n/a	n/a	n/a	recovery	True	True
7167.8708	0.2493400000003021	trials	visual	white circle	n/a	n/a	n/a	recovery	True	True
7172.29117	0.24934999999913998	trials	visual	white circle	n/a	n/a	n/a	recovery	True	True
7176.32786	0.24936999999954423	trials	visual	white circle	n/a	n/a	n/a	recovery	True	True
7180.5147	0.24936000000070635	trials	visual	white circle	n/a	n/a	n/a	recovery	False	True
7184.30122	0.24935000000004948	trials	visual	white circle	n/a	n/a	n/a	recovery	False	True
7188.70491	0.2493399999993926	trials	visual	white circle	n/a	n/a	n/a	recovery	True	True
7193.32545	0.24932999999964522	trials	visual	white circle	n/a	n/a	n/a	recovery	True	True
7197.86257	0.24935000000004948	trials	visual	white circle	n/a	n/a	n/a	recovery	True	True
7202.34964	0.24935999999979686	trials	visual	white circle	n/a	n/a	n/a	recovery	True	True
7206.38637	0.2493399999993926	trials	visual	white circle	n/a	n/a	n/a	recovery	True	True
7210.87344	0.24936999999954423	trials	visual	white circle	n/a	n/a	n/a	recovery	True	True
7214.87679	0.24936999999954423	trials	visual	white circle	n/a	n/a	n/a	recovery	True	True
7219.11367	0.24936000000070635	trials	visual	white circle	n/a	n/a	n/a	recovery	True	True
7223.76759	0.24935000000004948	trials	visual	white circle	n/a	n/a	n/a	recovery	False	True
7228.12122	0.24935000000004948	trials	visual	white circle	n/a	n/a	n/a	recovery	False	True
7232.32474	0.24935000000004948	trials	visual	white circle	n/a	n/a	n/a	recovery	False	True
7236.34478	0.24932999999964522	trials	visual	white circle	n/a	n/a	n/a	recovery	True	True
7240.81517	0.24935999999979686	trials	visual	white circle	n/a	n/a	n/a	recovery	True	True
7245.28558	0.24937000000045373	trials	visual	white circle	n/a	n/a	n/a	recovery	True	True
7249.27225	0.24935999999979686	trials	visual	white circle	n/a	n/a	n/a	recovery	True	True
7253.14213	0.24939999999969586	trials	visual	white circle	n/a	n/a	n/a	recovery	True	True
7257.0621	0.24935999999979686	trials	visual	white circle	n/a	n/a	n/a	recovery	True	True
7261.24895	0.24936999999954423	trials	visual	white circle	n/a	n/a	n/a	recovery	True	True
7265.25228	0.2493800000002011	trials	visual	white circle	n/a	n/a	n/a	recovery	True	True
7269.02212	0.24936000000070635	trials	visual	white circle	n/a	n/a	n/a	recovery	True	True
7272.80859	0.24940000000060536	trials	visual	white circle	n/a	n/a	n/a	recovery	True	True
7276.62849	0.2493800000002011	trials	visual	white circle	n/a	n/a	n/a	recovery	True	True
7281.21564	0.2493899999999485	trials	visual	white circle	n/a	n/a	n/a	recovery	True	True
7285.00214	0.2493899999999485	trials	visual	white circle	n/a	n/a	n/a	recovery	True	True
7289.62269	0.24936999999954423	trials	visual	white circle	n/a	n/a	n/a	recovery	True	True
7293.70944	0.2493899999999485	trials	visual	white circle	n/a	n/a	n/a	recovery	True	True
7297.67945	0.24936000000070635	trials	visual	white circle	n/a	n/a	n/a	recovery	True	True
7301.54933	0.2493899999999485	trials	visual	white circle	n/a	n/a	n/a	recovery	True	True
7305.4526	0.24940000000060536	trials	visual	white circle	n/a	n/a	n/a	recovery	True	True
7309.98973	0.24936999999954423	trials	visual	white circle	n/a	n/a	n/a	recovery	True	True
7314.00978	0.24936999999954423	trials	visual	white circle	n/a	n/a	n/a	recovery	True	True
7317.99645	0.2493800000002011	trials	visual	white circle	n/a	n/a	n/a	recovery	True	True
7322.55025	0.2493800000002011	trials	visual	white circle	n/a	n/a	n/a	recovery	True	True
7326.70373	0.2493800000002011	trials	visual	white circle	n/a	n/a	n/a	recovery	True	True
7331.35761	0.24939999999969586	trials	visual	white circle	n/a	n/a	n/a	recovery	True	True
7335.3276	0.24937000000045373	trials	visual	white circle	n/a	n/a	n/a	recovery	True	True
7339.51447	0.26605000000017753	trials	visual	white circle	n/a	n/a	n/a	recovery	True	True
7344.10162	0.24940999999944324	trials	visual	white circle	n/a	n/a	n/a	recovery	True	True
7348.18836	0.24940999999944324	trials	visual	white circle	n/a	n/a	n/a	recovery	True	True
7352.12501	0.2493899999999485	trials	visual	white circle	n/a	n/a	n/a	recovery	True	True
7356.42863	0.24935000000004948	trials	visual	white circle	n/a	n/a	n/a	recovery	True	True
7361.04915	0.24935999999979686	trials	visual	white circle	n/a	n/a	n/a	recovery	True	True
7365.03581	0.24939999999969586	trials	visual	white circle	n/a	n/a	n/a	recovery	True	True
7369.42283	0.2493799999992916	trials	visual	white circle	n/a	n/a	n/a	recovery	True	True
7374.0934	0.24940000000060536	trials	visual	white circle	n/a	n/a	n/a	recovery	True	True
7378.09675	0.24937000000045373	trials	visual	white circle	n/a	n/a	n/a	recovery	True	True
7382.68395	0.24936000000070635	trials	visual	white circle	n/a	n/a	n/a	recovery	True	True
7386.92081	0.2493400000003021	trials	visual	white circle	n/a	n/a	n/a	recovery	True	True
7391.29114	0.24931999999989785	trials	visual	white circle	n/a	n/a	n/a	recovery	True	True
7395.47797	0.2493800000002011	trials	visual	white circle	n/a	n/a	n/a	recovery	True	True
7399.26448	0.2493800000002011	trials	visual	white circle	n/a	n/a	n/a	recovery	True	True
7403.51801	0.24942000000010012	trials	visual	white circle	n/a	n/a	n/a	recovery	True	True
7408.07185	0.2493799999992916	trials	visual	white circle	n/a	n/a	n/a	recovery	True	True
7412.32541	0.24936999999954423	trials	visual	white circle	n/a	n/a	n/a	recovery	True	True
7416.34547	0.2493399999993926	trials	visual	white circle	n/a	n/a	n/a	recovery	True	True
7420.18198	0.2493799999992916	trials	visual	white circle	n/a	n/a	n/a	recovery	True	True
7424.81918	0.24939999999969586	trials	visual	white circle	n/a	n/a	n/a	recovery	True	True
7429.27292	0.24939999999969586	trials	visual	white circle	n/a	n/a	n/a	recovery	True	True
7433.44308	0.2493899999999485	trials	visual	white circle	n/a	n/a	n/a	recovery	True	True
7437.89681	0.24939999999969586	trials	visual	white circle	n/a	n/a	n/a	recovery	True	True
7442.61743	0.2493800000002011	trials	visual	white circle	n/a	n/a	n/a	recovery	True	True
7487.47748	0.0004000000008090865	trials	electrical	biphasic	70	MOs	superficial	recovery	True	True
7491.38186	0.0003999999998995918	trials	electrical	biphasic	50	MOs	superficial	recovery	True	True
7495.06152	0.0003999999998995918	trials	electrical	biphasic	50	MOs	superficial	recovery	True	True
7499.53086	0.0003999999998995918	trials	electrical	biphasic	50	MOs	superficial	recovery	True	True
7503.43874	0.0004000000008090865	trials	electrical	biphasic	50	MOs	superficial	recovery	True	True
7507.78364	0.0003999999998995918	trials	electrical	biphasic	70	MOs	superficial	recovery	True	True
7511.89938	0.0003999999998995918	trials	electrical	biphasic	70	MOs	superficial	recovery	True	True
7515.77642	0.0003999999998995918	trials	electrical	biphasic	90	MOs	superficial	recovery	True	True
7520.15403	0.0003999999998995918	trials	electrical	biphasic	50	MOs	superficial	recovery	True	True
7524.43931	0.0003999999998995918	trials	electrical	biphasic	70	MOs	superficial	recovery	True	True
7528.40469	0.0003999999998995918	trials	electrical	biphasic	50	MOs	superficial	recovery	True	True
7532.71909	0.0004000000008090865	trials	electrical	biphasic	90	MOs	superficial	recovery	True	True
7537.11796	0.0004000000008090865	trials	electrical	biphasic	50	MOs	superficial	recovery	True	True
7541.04762	0.0003999999998995918	trials	electrical	biphasic	90	MOs	superficial	recovery	True	True
7544.88236	0.0004000000008090865	trials	electrical	biphasic	70	MOs	superficial	recovery	True	True
7548.97942	0.0003999999998995918	trials	electrical	biphasic	90	MOs	superficial	recovery	True	True
7553.38184	0.0003999999998995918	trials	electrical	biphasic	90	MOs	superficial	recovery	True	True
7557.58432	0.0003999999998995918	trials	electrical	biphasic	50	MOs	superficial	recovery	True	True
7561.4622	0.0003999999998995918	trials	electrical	biphasic	50	MOs	superficial	recovery	True	True
7565.69759	0.0003999999998995918	trials	electrical	biphasic	70	MOs	superficial	recovery	True	True
7570.15211	0.0003999999998995918	trials	electrical	biphasic	70	MOs	superficial	recovery	True	True
7574.19535	0.0003999999998995918	trials	electrical	biphasic	70	MOs	superficial	recovery	True	True
7578.23587	0.0003999999998995918	trials	electrical	biphasic	90	MOs	superficial	recovery	True	True
7582.04741	0.0003999999998995918	trials	electrical	biphasic	70	MOs	superficial	recovery	True	True
7585.61907	0.0003999999998995918	trials	electrical	biphasic	50	MOs	superficial	recovery	True	True
7589.30147	0.0003999999998995918	trials	electrical	biphasic	90	MOs	superficial	recovery	True	True
7592.89487	0.0003999999998995918	trials	electrical	biphasic	50	MOs	superficial	recovery	True	True
7596.85877	0.0003999999998995918	trials	electrical	biphasic	90	MOs	superficial	recovery	True	True
7600.36853	0.0003999999998995918	trials	electrical	biphasic	50	MOs	superficial	recovery	True	True
7604.78397	0.0003999999998995918	trials	electrical	biphasic	50	MOs	superficial	recovery	True	True
7608.92713	0.0003999999998995918	trials	electrical	biphasic	90	MOs	superficial	recovery	True	True
7612.42897	0.0003999999998995918	trials	electrical	biphasic	70	MOs	superficial	recovery	True	True
7615.95977	0.0003999999998995918	trials	electrical	biphasic	70	MOs	superficial	recovery	True	True
7619.66867	0.0003999999998995918	trials	electrical	biphasic	70	MOs	superficial	recovery	True	True
7623.62405	0.0003999999998995918	trials	electrical	biphasic	70	MOs	superficial	recovery	True	True
7627.25173	0.0003999999998995918	trials	electrical	biphasic	50	MOs	superficial	recovery	True	True
7630.76079	0.0003999999998995918	trials	electrical	biphasic	50	MOs	superficial	recovery	True	True
7634.98829	0.0003999999998995918	trials	electrical	biphasic	50	MOs	superficial	recovery	True	True
7638.84283	0.0004000000008090865	trials	electrical	biphasic	90	MOs	superficial	recovery	True	True
7643.12369	0.0003999999998995918	trials	electrical	biphasic	90	MOs	superficial	recovery	True	True
7647.06078	0.0003999999998995918	trials	electrical	biphasic	50	MOs	superficial	recovery	True	True
7650.99776	0.0003999999998995918	trials	electrical	biphasic	90	MOs	superficial	recovery	True	True
7654.54739	0.0003999999998995918	trials	electrical	biphasic	70	MOs	superficial	recovery	True	True
7658.09745	0.0003999999998995918	trials	electrical	biphasic	50	MOs	superficial	recovery	True	True
7661.68897	0.0003999999998995918	trials	electrical	biphasic	70	MOs	superficial	recovery	True	True
7665.78343	0.0003999999998995918	trials	electrical	biphasic	70	MOs	superficial	recovery	True	True
7669.52493	0.0004000000008090865	trials	electrical	biphasic	90	MOs	superficial	recovery	True	True
7673.86672	0.0003999999998995918	trials	electrical	biphasic	50	MOs	superficial	recovery	True	True
7678.22436	0.0003999999998995918	trials	electrical	biphasic	50	MOs	superficial	recovery	True	True
7682.6884	0.0003999999998995918	trials	electrical	biphasic	50	MOs	superficial	recovery	True	True
7686.67772	0.0003999999998995918	trials	electrical	biphasic	90	MOs	superficial	recovery	True	True
7690.39846	0.0003999999998995918	trials	electrical	biphasic	50	MOs	superficial	recovery	True	True
7694.12508	0.0003999999998995918	trials	electrical	biphasic	90	MOs	superficial	recovery	True	True
7698.16228	0.00041000000055646524	trials	electrical	biphasic	70	MOs	superficial	recovery	True	True
7702.42483	0.0003999999998995918	trials	electrical	biphasic	70	MOs	superficial	recovery	True	True
7706.27281	0.0003999999998995918	trials	electrical	biphasic	50	MOs	superficial	recovery	True	True
7710.23447	0.0003999999998995918	trials	electrical	biphasic	70	MOs	superficial	recovery	True	True
7714.37421	0.0003999999998995918	trials	electrical	biphasic	90	MOs	superficial	recovery	True	True
7718.79197	0.0003999999998995918	trials	electrical	biphasic	90	MOs	superficial	recovery	True	True
7722.45397	0.0004000000008090865	trials	electrical	biphasic	50	MOs	superficial	recovery	True	True
7726.67004	0.0003999999998995918	trials	electrical	biphasic	70	MOs	superficial	recovery	True	True
7730.7482	0.0003999999998995918	trials	electrical	biphasic	50	MOs	superficial	recovery	False	True
7734.68192	0.0003999999998995918	trials	electrical	biphasic	50	MOs	superficial	recovery	True	True
7739.06658	0.0003999999998995918	trials	electrical	biphasic	70	MOs	superficial	recovery	True	True
7742.96006	0.0003999999998995918	trials	electrical	biphasic	50	MOs	superficial	recovery	True	True
7746.63946	0.0003999999998995918	trials	electrical	biphasic	90	MOs	superficial	recovery	True	True
7750.77322	0.0003999999998995918	trials	electrical	biphasic	70	MOs	superficial	recovery	True	True
7754.89764	0.00040999999964697054	trials	electrical	biphasic	90	MOs	superficial	recovery	True	True
7758.72601	0.0003999999998995918	trials	electrical	biphasic	50	MOs	superficial	recovery	True	True
7763.02939	0.0003999999998995918	trials	electrical	biphasic	70	MOs	superficial	recovery	False	True
7767.52929	0.0003999999998995918	trials	electrical	biphasic	50	MOs	superficial	recovery	True	True
7772.0107	0.0003999999998995918	trials	electrical	biphasic	90	MOs	superficial	recovery	True	True
7775.63815	0.0003999999998995918	trials	electrical	biphasic	70	MOs	superficial	recovery	True	True
7779.37081	0.0003999999998995918	trials	electrical	biphasic	90	MOs	superficial	recovery	True	True
7782.89487	0.0003999999998995918	trials	electrical	biphasic	90	MOs	superficial	recovery	True	True
7787.00273	0.0003999999998995918	trials	electrical	biphasic	90	MOs	superficial	recovery	True	True
7790.61395	0.0003999999998995918	trials	electrical	biphasic	70	MOs	superficial	recovery	True	True
7794.52183	0.0003999999998995918	trials	electrical	biphasic	90	MOs	superficial	recovery	True	True
7798.90634	0.0004000000008090865	trials	electrical	biphasic	90	MOs	superficial	recovery	True	True
7802.9549	0.0003999999998995918	trials	electrical	biphasic	50	MOs	superficial	recovery	True	True
7806.82432	0.0003999999998995918	trials	electrical	biphasic	50	MOs	superficial	recovery	True	True
7810.53308	0.0003999999998995918	trials	electrical	biphasic	50	MOs	superficial	recovery	True	True
7814.47444	0.0003999999998995918	trials	electrical	biphasic	70	MOs	superficial	recovery	True	True
7818.93106	0.0003999999998995918	trials	electrical	biphasic	50	MOs	superficial	recovery	False	True
7822.5555	0.0003999999998995918	trials	electrical	biphasic	70	MOs	superficial	recovery	False	True
7826.52668	0.0003999999998995918	trials	electrical	biphasic	90	MOs	superficial	recovery	True	True
7830.88401	0.0003999999998995918	trials	electrical	biphasic	70	MOs	superficial	recovery	True	True
7834.42783	0.0004000000008090865	trials	electrical	biphasic	70	MOs	superficial	recovery	True	True
7838.61987	0.0003999999998995918	trials	electrical	biphasic	50	MOs	superficial	recovery	True	True
7843.09927	0.0003999999998995918	trials	electrical	biphasic	70	MOs	superficial	recovery	True	True
7846.88295	0.0003999999998995918	trials	electrical	biphasic	70	MOs	superficial	recovery	True	True
7850.51715	0.0003999999998995918	trials	electrical	biphasic	50	MOs	superficial	recovery	False	True
7854.70285	0.0003999999998995918	trials	electrical	biphasic	70	MOs	superficial	recovery	False	True
7859.11274	0.0004000000008090865	trials	electrical	biphasic	90	MOs	superficial	recovery	True	True
7863.22402	0.0003999999998995918	trials	electrical	biphasic	70	MOs	superficial	recovery	True	True
7867.62442	0.0003999999998995918	trials	electrical	biphasic	90	MOs	superficial	recovery	True	True
7871.31828	0.0003999999998995918	trials	electrical	biphasic	50	MOs	superficial	recovery	False	True
7875.57312	0.0003999999998995918	trials	electrical	biphasic	50	MOs	superficial	recovery	True	True
7879.4198	0.00041000000055646524	trials	electrical	biphasic	90	MOs	superficial	recovery	True	True
7883.33885	0.0003999999998995918	trials	electrical	biphasic	50	MOs	superficial	recovery	True	True
7886.99499	0.0003999999998995918	trials	electrical	biphasic	50	MOs	superficial	recovery	True	True
7891.31441	0.0003999999998995918	trials	electrical	biphasic	90	MOs	superficial	recovery	True	True
7895.43975	0.0004000000008090865	trials	electrical	biphasic	50	MOs	superficial	recovery	True	True
7899.67873	0.0004000000008090865	trials	electrical	biphasic	70	MOs	superficial	recovery	True	True
7903.98428	0.0003999999998995918	trials	electrical	biphasic	70	MOs	superficial	recovery	True	True
7907.55191	0.0003999999998995918	trials	electrical	biphasic	90	MOs	superficial	recovery	True	True
7912.00314	0.0003999999998995918	trials	electrical	biphasic	70	MOs	superficial	recovery	True	True
7916.00114	0.0003999999998995918	trials	electrical	biphasic	70	MOs	superficial	recovery	True	True
7920.2567	0.0003999999998995918	trials	electrical	biphasic	70	MOs	superficial	recovery	True	True
7924.49952	0.0003999999998995918	trials	electrical	biphasic	90	MOs	superficial	recovery	True	True
7928.83109	0.0003999999998995918	trials	electrical	biphasic	70	MOs	superficial	recovery	True	True
7932.48801	0.0003999999998995918	trials	electrical	biphasic	90	MOs	superficial	recovery	True	True
7936.44573	0.0003999999998995918	trials	electrical	biphasic	50	MOs	superficial	recovery	True	True
7940.56425	0.0003999999998995918	trials	electrical	biphasic	50	MOs	superficial	recovery	True	True
7944.99685	0.0003999999998995918	trials	electrical	biphasic	90	MOs	superficial	recovery	False	True
7949.33236	0.0003999999998995918	trials	electrical	biphasic	90	MOs	superficial	recovery	True	True
7953.7282	0.0004000000008090865	trials	electrical	biphasic	90	MOs	superficial	recovery	True	True
7957.81114	0.0003999999998995918	trials	electrical	biphasic	70	MOs	superficial	recovery	False	True
7961.8943	0.0003999999998995918	trials	electrical	biphasic	70	MOs	superficial	recovery	False	True
7966.24965	0.0003999999998995918	trials	electrical	biphasic	50	MOs	superficial	recovery	True	True
7969.78492	0.0003999999998995918	trials	electrical	biphasic	90	MOs	superficial	recovery	False	True
7974.17077	0.0003999999998995918	trials	electrical	biphasic	70	MOs	superficial	recovery	True	True
7978.07893	0.0003999999998995918	trials	electrical	biphasic	70	MOs	superficial	recovery	True	True
7981.61573	0.0003999999998995918	trials	electrical	biphasic	90	MOs	superficial	recovery	True	True
7985.86229	0.0003999999998995918	trials	electrical	biphasic	90	MOs	superficial	recovery	True	True
7989.51753	0.0003999999998995918	trials	electrical	biphasic	50	MOs	superficial	recovery	True	True
7993.16185	0.0003999999998995918	trials	electrical	biphasic	50	MOs	superficial	recovery	True	True
7997.26823	0.0003999999998995918	trials	electrical	biphasic	70	MOs	superficial	recovery	True	True
8001.02313	0.0004000000008090865	trials	electrical	biphasic	70	MOs	superficial	recovery	True	True
8004.84771	0.0003999999998995918	trials	electrical	biphasic	90	MOs	superficial	recovery	True	True
8008.74993	0.0003999999998995918	trials	electrical	biphasic	70	MOs	superficial	recovery	True	True
8012.65673	0.0003999999998995918	trials	electrical	biphasic	50	MOs	superficial	recovery	True	True
8016.54335	0.0003999999998995918	trials	electrical	biphasic	90	MOs	superficial	recovery	True	True
8020.65357	0.0003999999998995918	trials	electrical	biphasic	50	MOs	superficial	recovery	True	True
8024.32089	0.0003999999998995918	trials	electrical	biphasic	90	MOs	superficial	recovery	False	True
8028.00941	0.0003999999998995918	trials	electrical	biphasic	50	MOs	superficial	recovery	True	True
8031.60445	0.0003999999998995918	trials	electrical	biphasic	70	MOs	superficial	recovery	True	True
8035.42805	0.0003999999998995918	trials	electrical	biphasic	70	MOs	superficial	recovery	True	True
8039.69808	0.0003999999998995918	trials	electrical	biphasic	50	MOs	superficial	recovery	True	True
8043.43262	0.0004000000008090865	trials	electrical	biphasic	90	MOs	superficial	recovery	False	True
8047.6734	0.0003999999998995918	trials	electrical	biphasic	50	MOs	superficial	recovery	True	True
8051.86664	0.0003999999998995918	trials	electrical	biphasic	70	MOs	superficial	recovery	True	True
8056.19114	0.0003999999998995918	trials	electrical	biphasic	70	MOs	superficial	recovery	True	True
8060.51955	0.0003999999998995918	trials	electrical	biphasic	90	MOs	superficial	recovery	True	True
8064.31333	0.0003999999998995918	trials	electrical	biphasic	50	MOs	superficial	recovery	True	True
8068.12311	0.0003999999998995918	trials	electrical	biphasic	90	MOs	superficial	recovery	True	True
8072.14657	0.0003999999998995918	trials	electrical	biphasic	70	MOs	superficial	recovery	True	True
8075.97229	0.0003999999998995918	trials	electrical	biphasic	50	MOs	superficial	recovery	False	True
8080.30455	0.0003999999998995918	trials	electrical	biphasic	50	MOs	superficial	recovery	False	True
8084.61527	0.0003999999998995918	trials	electrical	biphasic	90	MOs	superficial	recovery	True	True
8088.6727	0.0003999999998995918	trials	electrical	biphasic	50	MOs	superficial	recovery	True	True
8092.43608	0.0003999999998995918	trials	electrical	biphasic	70	MOs	superficial	recovery	True	True
8096.61706	0.0004000000008090865	trials	electrical	biphasic	70	MOs	superficial	recovery	True	True
8100.35114	0.0003999999998995918	trials	electrical	biphasic	50	MOs	superficial	recovery	True	True
8104.30798	0.0004000000008090865	trials	electrical	biphasic	90	MOs	superficial	recovery	True	True
8108.19296	0.0003999999998995918	trials	electrical	biphasic	90	MOs	superficial	recovery	True	True
8112.23198	0.0004000000008090865	trials	electrical	biphasic	50	MOs	superficial	recovery	True	True
8116.72411	0.0003999999998995918	trials	electrical	biphasic	50	MOs	superficial	recovery	True	True
8120.97975	0.0003999999998995918	trials	electrical	biphasic	50	MOs	superficial	recovery	False	True
8125.46063	0.0004000000008090865	trials	electrical	biphasic	70	MOs	superficial	recovery	True	True
8129.19583	0.0003999999998995918	trials	electrical	biphasic	90	MOs	superficial	recovery	True	True
8133.22481	0.0003999999998995918	trials	electrical	biphasic	90	MOs	superficial	recovery	True	True
8136.77667	0.0003999999998995918	trials	electrical	biphasic	70	MOs	superficial	recovery	True	True
8141.03397	0.0003999999998995918	trials	electrical	biphasic	50	MOs	superficial	recovery	True	True
8145.13638	0.0003999999998995918	trials	electrical	biphasic	50	MOs	superficial	recovery	True	True
8149.49396	0.0003999999998995918	trials	electrical	biphasic	70	MOs	superficial	recovery	True	True
8153.98266	0.0003999999998995918	trials	electrical	biphasic	50	MOs	superficial	recovery	True	True
8158.41257	0.0003999999998995918	trials	electrical	biphasic	50	MOs	superficial	recovery	True	True
8162.32251	0.0003999999998995918	trials	electrical	biphasic	90	MOs	superficial	recovery	True	True
8165.82327	0.0003999999998995918	trials	electrical	biphasic	50	MOs	superficial	recovery	False	True
8169.86457	0.0003999999998995918	trials	electrical	biphasic	70	MOs	superficial	recovery	True	True
8173.57273	0.0003999999998995918	trials	electrical	biphasic	70	MOs	superficial	recovery	True	True
8177.29243	0.0003999999998995918	trials	electrical	biphasic	90	MOs	superficial	recovery	True	True
8181.11865	0.0003999999998995918	trials	electrical	biphasic	50	MOs	superficial	recovery	True	True
8184.71501	0.0003999999998995918	trials	electrical	biphasic	90	MOs	superficial	recovery	True	True
8188.96297	0.0004000000008090865	trials	electrical	biphasic	90	MOs	superficial	recovery	True	True
8193.21189	0.0003999999989900971	trials	electrical	biphasic	90	MOs	superficial	recovery	True	True
8197.25561	0.0003999999989900971	trials	electrical	biphasic	90	MOs	superficial	recovery	True	True
8201.09417	0.0003999999989900971	trials	electrical	biphasic	90	MOs	superficial	recovery	True	True
8205.42694	0.0004000000008090865	trials	electrical	biphasic	50	MOs	superficial	recovery	True	True
8209.47994	0.0004000000008090865	trials	electrical	biphasic	50	MOs	superficial	recovery	True	True
8213.9379	0.0003999999989900971	trials	electrical	biphasic	70	MOs	superficial	recovery	True	True
8218.33117	0.0004000000008090865	trials	electrical	biphasic	90	MOs	superficial	recovery	True	True
8222.18809	0.0004000000008090865	trials	electrical	biphasic	90	MOs	superficial	recovery	True	True
8226.23491	0.0004000000008090865	trials	electrical	biphasic	70	MOs	superficial	recovery	True	True
8230.08201	0.0004000000008090865	trials	electrical	biphasic	70	MOs	superficial	recovery	True	True
8234.20523	0.0004000000008090865	trials	electrical	biphasic	50	MOs	superficial	recovery	True	True
8238.50227	0.0003999999989900971	trials	electrical	biphasic	70	MOs	superficial	recovery	True	True
8242.74858	0.0004000000008090865	trials	electrical	biphasic	50	MOs	superficial	recovery	True	True
8246.37454	0.0003999999989900971	trials	electrical	biphasic	70	MOs	superficial	recovery	True	True
8250.69736	0.0003999999989900971	trials	electrical	biphasic	50	MOs	superficial	recovery	True	True
8254.22294	0.0004000000008090865	trials	electrical	biphasic	50	MOs	superficial	recovery	True	True
8258.13778	0.0004000000008090865	trials	electrical	biphasic	90	MOs	superficial	recovery	True	True
8262.3696	0.0004000000008090865	trials	electrical	biphasic	50	MOs	superficial	recovery	True	True
8266.6514	0.0003999999989900971	trials	electrical	biphasic	50	MOs	superficial	recovery	True	True
8270.5191	0.0004000000008090865	trials	electrical	biphasic	90	MOs	superficial	recovery	True	True
8274.76439	0.0003999999989900971	trials	electrical	biphasic	70	MOs	superficial	recovery	True	True
8279.15707	0.0004000000008090865	trials	electrical	biphasic	90	MOs	superficial	recovery	True	True
8282.90009	0.0004000000008090865	trials	electrical	biphasic	70	MOs	superficial	recovery	True	True
8286.53011	0.0004000000008090865	trials	electrical	biphasic	90	MOs	superficial	recovery	True	True
8290.25559	0.0003999999989900971	trials	electrical	biphasic	50	MOs	superficial	recovery	True	True
8294.10603	0.0003999999989900971	trials	electrical	biphasic	50	MOs	superficial	recovery	True	True
8297.89353	0.0004000000008090865	trials	electrical	biphasic	90	MOs	superficial	recovery	True	True
8302.32143	0.0004000000008090865	trials	electrical	biphasic	90	MOs	superficial	recovery	True	True
8305.87317	0.0003999999989900971	trials	electrical	biphasic	90	MOs	superficial	recovery	True	True
8309.96625	0.00041000000055646524	trials	electrical	biphasic	70	MOs	superficial	recovery	True	True
8313.62957	0.0004000000008090865	trials	electrical	biphasic	70	MOs	superficial	recovery	True	True
8317.9684	0.0004000000008090865	trials	electrical	biphasic	90	MOs	superficial	recovery	True	True
8321.63638	0.0004000000008090865	trials	electrical	biphasic	50	MOs	superficial	recovery	True	True
8325.639	0.0004000000008090865	trials	electrical	biphasic	70	MOs	superficial	recovery	True	True
8330.13874	0.0003999999989900971	trials	electrical	biphasic	50	MOs	superficial	recovery	True	True
8333.99456	0.0004000000008090865	trials	electrical	biphasic	70	MOs	superficial	recovery	True	True
8337.54206	0.0004000000008090865	trials	electrical	biphasic	90	MOs	superficial	recovery	True	True
8341.25614	0.0004000000008090865	trials	electrical	biphasic	90	MOs	superficial	recovery	True	True
8345.1544	0.0004000000008090865	trials	electrical	biphasic	50	MOs	superficial	recovery	True	True
8348.98848	0.0004000000008090865	trials	electrical	biphasic	70	MOs	superficial	recovery	True	True
8352.7185	0.0003999999989900971	trials	electrical	biphasic	90	MOs	superficial	recovery	True	True
8357.15505	0.0004000000008090865	trials	electrical	biphasic	70	MOs	superficial	recovery	True	True
8361.33865	0.0004000000008090865	trials	electrical	biphasic	70	MOs	superficial	recovery	True	True
8365.80119	0.0003999999989900971	trials	electrical	biphasic	70	MOs	superficial	recovery	True	True
8369.73959	0.0004000000008090865	trials	electrical	biphasic	50	MOs	superficial	recovery	True	True
8374.18036	0.0003999999989900971	trials	electrical	biphasic	90	MOs	superficial	recovery	True	True
8377.68662	0.0003999999989900971	trials	electrical	biphasic	70	MOs	superficial	recovery	True	True
8381.79734	0.0004000000008090865	trials	electrical	biphasic	70	MOs	superficial	recovery	True	True
8386.09884	0.0003999999989900971	trials	electrical	biphasic	90	MOs	superficial	recovery	True	True
8389.83224	0.0004000000008090865	trials	electrical	biphasic	90	MOs	superficial	recovery	True	True
8394.26512	0.0004000000008090865	trials	electrical	biphasic	50	MOs	superficial	recovery	True	True
8398.52881	0.0004000000008090865	trials	electrical	biphasic	90	MOs	superficial	recovery	True	True
8402.85569	0.0003999999989900971	trials	electrical	biphasic	50	MOs	superficial	recovery	True	True
8406.92957	0.0003999999989900971	trials	electrical	biphasic	90	MOs	superficial	recovery	True	True
8411.22257	0.00041000000055646524	trials	electrical	biphasic	50	MOs	superficial	recovery	True	True
8415.05204	0.0003999999989900971	trials	electrical	biphasic	70	MOs	superficial	recovery	True	True
8418.77592	0.0004000000008090865	trials	electrical	biphasic	50	MOs	superficial	recovery	True	True
8422.58872	0.0004000000008090865	trials	electrical	biphasic	50	MOs	superficial	recovery	True	True
8426.67366	0.0003999999989900971	trials	electrical	biphasic	70	MOs	superficial	recovery	True	True
8431.004	0.0003999999989900971	trials	electrical	biphasic	50	MOs	superficial	recovery	True	True
8434.79488	0.0004000000008090865	trials	electrical	biphasic	70	MOs	superficial	recovery	True	True
8438.69786	0.0003999999989900971	trials	electrical	biphasic	50	MOs	superficial	recovery	True	True
8443.06034	0.0004000000008090865	trials	electrical	biphasic	70	MOs	superficial	recovery	True	True
8447.17551	0.0004000000008090865	trials	electrical	biphasic	70	MOs	superficial	recovery	True	True
8451.66711	0.0003999999989900971	trials	electrical	biphasic	90	MOs	superficial	recovery	True	True
8455.37123	0.0003999999989900971	trials	electrical	biphasic	70	MOs	superficial	recovery	True	True
8459.69885	0.0003999999989900971	trials	electrical	biphasic	50	MOs	superficial	recovery	True	True
8463.87514	0.0003999999989900971	trials	electrical	biphasic	70	MOs	superficial	recovery	True	True
8467.6245	0.0004000000008090865	trials	electrical	biphasic	70	MOs	superficial	recovery	True	True
8471.6007	0.0003999999989900971	trials	electrical	biphasic	90	MOs	superficial	recovery	True	True
8475.5002	0.0003999999989900971	trials	electrical	biphasic	50	MOs	superficial	recovery	True	True
8479.60006	0.0003999999989900971	trials	electrical	biphasic	50	MOs	superficial	recovery	True	True
8483.901	0.0004000000008090865	trials	electrical	biphasic	90	MOs	superficial	recovery	True	True
8487.50648	0.0004000000008090865	trials	electrical	biphasic	50	MOs	superficial	recovery	True	True
8491.82834	0.00041000000055646524	trials	electrical	biphasic	70	MOs	superficial	recovery	True	True
8496.16985	0.0003999999989900971	trials	electrical	biphasic	90	MOs	superficial	recovery	True	True
8500.02477	0.0004000000008090865	trials	electrical	biphasic	70	MOs	superficial	recovery	True	True
8503.95525	0.0003999999989900971	trials	electrical	biphasic	90	MOs	superficial	recovery	True	True
8508.02791	0.0003999999989900971	trials	electrical	biphasic	90	MOs	superficial	recovery	True	True
8512.22915	0.0004000000008090865	trials	electrical	biphasic	50	MOs	superficial	recovery	True	True
8516.47206	0.0004000000008090865	trials	electrical	biphasic	50	MOs	superficial	recovery	True	True
8520.73036	0.0004000000008090865	trials	electrical	biphasic	70	MOs	superficial	recovery	True	True
8524.6199	0.0004000000008090865	trials	electrical	biphasic	70	MOs	superficial	recovery	True	True
8528.54962	0.0004000000008090865	trials	electrical	biphasic	70	MOs	superficial	recovery	True	True
8533.00638	0.00040999999873747583	trials	electrical	biphasic	70	MOs	superficial	recovery	True	True
8537.07979	0.0004000000008090865	trials	electrical	biphasic	90	MOs	superficial	recovery	True	True
8541.42993	0.0003999999989900971	trials	electrical	biphasic	50	MOs	superficial	recovery	True	True
8545.20669	0.0003999999989900971	trials	electrical	biphasic	50	MOs	superficial	recovery	True	True
8549.32943	0.0004000000008090865	trials	electrical	biphasic	90	MOs	superficial	recovery	True	True
8553.41821	0.0004000000008090865	trials	electrical	biphasic	90	MOs	superficial	recovery	True	True
8557.8821	0.0003999999989900971	trials	electrical	biphasic	90	MOs	superficial	recovery	True	True
8561.46842	0.0004000000008090865	trials	electrical	biphasic	50	MOs	superficial	recovery	False	True
8565.46934	0.0004000000008090865	trials	electrical	biphasic	70	MOs	superficial	recovery	False	True
8569.49136	0.0004000000008090865	trials	electrical	biphasic	70	MOs	superficial	recovery	True	True
8573.08194	0.0004000000008090865	trials	electrical	biphasic	70	MOs	superficial	recovery	True	True
8577.48702	0.0003999999989900971	trials	electrical	biphasic	70	MOs	superficial	recovery	True	True
8581.87183	0.0004000000008090865	trials	electrical	biphasic	70	MOs	superficial	recovery	True	True
8585.81125	0.0003999999989900971	trials	electrical	biphasic	90	MOs	superficial	recovery	True	True
8590.09339	0.0004000000008090865	trials	electrical	biphasic	70	MOs	superficial	recovery	True	True
8593.74227	0.0003999999989900971	trials	electrical	biphasic	70	MOs	superficial	recovery	True	True
8597.86251	0.0003999999989900971	trials	electrical	biphasic	90	MOs	superficial	recovery	True	True
8601.62355	0.0003999999989900971	trials	electrical	biphasic	90	MOs	superficial	recovery	True	True
8605.56963	0.0004000000008090865	trials	electrical	biphasic	90	MOs	superficial	recovery	True	True
8609.91406	0.0004000000008090865	trials	electrical	biphasic	90	MOs	superficial	recovery	True	True
8613.61068	0.0004000000008090865	trials	electrical	biphasic	70	MOs	superficial	recovery	True	True
8617.41496	0.0004000000008090865	trials	electrical	biphasic	70	MOs	superficial	recovery	True	True
8621.39868	0.0003999999989900971	trials	electrical	biphasic	50	MOs	superficial	recovery	True	True
8625.23692	0.0004000000008090865	trials	electrical	biphasic	50	MOs	superficial	recovery	True	True
8629.53582	0.0004000000008090865	trials	electrical	biphasic	90	MOs	superficial	recovery	True	True
8634.02372	0.0004000000008090865	trials	electrical	biphasic	50	MOs	superficial	recovery	True	True
8637.68318	0.0004000000008090865	trials	electrical	biphasic	50	MOs	superficial	recovery	True	True
8641.42048	0.0003999999989900971	trials	electrical	biphasic	90	MOs	superficial	recovery	True	True
8645.62315	0.0004000000008090865	trials	electrical	biphasic	50	MOs	superficial	recovery	True	True
8649.49905	0.0003999999989900971	trials	electrical	biphasic	70	MOs	superficial	recovery	True	True
8653.97317	0.0004000000008090865	trials	electrical	biphasic	90	MOs	superficial	recovery	True	True
8658.4459	0.0003999999989900971	trials	electrical	biphasic	70	MOs	superficial	recovery	True	True
8662.59002	0.0004000000008090865	trials	electrical	biphasic	90	MOs	superficial	recovery	True	True
8666.95054	0.0004000000008090865	trials	electrical	biphasic	90	MOs	superficial	recovery	True	True
8670.85284	0.0004000000008090865	trials	electrical	biphasic	90	MOs	superficial	recovery	True	True
8674.9852	0.0004000000008090865	trials	electrical	biphasic	90	MOs	superficial	recovery	True	True
8679.47087	0.0004000000008090865	trials	electrical	biphasic	70	MOs	superficial	recovery	True	True
8683.53077	0.0004000000008090865	trials	electrical	biphasic	70	MOs	superficial	recovery	True	True
8687.96479	0.0004000000008090865	trials	electrical	biphasic	90	MOs	superficial	recovery	True	True
8692.18556	0.0004000000008090865	trials	electrical	biphasic	90	MOs	superficial	recovery	True	True
8696.17002	0.0004000000008090865	trials	electrical	biphasic	70	MOs	superficial	recovery	True	True
8700.30948	0.0004000000008090865	trials	electrical	biphasic	50	MOs	superficial	recovery	True	True
8704.69755	0.0003999999989900971	trials	electrical	biphasic	50	MOs	superficial	recovery	False	True
8708.39671	0.0003999999989900971	trials	electrical	biphasic	70	MOs	superficial	recovery	True	True
8712.29249	0.0004000000008090865	trials	electrical	biphasic	70	MOs	superficial	recovery	True	True
8716.78509	0.0004000000008090865	trials	electrical	biphasic	90	MOs	superficial	recovery	True	True
8720.68788	0.0004000000008090865	trials	electrical	biphasic	50	MOs	superficial	recovery	True	True
8724.84716	0.0004000000008090865	trials	electrical	biphasic	70	MOs	superficial	recovery	True	True
8729.24892	0.0004000000008090865	trials	electrical	biphasic	50	MOs	superficial	recovery	True	True
8733.74473	0.0003999999989900971	trials	electrical	biphasic	90	MOs	superficial	recovery	True	True
8737.89831	0.0003999999989900971	trials	electrical	biphasic	50	MOs	superficial	recovery	True	True
8741.50717	0.0003999999989900971	trials	electrical	biphasic	90	MOs	superficial	recovery	True	True
8745.04371	0.0004000000008090865	trials	electrical	biphasic	50	MOs	superficial	recovery	True	True
8749.16224	0.0004000000008090865	trials	electrical	biphasic	70	MOs	superficial	recovery	True	True
8753.2298	0.0004000000008090865	trials	electrical	biphasic	70	MOs	superficial	recovery	True	True
8757.69219	0.0004000000008090865	trials	electrical	biphasic	50	MOs	superficial	recovery	True	True
8761.93871	0.0003999999989900971	trials	electrical	biphasic	50	MOs	superficial	recovery	True	True
8766.10166	0.0003999999989900971	trials	electrical	biphasic	90	MOs	superficial	recovery	True	True
8770.1254	0.0003999999989900971	trials	electrical	biphasic	90	MOs	superficial	recovery	True	True
8773.88572	0.0003999999989900971	trials	electrical	biphasic	50	MOs	superficial	recovery	True	True
8778.34815	0.0004000000008090865	trials	electrical	biphasic	50	MOs	superficial	recovery	True	True
8782.38877	0.0004000000008090865	trials	electrical	biphasic	90	MOs	superficial	recovery	True	True
8785.91947	0.0003999999989900971	trials	electrical	biphasic	50	MOs	superficial	recovery	True	True
8790.11622	0.0004000000008090865	trials	electrical	biphasic	70	MOs	superficial	recovery	True	True
8794.13636	0.0003999999989900971	trials	electrical	biphasic	50	MOs	superficial	recovery	True	True
8797.69582	0.0003999999989900971	trials	electrical	biphasic	90	MOs	superficial	recovery	True	True
8802.08629	0.0004000000008090865	trials	electrical	biphasic	50	MOs	superficial	recovery	True	True
8805.91691	0.0004000000008090865	trials	electrical	biphasic	90	MOs	superficial	recovery	True	True
8809.64703	0.0004000000008090865	trials	electrical	biphasic	50	MOs	superficial	recovery	True	True
8813.2614	0.0004000000008090865	trials	electrical	biphasic	70	MOs	superficial	recovery	True	True
8817.07274	0.0004000000008090865	trials	electrical	biphasic	90	MOs	superficial	recovery	True	True
8820.8016	0.0003999999989900971	trials	electrical	biphasic	50	MOs	superficial	recovery	True	True
8824.95403	0.0003999999989900971	trials	electrical	biphasic	70	MOs	superficial	recovery	False	True
8828.52061	0.0004000000008090865	trials	electrical	biphasic	90	MOs	superficial	recovery	False	True
8832.29647	0.0004000000008090865	trials	electrical	biphasic	70	MOs	superficial	recovery	True	True
8836.07871	0.0004000000008090865	trials	electrical	biphasic	50	MOs	superficial	recovery	True	True
8840.4592	0.0004000000008090865	trials	electrical	biphasic	50	MOs	superficial	recovery	True	True
8844.40397	0.0004000000008090865	trials	electrical	biphasic	50	MOs	superficial	recovery	True	True
8848.66031	0.0004000000008090865	trials	electrical	biphasic	70	MOs	superficial	recovery	True	True
8852.76404	0.0004000000008090865	trials	electrical	biphasic	90	MOs	superficial	recovery	True	True
8857.04772	0.0003999999989900971	trials	electrical	biphasic	90	MOs	superficial	recovery	True	True
8860.66209	0.0004000000008090865	trials	electrical	biphasic	50	MOs	superficial	recovery	True	True
8865.14107	0.00041000000055646524	trials	electrical	biphasic	70	MOs	superficial	recovery	True	True
8869.4901	0.0003999999989900971	trials	electrical	biphasic	70	MOs	superficial	recovery	True	True
8873.04116	0.0003999999989900971	trials	electrical	biphasic	50	MOs	superficial	recovery	True	True
8877.00779	0.0004000000008090865	trials	electrical	biphasic	70	MOs	superficial	recovery	True	True
8880.83387	0.0003999999989900971	trials	electrical	biphasic	90	MOs	superficial	recovery	True	True
8884.9645	0.0004000000008090865	trials	electrical	biphasic	90	MOs	superficial	recovery	True	True
8888.69522	0.0004000000008090865	trials	electrical	biphasic	90	MOs	superficial	recovery	True	True
8892.77553	0.0003999999989900971	trials	electrical	biphasic	70	MOs	superficial	recovery	True	True
8896.87912	0.0004000000008090865	trials	electrical	biphasic	70	MOs	superficial	recovery	True	True
8900.97942	0.0004000000008090865	trials	electrical	biphasic	90	MOs	superficial	recovery	True	True
8904.92827	0.0003999999989900971	trials	electrical	biphasic	90	MOs	superficial	recovery	True	False
8908.46411	0.0003999999989900971	trials	electrical	biphasic	70	MOs	superficial	recovery	True	True
8912.47836	0.0004000000008090865	trials	electrical	biphasic	50	MOs	superficial	recovery	True	True
8916.38652	0.0004000000008090865	trials	electrical	biphasic	70	MOs	superficial	recovery	True	True
8919.99498	0.0004000000008090865	trials	electrical	biphasic	90	MOs	superficial	recovery	True	True
8923.95529	0.0004000000008090865	trials	electrical	biphasic	90	MOs	superficial	recovery	True	True
8927.90659	0.0003999999989900971	trials	electrical	biphasic	90	MOs	superficial	recovery	True	True
8931.95816	0.0003999999989900971	trials	electrical	biphasic	90	MOs	superficial	recovery	True	True
8991.05965	0.24944000000141386	trials	visual	white circle	n/a	n/a	n/a	recovery	False	True
8995.36326	0.24943999999959487	trials	visual	white circle	n/a	n/a	n/a	recovery	False	True
8999.68348	0.24948000000040338	trials	visual	white circle	n/a	n/a	n/a	recovery	True	True
9003.70353	0.24944999999934225	trials	visual	white circle	n/a	n/a	n/a	recovery	True	True
9007.64014	0.24946000000090862	trials	visual	white circle	n/a	n/a	n/a	recovery	True	True
9011.82697	0.24944999999934225	trials	visual	white circle	n/a	n/a	n/a	recovery	True	True
9015.89703	0.24945999999908963	trials	visual	white circle	n/a	n/a	n/a	recovery	True	True
9020.2173	0.249470000000656	trials	visual	white circle	n/a	n/a	n/a	recovery	False	True
9023.98711	0.24945999999908963	trials	visual	white circle	n/a	n/a	n/a	recovery	True	True
9027.79028	0.24949000000015076	trials	visual	white circle	n/a	n/a	n/a	recovery	True	True
9032.06052	0.24945999999908963	trials	visual	white circle	n/a	n/a	n/a	recovery	True	True
9036.68104	0.249470000000656	trials	visual	white circle	n/a	n/a	n/a	recovery	True	True
9040.73443	0.24944999999934225	trials	visual	white circle	n/a	n/a	n/a	recovery	True	True
9045.22151	0.24946000000090862	trials	visual	white circle	n/a	n/a	n/a	recovery	True	True
9049.90877	0.249470000000656	trials	visual	white circle	n/a	n/a	n/a	recovery	True	True
9054.56264	0.249470000000656	trials	visual	white circle	n/a	n/a	n/a	recovery	True	True
9058.33246	0.24943999999959487	trials	visual	white circle	n/a	n/a	n/a	recovery	True	True
9062.75282	0.24948000000040338	trials	visual	white circle	n/a	n/a	n/a	recovery	True	True
9066.7228	0.24949999999989814	trials	visual	white circle	n/a	n/a	n/a	recovery	True	True
9071.29332	0.24945999999908963	trials	visual	white circle	n/a	n/a	n/a	recovery	True	True
9075.2633	0.24945999999908963	trials	visual	white circle	n/a	n/a	n/a	recovery	True	True
9079.24993	0.24948000000040338	trials	visual	white circle	n/a	n/a	n/a	recovery	True	True
9083.01977	0.24944999999934225	trials	visual	white circle	n/a	n/a	n/a	recovery	True	True
9087.07314	0.249469999998837	trials	visual	white circle	n/a	n/a	n/a	recovery	True	True
9090.85966	0.24943999999959487	trials	visual	white circle	n/a	n/a	n/a	recovery	True	True
9095.09653	0.249469999998837	trials	visual	white circle	n/a	n/a	n/a	recovery	True	True
9099.81713	0.24948000000040338	trials	visual	white circle	n/a	n/a	n/a	recovery	True	True
9103.70373	0.24945000000116124	trials	visual	white circle	n/a	n/a	n/a	recovery	True	True
9108.00732	0.2494799999985844	trials	visual	white circle	n/a	n/a	n/a	recovery	True	True
9112.62785	0.24945999999908963	trials	visual	white circle	n/a	n/a	n/a	recovery	True	True
9117.31511	0.249470000000656	trials	visual	white circle	n/a	n/a	n/a	recovery	True	True
9121.06825	0.24945999999908963	trials	visual	white circle	n/a	n/a	n/a	recovery	True	True
9125.18835	0.24949000000015076	trials	visual	white circle	n/a	n/a	n/a	recovery	True	True
9129.74214	0.24949000000015076	trials	visual	white circle	n/a	n/a	n/a	recovery	True	True
9134.04578	0.24944999999934225	trials	visual	white circle	n/a	n/a	n/a	recovery	True	True
9137.93235	0.24948000000040338	trials	visual	white circle	n/a	n/a	n/a	recovery	True	True
9142.21927	0.26613999999972293	trials	visual	white circle	n/a	n/a	n/a	recovery	True	True
9146.45613	0.24949000000015076	trials	visual	white circle	n/a	n/a	n/a	recovery	True	True
9150.22598	0.24945000000116124	trials	visual	white circle	n/a	n/a	n/a	recovery	True	True
9154.56293	0.24945999999908963	trials	visual	white circle	n/a	n/a	n/a	recovery	True	True
9158.96663	0.24943999999959487	trials	visual	white circle	n/a	n/a	n/a	recovery	True	True
9163.58712	0.24949999999989814	trials	visual	white circle	n/a	n/a	n/a	recovery	True	True
9167.55714	0.24943999999959487	trials	visual	white circle	n/a	n/a	n/a	recovery	True	True
9171.56049	0.24946000000090862	trials	visual	white circle	n/a	n/a	n/a	recovery	True	True
9175.69728	0.24945999999908963	trials	visual	white circle	n/a	n/a	n/a	recovery	True	True
9180.30111	0.24949999999989814	trials	visual	white circle	n/a	n/a	n/a	recovery	True	True
9184.23776	0.24944999999934225	trials	visual	white circle	n/a	n/a	n/a	recovery	True	True
9188.24111	0.24943999999959487	trials	visual	white circle	n/a	n/a	n/a	recovery	True	True
9192.69481	0.24949999999989814	trials	visual	white circle	n/a	n/a	n/a	recovery	True	True
9197.28201	0.24944999999934225	trials	visual	white circle	n/a	n/a	n/a	recovery	True	True
9201.58562	0.249470000000656	trials	visual	white circle	n/a	n/a	n/a	recovery	True	True
9205.75576	0.24948000000040338	trials	visual	white circle	n/a	n/a	n/a	recovery	True	True
9209.52557	0.249470000000656	trials	visual	white circle	n/a	n/a	n/a	recovery	True	True
9214.06272	0.24943999999959487	trials	visual	white circle	n/a	n/a	n/a	recovery	True	True
9217.91592	0.24948000000040338	trials	visual	white circle	n/a	n/a	n/a	recovery	False	True
9222.33628	0.24949000000015076	trials	visual	white circle	n/a	n/a	n/a	recovery	True	True
9226.37301	0.24948000000040338	trials	visual	white circle	n/a	n/a	n/a	recovery	True	True
9230.54316	0.24949000000015076	trials	visual	white circle	n/a	n/a	n/a	recovery	True	True
9234.32968	0.24945999999908963	trials	visual	white circle	n/a	n/a	n/a	recovery	True	True
9238.75005	0.24943999999959487	trials	visual	white circle	n/a	n/a	n/a	recovery	True	True
9243.3539	0.24944999999934225	trials	visual	white circle	n/a	n/a	n/a	recovery	True	True
9247.89103	0.24943999999959487	trials	visual	white circle	n/a	n/a	n/a	recovery	True	True
9252.37809	0.24949000000015076	trials	visual	white circle	n/a	n/a	n/a	recovery	True	True
9256.43149	0.2494799999985844	trials	visual	white circle	n/a	n/a	n/a	recovery	True	True
9260.90193	0.24944999999934225	trials	visual	white circle	n/a	n/a	n/a	recovery	False	True
9264.90526	0.249470000000656	trials	visual	white circle	n/a	n/a	n/a	recovery	True	True
9269.14216	0.24944000000141386	trials	visual	white circle	n/a	n/a	n/a	recovery	True	True
9273.81273	0.24943999999959487	trials	visual	white circle	n/a	n/a	n/a	recovery	True	True
9278.16635	0.24949000000015076	trials	visual	white circle	n/a	n/a	n/a	recovery	True	True
9282.35318	0.24949000000015076	trials	visual	white circle	n/a	n/a	n/a	recovery	True	True
9286.37325	0.24943999999959487	trials	visual	white circle	n/a	n/a	n/a	recovery	True	True
9290.86034	0.2494299999998475	trials	visual	white circle	n/a	n/a	n/a	recovery	True	True
9295.31405	0.249469999998837	trials	visual	white circle	n/a	n/a	n/a	recovery	True	True
9299.30072	0.249470000000656	trials	visual	white circle	n/a	n/a	n/a	recovery	True	True
9303.17063	0.24945999999908963	trials	visual	white circle	n/a	n/a	n/a	recovery	True	True
9307.09057	0.24945999999908963	trials	visual	white circle	n/a	n/a	n/a	recovery	True	True
9311.29409	0.249470000000656	trials	visual	white circle	n/a	n/a	n/a	recovery	False	True
9315.29746	0.24946000000090862	trials	visual	white circle	n/a	n/a	n/a	recovery	False	True
9319.06727	0.24946000000090862	trials	visual	white circle	n/a	n/a	n/a	recovery	True	True
9322.83709	0.249469999998837	trials	visual	white circle	n/a	n/a	n/a	recovery	True	True
9326.65695	0.24945999999908963	trials	visual	white circle	n/a	n/a	n/a	recovery	True	True
9331.24413	0.24946000000090862	trials	visual	white circle	n/a	n/a	n/a	recovery	True	True
